grid_id,embedding_instability,grid_lat,grid_lon,regime_shift_embedding,cluster_switch_rate,regime_shift_clustering,regime_shift_consensus
39.5045_32.9529,0.34659839000750453,39.5045045045045,32.95294117647059,False,0.0,False,False
39.5135_32.5647,0.35844454859443886,39.51351351351352,32.56470588235294,False,0.0,False,False
39.5135_32.8353,0.2853114129688248,39.51351351351352,32.83529411764706,False,0.0,False,False
39.5135_32.8588,0.3262188903672354,39.51351351351352,32.858823529411765,False,0.03488372093023256,False,False
39.5135_32.9412,0.3467953042444568,39.51351351351352,32.94117647058823,False,0.0,False,False
39.5135_32.9765,0.34659839000750453,39.51351351351352,32.976470588235294,False,0.0,False,False
39.5225_32.6471,0.24743347823469286,39.52252252252252,32.64705882352941,False,0.0,False,False
39.5225_32.8,0.465515855886359,39.52252252252252,32.8,False,0.2558139534883721,True,True
39.5225_32.8353,0.2850903280494251,39.52252252252252,32.83529411764706,False,0.0,False,False
39.5225_32.8588,0.22458066738197646,39.52252252252252,32.858823529411765,False,0.0,False,False
39.5225_32.8706,0.24717069619366228,39.52252252252252,32.870588235294115,False,0.0,False,False
39.5225_32.8941,0.3466586381650229,39.52252252252252,32.89411764705882,False,0.0,False,False
39.5225_32.9059,0.34690683034127445,39.52252252252252,32.90588235294118,False,0.0,False,False
39.5225_32.9294,0.3468882854742142,39.52252252252252,32.92941176470588,False,0.0,False,False
39.5225_33.0,0.34659839000750453,39.52252252252252,33.0,False,0.0,False,False
39.5315_32.6,0.26118020385496643,39.531531531531535,32.6,False,0.0,False,False
39.5315_32.6118,0.2592286557133576,39.531531531531535,32.61176470588235,False,0.0,False,False
39.5315_32.8,0.4655753506972482,39.531531531531535,32.8,False,0.2558139534883721,True,True
39.5315_32.8588,0.2852214348182273,39.531531531531535,32.858823529411765,False,0.0,False,False
39.5315_32.8706,0.34659839000750453,39.531531531531535,32.870588235294115,False,0.0,False,False
39.5315_32.8941,0.3469490212347711,39.531531531531535,32.89411764705882,False,0.0,False,False
39.5405_32.6118,0.26097760404743536,39.54054054054054,32.61176470588235,False,0.0,False,False
39.5405_32.6235,0.2610437389629823,39.54054054054054,32.62352941176471,False,0.0,False,False
39.5405_33.0118,0.3469485321354295,39.54054054054054,33.01176470588235,False,0.0,False,False
39.5405_33.0235,0.3466586381650229,39.54054054054054,33.023529411764706,False,0.0,False,False
39.5495_32.5882,0.2474026025905186,39.549549549549546,32.588235294117645,False,0.0,False,False
39.5495_32.6941,0.5051193596114992,39.549549549549546,32.694117647058825,False,0.313953488372093,True,True
39.5495_32.8118,0.413241666066741,39.549549549549546,32.811764705882354,False,0.12790697674418605,False,False
39.5495_32.8471,0.2854349017999252,39.549549549549546,32.84705882352941,False,0.0,False,False
39.5495_33.0118,0.34659839000750453,39.549549549549546,33.01176470588235,False,0.0,False,False
39.5495_33.1176,0.6178438385360604,39.549549549549546,33.11764705882353,False,0.3023255813953488,True,True
39.5586_33.1059,0.6191053640391404,39.55855855855856,33.10588235294117,False,0.313953488372093,True,True
39.5676_32.7882,0.2985230594479625,39.567567567567565,32.78823529411765,False,0.16279069767441862,False,False
39.5676_32.8,0.2985230594479625,39.567567567567565,32.8,False,0.16279069767441862,False,False
39.5676_32.8471,0.2369567159902351,39.567567567567565,32.84705882352941,False,0.0,False,False
39.5766_32.7882,0.299242957951181,39.57657657657658,32.78823529411765,False,0.16279069767441862,False,False
39.5766_32.8,0.29905421946687266,39.57657657657658,32.8,False,0.16279069767441862,False,False
39.5856_32.6588,0.34926418404078413,39.585585585585584,32.65882352941176,False,0.011627906976744186,False,False
39.5946_32.5412,0.523065672670193,39.5945945945946,32.54117647058823,False,0.2558139534883721,True,True
39.5946_32.8353,0.23777541453279508,39.5945945945946,32.83529411764706,False,0.011627906976744186,False,False
39.5946_32.8471,0.2661932438419627,39.5945945945946,32.84705882352941,False,0.03488372093023256,False,False
39.5946_32.8588,0.42006968746619394,39.5945945945946,32.858823529411765,False,0.0,False,False
39.6036_32.6706,0.28273127138518056,39.6036036036036,32.67058823529412,False,0.0,False,False
39.6036_32.8353,0.3112952809016212,39.6036036036036,32.83529411764706,False,0.05813953488372093,False,False
39.6036_32.8471,0.31156270764907623,39.6036036036036,32.84705882352941,False,0.05813953488372093,False,False
39.6036_32.8706,0.42006968746619394,39.6036036036036,32.870588235294115,False,0.0,False,False
39.6126_32.6941,0.2610437389629823,39.612612612612615,32.694117647058825,False,0.0,False,False
39.6126_32.8353,0.3112952809016212,39.612612612612615,32.83529411764706,False,0.05813953488372093,False,False
39.6126_32.8706,0.42059376587881947,39.612612612612615,32.870588235294115,False,0.0,False,False
39.6126_32.8824,0.42006968746619394,39.612612612612615,32.88235294117647,False,0.0,False,False
39.6126_32.8941,0.42006968746619394,39.612612612612615,32.89411764705882,False,0.0,False,False
39.6216_32.6471,0.5230056540693071,39.62162162162162,32.64705882352941,False,0.2558139534883721,True,True
39.6216_32.6706,0.5230056540693071,39.62162162162162,32.67058823529412,False,0.2558139534883721,True,True
39.6216_32.6941,0.26097760404743536,39.62162162162162,32.694117647058825,False,0.0,False,False
39.6216_32.9059,0.42006968746619394,39.62162162162162,32.90588235294118,False,0.0,False,False
39.6216_33.0588,0.5694589842405365,39.62162162162162,33.05882352941176,False,0.27906976744186046,True,True
39.6306_32.5294,0.5230355259107835,39.63063063063063,32.529411764705884,False,0.2558139534883721,True,True
39.6306_32.5882,0.5230056540693071,39.63063063063063,32.588235294117645,False,0.2558139534883721,True,True
39.6306_32.7059,0.28547509930490855,39.63063063063063,32.705882352941174,False,0.0,False,False
39.6306_32.9176,0.42006968746619394,39.63063063063063,32.917647058823526,False,0.0,False,False
39.6396_32.7059,0.28557554413097685,39.63963963963964,32.705882352941174,False,0.0,False,False
39.6396_32.7176,0.24852710837463665,39.63963963963964,32.71764705882353,False,0.0,False,False
39.6396_32.9294,0.42006968746619394,39.63963963963964,32.92941176470588,False,0.0,False,False
39.6486_32.3294,0.6120798660810236,39.648648648648646,32.32941176470588,False,0.3953488372093023,True,True
39.6486_32.3412,0.6120495864789873,39.648648648648646,32.34117647058824,False,0.3953488372093023,True,True
39.6486_32.7176,0.28557554413097685,39.648648648648646,32.71764705882353,False,0.0,False,False
39.6486_32.8,0.3512408944243834,39.648648648648646,32.8,False,0.13953488372093023,False,False
39.6486_32.8118,0.2392389728886206,39.648648648648646,32.811764705882354,False,0.0,False,False
39.6486_32.9412,0.41981634010533664,39.648648648648646,32.94117647058823,False,0.0,False,False
39.6486_32.9529,0.41981634010533664,39.648648648648646,32.95294117647059,False,0.0,False,False
39.6577_32.4235,0.5346558564380546,39.65765765765766,32.423529411764704,False,0.011627906976744186,False,False
39.6577_32.4353,0.5064326419036508,39.65765765765766,32.43529411764706,False,0.011627906976744186,False,False
39.6577_32.7294,0.28724759002203465,39.65765765765766,32.72941176470588,False,0.0,False,False
39.6577_32.8,0.23217112736610554,39.65765765765766,32.8,False,0.0,False,False
39.6577_32.9529,0.42006968746619394,39.65765765765766,32.95294117647059,False,0.0,False,False
39.6577_33.0235,0.5502831685996791,39.65765765765766,33.023529411764706,False,0.26744186046511625,True,True
39.6667_32.4353,0.534613732724884,39.66666666666666,32.43529411764706,False,0.011627906976744186,False,False
39.6667_32.6706,0.3820638413387061,39.66666666666666,32.67058823529412,False,0.023255813953488372,False,False
39.6667_32.6824,0.3820638413387061,39.66666666666666,32.68235294117647,False,0.023255813953488372,False,False
39.6667_32.7294,0.2787152035367678,39.66666666666666,32.72941176470588,False,0.0,False,False
39.6757_32.4941,0.534613732724884,39.67567567567568,32.49411764705882,False,0.011627906976744186,False,False
39.6757_32.5059,0.47828084310781516,39.67567567567568,32.50588235294118,False,0.011627906976744186,False,False
39.6757_32.6706,0.3820338323159236,39.67567567567568,32.67058823529412,False,0.023255813953488372,False,False
39.6757_32.6941,0.3822185655903921,39.67567567567568,32.694117647058825,False,0.023255813953488372,False,False
39.6757_32.7294,0.28547509930490855,39.67567567567568,32.72941176470588,False,0.0,False,False
39.6757_32.8235,0.4132287881454173,39.67567567567568,32.8235294117647,False,0.046511627906976744,False,False
39.6757_32.8471,0.41243244087822245,39.67567567567568,32.84705882352941,False,0.023255813953488372,False,False
39.6757_32.8588,0.41243244087822245,39.67567567567568,32.858823529411765,False,0.023255813953488372,False,False
39.6757_33.0,0.5235918141312089,39.67567567567568,33.0,False,0.26744186046511625,True,True
39.6847_32.6471,0.3820638413387061,39.68468468468468,32.64705882352941,False,0.023255813953488372,False,False
39.6847_32.6588,0.3820638413387061,39.68468468468468,32.65882352941176,False,0.023255813953488372,False,False
39.6847_32.7294,0.2860187348410035,39.68468468468468,32.72941176470588,False,0.0,False,False
39.6847_32.7412,0.2860187348410035,39.68468468468468,32.74117647058824,False,0.0,False,False
39.6847_32.8118,0.2284972413546377,39.68468468468468,32.811764705882354,False,0.08139534883720931,False,False
39.6847_32.8235,0.4223028471659445,39.68468468468468,32.8235294117647,False,0.0,False,False
39.6847_32.9176,0.4132287881454173,39.68468468468468,32.917647058823526,False,0.046511627906976744,False,False
39.6847_32.9294,0.41205732422411734,39.68468468468468,32.92941176470588,False,0.023255813953488372,False,False
39.6847_32.9647,0.760693123840829,39.68468468468468,32.96470588235294,False,0.27906976744186046,True,True
39.6847_32.9765,0.41205732422411734,39.68468468468468,32.976470588235294,False,0.023255813953488372,False,False
39.6847_33.0,0.3570072465671323,39.68468468468468,33.0,False,0.0,False,False
39.6937_32.3529,0.2855708278674893,39.693693693693696,32.35294117647059,False,0.08139534883720931,False,False
39.6937_32.7412,0.29064251387412915,39.693693693693696,32.74117647058824,False,0.0,False,False
39.7027_32.3529,0.2927597612121604,39.7027027027027,32.35294117647059,False,0.05813953488372093,False,False
39.7027_32.6,0.38209416322270295,39.7027027027027,32.6,False,0.023255813953488372,False,False
39.7027_32.6235,0.3820338323159236,39.7027027027027,32.62352941176471,False,0.023255813953488372,False,False
39.7027_32.6353,0.3820338323159236,39.7027027027027,32.63529411764706,False,0.023255813953488372,False,False
39.7027_32.6471,0.38231511832459525,39.7027027027027,32.64705882352941,False,0.023255813953488372,False,False
39.7117_32.3529,0.3970629943386179,39.71171171171172,32.35294117647059,False,0.011627906976744186,False,False
39.7117_32.6588,0.3820338323159236,39.71171171171172,32.65882352941176,False,0.023255813953488372,False,False
39.7117_32.7529,0.2860187348410035,39.71171171171172,32.752941176470586,False,0.0,False,False
39.7117_32.9647,0.35696668961127764,39.71171171171172,32.96470588235294,False,0.0,False,False
39.7207_32.3412,0.44431599005767675,39.72072072072072,32.34117647058824,False,0.03488372093023256,False,False
39.7207_32.3529,0.4222165616052982,39.72072072072072,32.35294117647059,False,0.011627906976744186,False,False
39.7207_32.3647,0.46589513895602336,39.72072072072072,32.36470588235294,False,0.011627906976744186,False,False
39.7207_32.4118,0.48407822458752303,39.72072072072072,32.411764705882355,False,0.011627906976744186,False,False
39.7207_32.4235,0.41678146179966985,39.72072072072072,32.423529411764704,False,0.011627906976744186,False,False
39.7207_32.4353,0.43419150813118956,39.72072072072072,32.43529411764706,False,0.011627906976744186,False,False
39.7207_32.6588,0.39831486193756555,39.72072072072072,32.65882352941176,False,0.26744186046511625,True,True
39.7207_32.6706,0.38209416322270295,39.72072072072072,32.67058823529412,False,0.023255813953488372,False,False
39.7207_32.7059,0.4516664636229572,39.72072072072072,32.705882352941174,False,0.3023255813953488,True,True
39.7207_32.7529,0.2860187348410035,39.72072072072072,32.752941176470586,False,0.0,False,False
39.7207_32.8,0.23190748366366193,39.72072072072072,32.8,False,0.0,False,False
39.7207_32.9647,0.35696668961127764,39.72072072072072,32.96470588235294,False,0.0,False,False
39.7297_32.3529,0.39464447325504404,39.729729729729726,32.35294117647059,False,0.046511627906976744,False,False
39.7297_32.3647,0.4287659107597299,39.729729729729726,32.36470588235294,False,0.011627906976744186,False,False
39.7297_32.3765,0.5204867363809127,39.729729729729726,32.37647058823529,False,0.011627906976744186,False,False
39.7297_32.6706,0.35482874457717867,39.729729729729726,32.67058823529412,False,0.22093023255813954,False,False
39.7297_32.6824,0.48659204577472925,39.729729729729726,32.68235294117647,False,0.18604651162790697,False,False
39.7297_32.6941,0.7599675166029205,39.729729729729726,32.694117647058825,False,0.029069767441860465,False,False
39.7297_32.7176,0.5051905190556845,39.729729729729726,32.71764705882353,False,0.13953488372093023,False,False
39.7297_32.7294,0.4179303231407415,39.729729729729726,32.72941176470588,False,0.2558139534883721,True,True
39.7297_32.7412,0.43651639928618446,39.729729729729726,32.74117647058824,False,0.43023255813953487,True,True
39.7297_32.7529,0.3220131935029395,39.729729729729726,32.752941176470586,False,0.19767441860465115,False,False
39.7297_32.8,0.4554378282978343,39.729729729729726,32.8,False,0.22093023255813954,False,False
39.7297_32.8235,0.5518879249458829,39.729729729729726,32.8235294117647,False,0.3372093023255814,True,True
39.7297_32.8471,0.2072156641326579,39.729729729729726,32.84705882352941,False,0.0,False,False
39.7297_32.9529,0.35696668961127764,39.729729729729726,32.95294117647059,False,0.0,False,False
39.7297_32.9647,0.3570489405772292,39.729729729729726,32.96470588235294,False,0.0,False,False
39.7297_33.0118,0.40129932318335093,39.729729729729726,33.01176470588235,False,0.023255813953488372,False,False
39.7297_33.0588,0.3570072465671323,39.729729729729726,33.05882352941176,False,0.0,False,False
39.7387_32.5882,0.5850365873450544,39.73873873873874,32.588235294117645,False,0.19767441860465115,False,False
39.7387_32.6706,0.3628944182297141,39.73873873873874,32.67058823529412,False,0.12790697674418605,False,False
39.7387_32.7059,0.31036992549819015,39.73873873873874,32.705882352941174,False,0.0,False,False
39.7387_32.7176,0.5120431386847271,39.73873873873874,32.71764705882353,False,0.3023255813953488,True,True
39.7387_32.7412,0.6489429488522785,39.73873873873874,32.74117647058824,False,0.11627906976744186,False,False
39.7387_32.7529,0.37937868490324134,39.73873873873874,32.752941176470586,False,0.2558139534883721,True,True
39.7387_32.8235,0.8306047897508622,39.73873873873874,32.8235294117647,False,0.4069767441860465,True,True
39.7387_32.9882,0.3570072465671323,39.73873873873874,32.98823529411764,False,0.0,False,False
39.7387_33.0,0.35696668961127764,39.73873873873874,33.0,False,0.0,False,False
39.7477_32.4,0.48407822458752303,39.74774774774775,32.4,False,0.011627906976744186,False,False
39.7477_32.4235,0.23983207823553607,39.74774774774775,32.423529411764704,False,0.011627906976744186,False,False
39.7477_32.6,0.5850662532392132,39.74774774774775,32.6,False,0.19767441860465115,False,False
39.7477_32.6471,0.40099928649656125,39.74774774774775,32.64705882352941,False,0.05813953488372093,False,False
39.7477_32.7176,0.49224856794268707,39.74774774774775,32.71764705882353,False,0.36046511627906974,True,True
39.7477_32.7294,0.3103393962080174,39.74774774774775,32.72941176470588,False,0.0,False,False
39.7477_32.7412,0.31036992549819015,39.74774774774775,32.74117647058824,False,0.0,False,False
39.7477_32.7529,0.24743347823469286,39.74774774774775,32.752941176470586,False,0.0,False,False
39.7477_32.7647,0.4672027466601365,39.74774774774775,32.76470588235294,False,0.13953488372093023,False,False
39.7477_32.8118,0.5441432939119698,39.74774774774775,32.811764705882354,False,0.2558139534883721,True,True
39.7477_32.8588,0.2072156641326579,39.74774774774775,32.858823529411765,False,0.0,False,False
39.7477_32.8706,0.20718399279194244,39.74774774774775,32.870588235294115,False,0.0,False,False
39.7477_33.1059,0.35696668961127764,39.74774774774775,33.10588235294117,False,0.0,False,False
39.7568_32.3882,0.6120495864789873,39.75675675675676,32.38823529411765,False,0.3953488372093023,True,True
39.7568_32.6353,0.5852177016841427,39.75675675675676,32.63529411764706,False,0.19767441860465115,False,False
39.7568_32.6471,0.3695813772594081,39.75675675675676,32.64705882352941,False,0.08139534883720931,False,False
39.7568_32.6588,0.385524647524933,39.75675675675676,32.65882352941176,False,0.046511627906976744,False,False
39.7568_32.7294,0.5061931998202341,39.75675675675676,32.72941176470588,False,0.3023255813953488,True,True
39.7568_32.7412,0.3724157960828088,39.75675675675676,32.74117647058824,False,0.2441860465116279,True,True
39.7568_32.7529,0.33659216915203394,39.75675675675676,32.752941176470586,False,0.2558139534883721,True,True
39.7568_32.7882,0.2748633126447994,39.75675675675676,32.78823529411765,False,0.18604651162790697,False,False
39.7568_32.8,0.3267079905761625,39.75675675675676,32.8,False,0.11627906976744186,False,False
39.7568_32.8118,0.421732875866909,39.75675675675676,32.811764705882354,False,0.01744186046511628,False,False
39.7568_32.8471,0.2072156641326579,39.75675675675676,32.84705882352941,False,0.0,False,False
39.7568_32.8588,0.20728110705533412,39.75675675675676,32.858823529411765,False,0.0,False,False
39.7658_32.6471,0.6072878189180119,39.76576576576576,32.64705882352941,False,0.029069767441860465,False,False
39.7658_32.6588,0.3390206545650647,39.76576576576576,32.65882352941176,False,0.23255813953488372,False,False
39.7658_32.6706,0.42633098408346704,39.76576576576576,32.67058823529412,False,0.029069767441860465,False,False
39.7658_32.6824,0.7599675166029205,39.76576576576576,32.68235294117647,False,0.029069767441860465,False,False
39.7658_32.6941,0.7599675166029205,39.76576576576576,32.694117647058825,False,0.029069767441860465,False,False
39.7658_32.7176,0.6489429488522785,39.76576576576576,32.71764705882353,False,0.11627906976744186,False,False
39.7658_32.7294,0.6489429488522785,39.76576576576576,32.72941176470588,False,0.11627906976744186,False,False
39.7658_32.7412,0.47194090326913896,39.76576576576576,32.74117647058824,False,0.20930232558139536,False,False
39.7658_32.7647,0.4421216886015486,39.76576576576576,32.76470588235294,False,0.26744186046511625,True,True
39.7658_32.8,0.24221248776013396,39.76576576576576,32.8,False,0.09302325581395349,False,False
39.7658_32.8118,0.4605462575512992,39.76576576576576,32.811764705882354,False,0.01744186046511628,False,False
39.7658_32.8235,0.4697050129482025,39.76576576576576,32.8235294117647,False,0.2441860465116279,True,True
39.7658_32.8471,0.20728110705533412,39.76576576576576,32.84705882352941,False,0.0,False,False
39.7658_32.9882,0.3570072465671323,39.76576576576576,32.98823529411764,False,0.0,False,False
39.7748_32.3765,0.6120798660810236,39.77477477477478,32.37647058823529,False,0.3953488372093023,True,True
39.7748_32.3882,0.6121412346297218,39.77477477477478,32.38823529411765,False,0.3953488372093023,True,True
39.7748_32.4,0.6121104156382084,39.77477477477478,32.4,False,0.3953488372093023,True,True
39.7748_32.4118,0.6120495864789873,39.77477477477478,32.411764705882355,False,0.3953488372093023,True,True
39.7748_32.4235,0.6120798660810236,39.77477477477478,32.423529411764704,False,0.3953488372093023,True,True
39.7748_32.4353,0.6122993526348002,39.77477477477478,32.43529411764706,False,0.3953488372093023,True,True
39.7748_32.5059,0.24150633181042896,39.77477477477478,32.50588235294118,False,0.011627906976744186,False,False
39.7748_32.6588,0.7599675166029205,39.77477477477478,32.65882352941176,False,0.029069767441860465,False,False
39.7748_32.6706,0.3847926586245468,39.77477477477478,32.67058823529412,False,0.06976744186046512,False,False
39.7748_32.7294,0.558546778512841,39.77477477477478,32.72941176470588,False,0.23255813953488372,False,False
39.7748_32.7412,0.40561138394144,39.77477477477478,32.74117647058824,False,0.05813953488372093,False,False
39.7748_32.7647,0.4812848414310594,39.77477477477478,32.76470588235294,False,0.2558139534883721,True,True
39.7748_32.7765,0.31767565233620737,39.77477477477478,32.77647058823529,False,0.23255813953488372,False,False
39.7748_32.8118,0.4613221839054012,39.77477477477478,32.811764705882354,False,0.01744186046511628,False,False
39.7748_32.8235,0.43050597935740004,39.77477477477478,32.8235294117647,False,0.01744186046511628,False,False
39.7748_32.8353,0.20734932543017967,39.77477477477478,32.83529411764706,False,0.0,False,False
39.7748_33.0353,0.35696668961127764,39.77477477477478,33.035294117647055,False,0.0,False,False
39.7838_32.3765,0.6120798660810236,39.78378378378378,32.37647058823529,False,0.3953488372093023,True,True
39.7838_32.4118,0.6120495864789873,39.78378378378378,32.411764705882355,False,0.3953488372093023,True,True
39.7838_32.4235,0.6120495864789873,39.78378378378378,32.423529411764704,False,0.3953488372093023,True,True
39.7838_32.4471,0.6121412346297218,39.78378378378378,32.44705882352941,False,0.3953488372093023,True,True
39.7838_32.5059,0.24150633181042896,39.78378378378378,32.50588235294118,False,0.011627906976744186,False,False
39.7838_32.5176,3.3596844409316913,39.78378378378378,32.51764705882353,False,0.03488372093023256,False,False
39.7838_32.6941,0.39430104594650695,39.78378378378378,32.694117647058825,False,0.046511627906976744,False,False
39.7838_32.7059,0.5031102806414853,39.78378378378378,32.705882352941174,False,0.01744186046511628,False,False
39.7838_32.7882,0.33665982499553165,39.78378378378378,32.78823529411765,False,0.2441860465116279,True,True
39.7838_32.8,0.3709520082294734,39.78378378378378,32.8,False,0.01744186046511628,False,False
39.7838_32.8118,0.39596747054643616,39.78378378378378,32.811764705882354,False,0.01744186046511628,False,False
39.7838_32.8235,0.4098854004684373,39.78378378378378,32.8235294117647,False,0.01744186046511628,False,False
39.7838_32.8353,0.46610514721892027,39.78378378378378,32.83529411764706,False,0.01744186046511628,False,False
39.7838_32.8471,0.4497179016768826,39.78378378378378,32.84705882352941,False,0.01744186046511628,False,False
39.7838_32.8588,0.40427020114379225,39.78378378378378,32.858823529411765,False,0.06976744186046512,False,False
39.7838_32.8824,0.40430983844552326,39.78378378378378,32.88235294117647,False,0.06976744186046512,False,False
39.7928_32.4,0.6120798660810236,39.7927927927928,32.4,False,0.3953488372093023,True,True
39.7928_32.4118,0.5346558564380546,39.7927927927928,32.411764705882355,False,0.011627906976744186,False,False
39.7928_32.4235,0.6120495864789873,39.7927927927928,32.423529411764704,False,0.3953488372093023,True,True
39.7928_32.4588,0.6120495864789873,39.7927927927928,32.45882352941177,False,0.3953488372093023,True,True
39.7928_32.6824,0.3564554086925716,39.7927927927928,32.68235294117647,False,0.01744186046511628,False,False
39.7928_32.7059,0.43631638777039816,39.7927927927928,32.705882352941174,False,0.01744186046511628,False,False
39.7928_32.7176,0.8720757249773661,39.7927927927928,32.71764705882353,False,0.023255813953488372,False,False
39.7928_32.7882,0.32250195108867424,39.7927927927928,32.78823529411765,False,0.23255813953488372,False,False
39.7928_32.8,0.41372646433899446,39.7927927927928,32.8,False,0.01744186046511628,False,False
39.7928_32.8118,0.43182227687927555,39.7927927927928,32.811764705882354,False,0.01744186046511628,False,False
39.7928_32.8353,0.4482100934106654,39.7927927927928,32.83529411764706,False,0.01744186046511628,False,False
39.7928_32.8471,0.44966486624173335,39.7927927927928,32.84705882352941,False,0.01744186046511628,False,False
39.7928_32.8824,0.40427020114379225,39.7927927927928,32.88235294117647,False,0.06976744186046512,False,False
39.7928_32.9647,0.5543489818024961,39.7927927927928,32.96470588235294,False,0.01744186046511628,False,False
39.8018_32.3765,0.34982653478619596,39.8018018018018,32.37647058823529,False,0.1511627906976744,False,False
39.8018_32.3882,0.6122353029506076,39.8018018018018,32.38823529411765,False,0.3953488372093023,True,True
39.8018_32.4,0.5348335071984588,39.8018018018018,32.4,False,0.011627906976744186,False,False
39.8018_32.4118,0.5346558564380546,39.8018018018018,32.411764705882355,False,0.011627906976744186,False,False
39.8018_32.4471,0.6120495864789873,39.8018018018018,32.44705882352941,False,0.3953488372093023,True,True
39.8018_32.5529,1.4268353194177728,39.8018018018018,32.55294117647059,False,0.14534883720930233,False,False
39.8018_32.5647,0.45951730911158994,39.8018018018018,32.56470588235294,False,0.05232558139534884,False,False
39.8018_32.6824,0.4021594289508751,39.8018018018018,32.68235294117647,False,0.029069767441860465,False,False
39.8018_32.6941,0.3778266594633303,39.8018018018018,32.694117647058825,False,0.01744186046511628,False,False
39.8018_32.7059,0.43665221598470316,39.8018018018018,32.705882352941174,False,0.01744186046511628,False,False
39.8018_32.7294,0.3933329757185956,39.8018018018018,32.72941176470588,False,0.06976744186046512,False,False
39.8018_32.8,0.42163076975818164,39.8018018018018,32.8,False,0.01744186046511628,False,False
39.8018_32.8353,0.5205114982898379,39.8018018018018,32.83529411764706,False,0.01744186046511628,False,False
39.8018_32.8588,0.40430983844552326,39.8018018018018,32.858823529411765,False,0.06976744186046512,False,False
39.8108_32.4471,0.6120798660810236,39.81081081081081,32.44705882352941,False,0.3953488372093023,True,True
39.8108_32.5647,1.3238274863400787,39.81081081081081,32.56470588235294,False,0.06395348837209303,False,False
39.8108_32.5765,0.45445536733198433,39.81081081081081,32.576470588235296,False,0.01744186046511628,False,False
39.8108_32.6471,0.3708095187344862,39.81081081081081,32.64705882352941,False,0.18604651162790697,False,False
39.8108_32.7059,0.4253321424055504,39.81081081081081,32.705882352941174,False,0.01744186046511628,False,False
39.8108_32.7176,0.6299711483990523,39.81081081081081,32.71764705882353,False,0.12790697674418605,False,False
39.8108_32.7647,0.3973817208059372,39.81081081081081,32.76470588235294,False,0.20930232558139536,False,False
39.8108_32.8824,0.40060334749453547,39.81081081081081,32.88235294117647,False,0.03488372093023256,False,False
39.8198_32.4,0.534613732724884,39.81981981981982,32.4,False,0.011627906976744186,False,False
39.8198_32.4235,0.6120798660810236,39.81981981981982,32.423529411764704,False,0.3953488372093023,True,True
39.8198_32.5294,0.6265696758557305,39.81981981981982,32.529411764705884,False,0.01744186046511628,False,False
39.8198_32.5412,1.5894584611327307,39.81981981981982,32.54117647058823,False,0.029069767441860465,False,False
39.8198_32.6471,0.7132910868864563,39.81981981981982,32.64705882352941,False,0.01744186046511628,False,False
39.8198_32.6588,0.8060984600543359,39.81981981981982,32.65882352941176,False,0.01744186046511628,False,False
39.8198_32.6941,0.38651655996558426,39.81981981981982,32.694117647058825,False,0.01744186046511628,False,False
39.8198_32.7059,0.39381047972312005,39.81981981981982,32.705882352941174,False,0.01744186046511628,False,False
39.8198_32.7176,0.45927959307983807,39.81981981981982,32.71764705882353,False,0.01744186046511628,False,False
39.8198_32.7294,0.42457486129466576,39.81981981981982,32.72941176470588,False,0.01744186046511628,False,False
39.8198_32.7412,0.41520673883635456,39.81981981981982,32.74117647058824,False,0.01744186046511628,False,False
39.8198_32.7529,0.33256580444666534,39.81981981981982,32.752941176470586,False,0.1744186046511628,False,False
39.8198_32.7647,0.3651042898808493,39.81981981981982,32.76470588235294,False,0.3488372093023256,True,True
39.8198_32.8706,0.4003628070243541,39.81981981981982,32.870588235294115,False,0.03488372093023256,False,False
39.8288_32.4471,0.6121412346297218,39.828828828828826,32.44705882352941,False,0.3953488372093023,True,True
39.8288_32.5294,0.626760733056464,39.828828828828826,32.529411764705884,False,0.01744186046511628,False,False
39.8288_32.5529,1.1693250892069427,39.828828828828826,32.55294117647059,False,0.029069767441860465,False,False
39.8288_32.5765,2.7457912546769023,39.828828828828826,32.576470588235296,False,0.029069767441860465,False,False
39.8288_32.6,0.5466346719162866,39.828828828828826,32.6,False,0.08139534883720931,False,False
39.8288_32.6471,0.7215712259370962,39.828828828828826,32.64705882352941,False,0.01744186046511628,False,False
39.8288_32.6588,0.7088312814540738,39.828828828828826,32.65882352941176,False,0.01744186046511628,False,False
39.8288_32.6824,0.29346123993491324,39.828828828828826,32.68235294117647,False,0.03488372093023256,False,False
39.8288_32.6941,0.3769835679455714,39.828828828828826,32.694117647058825,False,0.01744186046511628,False,False
39.8288_32.7059,0.4932648067834774,39.828828828828826,32.705882352941174,False,0.01744186046511628,False,False
39.8288_32.7176,0.48212281397831447,39.828828828828826,32.71764705882353,False,0.01744186046511628,False,False
39.8288_32.7294,0.4329466430529774,39.828828828828826,32.72941176470588,False,0.01744186046511628,False,False
39.8288_32.7412,0.3726156393301892,39.828828828828826,32.74117647058824,False,0.03488372093023256,False,False
39.8288_32.7529,0.39237245641737906,39.828828828828826,32.752941176470586,False,0.01744186046511628,False,False
39.8288_32.7647,0.41707589059276556,39.828828828828826,32.76470588235294,False,0.01744186046511628,False,False
39.8288_32.8118,0.6260057302804642,39.828828828828826,32.811764705882354,False,0.01744186046511628,False,False
39.8288_32.8471,0.40043070470691516,39.828828828828826,32.84705882352941,False,0.03488372093023256,False,False
39.8288_32.8706,0.4003628070243541,39.828828828828826,32.870588235294115,False,0.03488372093023256,False,False
39.8378_32.4,0.534613732724884,39.83783783783784,32.4,False,0.011627906976744186,False,False
39.8378_32.5294,1.7290044305173002,39.83783783783784,32.529411764705884,False,0.029069767441860465,False,False
39.8378_32.5412,1.4014588428223496,39.83783783783784,32.54117647058823,False,0.029069767441860465,False,False
39.8378_32.5529,0.5148733699765581,39.83783783783784,32.55294117647059,False,0.01744186046511628,False,False
39.8378_32.5765,2.7457912546769023,39.83783783783784,32.576470588235296,False,0.029069767441860465,False,False
39.8378_32.6588,0.7924208547349063,39.83783783783784,32.65882352941176,False,0.01744186046511628,False,False
39.8378_32.6706,0.37920595750440644,39.83783783783784,32.67058823529412,False,0.023255813953488372,False,False
39.8378_32.6824,0.31937540718688523,39.83783783783784,32.68235294117647,False,0.10465116279069768,False,False
39.8378_32.7059,0.4018529370604242,39.83783783783784,32.705882352941174,False,0.01744186046511628,False,False
39.8378_32.7176,0.42606548565096936,39.83783783783784,32.71764705882353,False,0.01744186046511628,False,False
39.8378_32.7294,0.49732747147256484,39.83783783783784,32.72941176470588,False,0.03488372093023256,False,False
39.8378_32.7412,0.627771970639647,39.83783783783784,32.74117647058824,False,0.029069767441860465,False,False
39.8378_32.7647,0.4087537006166017,39.83783783783784,32.76470588235294,False,0.029069767441860465,False,False
39.8378_32.7765,0.3674777643343847,39.83783783783784,32.77647058823529,False,0.01744186046511628,False,False
39.8378_32.7882,0.36169432726859774,39.83783783783784,32.78823529411765,False,0.01744186046511628,False,False
39.8378_32.8,0.46137027714224993,39.83783783783784,32.8,False,0.01744186046511628,False,False
39.8378_32.8235,0.5576932017263855,39.83783783783784,32.8235294117647,False,0.01744186046511628,False,False
39.8378_32.8471,0.6832661746950239,39.83783783783784,32.84705882352941,False,0.01744186046511628,False,False
39.8378_32.8588,0.4003628070243541,39.83783783783784,32.858823529411765,False,0.03488372093023256,False,False
39.8378_32.9176,0.5015017003633971,39.83783783783784,32.917647058823526,False,0.01744186046511628,False,False
39.8378_33.0118,0.511473662596564,39.83783783783784,33.01176470588235,False,0.01744186046511628,False,False
39.8468_32.4118,0.5346558564380546,39.84684684684685,32.411764705882355,False,0.011627906976744186,False,False
39.8468_32.4235,0.8287026294589304,39.84684684684685,32.423529411764704,False,0.26744186046511625,True,True
39.8468_32.5529,1.716164657069259,39.84684684684685,32.55294117647059,False,0.029069767441860465,False,False
39.8468_32.5882,2.237376837192011,39.84684684684685,32.588235294117645,False,0.029069767441860465,False,False
39.8468_32.6,2.7469059126658957,39.84684684684685,32.6,False,0.029069767441860465,False,False
39.8468_32.6235,1.1251485960271843,39.84684684684685,32.62352941176471,False,0.023255813953488372,False,False
39.8468_32.6353,1.1939555785163523,39.84684684684685,32.63529411764706,False,0.023255813953488372,False,False
39.8468_32.6471,0.5183243631170854,39.84684684684685,32.64705882352941,False,0.03488372093023256,False,False
39.8468_32.6588,0.4287415264841445,39.84684684684685,32.65882352941176,False,0.20930232558139536,False,False
39.8468_32.6706,0.46637218923418783,39.84684684684685,32.67058823529412,False,0.023255813953488372,False,False
39.8468_32.6824,0.31534048529492953,39.84684684684685,32.68235294117647,False,0.11627906976744186,False,False
39.8468_32.7059,0.5189055595642438,39.84684684684685,32.705882352941174,False,0.01744186046511628,False,False
39.8468_32.7176,0.5913881778698544,39.84684684684685,32.71764705882353,False,0.01744186046511628,False,False
39.8468_32.7294,0.5305831255991431,39.84684684684685,32.72941176470588,False,0.2441860465116279,True,True
39.8468_32.7412,0.7728524351341263,39.84684684684685,32.74117647058824,False,0.01744186046511628,False,False
39.8468_32.7529,0.76560300549456,39.84684684684685,32.752941176470586,False,0.01744186046511628,False,False
39.8468_32.8,0.6343933385119528,39.84684684684685,32.8,False,0.01744186046511628,False,False
39.8468_32.8118,0.6414633335565397,39.84684684684685,32.811764705882354,False,0.023255813953488372,False,False
39.8468_32.8235,0.9867906713332658,39.84684684684685,32.8235294117647,False,0.01744186046511628,False,False
39.8468_32.8353,0.6977532948473548,39.84684684684685,32.83529411764706,False,0.01744186046511628,False,False
39.8468_32.8471,0.8398453695688817,39.84684684684685,32.84705882352941,False,0.01744186046511628,False,False
39.8468_32.8588,0.4429258847050937,39.84684684684685,32.858823529411765,False,0.023255813953488372,False,False
39.8468_32.9529,0.3206341224416328,39.84684684684685,32.95294117647059,False,0.01744186046511628,False,False
39.8468_32.9647,0.32310167546436935,39.84684684684685,32.96470588235294,False,0.01744186046511628,False,False
39.8559_32.4235,0.534613732724884,39.85585585585586,32.423529411764704,False,0.011627906976744186,False,False
39.8559_32.4706,0.6120495864789873,39.85585585585586,32.47058823529412,False,0.3953488372093023,True,True
39.8559_32.4941,0.6120495864789873,39.85585585585586,32.49411764705882,False,0.3953488372093023,True,True
39.8559_32.5294,0.6266329099927576,39.85585585585586,32.529411764705884,False,0.01744186046511628,False,False
39.8559_32.5765,0.8082313321995556,39.85585585585586,32.576470588235296,False,0.1744186046511628,False,False
39.8559_32.5882,1.8198581439401347,39.85585585585586,32.588235294117645,False,0.029069767441860465,False,False
39.8559_32.6118,2.7469059126658957,39.85585585585586,32.61176470588235,False,0.029069767441860465,False,False
39.8559_32.6353,1.3842897801168284,39.85585585585586,32.63529411764706,False,0.023255813953488372,False,False
39.8559_32.6471,0.8950222206882449,39.85585585585586,32.64705882352941,False,0.023255813953488372,False,False
39.8559_32.6588,0.4290629468332167,39.85585585585586,32.65882352941176,False,0.19767441860465115,False,False
39.8559_32.6706,0.8150952290340289,39.85585585585586,32.67058823529412,False,0.01744186046511628,False,False
39.8559_32.6824,0.8453167722539968,39.85585585585586,32.68235294117647,False,0.023255813953488372,False,False
39.8559_32.6941,0.8298309950103863,39.85585585585586,32.694117647058825,False,0.023255813953488372,False,False
39.8559_32.7059,0.8466718024501287,39.85585585585586,32.705882352941174,False,0.01744186046511628,False,False
39.8559_32.7176,0.6254297460960326,39.85585585585586,32.71764705882353,False,0.01744186046511628,False,False
39.8559_32.7294,1.4508360825564084,39.85585585585586,32.72941176470588,False,0.23255813953488372,False,False
39.8559_32.7412,0.5535312390722923,39.85585585585586,32.74117647058824,False,0.01744186046511628,False,False
39.8559_32.7529,0.7728524351341263,39.85585585585586,32.752941176470586,False,0.01744186046511628,False,False
39.8559_32.8,0.628906601997218,39.85585585585586,32.8,False,0.01744186046511628,False,False
39.8559_32.8118,2.0016854420387564,39.85585585585586,32.811764705882354,False,0.01744186046511628,False,False
39.8559_32.8235,0.6416667247331889,39.85585585585586,32.8235294117647,False,0.01744186046511628,False,False
39.8559_32.8353,0.5349891141195596,39.85585585585586,32.83529411764706,False,0.01744186046511628,False,False
39.8559_32.8471,0.5457436318697825,39.85585585585586,32.84705882352941,False,0.01744186046511628,False,False
39.8559_32.8588,0.557266443031464,39.85585585585586,32.858823529411765,False,0.01744186046511628,False,False
39.8559_32.8706,0.4004992657914401,39.85585585585586,32.870588235294115,False,0.03488372093023256,False,False
39.8559_32.9647,0.31661535455997103,39.85585585585586,32.96470588235294,False,0.01744186046511628,False,False
39.8649_32.5412,0.6266329099927576,39.86486486486486,32.54117647058823,False,0.01744186046511628,False,False
39.8649_32.6353,2.9782198978193763,39.86486486486486,32.63529411764706,False,0.1686046511627907,False,False
39.8649_32.6471,0.8904327086440358,39.86486486486486,32.64705882352941,False,0.01744186046511628,False,False
39.8649_32.6588,1.1831446741802585,39.86486486486486,32.65882352941176,False,0.023255813953488372,False,False
39.8649_32.6706,0.428924115837304,39.86486486486486,32.67058823529412,False,0.20930232558139536,False,False
39.8649_32.6824,1.2422799520036054,39.86486486486486,32.68235294117647,False,0.01744186046511628,False,False
39.8649_32.6941,0.3700564549760202,39.86486486486486,32.694117647058825,False,0.0,False,False
39.8649_32.7059,0.7666532758106356,39.86486486486486,32.705882352941174,False,0.01744186046511628,False,False
39.8649_32.7412,0.5407274131193162,39.86486486486486,32.74117647058824,False,0.05813953488372093,False,False
39.8649_32.7647,0.6744784380636364,39.86486486486486,32.76470588235294,False,0.01744186046511628,False,False
39.8649_32.8,0.5995193326889825,39.86486486486486,32.8,False,0.01744186046511628,False,False
39.8649_32.8118,1.2489586166284898,39.86486486486486,32.811764705882354,False,0.01744186046511628,False,False
39.8649_32.8235,1.080245180191352,39.86486486486486,32.8235294117647,False,0.01744186046511628,False,False
39.8649_32.8353,0.5688100011672605,39.86486486486486,32.83529411764706,False,0.01744186046511628,False,False
39.8649_32.8471,0.6265964421195711,39.86486486486486,32.84705882352941,False,0.01744186046511628,False,False
39.8649_32.8588,0.39199388826277,39.86486486486486,32.858823529411765,False,0.01744186046511628,False,False
39.8649_32.8706,0.6043820413043917,39.86486486486486,32.870588235294115,False,0.12209302325581395,False,False
39.8649_32.9412,0.4079545584228279,39.86486486486486,32.94117647058823,False,0.01744186046511628,False,False
39.8649_32.9529,0.3162649678141649,39.86486486486486,32.95294117647059,False,0.01744186046511628,False,False
39.8739_32.6471,2.9737030281923222,39.87387387387388,32.64705882352941,False,0.046511627906976744,False,False
39.8739_32.6588,1.828270732433547,39.87387387387388,32.65882352941176,False,0.03488372093023256,False,False
39.8739_32.6706,2.975801436002232,39.87387387387388,32.67058823529412,False,0.11046511627906977,False,False
39.8739_32.6824,0.5786218196609103,39.87387387387388,32.68235294117647,False,0.12790697674418605,False,False
39.8739_32.6941,0.4566604217644357,39.87387387387388,32.694117647058825,False,0.22093023255813954,False,False
39.8739_32.7059,0.4948309347871761,39.87387387387388,32.705882352941174,False,0.12790697674418605,False,False
39.8739_32.7412,0.7727530661081538,39.87387387387388,32.74117647058824,False,0.01744186046511628,False,False
39.8739_32.7529,0.5696325927195698,39.87387387387388,32.752941176470586,False,0.01744186046511628,False,False
39.8739_32.7882,0.6103934677197312,39.87387387387388,32.78823529411765,False,0.01744186046511628,False,False
39.8739_32.8,0.6184347308661889,39.87387387387388,32.8,False,0.01744186046511628,False,False
39.8739_32.8118,0.7245152846430809,39.87387387387388,32.811764705882354,False,0.01744186046511628,False,False
39.8739_32.8235,0.8310070693904934,39.87387387387388,32.8235294117647,False,0.029069767441860465,False,False
39.8739_32.8353,1.336743941415411,39.87387387387388,32.83529411764706,False,0.01744186046511628,False,False
39.8739_32.8471,0.5729480029231461,39.87387387387388,32.84705882352941,False,0.01744186046511628,False,False
39.8739_32.8588,0.49777431330290883,39.87387387387388,32.858823529411765,False,0.01744186046511628,False,False
39.8739_32.8706,0.5360776370576108,39.87387387387388,32.870588235294115,False,0.01744186046511628,False,False
39.8739_32.8824,0.8176660876449284,39.87387387387388,32.88235294117647,False,0.023255813953488372,False,False
39.8739_32.8941,0.9241415619347443,39.87387387387388,32.89411764705882,False,0.37209302325581395,True,True
39.8739_32.9294,0.7256274042593049,39.87387387387388,32.92941176470588,False,0.01744186046511628,False,False
39.8739_32.9412,0.48696582738516386,39.87387387387388,32.94117647058823,False,0.01744186046511628,False,False
39.8739_32.9529,0.4729761169105203,39.87387387387388,32.95294117647059,False,0.01744186046511628,False,False
39.8739_32.9882,0.47225753496330924,39.87387387387388,32.98823529411764,False,0.01744186046511628,False,False
39.8739_33.0,0.464337259177174,39.87387387387388,33.0,False,0.023255813953488372,False,False
39.8739_33.1765,0.4048975375364505,39.87387387387388,33.1764705882353,False,0.05232558139534884,False,False
39.8829_32.5529,0.6268903575661006,39.88288288288288,32.55294117647059,False,0.01744186046511628,False,False
39.8829_32.6118,2.690138404930498,39.88288288288288,32.61176470588235,False,0.22093023255813954,False,False
39.8829_32.6235,3.2599893315087236,39.88288288288288,32.62352941176471,False,0.09302325581395349,False,False
39.8829_32.6353,2.739150441677587,39.88288288288288,32.63529411764706,False,0.19767441860465115,False,False
39.8829_32.6471,0.423587821285178,39.88288288288288,32.64705882352941,False,0.1511627906976744,False,False
39.8829_32.6588,3.5330458698891785,39.88288288288288,32.65882352941176,False,0.08139534883720931,False,False
39.8829_32.6706,0.889161380576639,39.88288288288288,32.67058823529412,False,0.29651162790697677,True,True
39.8829_32.6824,2.0099925961027076,39.88288288288288,32.68235294117647,False,0.023255813953488372,False,False
39.8829_32.6941,1.2300924424213804,39.88288288288288,32.694117647058825,False,0.046511627906976744,False,False
39.8829_32.7059,0.7574794212739366,39.88288288288288,32.705882352941174,False,0.029069767441860465,False,False
39.8829_32.7176,0.28309638570872725,39.88288288288288,32.71764705882353,False,0.046511627906976744,False,False
39.8829_32.7412,0.6875806993186642,39.88288288288288,32.74117647058824,False,0.01744186046511628,False,False
39.8829_32.7529,0.7453130237699661,39.88288288288288,32.752941176470586,False,0.01744186046511628,False,False
39.8829_32.7765,5.1787280477957,39.88288288288288,32.77647058823529,True,0.046511627906976744,False,True
39.8829_32.7882,1.0856794621586376,39.88288288288288,32.78823529411765,False,0.023255813953488372,False,False
39.8829_32.8,0.5886662816078008,39.88288288288288,32.8,False,0.01744186046511628,False,False
39.8829_32.8118,0.5433410289982804,39.88288288288288,32.811764705882354,False,0.01744186046511628,False,False
39.8829_32.8235,1.0911073475850388,39.88288288288288,32.8235294117647,False,0.01744186046511628,False,False
39.8829_32.8353,2.2411522166870745,39.88288288288288,32.83529411764706,False,0.046511627906976744,False,False
39.8829_32.8471,0.5976330659804024,39.88288288288288,32.84705882352941,False,0.01744186046511628,False,False
39.8829_32.8588,1.6440787566289836,39.88288288288288,32.858823529411765,False,0.023255813953488372,False,False
39.8829_32.8706,0.770527013601479,39.88288288288288,32.870588235294115,False,0.01744186046511628,False,False
39.8829_32.8824,0.780660109099461,39.88288288288288,32.88235294117647,False,0.023255813953488372,False,False
39.8829_32.8941,1.0678338265782492,39.88288288288288,32.89411764705882,False,0.023255813953488372,False,False
39.8829_32.9059,0.9241811037514059,39.88288288288288,32.90588235294118,False,0.37209302325581395,True,True
39.8829_32.9176,0.49350540878678806,39.88288288288288,32.917647058823526,False,0.01744186046511628,False,False
39.8829_32.9294,0.6559042815874281,39.88288288288288,32.92941176470588,False,0.01744186046511628,False,False
39.8829_32.9529,0.5513601013177937,39.88288288288288,32.95294117647059,False,0.01744186046511628,False,False
39.8829_32.9647,0.6363558998829764,39.88288288288288,32.96470588235294,False,0.37209302325581395,True,True
39.8829_32.9765,0.4838777644100264,39.88288288288288,32.976470588235294,False,0.01744186046511628,False,False
39.8829_32.9882,0.4905842633001003,39.88288288288288,32.98823529411764,False,0.01744186046511628,False,False
39.8919_32.4824,0.5816294024826002,39.891891891891895,32.48235294117647,False,0.03488372093023256,False,False
39.8919_32.4941,0.5816294024826002,39.891891891891895,32.49411764705882,False,0.03488372093023256,False,False
39.8919_32.5529,0.5816294024826002,39.891891891891895,32.55294117647059,False,0.03488372093023256,False,False
39.8919_32.6118,1.2533250449288047,39.891891891891895,32.61176470588235,False,0.20930232558139536,False,False
39.8919_32.6235,1.871104591481381,39.891891891891895,32.62352941176471,False,0.1511627906976744,False,False
39.8919_32.6353,2.7502877939873263,39.891891891891895,32.63529411764706,False,0.23255813953488372,False,False
39.8919_32.6471,0.7104928502639679,39.891891891891895,32.64705882352941,False,0.18023255813953487,False,False
39.8919_32.6588,13.944041623476325,39.891891891891895,32.65882352941176,True,0.20348837209302326,False,True
39.8919_32.6706,3.117565096197235,39.891891891891895,32.67058823529412,False,0.20348837209302326,False,False
39.8919_32.6824,1.705788920855017,39.891891891891895,32.68235294117647,False,0.0755813953488372,False,False
39.8919_32.6941,1.5084043731706094,39.891891891891895,32.694117647058825,False,0.21511627906976744,False,False
39.8919_32.7059,1.3601155322210243,39.891891891891895,32.705882352941174,False,0.06976744186046512,False,False
39.8919_32.7176,0.7515806174933558,39.891891891891895,32.71764705882353,False,0.01744186046511628,False,False
39.8919_32.7294,1.2545174964664247,39.891891891891895,32.72941176470588,False,0.01744186046511628,False,False
39.8919_32.7529,0.9112467873154714,39.891891891891895,32.752941176470586,False,0.01744186046511628,False,False
39.8919_32.7647,0.8023082206786174,39.891891891891895,32.76470588235294,False,0.01744186046511628,False,False
39.8919_32.7882,0.8997575895326856,39.891891891891895,32.78823529411765,False,0.01744186046511628,False,False
39.8919_32.8,1.172817128216892,39.891891891891895,32.8,False,0.03488372093023256,False,False
39.8919_32.8118,5.657853754647959,39.891891891891895,32.811764705882354,True,0.046511627906976744,False,True
39.8919_32.8235,0.7718358475148248,39.891891891891895,32.8235294117647,False,0.01744186046511628,False,False
39.8919_32.8353,1.2006589790735154,39.891891891891895,32.83529411764706,False,0.01744186046511628,False,False
39.8919_32.8471,0.6076189562665103,39.891891891891895,32.84705882352941,False,0.01744186046511628,False,False
39.8919_32.8588,0.6313975819124249,39.891891891891895,32.858823529411765,False,0.01744186046511628,False,False
39.8919_32.8706,0.7097303015309298,39.891891891891895,32.870588235294115,False,0.01744186046511628,False,False
39.8919_32.8824,0.6587485865839221,39.891891891891895,32.88235294117647,False,0.01744186046511628,False,False
39.8919_32.8941,0.9241811037514059,39.891891891891895,32.89411764705882,False,0.37209302325581395,True,True
39.8919_32.9059,0.6565910574657654,39.891891891891895,32.90588235294118,False,0.18604651162790697,False,False
39.8919_32.9176,0.6267102128858282,39.891891891891895,32.917647058823526,False,0.01744186046511628,False,False
39.8919_32.9294,0.5081583484443065,39.891891891891895,32.92941176470588,False,0.01744186046511628,False,False
39.8919_32.9529,0.5512966072843998,39.891891891891895,32.95294117647059,False,0.01744186046511628,False,False
39.8919_32.9647,0.4343886277155623,39.891891891891895,32.96470588235294,False,0.01744186046511628,False,False
39.8919_32.9765,0.8264176999611385,39.891891891891895,32.976470588235294,False,0.040697674418604654,False,False
39.8919_33.0118,0.4776289892516091,39.891891891891895,33.01176470588235,False,0.023255813953488372,False,False
39.8919_33.0235,0.48899949795446296,39.891891891891895,33.023529411764706,False,0.023255813953488372,False,False
39.8919_33.0353,0.4889231359933601,39.891891891891895,33.035294117647055,False,0.023255813953488372,False,False
39.9009_32.4706,0.6120798660810236,39.9009009009009,32.47058823529412,False,0.3953488372093023,True,True
39.9009_32.6235,1.7796631777013185,39.9009009009009,32.62352941176471,False,0.2441860465116279,True,True
39.9009_32.6353,2.8471187595347605,39.9009009009009,32.63529411764706,False,0.2441860465116279,True,True
39.9009_32.6471,0.692303240603639,39.9009009009009,32.64705882352941,False,0.20348837209302326,False,False
39.9009_32.6824,1.0119854497271847,39.9009009009009,32.68235294117647,False,0.046511627906976744,False,False
39.9009_32.6941,1.538786334960092,39.9009009009009,32.694117647058825,False,0.09883720930232558,False,False
39.9009_32.7059,2.1593664490067184,39.9009009009009,32.705882352941174,False,0.023255813953488372,False,False
39.9009_32.7294,2.5211951407984996,39.9009009009009,32.72941176470588,False,0.023255813953488372,False,False
39.9009_32.7412,2.424455439515499,39.9009009009009,32.74117647058824,False,0.023255813953488372,False,False
39.9009_32.7529,2.6406266002161396,39.9009009009009,32.752941176470586,False,0.023255813953488372,False,False
39.9009_32.7647,1.6171677541336325,39.9009009009009,32.76470588235294,False,0.023255813953488372,False,False
39.9009_32.7765,0.4310140943316102,39.9009009009009,32.77647058823529,False,0.16279069767441862,False,False
39.9009_32.7882,5.126355310205332,39.9009009009009,32.78823529411765,True,0.040697674418604654,False,True
39.9009_32.8,1.8566442361416415,39.9009009009009,32.8,False,0.03488372093023256,False,False
39.9009_32.8118,5.3783855076812,39.9009009009009,32.811764705882354,True,0.05813953488372093,False,True
39.9009_32.8353,2.1530263441074946,39.9009009009009,32.83529411764706,False,0.029069767441860465,False,False
39.9009_32.8471,1.1112781651957055,39.9009009009009,32.84705882352941,False,0.01744186046511628,False,False
39.9009_32.8588,0.5932634142777197,39.9009009009009,32.858823529411765,False,0.01744186046511628,False,False
39.9009_32.8706,0.5611603212734546,39.9009009009009,32.870588235294115,False,0.01744186046511628,False,False
39.9009_32.8824,0.6225960363266995,39.9009009009009,32.88235294117647,False,0.01744186046511628,False,False
39.9009_32.8941,0.39587904265709944,39.9009009009009,32.89411764705882,False,0.023255813953488372,False,False
39.9009_32.9059,0.8841072182421509,39.9009009009009,32.90588235294118,False,0.029069767441860465,False,False
39.9009_32.9176,0.505549934635111,39.9009009009009,32.917647058823526,False,0.01744186046511628,False,False
39.9009_32.9294,0.4371712621479133,39.9009009009009,32.92941176470588,False,0.01744186046511628,False,False
39.9009_32.9412,0.7189213332603114,39.9009009009009,32.94117647058823,False,0.01744186046511628,False,False
39.9009_32.9529,0.45010016790606683,39.9009009009009,32.95294117647059,False,0.01744186046511628,False,False
39.9009_32.9647,0.46331439365893307,39.9009009009009,32.96470588235294,False,0.01744186046511628,False,False
39.9009_32.9765,0.45154826213982124,39.9009009009009,32.976470588235294,False,0.01744186046511628,False,False
39.9009_33.0,0.5159052203726099,39.9009009009009,33.0,False,0.01744186046511628,False,False
39.9009_33.0118,0.48902358930638273,39.9009009009009,33.01176470588235,False,0.023255813953488372,False,False
39.9009_33.0235,0.4887724834808952,39.9009009009009,33.023529411764706,False,0.023255813953488372,False,False
39.9009_33.0353,0.48869819598855474,39.9009009009009,33.035294117647055,False,0.023255813953488372,False,False
39.9099_32.5882,0.5082132314264457,39.90990990990991,32.588235294117645,False,0.23255813953488372,False,False
39.9099_32.6353,3.523205775056529,39.90990990990991,32.63529411764706,False,0.10465116279069768,False,False
39.9099_32.7059,1.0605792341846816,39.90990990990991,32.705882352941174,False,0.01744186046511628,False,False
39.9099_32.7412,1.1847558930366224,39.90990990990991,32.74117647058824,False,0.01744186046511628,False,False
39.9099_32.7529,0.6143626989416383,39.90990990990991,32.752941176470586,False,0.19767441860465115,False,False
39.9099_32.7647,0.4663486122111394,39.90990990990991,32.76470588235294,False,0.10465116279069768,False,False
39.9099_32.7765,31.615166511815797,39.90990990990991,32.77647058823529,True,0.29651162790697677,True,True
39.9099_32.7882,3.78131990616003,39.90990990990991,32.78823529411765,False,0.11046511627906977,False,False
39.9099_32.8,5.105890538719107,39.90990990990991,32.8,True,0.040697674418604654,False,True
39.9099_32.8118,4.783478405144792,39.90990990990991,32.811764705882354,True,0.046511627906976744,False,True
39.9099_32.8235,1.2706268276277943,39.90990990990991,32.8235294117647,False,0.01744186046511628,False,False
39.9099_32.8353,1.4220890581219996,39.90990990990991,32.83529411764706,False,0.01744186046511628,False,False
39.9099_32.8471,1.2117721548569025,39.90990990990991,32.84705882352941,False,0.01744186046511628,False,False
39.9099_32.8588,0.6129896081426566,39.90990990990991,32.858823529411765,False,0.01744186046511628,False,False
39.9099_32.8706,0.6736891382034108,39.90990990990991,32.870588235294115,False,0.05232558139534884,False,False
39.9099_32.8824,0.7358166480805067,39.90990990990991,32.88235294117647,False,0.01744186046511628,False,False
39.9099_32.8941,0.7052611855401305,39.90990990990991,32.89411764705882,False,0.01744186046511628,False,False
39.9099_32.9059,0.8368857456519692,39.90990990990991,32.90588235294118,False,0.01744186046511628,False,False
39.9099_32.9176,0.5067751574001687,39.90990990990991,32.917647058823526,False,0.01744186046511628,False,False
39.9099_32.9294,0.5040869104814639,39.90990990990991,32.92941176470588,False,0.01744186046511628,False,False
39.9099_32.9412,0.7178527758098319,39.90990990990991,32.94117647058823,False,0.01744186046511628,False,False
39.9099_32.9529,0.7256588004510504,39.90990990990991,32.95294117647059,False,0.01744186046511628,False,False
39.9099_32.9647,0.3997521889004729,39.90990990990991,32.96470588235294,False,0.01744186046511628,False,False
39.9099_32.9765,0.3945166275324047,39.90990990990991,32.976470588235294,False,0.01744186046511628,False,False
39.9099_32.9882,0.41358995938487464,39.90990990990991,32.98823529411764,False,0.023255813953488372,False,False
39.9099_33.0471,0.38484565902486434,39.90990990990991,33.04705882352941,False,0.09302325581395349,False,False
39.9189_32.5765,0.5080713322120104,39.91891891891892,32.576470588235296,False,0.22093023255813954,False,False
39.9189_32.6353,0.4670900283673324,39.91891891891892,32.63529411764706,False,0.029069767441860465,False,False
39.9189_32.6471,0.4749984391381798,39.91891891891892,32.64705882352941,False,0.20348837209302326,False,False
39.9189_32.6824,0.5844646188484257,39.91891891891892,32.68235294117647,False,0.20348837209302326,False,False
39.9189_32.6941,6.2713468975429745,39.91891891891892,32.694117647058825,True,0.040697674418604654,False,True
39.9189_32.7882,0.9442168834847537,39.91891891891892,32.78823529411765,False,0.19767441860465115,False,False
39.9189_32.8,0.8648109600186621,39.91891891891892,32.8,False,0.13372093023255813,False,False
39.9189_32.8118,3.5017209047815623,39.91891891891892,32.811764705882354,False,0.040697674418604654,False,False
39.9189_32.8235,0.5552280100130792,39.91891891891892,32.8235294117647,False,0.19767441860465115,False,False
39.9189_32.8353,0.5300664015831986,39.91891891891892,32.83529411764706,False,0.01744186046511628,False,False
39.9189_32.8471,0.909262412955144,39.91891891891892,32.84705882352941,False,0.01744186046511628,False,False
39.9189_32.8588,1.4739036225944906,39.91891891891892,32.858823529411765,False,0.01744186046511628,False,False
39.9189_32.8706,1.0627122490610252,39.91891891891892,32.870588235294115,False,0.029069767441860465,False,False
39.9189_32.8824,0.7478799294865639,39.91891891891892,32.88235294117647,False,0.01744186046511628,False,False
39.9189_32.8941,0.826689104265376,39.91891891891892,32.89411764705882,False,0.01744186046511628,False,False
39.9189_32.9059,0.6736218733470198,39.91891891891892,32.90588235294118,False,0.01744186046511628,False,False
39.9189_32.9176,0.6597066078431417,39.91891891891892,32.917647058823526,False,0.01744186046511628,False,False
39.9189_32.9294,0.2583008330427792,39.91891891891892,32.92941176470588,False,0.10465116279069768,False,False
39.9189_32.9412,0.272370370941169,39.91891891891892,32.94117647058823,False,0.09302325581395349,False,False
39.9189_32.9529,0.29187182063986133,39.91891891891892,32.95294117647059,False,0.09302325581395349,False,False
39.9189_32.9882,0.516621271749953,39.91891891891892,32.98823529411764,False,0.20930232558139536,False,False
39.9279_32.5647,1.0085665238322716,39.927927927927925,32.56470588235294,False,0.01744186046511628,False,False
39.9279_32.5765,0.8382326164189717,39.927927927927925,32.576470588235296,False,0.01744186046511628,False,False
39.9279_32.6118,0.6071621601519308,39.927927927927925,32.61176470588235,False,0.023255813953488372,False,False
39.9279_32.6235,0.436215406450194,39.927927927927925,32.62352941176471,False,0.01744186046511628,False,False
39.9279_32.6353,0.4624772311401303,39.927927927927925,32.63529411764706,False,0.01744186046511628,False,False
39.9279_32.6471,1.442950081816577,39.927927927927925,32.64705882352941,False,0.05232558139534884,False,False
39.9279_32.6588,0.36041235435382607,39.927927927927925,32.65882352941176,False,0.06976744186046512,False,False
39.9279_32.6941,6.2713468975429745,39.927927927927925,32.694117647058825,True,0.040697674418604654,False,True
39.9279_32.7059,1.5562087821927737,39.927927927927925,32.705882352941174,False,0.023255813953488372,False,False
39.9279_32.7765,0.9295574619340875,39.927927927927925,32.77647058823529,False,0.03488372093023256,False,False
39.9279_32.7882,1.4422827287049724,39.927927927927925,32.78823529411765,False,0.22093023255813954,False,False
39.9279_32.8118,7.428007406094115,39.927927927927925,32.811764705882354,True,0.05232558139534884,False,True
39.9279_32.8235,0.49443698029237404,39.927927927927925,32.8235294117647,False,0.023255813953488372,False,False
39.9279_32.8353,8.315417631620829,39.927927927927925,32.83529411764706,True,0.046511627906976744,False,True
39.9279_32.8471,12.174009726093512,39.927927927927925,32.84705882352941,True,0.05232558139534884,False,True
39.9279_32.8588,3.7762117206268733,39.927927927927925,32.858823529411765,False,0.03488372093023256,False,False
39.9279_32.8706,1.2681065762575405,39.927927927927925,32.870588235294115,False,0.01744186046511628,False,False
39.9279_32.8824,1.1476173759167771,39.927927927927925,32.88235294117647,False,0.01744186046511628,False,False
39.9279_32.8941,1.045221830427135,39.927927927927925,32.89411764705882,False,0.01744186046511628,False,False
39.9279_32.9059,0.5925934217301475,39.927927927927925,32.90588235294118,False,0.01744186046511628,False,False
39.9279_32.9176,0.3939774670037731,39.927927927927925,32.917647058823526,False,0.046511627906976744,False,False
39.9279_33.0,0.5165879604561456,39.927927927927925,33.0,False,0.20930232558139536,False,False
39.9279_33.0118,0.3607838258727063,39.927927927927925,33.01176470588235,False,0.06976744186046512,False,False
39.9279_33.0235,0.37006446218231304,39.927927927927925,33.023529411764706,False,0.32558139534883723,True,True
39.9369_32.5412,0.659894308198965,39.93693693693694,32.54117647058823,False,0.01744186046511628,False,False
39.9369_32.5647,1.1071001155770248,39.93693693693694,32.56470588235294,False,0.01744186046511628,False,False
39.9369_32.5765,0.7838167044645776,39.93693693693694,32.576470588235296,False,0.01744186046511628,False,False
39.9369_32.5882,2.672767494120806,39.93693693693694,32.588235294117645,False,0.040697674418604654,False,False
39.9369_32.6,2.2904178273335347,39.93693693693694,32.6,False,0.040697674418604654,False,False
39.9369_32.6118,21.987297004904736,39.93693693693694,32.61176470588235,True,0.06976744186046512,False,True
39.9369_32.6235,3.157233979865554,39.93693693693694,32.62352941176471,False,0.029069767441860465,False,False
39.9369_32.6353,12.779509462879929,39.93693693693694,32.63529411764706,True,0.05232558139534884,False,True
39.9369_32.6471,1.1326199714965886,39.93693693693694,32.64705882352941,False,0.029069767441860465,False,False
39.9369_32.6588,0.42819869573169456,39.93693693693694,32.65882352941176,False,0.16279069767441862,False,False
39.9369_32.6706,6.17869095834012,39.93693693693694,32.67058823529412,True,0.040697674418604654,False,True
39.9369_32.6824,0.35844109210102937,39.93693693693694,32.68235294117647,False,0.11627906976744186,False,False
39.9369_32.7059,8.24160545451866,39.93693693693694,32.705882352941174,True,0.046511627906976744,False,True
39.9369_32.7176,7.359921496909259,39.93693693693694,32.71764705882353,True,0.040697674418604654,False,True
39.9369_32.7294,7.683776279580181,39.93693693693694,32.72941176470588,True,0.040697674418604654,False,True
39.9369_32.7412,3.6283719363902986,39.93693693693694,32.74117647058824,False,0.029069767441860465,False,False
39.9369_32.7529,7.935238614370778,39.93693693693694,32.752941176470586,True,0.040697674418604654,False,True
39.9369_32.7647,8.03564396079062,39.93693693693694,32.76470588235294,True,0.040697674418604654,False,True
39.9369_32.7765,0.5886026789454027,39.93693693693694,32.77647058823529,False,0.01744186046511628,False,False
39.9369_32.7882,3.880817542935155,39.93693693693694,32.78823529411765,True,0.26744186046511625,True,True
39.9369_32.8,0.4761165240719906,39.93693693693694,32.8,False,0.01744186046511628,False,False
39.9369_32.8118,3.6529701110326394,39.93693693693694,32.811764705882354,False,0.029069767441860465,False,False
39.9369_32.8235,5.701418320141671,39.93693693693694,32.8235294117647,True,0.040697674418604654,False,True
39.9369_32.8353,8.208229110470615,39.93693693693694,32.83529411764706,True,0.040697674418604654,False,True
39.9369_32.8471,4.5114435798796,39.93693693693694,32.84705882352941,True,0.040697674418604654,False,True
39.9369_32.8588,0.570038499623731,39.93693693693694,32.858823529411765,False,0.01744186046511628,False,False
39.9369_32.8706,2.3290520796064924,39.93693693693694,32.870588235294115,False,0.029069767441860465,False,False
39.9369_32.8824,2.8989712663408103,39.93693693693694,32.88235294117647,False,0.029069767441860465,False,False
39.9369_32.8941,0.2902743243398767,39.93693693693694,32.89411764705882,False,0.11627906976744186,False,False
39.9369_32.9059,2.697897346496364,39.93693693693694,32.90588235294118,False,0.040697674418604654,False,False
39.9369_32.9176,0.34540976046394006,39.93693693693694,32.917647058823526,False,0.029069767441860465,False,False
39.9369_32.9882,0.5167908617267255,39.93693693693694,32.98823529411764,False,0.20930232558139536,False,False
39.9369_33.0,0.5165219471403891,39.93693693693694,33.0,False,0.20930232558139536,False,False
39.9369_33.0235,0.3680042020494797,39.93693693693694,33.023529411764706,False,0.32558139534883723,True,True
39.9369_33.0471,0.5167224203272126,39.93693693693694,33.04705882352941,False,0.20930232558139536,False,False
39.9459_32.5294,0.7402892406605912,39.94594594594594,32.529411764705884,False,0.01744186046511628,False,False
39.9459_32.5412,0.6635250910465836,39.94594594594594,32.54117647058823,False,0.01744186046511628,False,False
39.9459_32.5529,0.7208062558044993,39.94594594594594,32.55294117647059,False,0.01744186046511628,False,False
39.9459_32.5647,0.5908306757485859,39.94594594594594,32.56470588235294,False,0.01744186046511628,False,False
39.9459_32.5765,2.278798848403498,39.94594594594594,32.576470588235296,False,0.046511627906976744,False,False
39.9459_32.5882,3.474260692663127,39.94594594594594,32.588235294117645,False,0.040697674418604654,False,False
39.9459_32.6,22.052037702075065,39.94594594594594,32.6,True,0.05813953488372093,False,True
39.9459_32.6118,2.321214282643133,39.94594594594594,32.61176470588235,False,0.040697674418604654,False,False
39.9459_32.6235,1.3052046016552872,39.94594594594594,32.62352941176471,False,0.040697674418604654,False,False
39.9459_32.6353,0.8541473413560522,39.94594594594594,32.63529411764706,False,0.040697674418604654,False,False
39.9459_32.6471,6.086957882910268,39.94594594594594,32.64705882352941,True,0.05232558139534884,False,True
39.9459_32.6588,6.274394992099311,39.94594594594594,32.65882352941176,True,0.040697674418604654,False,True
39.9459_32.6941,10.755267251583273,39.94594594594594,32.694117647058825,True,0.046511627906976744,False,True
39.9459_32.7059,0.7011983518378431,39.94594594594594,32.705882352941174,False,0.01744186046511628,False,False
39.9459_32.7176,7.729278954702319,39.94594594594594,32.71764705882353,True,0.040697674418604654,False,True
39.9459_32.7294,0.9439913529829314,39.94594594594594,32.72941176470588,False,0.01744186046511628,False,False
39.9459_32.7412,1.1106957485916367,39.94594594594594,32.74117647058824,False,0.023255813953488372,False,False
39.9459_32.7529,3.7689994259530764,39.94594594594594,32.752941176470586,False,0.029069767441860465,False,False
39.9459_32.7647,0.40482520499976155,39.94594594594594,32.76470588235294,False,0.26744186046511625,True,True
39.9459_32.7765,3.3061473798780794,39.94594594594594,32.77647058823529,False,0.029069767441860465,False,False
39.9459_32.7882,3.0910799213666635,39.94594594594594,32.78823529411765,False,0.029069767441860465,False,False
39.9459_32.8,3.1400142748071467,39.94594594594594,32.8,False,0.029069767441860465,False,False
39.9459_32.8235,4.630191764695272,39.94594594594594,32.8235294117647,True,0.040697674418604654,False,True
39.9459_32.8353,6.787860845622759,39.94594594594594,32.83529411764706,True,0.05232558139534884,False,True
39.9459_32.8471,1.3677742715255097,39.94594594594594,32.84705882352941,False,0.01744186046511628,False,False
39.9459_32.8588,2.1268283459647317,39.94594594594594,32.858823529411765,False,0.029069767441860465,False,False
39.9459_32.8706,0.6653391140528946,39.94594594594594,32.870588235294115,False,0.029069767441860465,False,False
39.9459_32.8824,2.836245549253931,39.94594594594594,32.88235294117647,False,0.029069767441860465,False,False
39.9459_32.8941,2.8341009837120756,39.94594594594594,32.89411764705882,False,0.029069767441860465,False,False
39.9459_32.9059,1.7824056564249093,39.94594594594594,32.90588235294118,False,0.046511627906976744,False,False
39.9459_32.9176,0.9788237016864144,39.94594594594594,32.917647058823526,False,0.040697674418604654,False,False
39.9459_33.0353,0.38936022527872677,39.94594594594594,33.035294117647055,False,0.29069767441860467,True,True
39.9459_33.0471,0.3583343848230544,39.94594594594594,33.04705882352941,False,0.3953488372093023,True,True
39.9459_33.0588,0.3583343848230544,39.94594594594594,33.05882352941176,False,0.3953488372093023,True,True
39.9459_33.0706,0.3583343848230544,39.94594594594594,33.07058823529412,False,0.3953488372093023,True,True
39.9459_33.0941,0.35822112481271867,39.94594594594594,33.09411764705882,False,0.3953488372093023,True,True
39.955_32.5529,1.5103565246243622,39.95495495495496,32.55294117647059,False,0.029069767441860465,False,False
39.955_32.5647,2.282798909070095,39.95495495495496,32.56470588235294,False,0.029069767441860465,False,False
39.955_32.5765,2.532356762945928,39.95495495495496,32.576470588235296,False,0.029069767441860465,False,False
39.955_32.5882,0.5624808332827891,39.95495495495496,32.588235294117645,False,0.01744186046511628,False,False
39.955_32.6,3.6103752470918478,39.95495495495496,32.6,False,0.040697674418604654,False,False
39.955_32.6118,1.493214611110651,39.95495495495496,32.61176470588235,False,0.01744186046511628,False,False
39.955_32.6235,1.2325011854571981,39.95495495495496,32.62352941176471,False,0.01744186046511628,False,False
39.955_32.6471,7.87882319048249,39.95495495495496,32.64705882352941,True,0.06395348837209303,False,True
39.955_32.6588,5.841089281535074,39.95495495495496,32.65882352941176,True,0.03488372093023256,False,True
39.955_32.6706,0.4857335499757188,39.95495495495496,32.67058823529412,False,0.01744186046511628,False,False
39.955_32.6824,10.648048081213021,39.95495495495496,32.68235294117647,True,0.046511627906976744,False,True
39.955_32.6941,0.6246552423922944,39.95495495495496,32.694117647058825,False,0.01744186046511628,False,False
39.955_32.7059,0.686231219737287,39.95495495495496,32.705882352941174,False,0.01744186046511628,False,False
39.955_32.7176,0.7966185008096278,39.95495495495496,32.71764705882353,False,0.01744186046511628,False,False
39.955_32.7294,0.9937360562435825,39.95495495495496,32.72941176470588,False,0.01744186046511628,False,False
39.955_32.7412,0.8072588508368993,39.95495495495496,32.74117647058824,False,0.023255813953488372,False,False
39.955_32.7529,0.27564878096791595,39.95495495495496,32.752941176470586,False,0.0,False,False
39.955_32.7647,1.2594569031279592,39.95495495495496,32.76470588235294,False,0.26744186046511625,True,True
39.955_32.7765,2.198943793887437,39.95495495495496,32.77647058823529,False,0.12790697674418605,False,False
39.955_32.7882,1.3250004064355099,39.95495495495496,32.78823529411765,False,0.20930232558139536,False,False
39.955_32.8,1.0381245979816074,39.95495495495496,32.8,False,0.01744186046511628,False,False
39.955_32.8118,0.8630287900127799,39.95495495495496,32.811764705882354,False,0.01744186046511628,False,False
39.955_32.8235,2.7110808791253174,39.95495495495496,32.8235294117647,False,0.03488372093023256,False,False
39.955_32.8353,2.0812422022016652,39.95495495495496,32.83529411764706,False,0.029069767441860465,False,False
39.955_32.8471,1.9184575302289013,39.95495495495496,32.84705882352941,False,0.029069767441860465,False,False
39.955_32.8588,3.21556318701796,39.95495495495496,32.858823529411765,False,0.029069767441860465,False,False
39.955_32.8706,2.182568465692651,39.95495495495496,32.870588235294115,False,0.029069767441860465,False,False
39.955_32.8824,0.43110569159239087,39.95495495495496,32.88235294117647,False,0.01744186046511628,False,False
39.955_32.8941,0.6364708895178355,39.95495495495496,32.89411764705882,False,0.01744186046511628,False,False
39.955_32.9059,1.5971361256780938,39.95495495495496,32.90588235294118,False,0.029069767441860465,False,False
39.955_32.9176,1.0158696365292885,39.95495495495496,32.917647058823526,False,0.029069767441860465,False,False
39.955_32.9294,1.3081451427551543,39.95495495495496,32.92941176470588,False,0.029069767441860465,False,False
39.955_32.9412,1.2374332112866868,39.95495495495496,32.94117647058823,False,0.029069767441860465,False,False
39.955_32.9529,0.356882686144794,39.95495495495496,32.95294117647059,False,0.01744186046511628,False,False
39.955_32.9647,0.4092155684862409,39.95495495495496,32.96470588235294,False,0.01744186046511628,False,False
39.955_32.9765,0.5795839097087868,39.95495495495496,32.976470588235294,False,0.01744186046511628,False,False
39.955_33.0824,0.35822112481271867,39.95495495495496,33.08235294117647,False,0.3953488372093023,True,True
39.955_33.1765,0.36631920372904364,39.95495495495496,33.1764705882353,False,0.38953488372093026,True,True
39.955_33.1882,0.40163167958560797,39.95495495495496,33.188235294117646,False,0.011627906976744186,False,False
39.964_32.5176,1.0758777106973352,39.96396396396396,32.51764705882353,False,0.029069767441860465,False,False
39.964_32.5294,0.3161749752339425,39.96396396396396,32.529411764705884,False,0.0,False,False
39.964_32.5412,0.3161749752339425,39.96396396396396,32.54117647058823,False,0.0,False,False
39.964_32.5647,1.443428076477254,39.96396396396396,32.56470588235294,False,0.040697674418604654,False,False
39.964_32.5765,6.531982530510098,39.96396396396396,32.576470588235296,True,0.05813953488372093,False,True
39.964_32.5882,2.3511388774091495,39.96396396396396,32.588235294117645,False,0.05232558139534884,False,False
39.964_32.6,2.216052444338244,39.96396396396396,32.6,False,0.040697674418604654,False,False
39.964_32.6118,1.989823600096257,39.96396396396396,32.61176470588235,False,0.03488372093023256,False,False
39.964_32.6235,3.123070743556855,39.96396396396396,32.62352941176471,False,0.040697674418604654,False,False
39.964_32.6353,4.266188641900767,39.96396396396396,32.63529411764706,True,0.046511627906976744,False,True
39.964_32.6471,9.745589123189642,39.96396396396396,32.64705882352941,True,0.06976744186046512,False,True
39.964_32.6588,6.30278143410719,39.96396396396396,32.65882352941176,True,0.06976744186046512,False,True
39.964_32.6706,1.9265240229701706,39.96396396396396,32.67058823529412,False,0.12209302325581395,False,False
39.964_32.6824,0.5812519902562472,39.96396396396396,32.68235294117647,False,0.023255813953488372,False,False
39.964_32.6941,0.7409883115679435,39.96396396396396,32.694117647058825,False,0.023255813953488372,False,False
39.964_32.7059,1.003513838106503,39.96396396396396,32.705882352941174,False,0.01744186046511628,False,False
39.964_32.7176,1.7208424238125761,39.96396396396396,32.71764705882353,False,0.01744186046511628,False,False
39.964_32.7294,0.8093200507111299,39.96396396396396,32.72941176470588,False,0.01744186046511628,False,False
39.964_32.7412,1.2104269629264985,39.96396396396396,32.74117647058824,False,0.01744186046511628,False,False
39.964_32.7529,1.2541252038301316,39.96396396396396,32.752941176470586,False,0.01744186046511628,False,False
39.964_32.7647,1.781914933932322,39.96396396396396,32.76470588235294,False,0.029069767441860465,False,False
39.964_32.7765,0.980159137942736,39.96396396396396,32.77647058823529,False,0.01744186046511628,False,False
39.964_32.7882,0.7870956209845237,39.96396396396396,32.78823529411765,False,0.023255813953488372,False,False
39.964_32.8,0.7515469724884191,39.96396396396396,32.8,False,0.01744186046511628,False,False
39.964_32.8118,0.7420955777969493,39.96396396396396,32.811764705882354,False,0.01744186046511628,False,False
39.964_32.8235,0.7210204209346496,39.96396396396396,32.8235294117647,False,0.01744186046511628,False,False
39.964_32.8353,1.2597877592978093,39.96396396396396,32.83529411764706,False,0.01744186046511628,False,False
39.964_32.8471,0.5400012564462591,39.96396396396396,32.84705882352941,False,0.01744186046511628,False,False
39.964_32.8588,0.5597508998211362,39.96396396396396,32.858823529411765,False,0.01744186046511628,False,False
39.964_32.8706,4.533498186475691,39.96396396396396,32.870588235294115,True,0.029069767441860465,False,True
39.964_32.8824,0.6103791373502282,39.96396396396396,32.88235294117647,False,0.03488372093023256,False,False
39.964_32.8941,0.7565539062897291,39.96396396396396,32.89411764705882,False,0.029069767441860465,False,False
39.964_32.9059,0.984011297814098,39.96396396396396,32.90588235294118,False,0.029069767441860465,False,False
39.964_32.9176,1.0716163280655442,39.96396396396396,32.917647058823526,False,0.029069767441860465,False,False
39.964_32.9294,0.9711771931175998,39.96396396396396,32.92941176470588,False,0.029069767441860465,False,False
39.964_32.9412,1.0846780164400203,39.96396396396396,32.94117647058823,False,0.029069767441860465,False,False
39.964_32.9529,0.4622936020315984,39.96396396396396,32.95294117647059,False,0.01744186046511628,False,False
39.964_32.9647,0.5198765140404927,39.96396396396396,32.96470588235294,False,0.01744186046511628,False,False
39.964_32.9765,0.6024489746591587,39.96396396396396,32.976470588235294,False,0.01744186046511628,False,False
39.964_32.9882,0.3865220444102665,39.96396396396396,32.98823529411764,False,0.22093023255813954,False,False
39.964_33.0,0.4060495306976435,39.96396396396396,33.0,False,0.20930232558139536,False,False
39.964_33.0941,0.3586459448421372,39.96396396396396,33.09411764705882,False,0.4069767441860465,True,True
39.964_33.1059,0.35926123702675217,39.96396396396396,33.10588235294117,False,0.3953488372093023,True,True
39.964_33.1412,0.35937669477885315,39.96396396396396,33.141176470588235,False,0.4069767441860465,True,True
39.964_33.1529,0.3582654352725514,39.96396396396396,33.15294117647059,False,0.3953488372093023,True,True
39.973_32.5529,0.3161749752339425,39.972972972972975,32.55294117647059,False,0.0,False,False
39.973_32.5647,1.1342362917728035,39.972972972972975,32.56470588235294,False,0.029069767441860465,False,False
39.973_32.5765,6.072720295104296,39.972972972972975,32.576470588235296,True,0.06395348837209303,False,True
39.973_32.5882,1.0921886617228067,39.972972972972975,32.588235294117645,False,0.029069767441860465,False,False
39.973_32.6,1.3059432045025219,39.972972972972975,32.6,False,0.029069767441860465,False,False
39.973_32.6118,1.1096773008923178,39.972972972972975,32.61176470588235,False,0.029069767441860465,False,False
39.973_32.6235,0.7387261680653952,39.972972972972975,32.62352941176471,False,0.01744186046511628,False,False
39.973_32.6353,0.8342457880320312,39.972972972972975,32.63529411764706,False,0.01744186046511628,False,False
39.973_32.6471,6.14205170343315,39.972972972972975,32.64705882352941,True,0.05232558139534884,False,True
39.973_32.6588,1.3393998249061936,39.972972972972975,32.65882352941176,False,0.03488372093023256,False,False
39.973_32.6706,3.813752407161392,39.972972972972975,32.67058823529412,True,0.046511627906976744,False,True
39.973_32.6824,0.660219753700131,39.972972972972975,32.68235294117647,False,0.023255813953488372,False,False
39.973_32.6941,0.7271671648915282,39.972972972972975,32.694117647058825,False,0.023255813953488372,False,False
39.973_32.7059,1.0783529299342758,39.972972972972975,32.705882352941174,False,0.01744186046511628,False,False
39.973_32.7176,1.9044047384863467,39.972972972972975,32.71764705882353,False,0.01744186046511628,False,False
39.973_32.7294,0.808392955466367,39.972972972972975,32.72941176470588,False,0.01744186046511628,False,False
39.973_32.7412,0.7372759560715396,39.972972972972975,32.74117647058824,False,0.01744186046511628,False,False
39.973_32.7529,1.3909729863502482,39.972972972972975,32.752941176470586,False,0.01744186046511628,False,False
39.973_32.7647,0.8731123340165661,39.972972972972975,32.76470588235294,False,0.023255813953488372,False,False
39.973_32.7765,0.4952505749012129,39.972972972972975,32.77647058823529,False,0.023255813953488372,False,False
39.973_32.7882,0.7390530712688007,39.972972972972975,32.78823529411765,False,0.01744186046511628,False,False
39.973_32.8,1.0805678395090346,39.972972972972975,32.8,False,0.01744186046511628,False,False
39.973_32.8118,0.6749917999084705,39.972972972972975,32.811764705882354,False,0.01744186046511628,False,False
39.973_32.8235,0.5221278789043244,39.972972972972975,32.8235294117647,False,0.01744186046511628,False,False
39.973_32.8353,0.6620774183327685,39.972972972972975,32.83529411764706,False,0.01744186046511628,False,False
39.973_32.8471,0.5958223435222277,39.972972972972975,32.84705882352941,False,0.01744186046511628,False,False
39.973_32.8588,0.7803838389262227,39.972972972972975,32.858823529411765,False,0.01744186046511628,False,False
39.973_32.8706,0.5814329132889092,39.972972972972975,32.870588235294115,False,0.023255813953488372,False,False
39.973_32.8824,2.8158481841434435,39.972972972972975,32.88235294117647,False,0.029069767441860465,False,False
39.973_32.8941,0.6929465557696458,39.972972972972975,32.89411764705882,False,0.029069767441860465,False,False
39.973_32.9059,0.3854232765381601,39.972972972972975,32.90588235294118,False,0.01744186046511628,False,False
39.973_32.9176,0.7403504120238019,39.972972972972975,32.917647058823526,False,0.01744186046511628,False,False
39.973_32.9294,0.5197356419881951,39.972972972972975,32.92941176470588,False,0.01744186046511628,False,False
39.973_32.9412,0.39242817182930256,39.972972972972975,32.94117647058823,False,0.01744186046511628,False,False
39.973_32.9529,0.45929052288381367,39.972972972972975,32.95294117647059,False,0.01744186046511628,False,False
39.973_32.9647,0.48139605722586665,39.972972972972975,32.96470588235294,False,0.01744186046511628,False,False
39.973_33.0235,0.40593770997839057,39.972972972972975,33.023529411764706,False,0.20930232558139536,False,False
39.973_33.1529,0.46686436760324546,39.972972972972975,33.15294117647059,False,0.5,True,True
39.973_33.1647,0.4669845057760273,39.972972972972975,33.16470588235294,False,0.5,True,True
39.973_33.1765,0.4671096711197102,39.972972972972975,33.1764705882353,False,0.5,True,True
39.982_32.5059,0.5412331185401086,39.98198198198198,32.50588235294118,False,0.2441860465116279,True,True
39.982_32.5412,1.7542545675398196,39.98198198198198,32.54117647058823,False,0.03488372093023256,False,False
39.982_32.5529,1.9621676338959326,39.98198198198198,32.55294117647059,False,0.03488372093023256,False,False
39.982_32.5647,2.9152197326185667,39.98198198198198,32.56470588235294,False,0.046511627906976744,False,False
39.982_32.5765,2.6677416851405,39.98198198198198,32.576470588235296,False,0.03488372093023256,False,False
39.982_32.5882,1.8252974515105527,39.98198198198198,32.588235294117645,False,0.03488372093023256,False,False
39.982_32.6,1.0573652466716315,39.98198198198198,32.6,False,0.01744186046511628,False,False
39.982_32.6118,1.1770420739503356,39.98198198198198,32.61176470588235,False,0.01744186046511628,False,False
39.982_32.6235,0.6153071412051067,39.98198198198198,32.62352941176471,False,0.01744186046511628,False,False
39.982_32.6353,3.140839165246671,39.98198198198198,32.63529411764706,False,0.046511627906976744,False,False
39.982_32.6471,3.632726752839337,39.98198198198198,32.64705882352941,False,0.05813953488372093,False,False
39.982_32.6588,3.8140025732969254,39.98198198198198,32.65882352941176,True,0.046511627906976744,False,True
39.982_32.6706,3.813586008561744,39.98198198198198,32.67058823529412,True,0.046511627906976744,False,True
39.982_32.6824,0.8191219029957,39.98198198198198,32.68235294117647,False,0.01744186046511628,False,False
39.982_32.6941,0.7855739092559283,39.98198198198198,32.694117647058825,False,0.01744186046511628,False,False
39.982_32.7059,1.278412237422424,39.98198198198198,32.705882352941174,False,0.01744186046511628,False,False
39.982_32.7176,1.0353850842988461,39.98198198198198,32.71764705882353,False,0.01744186046511628,False,False
39.982_32.7294,0.7335467913282305,39.98198198198198,32.72941176470588,False,0.01744186046511628,False,False
39.982_32.7412,0.5369776783644303,39.98198198198198,32.74117647058824,False,0.01744186046511628,False,False
39.982_32.7529,0.9237592125756142,39.98198198198198,32.752941176470586,False,0.01744186046511628,False,False
39.982_32.7647,0.6159603243384042,39.98198198198198,32.76470588235294,False,0.01744186046511628,False,False
39.982_32.7765,0.49221852312692027,39.98198198198198,32.77647058823529,False,0.01744186046511628,False,False
39.982_32.7882,1.0724189049454338,39.98198198198198,32.78823529411765,False,0.01744186046511628,False,False
39.982_32.8,0.45238870238922624,39.98198198198198,32.8,False,0.01744186046511628,False,False
39.982_32.8118,0.6061454541175706,39.98198198198198,32.811764705882354,False,0.01744186046511628,False,False
39.982_32.8235,0.44916686951439894,39.98198198198198,32.8235294117647,False,0.01744186046511628,False,False
39.982_32.8353,2.1767912909541822,39.98198198198198,32.83529411764706,False,0.046511627906976744,False,False
39.982_32.8471,0.5518795200512341,39.98198198198198,32.84705882352941,False,0.01744186046511628,False,False
39.982_32.8588,0.6919372345802771,39.98198198198198,32.858823529411765,False,0.01744186046511628,False,False
39.982_32.8706,0.6911387698224754,39.98198198198198,32.870588235294115,False,0.01744186046511628,False,False
39.982_32.8824,0.7587013472635216,39.98198198198198,32.88235294117647,False,0.01744186046511628,False,False
39.982_32.8941,0.8336148110095741,39.98198198198198,32.89411764705882,False,0.01744186046511628,False,False
39.982_32.9176,0.6840855518380625,39.98198198198198,32.917647058823526,False,0.01744186046511628,False,False
39.982_32.9294,0.5220396877592776,39.98198198198198,32.92941176470588,False,0.01744186046511628,False,False
39.982_32.9412,0.4265551509387567,39.98198198198198,32.94117647058823,False,0.01744186046511628,False,False
39.982_32.9647,0.40114957637078585,39.98198198198198,32.96470588235294,False,0.29069767441860467,True,True
39.982_33.0235,0.42207310795137654,39.98198198198198,33.023529411764706,False,0.22093023255813954,False,False
39.982_33.1647,0.46705120291275193,39.98198198198198,33.16470588235294,False,0.5,True,True
39.982_33.1765,0.46670771648181025,39.98198198198198,33.1764705882353,False,0.5,True,True
39.991_32.5059,0.5269629412099933,39.990990990990994,32.50588235294118,False,0.023255813953488372,False,False
39.991_32.5176,0.5321001392232233,39.990990990990994,32.51764705882353,False,0.023255813953488372,False,False
39.991_32.5294,1.6849759168002643,39.990990990990994,32.529411764705884,False,0.03488372093023256,False,False
39.991_32.5529,0.4692849080883214,39.990990990990994,32.55294117647059,False,0.023255813953488372,False,False
39.991_32.5647,1.4323281085251716,39.990990990990994,32.56470588235294,False,0.023255813953488372,False,False
39.991_32.5765,1.045419011736558,39.990990990990994,32.576470588235296,False,0.023255813953488372,False,False
39.991_32.5882,1.0556002226992967,39.990990990990994,32.588235294117645,False,0.023255813953488372,False,False
39.991_32.6,1.0490638697879089,39.990990990990994,32.6,False,0.01744186046511628,False,False
39.991_32.6118,0.6786602415578383,39.990990990990994,32.61176470588235,False,0.01744186046511628,False,False
39.991_32.6235,1.0337203584461119,39.990990990990994,32.62352941176471,False,0.01744186046511628,False,False
39.991_32.6353,3.464944964763008,39.990990990990994,32.63529411764706,False,0.06976744186046512,False,False
39.991_32.6471,2.630314309131574,39.990990990990994,32.64705882352941,False,0.05232558139534884,False,False
39.991_32.6588,3.813669169851051,39.990990990990994,32.65882352941176,True,0.046511627906976744,False,True
39.991_32.6824,0.7335605180633944,39.990990990990994,32.68235294117647,False,0.023255813953488372,False,False
39.991_32.6941,0.6498489975363314,39.990990990990994,32.694117647058825,False,0.01744186046511628,False,False
39.991_32.7059,0.7285546790190972,39.990990990990994,32.705882352941174,False,0.01744186046511628,False,False
39.991_32.7176,0.940848214547464,39.990990990990994,32.71764705882353,False,0.01744186046511628,False,False
39.991_32.7294,0.3829887706748942,39.990990990990994,32.72941176470588,False,0.023255813953488372,False,False
39.991_32.7412,0.538739067445924,39.990990990990994,32.74117647058824,False,0.023255813953488372,False,False
39.991_32.7529,0.4887565807658472,39.990990990990994,32.752941176470586,False,0.023255813953488372,False,False
39.991_32.7647,0.47023497950846094,39.990990990990994,32.76470588235294,False,0.029069767441860465,False,False
39.991_32.7765,0.4694814629673721,39.990990990990994,32.77647058823529,False,0.023255813953488372,False,False
39.991_32.7882,1.8444077228622862,39.990990990990994,32.78823529411765,False,0.01744186046511628,False,False
39.991_32.8,0.6965539959467998,39.990990990990994,32.8,False,0.01744186046511628,False,False
39.991_32.8118,0.534621684735018,39.990990990990994,32.811764705882354,False,0.01744186046511628,False,False
39.991_32.8235,0.44088890822394045,39.990990990990994,32.8235294117647,False,0.01744186046511628,False,False
39.991_32.8353,0.4469049009324545,39.990990990990994,32.83529411764706,False,0.01744186046511628,False,False
39.991_32.8471,0.6957457180460943,39.990990990990994,32.84705882352941,False,0.01744186046511628,False,False
39.991_32.8588,0.7073190796829735,39.990990990990994,32.858823529411765,False,0.01744186046511628,False,False
39.991_32.8706,0.8659288084270736,39.990990990990994,32.870588235294115,False,0.01744186046511628,False,False
39.991_32.8824,0.7366558040582946,39.990990990990994,32.88235294117647,False,0.01744186046511628,False,False
39.991_32.8941,0.711123838470122,39.990990990990994,32.89411764705882,False,0.01744186046511628,False,False
39.991_32.9059,0.4550358148653429,39.990990990990994,32.90588235294118,False,0.023255813953488372,False,False
39.991_32.9412,0.3858479396973965,39.990990990990994,32.94117647058823,False,0.2558139534883721,True,True
39.991_32.9882,0.3496468793976281,39.990990990990994,32.98823529411764,False,0.22093023255813954,False,False
39.991_33.0353,0.40593770997839057,39.990990990990994,33.035294117647055,False,0.20930232558139536,False,False
39.991_33.0588,0.4209334168130594,39.990990990990994,33.05882352941176,False,0.22093023255813954,False,False
39.991_33.1647,0.46707922863906753,39.990990990990994,33.16470588235294,False,0.5,True,True
39.991_33.1765,0.4668902090626211,39.990990990990994,33.1764705882353,False,0.5,True,True
40.009_32.3176,0.48528181036847495,40.009009009009006,32.31764705882353,False,0.03488372093023256,False,False
40.009_32.3294,0.48513492550789916,40.009009009009006,32.32941176470588,False,0.03488372093023256,False,False
40.009_32.4941,0.5728752184738203,40.009009009009006,32.49411764705882,False,0.01744186046511628,False,False
40.009_32.5059,0.5269629412099933,40.009009009009006,32.50588235294118,False,0.023255813953488372,False,False
40.009_32.5176,0.8462741668050756,40.009009009009006,32.51764705882353,False,0.03488372093023256,False,False
40.009_32.5294,1.0443399932233652,40.009009009009006,32.529411764705884,False,0.03488372093023256,False,False
40.009_32.5412,0.9720473954966137,40.009009009009006,32.54117647058823,False,0.12790697674418605,False,False
40.009_32.6118,0.8656165993227045,40.009009009009006,32.61176470588235,False,0.01744186046511628,False,False
40.009_32.6353,3.6189616089375534,40.009009009009006,32.63529411764706,False,0.10465116279069768,False,False
40.009_32.6471,2.0903963652578113,40.009009009009006,32.64705882352941,False,0.31976744186046513,True,True
40.009_32.6588,1.0566532478558714,40.009009009009006,32.65882352941176,False,0.01744186046511628,False,False
40.009_32.7059,0.8054487926943874,40.009009009009006,32.705882352941174,False,0.03488372093023256,False,False
40.009_32.7176,0.5762377888712753,40.009009009009006,32.71764705882353,False,0.023255813953488372,False,False
40.009_32.7294,1.9908618812138903,40.009009009009006,32.72941176470588,False,0.03488372093023256,False,False
40.009_32.7647,0.5383946236647076,40.009009009009006,32.76470588235294,False,0.05232558139534884,False,False
40.009_32.7765,0.8278374933994603,40.009009009009006,32.77647058823529,False,0.046511627906976744,False,False
40.009_32.8,0.6793349038517399,40.009009009009006,32.8,False,0.029069767441860465,False,False
40.009_32.8118,0.8134806195435074,40.009009009009006,32.811764705882354,False,0.01744186046511628,False,False
40.009_32.8235,0.5619612485902121,40.009009009009006,32.8235294117647,False,0.01744186046511628,False,False
40.009_32.8353,0.4395406873793198,40.009009009009006,32.83529411764706,False,0.01744186046511628,False,False
40.009_32.8471,0.5818014886308847,40.009009009009006,32.84705882352941,False,0.01744186046511628,False,False
40.009_32.8588,0.7462587781619068,40.009009009009006,32.858823529411765,False,0.01744186046511628,False,False
40.009_32.8706,0.7503228009416464,40.009009009009006,32.870588235294115,False,0.040697674418604654,False,False
40.009_32.8824,0.4690575781660916,40.009009009009006,32.88235294117647,False,0.01744186046511628,False,False
40.009_32.8941,0.3956462892964618,40.009009009009006,32.89411764705882,False,0.01744186046511628,False,False
40.009_32.9059,0.4538560038728175,40.009009009009006,32.90588235294118,False,0.023255813953488372,False,False
40.009_32.9647,0.3584642541396587,40.009009009009006,32.96470588235294,False,0.27906976744186046,True,True
40.009_32.9765,1.2582735838599206,40.009009009009006,32.976470588235294,False,0.029069767441860465,False,False
40.009_32.9882,0.5302679549605263,40.009009009009006,32.98823529411764,False,0.11627906976744186,False,False
40.009_33.0,0.3660711640632827,40.009009009009006,33.0,False,0.313953488372093,True,True
40.009_33.0471,0.38666987745198494,40.009009009009006,33.04705882352941,False,0.22093023255813954,False,False
40.018_32.2941,0.5921840543551667,40.01801801801802,32.294117647058826,False,0.08139534883720931,False,False
40.018_32.3059,0.4306584085815799,40.01801801801802,32.305882352941175,False,0.16279069767441862,False,False
40.018_32.3176,0.41358988984618755,40.01801801801802,32.31764705882353,False,0.3488372093023256,True,True
40.018_32.3294,0.9984576645622072,40.01801801801802,32.32941176470588,False,0.029069767441860465,False,False
40.018_32.4941,0.6691081811261728,40.01801801801802,32.49411764705882,False,0.08139534883720931,False,False
40.018_32.5059,0.7013021733808876,40.01801801801802,32.50588235294118,False,0.03488372093023256,False,False
40.018_32.5412,1.0075465358415747,40.01801801801802,32.54117647058823,False,0.18604651162790697,False,False
40.018_32.5529,0.9872253405853085,40.01801801801802,32.55294117647059,False,0.20930232558139536,False,False
40.018_32.6353,0.4072116034115315,40.01801801801802,32.63529411764706,False,0.27906976744186046,True,True
40.018_32.6471,3.6189616089375534,40.01801801801802,32.64705882352941,False,0.10465116279069768,False,False
40.018_32.6941,0.503653732257482,40.01801801801802,32.694117647058825,False,0.01744186046511628,False,False
40.018_32.7176,0.8054487926943874,40.01801801801802,32.71764705882353,False,0.03488372093023256,False,False
40.018_32.7529,0.5078046676701389,40.01801801801802,32.752941176470586,False,0.13372093023255813,False,False
40.018_32.7647,0.5237545683731598,40.01801801801802,32.76470588235294,False,0.040697674418604654,False,False
40.018_32.7765,0.5169294666997778,40.01801801801802,32.77647058823529,False,0.029069767441860465,False,False
40.018_32.7882,0.5166374767352176,40.01801801801802,32.78823529411765,False,0.029069767441860465,False,False
40.018_32.8235,0.4541154254483185,40.01801801801802,32.8235294117647,False,0.023255813953488372,False,False
40.018_32.8353,0.5270292318220784,40.01801801801802,32.83529411764706,False,0.029069767441860465,False,False
40.018_32.8471,0.6055034203227014,40.01801801801802,32.84705882352941,False,0.01744186046511628,False,False
40.018_32.8588,0.7902995498501237,40.01801801801802,32.858823529411765,False,0.01744186046511628,False,False
40.018_32.8706,0.4689849587455022,40.01801801801802,32.870588235294115,False,0.01744186046511628,False,False
40.018_32.8824,0.36800661262668566,40.01801801801802,32.88235294117647,False,0.08139534883720931,False,False
40.018_32.8941,0.9744779116243847,40.01801801801802,32.89411764705882,False,0.01744186046511628,False,False
40.018_32.9059,0.33964671219003423,40.01801801801802,32.90588235294118,False,0.01744186046511628,False,False
40.018_32.9176,0.36126253242607353,40.01801801801802,32.917647058823526,False,0.023255813953488372,False,False
40.018_32.9882,0.5302679549605263,40.01801801801802,32.98823529411764,False,0.11627906976744186,False,False
40.018_33.0,0.3711600509823674,40.01801801801802,33.0,False,0.23255813953488372,False,False
40.018_33.0471,0.38659547280040957,40.01801801801802,33.04705882352941,False,0.22093023255813954,False,False
40.027_32.2941,0.48513492550789916,40.02702702702703,32.294117647058826,False,0.03488372093023256,False,False
40.027_32.3059,0.4564232284312341,40.02702702702703,32.305882352941175,False,0.19767441860465115,False,False
40.027_32.6118,0.8952505368252682,40.02702702702703,32.61176470588235,False,0.3023255813953488,True,True
40.027_32.6353,0.6466425593680626,40.02702702702703,32.63529411764706,False,0.1744186046511628,False,False
40.027_32.6824,0.6219241676396855,40.02702702702703,32.68235294117647,False,0.01744186046511628,False,False
40.027_32.6941,0.503653732257482,40.02702702702703,32.694117647058825,False,0.01744186046511628,False,False
40.027_32.7412,1.0891818027200204,40.02702702702703,32.74117647058824,False,0.01744186046511628,False,False
40.027_32.7529,1.0890566170758635,40.02702702702703,32.752941176470586,False,0.01744186046511628,False,False
40.027_32.7647,0.4866335940100509,40.02702702702703,32.76470588235294,False,0.040697674418604654,False,False
40.027_32.7765,0.459461228580895,40.02702702702703,32.77647058823529,False,0.029069767441860465,False,False
40.027_32.7882,0.5181774051842364,40.02702702702703,32.78823529411765,False,0.029069767441860465,False,False
40.027_32.8,0.5167824735004102,40.02702702702703,32.8,False,0.029069767441860465,False,False
40.027_32.8353,0.6833302379460467,40.02702702702703,32.83529411764706,False,0.06976744186046512,False,False
40.027_32.8471,0.5960379113556541,40.02702702702703,32.84705882352941,False,0.01744186046511628,False,False
40.027_32.8588,0.7125541028998249,40.02702702702703,32.858823529411765,False,0.01744186046511628,False,False
40.027_32.8706,0.38771185976431216,40.02702702702703,32.870588235294115,False,0.13953488372093023,False,False
40.027_32.8824,0.3741608686905584,40.02702702702703,32.88235294117647,False,0.18604651162790697,False,False
40.027_32.8941,0.7243073582322124,40.02702702702703,32.89411764705882,False,0.01744186046511628,False,False
40.027_32.9059,0.43678379911636017,40.02702702702703,32.90588235294118,False,0.09302325581395349,False,False
40.027_32.9176,0.43173949784814675,40.02702702702703,32.917647058823526,False,0.20930232558139536,False,False
40.027_32.9412,0.5304242289796749,40.02702702702703,32.94117647058823,False,0.11627906976744186,False,False
40.027_32.9647,0.3640839952906862,40.02702702702703,32.96470588235294,False,0.29069767441860467,True,True
40.027_32.9765,0.530298521051109,40.02702702702703,32.976470588235294,False,0.11627906976744186,False,False
40.027_33.0471,0.38659547280040957,40.02702702702703,33.04705882352941,False,0.22093023255813954,False,False
40.027_33.0588,0.38659547280040957,40.02702702702703,33.05882352941176,False,0.22093023255813954,False,False
40.036_32.5059,0.41308140739308374,40.03603603603604,32.50588235294118,False,0.36046511627906974,True,True
40.036_32.5882,0.3842191776307797,40.03603603603604,32.588235294117645,False,0.22093023255813954,False,False
40.036_32.6118,0.8915883536945711,40.03603603603604,32.61176470588235,False,0.37209302325581395,True,True
40.036_32.6235,0.8915381487144706,40.03603603603604,32.62352941176471,False,0.3488372093023256,True,True
40.036_32.6941,0.8055918046286045,40.03603603603604,32.694117647058825,False,0.03488372093023256,False,False
40.036_32.7176,0.5616017235898949,40.03603603603604,32.71764705882353,False,0.23255813953488372,False,False
40.036_32.7412,1.0887809207722696,40.03603603603604,32.74117647058824,False,0.01744186046511628,False,False
40.036_32.7647,0.477356148501625,40.03603603603604,32.76470588235294,False,0.03488372093023256,False,False
40.036_32.7765,0.47768734386329675,40.03603603603604,32.77647058823529,False,0.029069767441860465,False,False
40.036_32.7882,0.5172294420246913,40.03603603603604,32.78823529411765,False,0.029069767441860465,False,False
40.036_32.8,0.5169294666997778,40.03603603603604,32.8,False,0.029069767441860465,False,False
40.036_32.8353,0.564369329038631,40.03603603603604,32.83529411764706,False,0.01744186046511628,False,False
40.036_32.8471,0.7295213735977973,40.03603603603604,32.84705882352941,False,0.01744186046511628,False,False
40.036_32.8588,0.6863585133635216,40.03603603603604,32.858823529411765,False,0.029069767441860465,False,False
40.036_32.8706,0.40184200950673615,40.03603603603604,32.870588235294115,False,0.11627906976744186,False,False
40.036_32.8824,0.35252569651973165,40.03603603603604,32.88235294117647,False,0.06976744186046512,False,False
40.036_32.8941,0.4228332683249799,40.03603603603604,32.89411764705882,False,0.023255813953488372,False,False
40.036_32.9059,0.35629821367597436,40.03603603603604,32.90588235294118,False,0.023255813953488372,False,False
40.036_32.9176,0.402993454028612,40.03603603603604,32.917647058823526,False,0.313953488372093,True,True
40.036_32.9412,0.530298521051109,40.03603603603604,32.94117647058823,False,0.11627906976744186,False,False
40.036_32.9647,0.5302679549605263,40.03603603603604,32.96470588235294,False,0.11627906976744186,False,False
40.036_32.9765,0.5302679549605263,40.03603603603604,32.976470588235294,False,0.11627906976744186,False,False
40.036_33.0588,0.3868216035969598,40.03603603603604,33.05882352941176,False,0.22093023255813954,False,False
40.045_32.5882,0.8961706438518664,40.04504504504504,32.588235294117645,False,0.43023255813953487,True,True
40.045_32.6235,0.4295357497845339,40.04504504504504,32.62352941176471,False,0.2558139534883721,True,True
40.045_32.6941,0.4608713346486191,40.04504504504504,32.694117647058825,False,0.01744186046511628,False,False
40.045_32.7647,0.45150464137958696,40.04504504504504,32.76470588235294,False,0.03488372093023256,False,False
40.045_32.8235,0.5341295818339525,40.04504504504504,32.8235294117647,False,0.05813953488372093,False,False
40.045_32.8353,0.5396181706154889,40.04504504504504,32.83529411764706,False,0.01744186046511628,False,False
40.045_32.8471,0.47494532789682015,40.04504504504504,32.84705882352941,False,0.16279069767441862,False,False
40.045_32.8588,0.7004748337890776,40.04504504504504,32.858823529411765,False,0.01744186046511628,False,False
40.045_32.8706,0.36225072997628366,40.04504504504504,32.870588235294115,False,0.13953488372093023,False,False
40.045_32.8824,0.30833851736852225,40.04504504504504,32.88235294117647,False,0.2558139534883721,True,True
40.045_32.8941,0.32932231581240035,40.04504504504504,32.89411764705882,False,0.12790697674418605,False,False
40.045_32.9059,0.30011137363404744,40.04504504504504,32.90588235294118,False,0.11627906976744186,False,False
40.045_32.9412,0.530298521051109,40.04504504504504,32.94117647058823,False,0.11627906976744186,False,False
40.045_33.0824,0.5313543957201367,40.04504504504504,33.08235294117647,False,0.29069767441860467,True,True
40.0541_32.3647,0.41308140739308374,40.054054054054056,32.36470588235294,False,0.36046511627906974,True,True
40.0541_32.6118,0.3781221372125785,40.054054054054056,32.61176470588235,False,0.29069767441860467,True,True
40.0541_32.7529,0.45186950016326344,40.054054054054056,32.752941176470586,False,0.03488372093023256,False,False
40.0541_32.7647,0.45150464137958696,40.054054054054056,32.76470588235294,False,0.03488372093023256,False,False
40.0541_32.8118,0.5340902515059746,40.054054054054056,32.811764705882354,False,0.05813953488372093,False,False
40.0541_32.8353,0.5621505235508473,40.054054054054056,32.83529411764706,False,0.01744186046511628,False,False
40.0541_32.8588,0.7004145453905942,40.054054054054056,32.858823529411765,False,0.01744186046511628,False,False
40.0541_32.8706,0.7008467818926506,40.054054054054056,32.870588235294115,False,0.01744186046511628,False,False
40.0541_32.8941,0.40807713066839996,40.054054054054056,32.89411764705882,False,0.0755813953488372,False,False
40.0541_32.9059,0.31525250247752573,40.054054054054056,32.90588235294118,False,0.08139534883720931,False,False
40.0541_32.9176,0.34895498797495,40.054054054054056,32.917647058823526,False,0.05813953488372093,False,False
40.0541_32.9529,0.530298521051109,40.054054054054056,32.95294117647059,False,0.11627906976744186,False,False
40.0541_32.9647,0.5302679549605263,40.054054054054056,32.96470588235294,False,0.11627906976744186,False,False
40.0541_32.9765,0.5311950636358181,40.054054054054056,32.976470588235294,False,0.11627906976744186,False,False
40.0541_33.0706,0.5313543957201367,40.054054054054056,33.07058823529412,False,0.29069767441860467,True,True
40.0631_32.4706,0.41308140739308374,40.06306306306306,32.47058823529412,False,0.36046511627906974,True,True
40.0631_32.4824,0.41308140739308374,40.06306306306306,32.48235294117647,False,0.36046511627906974,True,True
40.0631_32.7412,0.4511548709171742,40.06306306306306,32.74117647058824,False,0.046511627906976744,False,False
40.0631_32.7529,0.45150464137958696,40.06306306306306,32.752941176470586,False,0.03488372093023256,False,False
40.0631_32.8235,0.3822698290076584,40.06306306306306,32.8235294117647,False,0.06976744186046512,False,False
40.0631_32.8353,0.3824696846102301,40.06306306306306,32.83529411764706,False,0.08139534883720931,False,False
40.0631_32.8471,1.0526397866325763,40.06306306306306,32.84705882352941,False,0.12790697674418605,False,False
40.0631_32.8941,0.635196765883717,40.06306306306306,32.89411764705882,False,0.18023255813953487,False,False
40.0631_32.9059,0.32672404536726085,40.06306306306306,32.90588235294118,False,0.16279069767441862,False,False
40.0631_32.9176,0.31370166153314316,40.06306306306306,32.917647058823526,False,0.13953488372093023,False,False
40.0631_32.9294,0.4950988665715695,40.06306306306306,32.92941176470588,False,0.03488372093023256,False,False
40.0631_32.9412,0.5302679549605263,40.06306306306306,32.94117647058823,False,0.11627906976744186,False,False
40.0631_32.9529,0.530298521051109,40.06306306306306,32.95294117647059,False,0.11627906976744186,False,False
40.0631_32.9647,0.33865140617231915,40.06306306306306,32.96470588235294,False,0.046511627906976744,False,False
40.0631_32.9765,0.5302679549605263,40.06306306306306,32.976470588235294,False,0.11627906976744186,False,False
40.0631_32.9882,0.3521254378106847,40.06306306306306,32.98823529411764,False,0.046511627906976744,False,False
40.0631_33.0,0.5315107316713236,40.06306306306306,33.0,False,0.29069767441860467,True,True
40.0631_33.0235,0.5316402256301525,40.06306306306306,33.023529411764706,False,0.313953488372093,True,True
40.0721_32.6118,0.6120495864789873,40.07207207207208,32.61176470588235,False,0.3953488372093023,True,True
40.0721_32.6471,0.4557434601851558,40.07207207207208,32.64705882352941,False,0.29069767441860467,True,True
40.0721_32.7529,0.451386371797835,40.07207207207208,32.752941176470586,False,0.046511627906976744,False,False
40.0721_32.8118,0.23920463706497638,40.07207207207208,32.811764705882354,False,0.011627906976744186,False,False
40.0721_32.8235,0.23889587337294324,40.07207207207208,32.8235294117647,False,0.011627906976744186,False,False
40.0721_32.8588,0.23912489510748214,40.07207207207208,32.858823529411765,False,0.011627906976744186,False,False
40.0721_32.8941,0.6278634946711862,40.07207207207208,32.89411764705882,False,0.12209302325581395,False,False
40.0721_32.9059,0.7046826572476593,40.07207207207208,32.90588235294118,False,0.046511627906976744,False,False
40.0721_32.9176,0.3261726005466491,40.07207207207208,32.917647058823526,False,0.09302325581395349,False,False
40.0721_32.9294,0.3424055722663277,40.07207207207208,32.92941176470588,False,0.16279069767441862,False,False
40.0721_32.9412,0.37643930216311305,40.07207207207208,32.94117647058823,False,0.046511627906976744,False,False
40.0721_32.9529,0.3650625474801823,40.07207207207208,32.95294117647059,False,0.046511627906976744,False,False
40.0721_32.9647,0.6078770016944427,40.07207207207208,32.96470588235294,False,0.08139534883720931,False,False
40.0811_32.7882,0.23897040573832973,40.08108108108108,32.78823529411765,False,0.011627906976744186,False,False
40.0811_32.8,0.2390467833874155,40.08108108108108,32.8,False,0.011627906976744186,False,False
40.0811_32.9176,0.3362609890465263,40.08108108108108,32.917647058823526,False,0.09302325581395349,False,False
40.0811_32.9294,0.3343731039018343,40.08108108108108,32.92941176470588,False,0.08139534883720931,False,False
40.0811_32.9647,0.35887160129233375,40.08108108108108,32.96470588235294,False,0.11627906976744186,False,False
40.0811_32.9765,0.7743777711990405,40.08108108108108,32.976470588235294,False,0.13953488372093023,False,False
40.0811_33.0235,0.35456918257579056,40.08108108108108,33.023529411764706,False,0.03488372093023256,False,False
40.0901_32.9176,0.35181927167177734,40.09009009009009,32.917647058823526,False,0.11627906976744186,False,False
40.0901_32.9647,0.3753438698926831,40.09009009009009,32.96470588235294,False,0.12790697674418605,False,False
40.0901_32.9882,0.5036850288908955,40.09009009009009,32.98823529411764,False,0.3023255813953488,True,True
40.0901_33.0235,0.38743796513921763,40.09009009009009,33.023529411764706,False,0.029069767441860465,False,False
40.0901_33.0353,0.38743796513921763,40.09009009009009,33.035294117647055,False,0.029069767441860465,False,False
40.0991_32.5882,0.4807549072536205,40.0990990990991,32.588235294117645,False,0.11627906976744186,False,False
40.0991_32.6,1.2725668933016505,40.0990990990991,32.6,False,0.05232558139534884,False,False
40.0991_32.6235,0.4683206226673367,40.0990990990991,32.62352941176471,False,0.27906976744186046,True,True
40.0991_32.8706,0.22777501197777045,40.0990990990991,32.870588235294115,False,0.0,False,False
40.0991_32.8824,0.22799035560593925,40.0990990990991,32.88235294117647,False,0.0,False,False
40.0991_32.9059,0.22780904676508595,40.0990990990991,32.90588235294118,False,0.0,False,False
40.0991_32.9176,0.3792207077416209,40.0990990990991,32.917647058823526,False,0.18604651162790697,False,False
40.0991_32.9647,0.43959737036571106,40.0990990990991,32.96470588235294,False,0.1511627906976744,False,False
40.0991_32.9765,0.43959737036571106,40.0990990990991,32.976470588235294,False,0.1511627906976744,False,False
40.0991_32.9882,0.5838879426919391,40.0990990990991,32.98823529411764,False,0.16279069767441862,False,False
40.0991_33.0,0.774202308796049,40.0990990990991,33.0,False,0.13953488372093023,False,False
40.0_32.5059,0.5283418677982759,40.0,32.50588235294118,False,0.023255813953488372,False,False
40.0_32.5176,0.9233299350107737,40.0,32.51764705882353,False,0.03488372093023256,False,False
40.0_32.5294,1.0398828351312113,40.0,32.529411764705884,False,0.08139534883720931,False,False
40.0_32.6,1.015817738068514,40.0,32.6,False,0.01744186046511628,False,False
40.0_32.6118,0.8412380997415001,40.0,32.61176470588235,False,0.06395348837209303,False,False
40.0_32.6235,0.8763102509426474,40.0,32.62352941176471,False,0.01744186046511628,False,False
40.0_32.6353,3.034842204813734,40.0,32.63529411764706,False,0.05813953488372093,False,False
40.0_32.6471,2.299884244336747,40.0,32.64705882352941,False,0.11046511627906977,False,False
40.0_32.6941,0.45139864420075004,40.0,32.694117647058825,False,0.01744186046511628,False,False
40.0_32.7059,0.44087395065661333,40.0,32.705882352941174,False,0.01744186046511628,False,False
40.0_32.7176,0.5601814373802712,40.0,32.71764705882353,False,0.01744186046511628,False,False
40.0_32.7294,0.8056642844395651,40.0,32.72941176470588,False,0.03488372093023256,False,False
40.0_32.7412,0.8055918046286045,40.0,32.74117647058824,False,0.03488372093023256,False,False
40.0_32.7529,0.5435342543615964,40.0,32.752941176470586,False,0.023255813953488372,False,False
40.0_32.7647,0.5079551589687591,40.0,32.76470588235294,False,0.029069767441860465,False,False
40.0_32.7765,0.44107331834928776,40.0,32.77647058823529,False,0.023255813953488372,False,False
40.0_32.7882,0.5329033165695374,40.0,32.78823529411765,False,0.01744186046511628,False,False
40.0_32.8,0.5459833946600638,40.0,32.8,False,0.01744186046511628,False,False
40.0_32.8118,0.5824711366775147,40.0,32.811764705882354,False,0.01744186046511628,False,False
40.0_32.8235,0.4554533428961006,40.0,32.8235294117647,False,0.01744186046511628,False,False
40.0_32.8353,0.47559084337128155,40.0,32.83529411764706,False,0.01744186046511628,False,False
40.0_32.8471,0.6773048989257539,40.0,32.84705882352941,False,0.01744186046511628,False,False
40.0_32.8588,0.772358852829418,40.0,32.858823529411765,False,0.01744186046511628,False,False
40.0_32.8706,0.8462860657090676,40.0,32.870588235294115,False,0.01744186046511628,False,False
40.0_32.8824,0.9544685586809968,40.0,32.88235294117647,False,0.01744186046511628,False,False
40.0_32.8941,0.5591352116703279,40.0,32.89411764705882,False,0.01744186046511628,False,False
40.0_32.9059,0.46799257001874756,40.0,32.90588235294118,False,0.03488372093023256,False,False
40.0_32.9176,0.49569826694229496,40.0,32.917647058823526,False,0.20930232558139536,False,False
40.0_32.9765,0.40114957637078585,40.0,32.976470588235294,False,0.29069767441860467,True,True
40.0_32.9882,0.38592216351077296,40.0,32.98823529411764,False,0.2441860465116279,True,True
40.0_33.0353,0.37620655504702255,40.0,33.035294117647055,False,0.2441860465116279,True,True
40.0_33.0471,0.40593770997839057,40.0,33.04705882352941,False,0.20930232558139536,False,False
40.0_33.0588,0.3998280474688395,40.0,33.05882352941176,False,0.19767441860465115,False,False
40.1081_32.6,0.4807549072536205,40.108108108108105,32.6,False,0.11627906976744186,False,False
40.1081_32.6235,0.4683206226673367,40.108108108108105,32.62352941176471,False,0.27906976744186046,True,True
40.1081_32.8471,0.22780904676508595,40.108108108108105,32.84705882352941,False,0.0,False,False
40.1081_32.8588,0.22780904676508595,40.108108108108105,32.858823529411765,False,0.0,False,False
40.1081_32.8941,0.22777501197777045,40.108108108108105,32.89411764705882,False,0.0,False,False
40.1081_32.9176,0.3792207077416209,40.108108108108105,32.917647058823526,False,0.18604651162790697,False,False
40.1081_32.9294,0.3789480424591871,40.108108108108105,32.92941176470588,False,0.1744186046511628,False,False
40.1081_32.9765,0.40313459264377577,40.108108108108105,32.976470588235294,False,0.12790697674418605,False,False
40.1081_33.0118,0.774202308796049,40.108108108108105,33.01176470588235,False,0.13953488372093023,False,False
40.1081_33.0235,0.774202308796049,40.108108108108105,33.023529411764706,False,0.13953488372093023,False,False
40.1081_33.0353,0.7741634516221688,40.108108108108105,33.035294117647055,False,0.13953488372093023,False,False
40.1081_33.0471,0.35838552077248365,40.108108108108105,33.04705882352941,False,0.029069767441860465,False,False
40.1081_33.0588,0.3548406479963264,40.108108108108105,33.05882352941176,False,0.029069767441860465,False,False
40.1171_32.6,0.4807549072536205,40.11711711711712,32.6,False,0.11627906976744186,False,False
40.1171_32.6118,0.42895829346139575,40.11711711711712,32.61176470588235,False,0.06976744186046512,False,False
40.1171_32.7882,0.23897040573832973,40.11711711711712,32.78823529411765,False,0.011627906976744186,False,False
40.1171_32.8471,0.22780904676508595,40.11711711711712,32.84705882352941,False,0.0,False,False
40.1171_32.8588,0.22777501197777045,40.11711711711712,32.858823529411765,False,0.0,False,False
40.1171_32.8941,0.22777501197777045,40.11711711711712,32.89411764705882,False,0.0,False,False
40.1171_32.9294,0.4432589623434299,40.11711711711712,32.92941176470588,False,0.16279069767441862,False,False
40.1171_32.9412,0.3682146243036332,40.11711711711712,32.94117647058823,False,0.16279069767441862,False,False
40.1171_32.9529,0.419993028574331,40.11711711711712,32.95294117647059,False,0.09883720930232558,False,False
40.1171_32.9647,0.495402782609819,40.11711711711712,32.96470588235294,False,0.06976744186046512,False,False
40.1171_33.0353,0.774202308796049,40.11711711711712,33.035294117647055,False,0.13953488372093023,False,False
40.1171_33.0471,0.7742413957712415,40.11711711711712,33.04705882352941,False,0.13953488372093023,False,False
40.1171_33.0588,0.35832445776251937,40.11711711711712,33.05882352941176,False,0.01744186046511628,False,False
40.1171_33.0706,0.7743777711990405,40.11711711711712,33.07058823529412,False,0.13953488372093023,False,False
40.1171_33.0824,0.4542225617055529,40.11711711711712,33.08235294117647,False,0.01744186046511628,False,False
40.1171_33.1059,0.7743390353966586,40.11711711711712,33.10588235294117,False,0.13953488372093023,False,False
40.1171_33.1176,0.7745350115179019,40.11711711711712,33.11764705882353,False,0.13953488372093023,False,False
40.1261_32.5529,0.4807549072536205,40.12612612612613,32.55294117647059,False,0.11627906976744186,False,False
40.1261_32.6353,0.48194268600204676,40.12612612612613,32.63529411764706,False,0.29069767441860467,True,True
40.1261_32.8353,0.2278438299449557,40.12612612612613,32.83529411764706,False,0.0,False,False
40.1261_32.8471,0.22799035560593925,40.12612612612613,32.84705882352941,False,0.0,False,False
40.1261_32.9176,0.25143066945849296,40.12612612612613,32.917647058823526,False,0.0,False,False
40.1261_32.9294,0.3168841808237967,40.12612612612613,32.92941176470588,False,0.011627906976744186,False,False
40.1261_32.9412,0.458123358910589,40.12612612612613,32.94117647058823,False,0.01744186046511628,False,False
40.1261_32.9765,0.2900942068761322,40.12612612612613,32.976470588235294,False,0.011627906976744186,False,False
40.1261_32.9882,0.4126341560333941,40.12612612612613,32.98823529411764,False,0.1511627906976744,False,False
40.1261_33.0235,0.774202308796049,40.12612612612613,33.023529411764706,False,0.13953488372093023,False,False
40.1261_33.0706,0.3303931622971811,40.12612612612613,33.07058823529412,False,0.029069767441860465,False,False
40.1261_33.0824,0.36124687107188364,40.12612612612613,33.08235294117647,False,0.01744186046511628,False,False
40.1261_33.0941,0.7744559324678901,40.12612612612613,33.09411764705882,False,0.13953488372093023,False,False
40.1261_33.1059,0.33707054060819464,40.12612612612613,33.10588235294117,False,0.046511627906976744,False,False
40.1351_32.7882,0.23912489510748214,40.13513513513514,32.78823529411765,False,0.011627906976744186,False,False
40.1351_32.8353,0.18829988852275933,40.13513513513514,32.83529411764706,False,0.0,False,False
40.1351_32.8471,0.2030225877170508,40.13513513513514,32.84705882352941,False,0.0,False,False
40.1351_32.8588,0.2514854500599797,40.13513513513514,32.858823529411765,False,0.0,False,False
40.1351_32.8941,0.21849839757612385,40.13513513513514,32.89411764705882,False,0.0,False,False
40.1351_32.9176,0.4465621776459993,40.13513513513514,32.917647058823526,False,0.046511627906976744,False,False
40.1351_32.9765,0.320342251400852,40.13513513513514,32.976470588235294,False,0.011627906976744186,False,False
40.1351_32.9882,0.38788857819269956,40.13513513513514,32.98823529411764,False,0.16279069767441862,False,False
40.1351_33.0706,0.3383318944747342,40.13513513513514,33.07058823529412,False,0.01744186046511628,False,False
40.1351_33.0824,0.35737376133333054,40.13513513513514,33.08235294117647,False,0.01744186046511628,False,False
40.1351_33.0941,0.6458878582214507,40.13513513513514,33.09411764705882,False,0.1744186046511628,False,False
40.1351_33.1176,0.6458878582214507,40.13513513513514,33.11764705882353,False,0.1744186046511628,False,False
40.1351_33.1647,0.6459179146222589,40.13513513513514,33.16470588235294,False,0.1744186046511628,False,False
40.1351_33.1882,0.6459179146222589,40.13513513513514,33.188235294117646,False,0.1744186046511628,False,False
40.1441_32.7882,0.23897040573832973,40.14414414414414,32.78823529411765,False,0.011627906976744186,False,False
40.1441_32.8,0.2392859125968228,40.14414414414414,32.8,False,0.011627906976744186,False,False
40.1441_32.8471,0.20887304232530246,40.14414414414414,32.84705882352941,False,0.0,False,False
40.1441_32.9059,0.37860475502473956,40.14414414414414,32.90588235294118,False,0.0,False,False
40.1441_33.0,0.40432156885682347,40.14414414414414,33.0,False,0.1511627906976744,False,False
40.1441_33.0941,0.3500062080685929,40.14414414414414,33.09411764705882,False,0.01744186046511628,False,False
40.1532_32.8353,0.251321840170507,40.15315315315316,32.83529411764706,False,0.0,False,False
40.1532_32.9059,0.378559579901141,40.15315315315316,32.90588235294118,False,0.0,False,False
40.1532_32.9412,0.32038325416164937,40.15315315315316,32.94117647058823,False,0.011627906976744186,False,False
40.1532_32.9647,0.320342251400852,40.15315315315316,32.96470588235294,False,0.011627906976744186,False,False
40.1532_33.0,0.38788857819269956,40.15315315315316,33.0,False,0.16279069767441862,False,False
40.1532_33.0118,0.38797097589558693,40.15315315315316,33.01176470588235,False,0.16279069767441862,False,False
40.1532_33.0941,0.5113055538545301,40.15315315315316,33.09411764705882,False,0.13372093023255813,False,False
40.1622_32.8941,0.37860475502473956,40.16216216216216,32.89411764705882,False,0.0,False,False
40.1622_32.9059,0.37883988357840115,40.16216216216216,32.90588235294118,False,0.0,False,False
40.1622_32.9412,0.3204249750377767,40.16216216216216,32.94117647058823,False,0.011627906976744186,False,False
40.1622_32.9529,0.32030197222083506,40.16216216216216,32.95294117647059,False,0.011627906976744186,False,False
40.1622_33.0118,0.38788857819269956,40.16216216216216,33.01176470588235,False,0.16279069767441862,False,False
40.1712_32.6824,0.4557434601851558,40.17117117117117,32.68235294117647,False,0.29069767441860467,True,True
40.1712_32.8118,0.21058114104348136,40.17117117117117,32.811764705882354,False,0.0,False,False
40.1712_33.0118,0.38813800291693973,40.17117117117117,33.01176470588235,False,0.16279069767441862,False,False
40.1712_33.0588,0.43404634383734203,40.17117117117117,33.05882352941176,False,0.13953488372093023,False,False
40.1712_33.0941,0.19048013618102322,40.17117117117117,33.09411764705882,False,0.0,False,False
40.1802_32.9294,0.320342251400852,40.18018018018018,32.92941176470588,False,0.011627906976744186,False,False
40.1802_32.9647,0.320342251400852,40.18018018018018,32.96470588235294,False,0.011627906976744186,False,False
40.1802_33.0118,0.38788857819269956,40.18018018018018,33.01176470588235,False,0.16279069767441862,False,False
40.1802_33.0824,0.19048013618102322,40.18018018018018,33.08235294117647,False,0.0,False,False
40.1802_33.0941,0.19048013618102322,40.18018018018018,33.09411764705882,False,0.0,False,False
40.1892_32.6824,0.2728663218981319,40.18918918918919,32.68235294117647,False,0.03488372093023256,False,False
40.1892_32.6941,0.4938025442553205,40.18918918918919,32.694117647058825,False,0.1744186046511628,False,False
40.1892_32.9294,0.3204249750377767,40.18918918918919,32.92941176470588,False,0.011627906976744186,False,False
40.1892_33.0235,0.38813800291693973,40.18918918918919,33.023529411764706,False,0.16279069767441862,False,False
40.1982_32.6706,0.3759751587890793,40.1981981981982,32.67058823529412,False,0.3488372093023256,True,True
40.1982_32.6824,0.3335678783558717,40.1981981981982,32.68235294117647,False,0.26744186046511625,True,True
40.1982_32.9176,0.32030197222083506,40.1981981981982,32.917647058823526,False,0.011627906976744186,False,False
40.1982_33.0235,0.39593070597697044,40.1981981981982,33.023529411764706,False,0.16279069767441862,False,False
40.2072_32.6706,0.5883483578873344,40.207207207207205,32.67058823529412,False,0.313953488372093,True,True
40.2072_32.8824,0.3786969738008917,40.207207207207205,32.88235294117647,False,0.0,False,False
40.2072_33.0235,0.38797097589558693,40.207207207207205,33.023529411764706,False,0.16279069767441862,False,False
40.2072_33.0471,0.38788857819269956,40.207207207207205,33.04705882352941,False,0.16279069767441862,False,False
40.2162_33.0235,0.38797097589558693,40.21621621621622,33.023529411764706,False,0.16279069767441862,False,False
40.2162_33.0471,1.0525774662105392,40.21621621621622,33.04705882352941,False,0.12790697674418605,False,False
40.2252_32.9059,0.378559579901141,40.22522522522522,32.90588235294118,False,0.0,False,False
40.2252_33.0235,0.4126780179800136,40.22522522522522,33.023529411764706,False,0.1511627906976744,False,False
40.2252_33.0353,0.583243464313431,40.22522522522522,33.035294117647055,False,0.12790697674418605,False,False
40.2342_33.0118,0.474889814878712,40.23423423423424,33.01176470588235,False,0.023255813953488372,False,False
40.2342_33.0235,0.372013909715272,40.23423423423424,33.023529411764706,False,0.27906976744186046,True,True
40.2432_33.0,0.33752946268702266,40.24324324324324,33.0,False,0.2558139534883721,True,True
40.2432_33.0118,0.33756166745745025,40.24324324324324,33.01176470588235,False,0.2558139534883721,True,True
40.2432_33.0235,0.2953512414249016,40.24324324324324,33.023529411764706,False,0.011627906976744186,False,False
40.2432_33.1529,1.0525774662105392,40.24324324324324,33.15294117647059,False,0.12790697674418605,False,False
40.2523_33.0471,0.38788857819269956,40.252252252252255,33.04705882352941,False,0.16279069767441862,False,False
40.2523_33.1059,1.0525774662105392,40.252252252252255,33.10588235294117,False,0.12790697674418605,False,False
40.2613_33.0118,0.848900259102575,40.26126126126126,33.01176470588235,False,0.046511627906976744,False,False
40.2613_33.0235,0.848900259102575,40.26126126126126,33.023529411764706,False,0.046511627906976744,False,False
40.2793_32.6941,0.464088264354123,40.27927927927928,32.694117647058825,False,0.1744186046511628,False,False
40.2883_32.4706,0.2829592022969111,40.288288288288285,32.47058823529412,False,0.0,False,False
40.2883_33.0706,0.3789480424591871,40.288288288288285,33.07058823529412,False,0.1744186046511628,False,False
