grid_id,grid_lat,grid_lon,stop_count,yolcu_per_stop,sefer_per_stop,kapasite_per_stop,doluluk_orani,kapasite_kullanimi,reconstruction_error,anomaly_autoencoder,anomaly_score_if,anomaly_isolation_forest,lof_score,anomaly_lof,graph_anomaly_score,anomaly_graph,anomaly_count,anomaly_consensus
39.5045_32.9529,39.5045045045045,32.95294117647059,2.0,0.04212848294746366,0.0014567733585798184,0.2047388167940148,20.35587002096436,20.31363338209482,0.000973663074312192,False,-0.40399897666457435,False,-0.9817372131211439,False,0.03416842207394023,False,0,False
39.5135_32.5647,39.51351351351352,32.56470588235294,4.0,0.12068711048900438,0.0036612248201524046,0.5129047462614086,23.83490566037736,24.10870011240631,0.0009702362663866129,False,-0.38873290347071926,False,-0.9958048389908397,False,34.86431461432371,True,1,False
39.5135_32.8353,39.51351351351352,32.83529411764706,1.0,0.23695538480106204,0.008247173834332355,1.1444261173914794,20.72641509433962,20.69699452225807,0.00056718074541419,False,-0.4005172637323241,False,-0.9871902888701698,False,0.011716279803170741,False,0,False
39.5135_32.8588,39.51351351351352,32.858823529411765,1.0,0.38439802099961334,0.009776023954233094,1.3671759585163445,28.114255765199164,28.140153225832282,0.00021255119190098212,False,-0.38095118262253963,False,-1.0171885510541687,False,0.5079445612398014,False,0,False
39.5135_32.9412,39.51351351351352,32.94117647058823,4.0,0.06319272442119551,0.0021851600378697228,0.30710822519102215,20.35587002096436,20.31363338209482,0.0016152249494822831,False,-0.4030102425310128,False,-1.000070209239495,False,0.03402689021233807,False,0,False
39.5135_32.9765,39.51351351351352,32.976470588235294,2.0,0.04212848294746366,0.0014567733585798184,0.2047388167940148,20.35587002096436,20.31363338209482,0.000973663074312192,False,-0.40399897666457435,False,-0.9817372131211439,False,34.86431461432371,True,1,False
39.5225_32.6471,39.52252252252252,32.64705882352941,2.0,0.343655527921661,0.011163677842810877,1.5624162412501323,22.447589098532493,22.501033648472067,0.00047012475368866653,False,-0.39226951321283404,False,-0.9989830370949768,False,34.86431461432371,True,1,False
39.5225_32.8,39.52252252252252,32.8,2.0,0.13251109215464754,0.0027389328218801415,0.3849092912684941,34.14019916142558,35.45818363151831,0.0007425461910604506,False,-0.3694001824073425,False,-1.9348799784663455,True,0.03402689021233807,False,1,False
39.5225_32.8353,39.52252252252252,32.83529411764706,1.0,0.15797025653404134,0.005498115889554888,0.7629507449276528,20.72641509433962,20.69699452225807,0.0006200489345138294,False,-0.4005221850699692,False,-0.9859521734964154,False,0.011716279803170741,False,0,False
39.5225_32.8588,39.52252252252252,32.858823529411765,17.88050314465409,0.48723883633647463,0.014784931031090447,2.0625246103122747,21.939542159134426,23.721875004438097,0.01373869104246119,False,-0.4196656804826633,False,-1.3835260024701188,False,0.2766788638029923,False,0,False
39.5225_32.8706,39.52252252252252,32.870588235294115,4.0,0.19132539808773333,0.00544383468928075,0.7628335446964704,22.29546645702306,25.19459561329494,0.0053597635795807124,False,-0.3918597438371006,False,-1.0188934643714227,False,0.12992402050909907,False,0,False
39.5225_32.8941,39.52252252252252,32.89411764705882,4.0,0.04212848294746366,0.0014567733585798184,0.2047388167940148,20.35587002096436,20.31363338209482,0.001647961928102634,False,-0.40733708442712807,False,-0.9997988794194927,False,0.017783922411162043,False,0,False
39.5225_32.9059,39.52252252252252,32.90588235294118,6.0,0.07021413824577281,0.0024279555976329777,0.34123136132335796,20.35587002096436,20.31363338209482,0.0025841108684787977,False,-0.4084599105529615,False,-1.000911889598977,False,0.03404264503237567,False,0,False
39.5225_32.9294,39.52252252252252,32.92941176470588,2.0,0.0842569658949274,0.0029135467171596367,0.4094776335880296,20.35587002096436,20.31363338209482,0.0009288597548763685,False,-0.3967921340918947,False,-0.9820870361939196,False,0.03416842207394024,False,0,False
39.5225_33.0,39.52252252252252,33.0,2.0,0.04212848294746366,0.0014567733585798184,0.2047388167940148,20.35587002096436,20.31363338209482,0.000973663074312192,False,-0.40399897666457435,False,-0.9817372131211439,False,34.86431461432371,True,1,False
39.5315_32.6,39.531531531531535,32.6,8.0,0.6965139576159981,0.022237353994445017,3.1129814812673113,23.141247379454928,22.917036077906697,0.001729245697407054,False,-0.39966218695685707,False,-1.019217000948116,False,0.008913660425850685,False,0,False
39.5315_32.6118,39.531531531531535,32.61176470588235,13.0,0.6693710014856645,0.02138553275201162,2.993707232035221,23.0878890501532,22.900623036002436,0.005336798393340426,False,-0.4072486339542766,False,-1.1298264627089378,False,0.14187867507808372,False,0,False
39.5315_32.8,39.531531531531535,32.8,4.0,0.13251109215464754,0.0027389328218801415,0.3849092912684941,34.14019916142558,35.45818363151831,0.00043704532611186386,False,-0.368627222900327,False,-2.010998175895472,True,0.03402689021233807,False,1,False
39.5315_32.8588,39.531531531531535,32.858823529411765,2.0,0.1974628206675517,0.006872644861943583,0.9536884311595659,20.72641509433962,20.69699452225807,0.000760464876987115,False,-0.39528890321030585,False,-0.9876991308262408,False,0.18654977584637,False,0,False
39.5315_32.8706,39.531531531531535,32.870588235294115,2.0,0.04212848294746366,0.0014567733585798184,0.2047388167940148,20.35587002096436,20.31363338209482,0.000973663074312192,False,-0.40399897666457435,False,-0.9817372131211439,False,0.22612633803223506,False,0,False
39.5315_32.8941,39.531531531531535,32.89411764705882,4.0,0.0842569658949274,0.0029135467171596367,0.4094776335880296,20.35587002096436,20.31363338209482,0.0015828526525504011,False,-0.3998001033290736,False,-1.0000384793868045,False,0.017510456499640878,False,0,False
39.5405_32.6118,39.54054054054054,32.61176470588235,2.0,0.6965139576159981,0.022237353994445017,3.1129814812673113,23.141247379454928,22.917036077906697,0.0001498432931398665,False,-0.39376138118744797,False,-0.9974070865101806,False,0.10776643805820439,False,0,False
39.5405_32.6235,39.54054054054054,32.62352941176471,4.0,0.6965139576159981,0.022237353994445017,3.1129814812673113,23.141247379454928,22.917036077906697,0.00035735510611368935,False,-0.3950727439173231,False,-1.0049188084816187,False,0.059606552615923895,False,0,False
39.5405_33.0118,39.54054054054054,33.01176470588235,13.0,0.04212848294746366,0.0014567733585798184,0.2047388167940148,20.35587002096436,20.31363338209482,0.008629383002210724,False,-0.42686119665625766,False,-1.1674158781338384,False,0.17013445106169045,False,0,False
39.5405_33.0235,39.54054054054054,33.023529411764706,4.0,0.04212848294746366,0.0014567733585798184,0.2047388167940148,20.35587002096436,20.31363338209482,0.001647961928102634,False,-0.40733708442712807,False,-0.9997988794194927,False,0.05954705787159165,False,0,False
39.5495_32.5882,39.549549549549546,32.588235294117645,1.0,0.343655527921661,0.011163677842810877,1.5624162412501323,22.447589098532493,22.501033648472067,0.00039113719700849676,False,-0.397451573531129,False,-1.000528711047223,False,34.86431461432371,True,1,False
39.5495_32.6941,39.549549549549546,32.694117647058825,10.0,0.08701034513418783,0.0019549414566136696,0.2750227701814476,33.4064465408805,31.696957932638078,0.0027125031610902156,False,-0.38224567676661847,False,-1.6137004933006314,False,34.86431461432371,True,1,False
39.5495_32.8118,39.549549549549546,32.811764705882354,3.0,0.07848528465486587,0.0018408111093417157,0.2587867012777967,30.29996505939902,30.17377471213364,5.177897643217329e-05,False,-0.37796560502846394,False,-1.0535230627994303,False,34.86431461432371,True,1,False
39.5495_32.8471,39.549549549549546,32.84705882352941,5.0,0.23695538480106204,0.008247173834332355,1.1444261173914794,20.72641509433962,20.69699452225807,0.0016773752077611367,False,-0.400655526048533,False,-0.9869345833986074,False,34.86431461432371,True,1,False
39.5495_33.0118,39.549549549549546,33.01176470588235,2.0,0.04212848294746366,0.0014567733585798184,0.2047388167940148,20.35587002096436,20.31363338209482,0.000973663074312192,False,-0.40399897666457435,False,-0.9817372131211439,False,0.1105873931900988,False,0,False
39.5495_33.1176,39.549549549549546,33.11764705882353,12.635220125786164,4.304485628868793,0.09507505879058852,14.943477744638848,32.564465408805034,31.498888436959202,0.001085185920962496,False,-0.3897946873746915,False,-1.491038145330807,False,0.09439239061382924,False,0,False
39.5586_33.1059,39.55855855855856,33.10588235294117,7.220125786163522,4.5197099103122325,0.09982881173011793,15.69065163187079,32.564465408805034,31.498888436959202,0.002299835606597862,False,-0.3884724014980088,False,-1.5273764858338867,False,0.09439239061382924,False,0,False
39.5676_32.7882,39.567567567567565,32.78823529411765,15.0,0.5418163328803521,0.012788296468420555,1.7967008724623974,32.39381551362683,30.364894151163277,0.006148476115655024,False,-0.38649077913326546,False,-1.1792997160132954,False,0.19849019290530556,False,0,False
39.5676_32.8,39.567567567567565,32.8,15.0,0.5418163328803521,0.012788296468420555,1.7967008724623974,32.39381551362683,30.364894151163277,0.006148476115655024,False,-0.38649077913326546,False,-1.1792997160132954,False,0.19849019290530556,False,0,False
39.5676_32.8471,39.567567567567565,32.84705882352941,8.880503144654089,0.7919069820092607,0.024770213219268162,3.4562575743074335,20.74415618448637,23.081097596377994,0.005751506910005695,False,-0.40512217213181284,False,-1.1080692486224792,False,34.86431461432371,True,1,False
39.5766_32.7882,39.57657657657658,32.78823529411765,35.0,0.5418163328803521,0.012788296468420552,1.7967008724623974,32.39381551362683,30.364894151163277,0.03923525808361939,False,-0.40369871489026427,False,-1.517678740682917,False,0.2552016765925357,False,0,False
39.5766_32.8,39.57657657657658,32.8,30.0,0.5418163328803521,0.012788296468420555,1.7967008724623974,32.39381551362683,30.364894151163277,0.027973353324922928,False,-0.4005826839186366,False,-1.5092834592706574,False,0.14177870921807542,False,0,False
39.5856_32.6588,39.585585585585584,32.65882352941176,6.0,0.21080485173431993,0.005976535249632,0.8393324515584223,28.69217330538085,26.026677509242944,0.0025374667687112773,False,-0.38717514059042746,False,-1.0139986069498852,False,34.86431461432371,True,1,False
39.5946_32.5412,39.5945945945946,32.54117647058823,4.0,0.1443795136406494,0.0033829639530425313,0.47779055671256715,31.81446540880503,31.927597230514245,4.599659467321253e-05,False,-0.3760508337623389,False,-1.1666910582771013,False,34.86431461432371,True,1,False
39.5946_32.8353,39.5945945945946,32.83529411764706,54.42767295597484,1.0468066632383757,0.028852729682582703,4.037255257520368,27.01863444848554,26.127743129247758,0.10258715910604238,False,-0.4351846111215139,False,-1.9426103105071324,True,0.7155119790973519,False,1,False
39.5946_32.8471,39.5945945945946,32.84705882352941,26.666666666666668,0.8683974160792284,0.022911808122922015,3.2092445390359337,29.118933867979987,27.277315887370634,0.021748668289425413,False,-0.4064439586239899,False,-1.2693010687854318,False,0.30921714325591954,False,0,False
39.5946_32.8588,39.5945945945946,32.858823529411765,2.0,0.061006806707536915,0.002760998918139173,0.3823927154706094,16.328389830508474,16.46541667561226,0.002031428730626322,False,-0.415054663375622,False,-0.9927440004898216,False,0.8017542923898938,False,0,False
39.6036_32.6706,39.6036036036036,32.67058823529412,27.0,0.5949988227104586,0.018224542315102416,2.5514012307943155,25.810311359577607,23.953098055415566,0.025488302869912226,False,-0.4304162286830267,False,-1.5267260268832656,False,34.86431461432371,True,1,False
39.6036_32.8353,39.6036036036036,32.83529411764706,5.7421383647798745,0.5965942426915805,0.015425962806767073,2.1616604546388154,30.32519217330538,27.935903668457353,0.0019873660273267975,False,-0.378828155206131,False,-1.0079202986472615,False,0.33311310810878875,False,0,False
39.6036_32.8471,39.6036036036036,32.84705882352941,11.484276729559749,0.5965942426915805,0.015425962806767073,2.1616604546388154,30.32519217330538,27.93590366845735,0.00431226387145487,False,-0.3825166537082338,False,-1.0471246904691642,False,0.33653424982837016,False,0,False
39.6036_32.8706,39.6036036036036,32.870588235294115,2.0,0.061006806707536915,0.002760998918139173,0.3823927154706094,16.328389830508474,16.46541667561226,0.002031428730626322,False,-0.415054663375622,False,-0.9927440004898216,False,0.011342296737446023,False,0,False
39.6126_32.6941,39.612612612612615,32.694117647058825,4.0,0.6965139576159981,0.022237353994445017,3.1129814812673113,23.141247379454928,22.917036077906697,0.00035735510611368935,False,-0.3950727439173231,False,-1.0049188084816187,False,0.03402689021233807,False,0,False
39.6126_32.8353,39.612612612612615,32.83529411764706,5.7421383647798745,0.5965942426915805,0.015425962806767073,2.1616604546388154,30.32519217330538,27.935903668457353,0.0019873660273267975,False,-0.378828155206131,False,-1.0079202986472615,False,0.04884677793060482,False,0,False
39.6126_32.8706,39.612612612612615,32.870588235294115,4.0,0.061006806707536915,0.002760998918139173,0.3823927154706094,16.328389830508474,16.46541667561226,0.0029455723958618416,False,-0.41993543038218356,False,-1.0076279390452434,False,0.03402689021233807,False,0,False
39.6126_32.8824,39.612612612612615,32.88235294117647,2.0,0.061006806707536915,0.002760998918139173,0.3823927154706094,16.328389830508474,16.46541667561226,0.002031428730626322,False,-0.415054663375622,False,-0.9927440004898216,False,0.011342296737446023,False,0,False
39.6126_32.8941,39.612612612612615,32.89411764705882,2.0,0.061006806707536915,0.002760998918139173,0.3823927154706094,16.328389830508474,16.46541667561226,0.002031428730626322,False,-0.415054663375622,False,-0.9927440004898216,False,0.0,False,0,False
39.6216_32.6471,39.62162162162162,32.64705882352941,2.0,0.1443795136406494,0.0033829639530425313,0.47779055671256715,31.81446540880503,31.927597230514245,0.00015899398183074557,False,-0.3776760833829682,False,-1.2029936284761746,False,34.86431461432371,True,1,False
39.6216_32.6706,39.62162162162162,32.67058823529412,2.0,0.1443795136406494,0.0033829639530425313,0.47779055671256715,31.81446540880503,31.927597230514245,0.00015899398183074557,False,-0.3776760833829682,False,-1.2029936284761746,False,34.86431461432371,True,1,False
39.6216_32.6941,39.62162162162162,32.694117647058825,2.0,0.6965139576159981,0.022237353994445017,3.1129814812673113,23.141247379454928,22.917036077906697,0.0001498432931398665,False,-0.39376138118744797,False,-0.9974070865101806,False,0.11638180322855478,False,0,False
39.6216_32.9059,39.62162162162162,32.90588235294118,2.0,0.061006806707536915,0.002760998918139173,0.3823927154706094,16.328389830508474,16.46541667561226,0.002031428730626322,False,-0.415054663375622,False,-0.9927440004898216,False,0.0,False,0,False
39.6216_33.0588,39.62162162162162,33.05882352941176,11.625,0.2349589486290766,0.00551900546624656,0.7807955084383416,29.337630208333334,33.5308642395425,0.008772786612818715,False,-0.3872291262882754,False,-1.2422774141830093,False,34.86431461432371,True,1,False
39.6306_32.5294,39.63063063063063,32.529411764705884,3.0,0.1443795136406494,0.0033829639530425313,0.47779055671256715,31.81446540880503,31.927597230514245,6.262583136257373e-05,False,-0.37491537070163444,False,-1.2582849794583233,False,34.86431461432371,True,1,False
39.6306_32.5882,39.63063063063063,32.588235294117645,2.0,0.1443795136406494,0.0033829639530425313,0.47779055671256715,31.81446540880503,31.927597230514245,0.00015899398183074557,False,-0.3776760833829682,False,-1.2029936284761746,False,34.86431461432371,True,1,False
39.6306_32.7059,39.63063063063063,32.705882352941174,3.0,0.8116295360684199,0.024277155488007914,3.404148725632144,26.03232005590496,24.5499158997402,0.0003949156046205238,False,-0.3843694109975156,False,-1.0120484121991478,False,0.1614595123182906,False,0,False
39.6306_32.9176,39.63063063063063,32.917647058823526,2.0,0.061006806707536915,0.002760998918139173,0.3823927154706094,16.328389830508474,16.46541667561226,0.002031428730626322,False,-0.415054663375622,False,-0.9927440004898216,False,0.0,False,0,False
39.6396_32.7059,39.63963963963964,32.705882352941174,6.0,0.8116295360684199,0.024277155488007914,3.404148725632144,26.03232005590496,24.549915899740203,0.000810723131860606,False,-0.3857603343649277,False,-0.9948770500671396,False,0.08947375462751493,False,0,False
39.6396_32.7176,39.63963963963964,32.71764705882353,4.0,0.6919125067296601,0.0222823548400334,3.118906981883788,22.79441823899371,22.71055625642665,0.00044855576263814795,False,-0.39654327176905674,False,-0.9990360899403246,False,0.2551528940834647,False,0,False
39.6396_32.9294,39.63963963963964,32.92941176470588,2.0,0.061006806707536915,0.002760998918139173,0.3823927154706094,16.328389830508474,16.46541667561226,0.002031428730626322,False,-0.415054663375622,False,-0.9927440004898216,False,0.0085067225530846,False,0,False
39.6486_32.3294,39.648648648648646,32.32941176470588,2.0,0.38881465248454394,0.008142248828549496,1.1445471876280577,35.30083857442348,35.25070430630228,0.0005832581124351529,False,-0.3633132533076239,False,-1.0067693988659858,False,0.01701344510616909,False,0,False
39.6486_32.3412,39.648648648648646,32.34117647058824,1.0,0.38881465248454394,0.008142248828549496,1.1445471876280577,35.30083857442348,35.25070430630228,0.0009054436133305595,False,-0.3664589240015026,False,-0.9884423066723425,False,0.01701344510616909,False,0,False
39.6486_32.7176,39.648648648648646,32.71764705882353,6.0,0.8116295360684199,0.024277155488007914,3.404148725632144,26.03232005590496,24.549915899740203,0.000810723131860606,False,-0.3857603343649277,False,-0.9948770500671396,False,0.0937433169744143,False,0,False
39.6486_32.8,39.648648648648646,32.8,9.0,0.4217234367240062,0.010335687588706887,1.4526640212460842,32.4285464709993,29.059420057156608,0.005096882142638947,False,-0.3769677957465034,False,-1.1014231037074844,False,0.49581227763378233,False,0,False
39.6486_32.8118,39.648648648648646,32.811764705882354,20.364779874213838,1.4170715913032526,0.03961825187501225,5.541713174584786,26.177920398958133,25.813614542362497,0.010085527266258706,False,-0.4081389947697426,False,-1.325843066905954,False,0.3076906439703093,False,0,False
39.6486_32.9412,39.648648648648646,32.94117647058823,1.0,0.061006806707536915,0.002760998918139173,0.3823927154706094,16.328389830508474,16.46541667561226,0.0016939652686767724,False,-0.4237448930818241,False,-0.9776483563216759,False,0.011342296737446023,False,0,False
39.6486_32.9529,39.648648648648646,32.95294117647059,1.0,0.061006806707536915,0.002760998918139173,0.3823927154706094,16.328389830508474,16.46541667561226,0.0016939652686767724,False,-0.4237448930818241,False,-0.9776483563216759,False,0.00850672255308449,False,0,False
39.6577_32.4235,39.65765765765766,32.423529411764704,2.0,5.814537782892214,0.00875847078378718,14.791299066615526,12.93523206751055,13.052859055183108,0.0016821114975700353,False,-0.481411509286183,False,-1.0116737228534216,False,0.39171627975879475,False,0,False
39.6577_32.4353,39.65765765765766,32.43529411764706,6.981132075471698,8.270982295147906,0.044369896329029,22.168714055090305,20.642976939203354,21.815319557845225,0.0013123139134451893,False,-0.44292725438779934,False,-1.6164256740765413,False,0.7860502259181148,False,0,False
39.6577_32.7294,39.65765765765766,32.72941176470588,8.0,0.6526859435277478,0.01952791221758126,2.734896005869147,25.63246855345912,24.55876594246985,0.001455523290467926,False,-0.38943143203121894,False,-0.9974583377166338,False,0.11322114994496862,False,0,False
39.6577_32.8,39.65765765765766,32.8,18.88050314465409,1.368919017921847,0.036719540761642584,5.141663839505794,26.966468669927792,26.763332458404605,0.00815706436343289,False,-0.4007320087402216,False,-1.2704025537371035,False,0.1908348503351306,False,0,False
39.6577_32.9529,39.65765765765766,32.95294117647059,2.0,0.061006806707536915,0.002760998918139173,0.3823927154706094,16.328389830508474,16.46541667561226,0.002031428730626322,False,-0.415054663375622,False,-0.9927440004898216,False,0.01701344510616909,False,0,False
39.6577_33.0235,39.65765765765766,33.023529411764706,22.63225806451613,0.19346900023442898,0.004961047196393092,0.716688846025082,26.16194572452637,27.943523563993338,0.018919027482035913,False,-0.4049493772781319,False,-1.5067543532579235,False,34.86431461432371,True,1,False
39.6667_32.4353,39.66666666666666,32.43529411764706,1.0,5.814537782892214,0.00875847078378718,14.791299066615526,12.93523206751055,13.052859055183108,0.0014825104031699818,False,-0.4850257448694242,False,-1.0102445945432579,False,0.3947422886942413,False,0,False
39.6667_32.6706,39.66666666666666,32.67058823529412,2.0,0.17585516590573125,0.005280182406301241,0.7271378465801546,24.432914046121596,24.7250120980772,0.0004807866185288885,False,-0.38428839430059625,False,-0.9841720409519006,False,0.0085067225530846,False,0,False
39.6667_32.6824,39.66666666666666,32.68235294117647,2.0,0.17585516590573125,0.005280182406301241,0.7271378465801546,24.432914046121596,24.7250120980772,0.0004807866185288885,False,-0.38428839430059625,False,-0.9841720409519006,False,0.02268459347489199,False,0,False
39.6667_32.7294,39.66666666666666,32.72941176470588,23.0,0.8210167591858922,0.02480639101780153,3.474582772329249,25.459985416096984,24.30081966982463,0.016691528397751496,False,-0.41164345980331474,False,-1.4303777650531164,False,0.29954896044958024,False,0,False
39.6757_32.4941,39.67567567567568,32.49411764705882,1.0,5.814537782892214,0.00875847078378718,14.791299066615526,12.93523206751055,13.052859055183108,0.0014825104031699818,False,-0.4850257448694242,False,-1.0102445945432579,False,0.3958286228276043,False,0,False
39.6757_32.5059,39.67567567567568,32.50588235294118,2.9874213836477987,5.944929840861445,0.012902809541960452,15.352229051521505,17.2680642907058,17.11509997861645,0.0006630707633621854,False,-0.4598874912615429,False,-1.30020626526418,False,0.3958286228276043,False,0,False
39.6757_32.6706,39.67567567567568,32.67058823529412,1.0,0.17585516590573125,0.005280182406301241,0.7271378465801546,24.432914046121596,24.7250120980772,0.0004307683674353782,False,-0.38962854855886886,False,-0.979368953433681,False,0.01701344510616909,False,0,False
39.6757_32.6941,39.67567567567568,32.694117647058825,7.0,0.17585516590573125,0.005280182406301241,0.7271378465801546,24.432914046121596,24.7250120980772,0.0019269615806785786,False,-0.39335699864432633,False,-1.01102117730785,False,0.08506722553084523,False,0,False
39.6757_32.7294,39.67567567567568,32.72941176470588,3.0,0.8116295360684199,0.024277155488007914,3.404148725632144,26.03232005590496,24.5499158997402,0.0003949156046205238,False,-0.3843694109975156,False,-1.0120484121991478,False,0.160930893801136,False,0,False
39.6757_32.8235,39.67567567567568,32.8235294117647,10.348387096774193,0.21470358871820566,0.0071657103868717235,0.9116500960452429,21.806129032258063,24.602871487960503,0.008566700875840228,False,-0.3982051894219999,False,-1.104890999990242,False,1.0660815538371007,False,0,False
39.6757_32.8471,39.67567567567568,32.84705882352941,5.174193548387096,0.21470358871820566,0.0071657103868717235,0.9116500960452429,21.806129032258063,24.602871487960506,0.005602324045524559,False,-0.3952813310886737,False,-1.0100368675957307,False,0.0,False,0,False
39.6757_32.8588,39.67567567567568,32.858823529411765,5.174193548387096,0.21470358871820566,0.0071657103868717235,0.9116500960452429,21.806129032258063,24.602871487960506,0.005602324045524559,False,-0.3952813310886737,False,-1.0100368675957307,False,0.0,False,0,False
39.6757_33.0,39.67567567567568,33.0,20.18709677419355,0.20197347681728173,0.0056743777366046475,0.7640198707924689,24.917904383788255,28.155305943003054,0.018469950210323473,False,-0.40475421186758404,False,-1.5449880869149384,False,1.1194229606814072,False,0,False
39.6847_32.6471,39.68468468468468,32.64705882352941,2.0,0.17585516590573125,0.005280182406301241,0.7271378465801546,24.432914046121596,24.7250120980772,0.0004807866185288885,False,-0.38428839430059625,False,-0.9841720409519006,False,0.0,False,0,False
39.6847_32.6588,39.68468468468468,32.65882352941176,2.0,0.17585516590573125,0.005280182406301241,0.7271378465801546,24.432914046121596,24.7250120980772,0.0004807866185288885,False,-0.38428839430059625,False,-0.9841720409519006,False,0.0085067225530846,False,0,False
39.6847_32.7294,39.68468468468468,32.72941176470588,7.0,0.9082535997129273,0.027181673082222836,3.801956161559678,25.803833483078765,24.56863246375983,0.0008824392755525046,False,-0.38697033937580083,False,-0.9948770500671396,False,0.03973428938887027,False,0,False
39.6847_32.7412,39.68468468468468,32.74117647058824,7.0,0.9082535997129273,0.027181673082222836,3.801956161559678,25.803833483078765,24.56863246375983,0.0008824392755525046,False,-0.38697033937580083,False,-0.9948770500671396,False,0.03973428938887027,False,0,False
39.6847_32.8118,39.68468468468468,32.811764705882354,133.51572327044025,1.489933940108188,0.04160985091423799,5.738364216833883,25.943719296245188,26.335822277041395,0.6613655659907077,True,-0.5236300080101053,False,-2.5638560181665193,True,2.1884498655328666,False,2,True
39.6847_32.8235,39.68468468468468,32.8235294117647,10.0,0.061006806707536915,0.002760998918139173,0.3823927154706094,16.328389830508474,16.46541667561226,0.007601737322259854,False,-0.4313634819142512,False,-1.1730260175987508,False,1.306269310386158,False,0,False
39.6847_32.9176,39.68468468468468,32.917647058823526,10.348387096774193,0.21470358871820566,0.0071657103868717235,0.9116500960452429,21.806129032258063,24.602871487960503,0.008566700875840228,False,-0.3982051894219999,False,-1.104890999990242,False,0.13204628685626685,False,0,False
39.6847_32.9294,39.68468468468468,32.92941176470588,2.587096774193548,0.21470358871820566,0.0071657103868717235,0.9116500960452429,21.806129032258063,24.602871487960503,0.0049206827942301695,False,-0.3888941582069248,False,-1.012695425836599,False,0.13204628685626685,False,0,False
39.6847_32.9647,39.68468468468468,32.96470588235294,1.0,0.27032482741617353,0.004584257889546343,0.8313917652859961,36.395833333333336,36.24506820199387,0.0010164087566873615,False,-0.37150798017913567,False,-2.0100569666379196,True,1.2517233082662313,False,1,False
39.6847_32.9765,39.68468468468468,32.976470588235294,2.587096774193548,0.21470358871820566,0.0071657103868717235,0.9116500960452429,21.806129032258063,24.602871487960503,0.0049206827942301695,False,-0.3888941582069248,False,-1.012695425836599,False,1.2517233082662313,False,0,False
39.6847_33.0,39.68468468468468,33.0,2.0,0.02897164070572922,0.0018412917107853294,0.20258461224437727,14.916122004357298,14.903252272526709,0.002344236161096661,False,-0.4273254044305187,False,-0.9943885253957042,False,1.1194229606814072,False,0,False
39.6937_32.3529,39.693693693693696,32.35294117647059,12.0,1.6993146409609745,0.04090116423018431,6.083677772718095,29.505415793151645,28.435276121773306,0.0019036778826956441,False,-0.38061790215199404,False,-1.1190615501566863,False,0.2168937524412887,False,0,False
39.6937_32.7412,39.693693693693696,32.74117647058824,4.0,0.9807216474463077,0.029360061277884056,4.1003117385053285,25.63246855345912,24.58128485728231,0.00018121445709643044,False,-0.38931010135328903,False,-1.0122257934869983,False,0.05327017140223044,False,0,False
39.7027_32.3529,39.7027027027027,32.35294117647059,23.9937106918239,2.3731243228161283,0.040975849757957594,7.778507760186466,28.57708732111931,27.947885397903896,0.013130436277475177,False,-0.39825409526832556,False,-1.272974879470299,False,0.2797476542430066,False,0,False
39.7027_32.6,39.7027027027027,32.6,3.0,0.17585516590573125,0.005280182406301241,0.7271378465801546,24.432914046121596,24.7250120980772,0.000610543783401208,False,-0.3856122020441997,False,-0.9911876984333017,False,34.86431461432371,True,1,False
39.7027_32.6235,39.7027027027027,32.62352941176471,1.0,0.17585516590573125,0.005280182406301241,0.7271378465801546,24.432914046121596,24.7250120980772,0.0004307683674353782,False,-0.38962854855886886,False,-0.979368953433681,False,0.0,False,0,False
39.7027_32.6353,39.7027027027027,32.63529411764706,1.0,0.17585516590573125,0.005280182406301241,0.7271378465801546,24.432914046121596,24.7250120980772,0.0004307683674353782,False,-0.38962854855886886,False,-0.979368953433681,False,0.07656050297776074,False,0,False
39.7027_32.6471,39.7027027027027,32.64705882352941,10.0,0.17585516590573125,0.005280182406301241,0.7271378465801546,24.432914046121596,24.7250120980772,0.003751533523314122,False,-0.3965023524539302,False,-1.008383709023021,False,0.15312100595552142,False,0,False
39.7117_32.3529,39.71171171171172,32.35294117647059,4.9937106918239,6.177381607373782,0.04879986461049871,17.381702428212787,25.696771488469604,25.83502807295976,0.00026372410383402705,False,-0.4112809599390231,False,-1.1705344768311365,False,0.14697934186074263,False,0,False
39.7117_32.6588,39.71171171171172,32.65882352941176,1.0,0.17585516590573125,0.005280182406301241,0.7271378465801546,24.432914046121596,24.7250120980772,0.0004307683674353782,False,-0.38962854855886886,False,-0.979368953433681,False,0.34072920879677354,False,0,False
39.7117_32.7529,39.71171171171172,32.752941176470586,7.0,0.9082535997129273,0.027181673082222836,3.801956161559678,25.803833483078765,24.56863246375983,0.0008824392755525046,False,-0.38697033937580083,False,-0.9948770500671396,False,0.0,False,0,False
39.7117_32.9647,39.71171171171172,32.96470588235294,1.0,0.02897164070572922,0.0018412917107853294,0.20258461224437727,14.916122004357298,14.903252272526709,0.001950433331917617,False,-0.43334999875207514,False,-0.9962614896035396,False,0.0,False,0,False
39.7207_32.3412,39.72072072072072,32.34117647058824,4.9937106918239,6.060419971899132,0.04133499390087004,16.85753329078391,27.368469601677152,26.08769904471142,0.0005759242390988678,False,-0.4090847619141227,False,-1.1964939055910917,False,0.09867398255925754,False,0,False
39.7207_32.3529,39.72072072072072,32.35294117647059,18.9748427672956,6.3437737555225295,0.04606432341686702,17.758279947048653,26.51085733200927,25.48005099969033,0.005749923780652771,False,-0.42793846282510356,False,-1.3035189378472407,False,0.24721878097428654,False,0,False
39.7207_32.3647,39.72072072072072,32.36470588235294,3.993710691823899,9.47055739183121,0.08028688052566835,26.905659240084045,23.293789308176102,24.70452008986352,0.0026117229412942577,False,-0.42494938747910244,False,-1.7228243573768125,True,0.22065485103921775,False,1,False
39.7207_32.4118,39.72072072072072,32.411764705882355,1.9937106918238994,6.0277816490375455,0.014982867193952042,15.676455990724863,19.402830188679246,18.24128449797547,1.4085605633729207e-05,False,-0.4468376088291988,False,-1.272502784199225,False,0.13387855948876506,False,0,False
39.7207_32.4235,39.72072072072072,32.423529411764704,5.981132075471698,5.143980812498432,0.019028593347636954,13.52912020376412,19.59203354297694,20.06222783578302,0.0013917875484310345,False,-0.4389856230641751,False,-1.0529601701780102,False,0.11594053155384665,False,0,False
39.7207_32.4353,39.72072072072072,32.43529411764706,2.993710691823899,4.101477729337399,0.012071911462634685,10.775656195074436,21.53759608665269,19.448640966648462,0.0005391163509003821,False,-0.43413460682794036,False,-1.0133891400542343,False,0.1555669576912852,False,0,False
39.7207_32.6588,39.72072072072072,32.65882352941176,3.0,0.24284917806212342,0.004833497046788036,0.709070452691184,35.530048916841366,34.84067055610474,0.0005925514932779994,False,-0.36665795710715887,False,-1.017895336192788,False,0.5108788734467772,False,0,False
39.7207_32.6706,39.72072072072072,32.67058823529412,3.0,0.17585516590573125,0.005280182406301241,0.7271378465801546,24.432914046121596,24.7250120980772,0.000610543783401208,False,-0.3856122020441997,False,-0.9911876984333017,False,1.0607296003221272,False,0,False
39.7207_32.7059,39.72072072072072,32.705882352941174,2.0,0.552692368280639,0.009220308734062899,1.4000735114933973,41.07861635220126,40.16401467176464,0.002545372595814673,False,-0.36164905992173596,False,-0.9964860217716774,False,1.063658572673434,False,0,False
39.7207_32.7529,39.72072072072072,32.752941176470586,7.0,0.9082535997129273,0.027181673082222836,3.801956161559678,25.803833483078765,24.56863246375983,0.0008824392755525046,False,-0.38697033937580083,False,-0.9948770500671396,False,0.7503353319840109,False,0,False
39.7207_32.8,39.72072072072072,32.8,11.949685534591195,1.3561238612296385,0.03768200101756923,5.306828344616151,25.895515508251357,25.955064298131145,0.002411117370619828,False,-0.38964930422439475,False,-1.1163921865928133,False,0.6373336516623376,False,0,False
39.7207_32.9647,39.72072072072072,32.96470588235294,1.0,0.02897164070572922,0.0018412917107853294,0.20258461224437727,14.916122004357298,14.903252272526709,0.001950433331917617,False,-0.43334999875207514,False,-0.9962614896035396,False,0.011342296737446023,False,0,False
39.7297_32.3529,39.729729729729726,32.35294117647059,1.0,0.9735426245970086,0.04545214312139947,3.7647058823529416,26.954926624737944,27.023752532764803,0.0007012559019089374,False,-0.3863008888189385,False,-1.1975960800111658,False,0.25550121710323076,False,0,False
39.7297_32.3647,39.729729729729726,32.36470588235294,9.9874213836478,7.653953605024187,0.06584900759244189,21.752402439217523,25.696771488469604,24.971335761856526,0.00016689442534385682,False,-0.41593689925914556,False,-1.3487490823426551,False,0.09990317995725675,False,0,False
39.7297_32.3765,39.729729729729726,32.37647058823529,5.987421383647798,8.686067091692786,0.050293669656414706,23.411883977274286,21.918099231306776,22.1653498343399,0.0003025010008577282,False,-0.43415806552005903,False,-1.4830656055373086,False,0.2626396275019668,False,0,False
39.7297_32.6706,39.729729729729726,32.67058823529412,4.9937106918239,1.597543261952389,0.024999100142031796,3.83349153885082,38.95062893081761,42.52671370078677,0.0031938567796398476,False,-0.36853381557211146,False,-0.9794754294175677,False,0.4174960630015765,False,0,False
39.7297_32.6824,39.729729729729726,32.68235294117647,5.0,0.5175213350994927,0.008164272252802625,1.2546459421773664,44.40775681341719,41.98768505909212,0.005118462243704329,False,-0.363986992674393,False,-1.0076111418967342,False,0.2676849691089877,False,0,False
39.7297_32.6941,39.729729729729726,32.694117647058825,1.0,0.3768372023749077,0.003940126327761595,0.6729356649132426,57.72431865828092,57.74223003292201,0.009522997962963084,False,-0.4060012754267789,False,-1.0175336384308014,False,2.093035904017519,False,0,False
39.7297_32.7176,39.729729729729726,32.71764705882353,13.962264150943396,0.44661879933625476,0.010184010096313098,1.400368927157267,53.17460317460317,32.79738781558734,0.16748152838905273,False,-0.39937474598038664,False,-1.6144315137318848,False,0.9238144755243319,False,0,False
39.7297_32.7294,39.729729729729726,32.72941176470588,12.9874213836478,0.4726621773379404,0.009233251755526318,1.3446402430686262,45.529723944818286,35.87460379176332,0.041265497740012015,False,-0.37491589452896157,False,-1.3520568565231132,False,0.7519094876811186,False,0,False
39.7297_32.7412,39.729729729729726,32.74117647058824,14.962264150943396,0.6118650646202993,0.018367034484664875,2.481080041673743,46.782424877707896,25.307268809537693,0.17687266735891724,False,-0.404309451894563,False,-1.2197635636038338,False,0.35144810006058286,False,0,False
39.7297_32.7529,39.729729729729726,32.752941176470586,9.9874213836478,1.1285620006953239,0.033676959042320216,4.626849403747661,36.65812368972746,25.027995873408084,0.05030781771553771,False,-0.38407606098143826,False,-1.1914450642901842,False,0.5363216917831335,False,0,False
39.7297_32.8,39.729729729729726,32.8,3.4842767295597485,0.7714767093236615,0.02978623124497378,2.3044326640437602,29.791404612159326,35.010350042562465,0.009238078826824543,False,-0.3751093648570933,False,-1.3154583665637631,False,0.6373336516623376,False,0,False
39.7297_32.8235,39.729729729729726,32.8235294117647,17.88679245283019,0.3711941971169995,0.013842194769084248,1.1060871045486993,38.2604821802935,34.94630141438339,0.010691176372907002,False,-0.37729126602536384,False,-1.728059023903711,True,0.31901143140542065,False,1,False
39.7297_32.8471,39.729729729729726,32.84705882352941,2.0,0.12144870960746039,0.007253186823778837,1.020522582873483,12.120545073375263,12.190044354721708,0.0030577907732170138,False,-0.4314593728006665,False,-1.020226769220629,False,34.86431461432371,True,1,False
39.7297_32.9529,39.729729729729726,32.95294117647059,1.0,0.02897164070572922,0.0018412917107853294,0.20258461224437727,14.916122004357298,14.903252272526709,0.001950433331917617,False,-0.43334999875207514,False,-0.9962614896035396,False,0.01701344510616909,False,0,False
39.7297_32.9647,39.729729729729726,32.96470588235294,3.0,0.02897164070572922,0.0018412917107853294,0.20258461224437727,14.916122004357298,14.903252272526709,0.0028177779040545084,False,-0.431407318227939,False,-0.9962517477786743,False,0.03402689021233812,False,0,False
39.7297_33.0118,39.729729729729726,33.01176470588235,8.748387096774193,0.19551415904745295,0.0065289568739951105,0.8296796527805731,21.108611367127494,24.374519240819936,0.009013606473117374,False,-0.3975014857997696,False,-1.1248240513416525,False,0.7386232474877653,False,0,False
39.7297_33.0588,39.729729729729726,33.05882352941176,2.0,0.02897164070572922,0.0018412917107853294,0.20258461224437727,14.916122004357298,14.903252272526709,0.002344236161096661,False,-0.4273254044305187,False,-0.9943885253957042,False,34.86431461432371,True,1,False
39.7387_32.5882,39.73873873873874,32.588235294117645,1.0,0.37534843327590306,0.005841072404084468,0.8525584457424605,45.270964360587,45.38099082011039,0.0034217679544851637,False,-0.3709850305577651,False,-1.0613052657152584,False,0.01701344510616909,False,0,False
39.7387_32.6706,39.73873873873874,32.67058823529412,10.9874213836478,1.3113048734137716,0.019594032274330337,3.0268162094821482,41.42132011943333,44.281391991686135,0.001043582462138921,False,-0.36809406428637115,False,-0.9930400112238379,False,0.16221717672605157,False,0,False
39.7387_32.7059,39.73873873873874,32.705882352941174,2.0,0.2440307477288609,0.008139762403913325,1.1286317260656884,21.90356394129979,22.01555461203975,0.0006386866548920918,False,-0.3893188069130877,False,-0.9825664235785492,False,2.3057556065868883,False,0,False
39.7387_32.7176,39.73873873873874,32.71764705882353,7.9748427672955975,0.3914290918563231,0.011611923190541282,1.5272599401419584,52.59722222222223,26.29539451062749,0.26360940431162,False,-0.3936812948304221,False,-1.5870110580451136,False,1.0491377778247664,False,0,False
39.7387_32.7412,39.73873873873874,32.74117647058824,8.962264150943396,0.3219759111018275,0.009508189510457517,1.2273128170697107,61.99580712788261,27.258822906236624,0.46566404300011505,True,-0.4162281935573935,False,-2.015767914854812,True,1.9804558072756295,False,2,True
39.7387_32.7529,39.73873873873874,32.752941176470586,6.987421383647798,0.9718006245189085,0.028681126702759855,3.9167272714857653,42.268388739143454,25.502692931068925,0.10543180801803742,False,-0.3841074072768453,False,-1.0823851164521825,False,0.3047734668512116,False,0,False
39.7387_32.8235,39.73873873873874,32.8235294117647,3.4716981132075473,0.12166412225875638,0.004257843467116888,0.4320709762572007,38.68684486373166,31.72194205775062,0.01923112910957468,False,-0.37640863225269117,False,-4.360906211572543,True,0.297369126869113,False,1,False
39.7387_32.9882,39.73873873873874,32.98823529411764,2.0,0.02897164070572922,0.0018412917107853294,0.20258461224437727,14.916122004357298,14.903252272526709,0.002344236161096661,False,-0.4273254044305187,False,-0.9943885253957042,False,0.01701344510616909,False,0,False
39.7387_33.0,39.73873873873874,33.0,1.0,0.02897164070572922,0.0018412917107853294,0.20258461224437727,14.916122004357298,14.903252272526709,0.001950433331917617,False,-0.43334999875207514,False,-0.9962614896035396,False,0.3709243230375236,False,0,False
39.7477_32.4,39.74774774774775,32.4,1.9937106918238994,6.0277816490375455,0.014982867193952042,15.676455990724863,19.402830188679246,18.24128449797547,1.4085605633729207e-05,False,-0.4468376088291988,False,-1.272502784199225,False,1.5364313556358327,False,0,False
39.7477_32.4235,39.74774774774775,32.423529411764704,21.0,2.3215387942610723,0.07260796714154077,8.810403043892254,26.77810222621543,26.88371285652519,0.007204198773666973,False,-0.40673240566692165,False,-1.312480796769483,False,34.86431461432371,True,1,False
39.7477_32.6,39.74774774774775,32.6,2.0,0.37534843327590306,0.005841072404084468,0.8525584457424605,45.270964360587,45.38099082011039,0.002783826572818189,False,-0.36509839224028023,False,-1.0547211599216206,False,0.01701344510616909,False,0,False
39.7477_32.6471,39.74774774774775,32.64705882352941,13.9874213836478,1.3907100494762898,0.019923787600607906,3.0709859969208306,43.73487571129081,46.43819185651622,0.0009785593131895803,False,-0.3696805590007944,False,-1.0243975268112049,False,0.0865819967704683,False,0,False
39.7477_32.7176,39.74774774774775,32.71764705882353,6.981132075471698,0.4770536285759053,0.014471209144695296,1.9313545114228625,46.21338724168913,25.2294187006487,0.165039335244013,False,-0.39574328734424147,False,-1.2471506007205142,False,0.6376437206207224,False,0,False
39.7477_32.7294,39.74774774774775,32.72941176470588,1.0,0.2440307477288609,0.008139762403913325,1.1286317260656884,21.90356394129979,22.01555461203975,0.0005216640001128103,False,-0.3947288648679899,False,-0.9838285268813698,False,1.7631106480757424,False,0,False
39.7477_32.7412,39.74774774774775,32.74117647058824,2.0,0.2440307477288609,0.008139762403913325,1.1286317260656884,21.90356394129979,22.01555461203975,0.0006386866548920918,False,-0.3893188069130877,False,-0.9825664235785492,False,1.3500774443702284,False,0,False
39.7477_32.7529,39.74774774774775,32.752941176470586,2.0,0.343655527921661,0.011163677842810877,1.5624162412501323,22.447589098532493,22.501033648472067,0.00047012475368866653,False,-0.39226951321283404,False,-0.9989830370949768,False,1.3910439797224987,False,0,False
39.7477_32.7647,39.74774774774775,32.76470588235294,4.0,0.9388661605021026,0.0352540716321672,2.563890452043372,38.92400419287212,38.36130290658512,0.001737379705570528,False,-0.3679636100037218,False,-0.96832814742399,False,0.9211829975392677,False,0,False
39.7477_32.8118,39.74774774774775,32.811764705882354,7.446540880503145,0.3473952771243284,0.012511854232528638,0.9476465356649222,39.64688155136268,36.63022607414505,0.004929191195147841,False,-0.36882518252734775,False,-1.0014796630329186,False,1.1246398718456379,False,0,False
39.7477_32.8588,39.74774774774775,32.858823529411765,2.0,0.12144870960746039,0.007253186823778837,1.020522582873483,12.120545073375263,12.190044354721708,0.0030577907732170138,False,-0.4314593728006665,False,-1.020226769220629,False,0.005671148368722956,False,0,False
39.7477_32.8706,39.74774774774775,32.870588235294115,1.0,0.12144870960746039,0.007253186823778837,1.020522582873483,12.120545073375263,12.190044354721708,0.0026110235851846846,False,-0.4383784124524337,False,-1.0318941496289165,False,0.03402689021233812,False,0,False
39.7477_33.1059,39.74774774774775,33.10588235294117,1.0,0.02897164070572922,0.0018412917107853294,0.20258461224437727,14.916122004357298,14.903252272526709,0.001950433331917617,False,-0.43334999875207514,False,-0.9962614896035396,False,34.86431461432371,True,1,False
39.7568_32.3882,39.75675675675676,32.38823529411765,1.0,0.38881465248454394,0.008142248828549496,1.1445471876280577,35.30083857442348,35.25070430630228,0.0009054436133305595,False,-0.3664589240015026,False,-0.9884423066723425,False,1.5364313556358327,False,0,False
39.7568_32.6353,39.75675675675676,32.63529411764706,7.0,0.37534843327590306,0.005841072404084468,0.8525584457424605,45.270964360587,45.38099082011039,0.0007902033711654752,False,-0.3625480281483232,False,-1.0351429869464297,False,0.20954098757064404,False,0,False
39.7568_32.6471,39.75675675675676,32.64705882352941,16.9811320754717,1.227124841930453,0.018004464262097928,2.7895838514019253,42.14791325335165,44.99593809327009,0.0028070777876054993,False,-0.37177787259315453,False,-1.0206796507501283,False,0.23706583423600797,False,0,False
39.7568_32.6588,39.75675675675676,32.65882352941176,29.962264150943398,1.7971974629545706,0.02556251553582295,3.9592656934542334,43.12358490566037,46.537964648984634,0.015183336972521326,False,-0.3749935265234111,False,-1.1007230018743375,False,0.34608012354410017,False,0,False
39.7568_32.7294,39.75675675675676,32.72941176470588,3.9874213836477987,0.49763706303253064,0.01478250989607086,1.953629980753547,52.59722222222223,26.087520091006294,0.2680312516231493,False,-0.39570776456967166,False,-1.596031811059278,False,0.6167703547178487,False,0,False
39.7568_32.7412,39.75675675675676,32.74117647058824,9.981132075471699,0.470574138636826,0.012573162402297933,1.746923092270084,44.82656483977239,27.436095439685108,0.11544829227810767,False,-0.3890756084995607,False,-1.2857107114320987,False,0.49145570868576055,False,0,False
39.7568_32.7529,39.75675675675676,32.752941176470586,28.943396226415093,1.5851465986646862,0.0466147925084213,6.484013190086478,39.545669775175305,25.01397696661097,0.09851904212101477,False,-0.40891312947512753,False,-1.0873857542238368,False,0.43159734781628106,False,0,False
39.7568_32.7882,39.75675675675676,32.78823529411765,32.503144654088054,2.86735492210328,0.07117781517288128,9.232302626425398,29.34095364003851,32.002337048983264,0.023332624949140193,False,-0.3987964514666447,False,-1.4509664219746907,False,0.9196533157162767,False,0,False
39.7568_32.8,39.75675675675676,32.8,49.40251572327044,6.311307951445695,0.13498033349629204,14.623228168610291,31.224827908567182,44.21254086636119,0.08641065849559211,False,-0.4144209863232414,False,-1.3600328525849734,False,0.6595066998812816,False,0,False
39.7568_32.8118,39.75675675675676,32.811764705882354,122.40880503144655,18.287174142663776,0.2776269815328672,36.43197233809916,35.80434540005601,50.82378675593552,0.35755588404510164,True,-0.4590976200603039,False,-1.343859742708561,False,1.5441469805459596,False,1,False
39.7568_32.8471,39.75675675675676,32.84705882352941,2.0,0.12144870960746039,0.007253186823778837,1.020522582873483,12.120545073375263,12.190044354721708,0.0030577907732170138,False,-0.4314593728006665,False,-1.020226769220629,False,0.022684593474892045,False,0,False
39.7568_32.8588,39.75675675675676,32.858823529411765,4.0,0.12144870960746039,0.007253186823778837,1.020522582873483,12.120545073375263,12.190044354721708,0.004190541890618075,False,-0.4363782244912775,False,-1.0202267692206288,False,0.02977352893579588,False,0,False
39.7658_32.6471,39.76576576576576,32.64705882352941,6.0,0.3763409460085728,0.004573775019869228,0.7328099251896486,53.57320055904962,52.751505691932344,0.004788262073926478,False,-0.3777805654858445,False,-0.9966768690989584,False,0.6663239058926524,False,0,False
39.7658_32.6588,39.76576576576576,32.65882352941176,7.987421383647798,1.0045957041756355,0.016109168597792975,2.4383909098794545,39.42950733752621,42.115610825416816,0.0010884716695715505,False,-0.36348195910474485,False,-0.9830412440552031,False,0.7426728716043441,False,0,False
39.7658_32.6706,39.76576576576576,32.67058823529412,13.9874213836478,1.3911402630309087,0.019380143193703694,3.0196153950728846,47.29926624737945,47.21930386488737,0.001258354698982179,False,-0.3688066858741915,False,-0.9955810658649064,False,0.20308596591819772,False,0,False
39.7658_32.6824,39.76576576576576,32.68235294117647,1.0,0.3768372023749077,0.003940126327761595,0.6729356649132426,57.72431865828092,57.74223003292201,0.009522997962963084,False,-0.4060012754267789,False,-1.0175336384308014,False,0.7490084608041396,False,0,False
39.7658_32.6941,39.76576576576576,32.694117647058825,1.0,0.3768372023749077,0.003940126327761595,0.6729356649132426,57.72431865828092,57.74223003292201,0.009522997962963084,False,-0.4060012754267789,False,-1.0175336384308014,False,0.0,False,0,False
39.7658_32.7176,39.76576576576576,32.71764705882353,8.962264150943396,0.3219759111018275,0.009508189510457517,1.2273128170697107,61.99580712788261,27.258822906236624,0.46566404300011505,True,-0.4162281935573935,False,-2.015767914854812,True,0.35161553577468685,False,2,True
39.7658_32.7294,39.76576576576576,32.72941176470588,8.962264150943396,0.3219759111018275,0.009508189510457517,1.2273128170697107,61.99580712788261,27.258822906236624,0.46566404300011505,True,-0.4162281935573935,False,-2.015767914854812,True,0.9987740630080778,False,2,True
39.7658_32.7412,39.76576576576576,32.74117647058824,6.9748427672955975,0.596771122799139,0.01649840657260199,2.342495805787965,48.38514525306978,25.910693312364216,0.19120367605900043,False,-0.3924781687825707,False,-1.4407612343450311,False,0.14906023274087415,False,0,False
39.7658_32.7647,39.76576576576576,32.76470588235294,14.949685534591195,0.9313010513983789,0.02686850667555393,3.68825646329464,51.22673954277728,25.900388455358634,0.24749225692555918,False,-0.39928183553143765,False,-1.4590860083536856,False,0.6192508744443258,False,0,False
39.7658_32.8,39.76576576576576,32.8,120.35849056603773,1.499218662078465,0.04298474298343998,5.678513870471879,26.743077542934646,26.73936335532683,0.5301048803859384,True,-0.5113984830072831,False,-2.384244922450166,True,1.5758729176442576,False,2,True
39.7658_32.8118,39.76576576576576,32.811764705882354,129.0062893081761,21.995406649601843,0.32582064866143606,43.61781329213407,37.14233200461708,51.0955395961736,0.35683396742738865,True,-0.45721232895182595,False,-1.2987432171049185,False,1.2643127961831584,False,1,False
39.7658_32.8235,39.76576576576576,32.8235294117647,1.9937106918238994,0.5612934936195934,0.015975394049437066,2.303750614816431,37.95283018867924,24.645497362207415,0.06405790402700853,False,-0.3811826262633649,False,-1.2063779126895888,False,2.091373968370068,False,0,False
39.7658_32.8471,39.76576576576576,32.84705882352941,4.0,0.12144870960746039,0.007253186823778837,1.020522582873483,12.120545073375263,12.190044354721708,0.004190541890618075,False,-0.4363782244912775,False,-1.0202267692206288,False,7.850462293418876e-17,False,0,False
39.7658_32.9882,39.76576576576576,32.98823529411764,2.0,0.02897164070572922,0.0018412917107853294,0.20258461224437727,14.916122004357298,14.903252272526709,0.002344236161096661,False,-0.4273254044305187,False,-0.9943885253957042,False,34.86431461432371,True,1,False
39.7748_32.3765,39.77477477477478,32.37647058823529,2.0,0.38881465248454394,0.008142248828549496,1.1445471876280577,35.30083857442348,35.25070430630228,0.0005832581124351529,False,-0.3633132533076239,False,-1.0067693988659858,False,0.017013445106169034,False,0,False
39.7748_32.3882,39.77477477477478,32.38823529411765,4.0,0.38881465248454394,0.008142248828549496,1.1445471876280577,35.30083857442348,35.25070430630228,0.00017810385198076948,False,-0.3634096760582359,False,-1.0437724654587632,False,0.028355741843615112,False,0,False
39.7748_32.4,39.77477477477478,32.4,3.0,0.38881465248454394,0.008142248828549496,1.1445471876280577,35.30083857442348,35.25070430630228,0.0003408115253185552,False,-0.36255760076515253,False,-1.003253042230905,False,0.017013445106169034,False,0,False
39.7748_32.4118,39.77477477477478,32.411764705882355,1.0,0.38881465248454394,0.008142248828549496,1.1445471876280577,35.30083857442348,35.25070430630228,0.0009054436133305595,False,-0.3664589240015026,False,-0.9884423066723425,False,0.01276008382962679,False,0,False
39.7748_32.4235,39.77477477477478,32.423529411764704,2.0,0.38881465248454394,0.008142248828549496,1.1445471876280577,35.30083857442348,35.25070430630228,0.0005832581124351529,False,-0.3633132533076239,False,-1.0067693988659858,False,0.01701344510616898,False,0,False
39.7748_32.4353,39.77477477477478,32.43529411764706,9.0,0.38881465248454394,0.008142248828549496,1.1445471876280577,35.30083857442348,35.25070430630228,0.0005606491919739905,False,-0.36745086669870153,False,-2.0086565340960165,True,0.11342296737446034,False,1,False
39.7748_32.5059,39.77477477477478,32.50588235294118,6.0,2.39636173436658,0.07397998261644605,9.095311368355345,26.723445143256463,26.87526908531897,0.00012575634434630037,False,-0.3956527720783503,False,-1.3332969662701264,False,1.6169173635146383,False,0,False
39.7748_32.6588,39.77477477477478,32.65882352941176,1.0,0.3768372023749077,0.003940126327761595,0.6729356649132426,57.72431865828092,57.74223003292201,0.009522997962963084,False,-0.4060012754267789,False,-1.0175336384308014,False,1.0696757614364405,False,0,False
39.7748_32.6706,39.77477477477478,32.67058823529412,9.9874213836478,1.7971974629545706,0.02556251553582295,3.9592656934542334,43.12358490566037,46.537964648984634,0.0014978224169313024,False,-0.36663431372205485,False,-1.0101696516633014,False,0.6032316330661085,False,0,False
39.7748_32.7294,39.77477477477478,32.72941176470588,6.9748427672955975,0.42235030013916314,0.012522567582912182,1.642418495612199,56.62368972746331,26.424922993253446,0.3493650357023787,True,-0.4040226611744912,False,-1.7696126842459112,True,0.5524594954066969,False,2,True
39.7748_32.7412,39.77477477477478,32.74117647058824,1.0,0.49809074573225515,0.014184636118598326,2.180682839173405,22.81341719077568,22.916735663851348,0.0003619122749909332,False,-0.39735345174279374,False,-0.9879510970725309,False,2.327381902140109,False,0,False
39.7748_32.7647,39.77477477477478,32.76470588235294,11.949685534591195,0.6336982690938715,0.017119414936530308,2.434882115564272,51.206848357791756,26.468857668200155,0.23469131347816571,False,-0.39693744808071,False,-1.4481832756046231,False,0.5345842868805195,False,0,False
39.7748_32.7765,39.77477477477478,32.77647058823529,35.918238993710695,1.7760872415672146,0.05086435334637098,7.1206327637512175,37.79965869615856,25.477892711175606,0.0900068956325643,False,-0.41306752588399803,False,-1.2655697807594013,False,0.768921567701418,False,0,False
39.7748_32.8118,39.77477477477478,32.811764705882354,161.22012578616352,20.170942100934163,0.2969379836472761,39.287948583368454,42.193561820277495,52.12318066103815,0.6184935450853034,True,-0.46407586125794126,False,-1.34111542797592,False,1.5974490355229907,False,1,False
39.7748_32.8235,39.77477477477478,32.8235294117647,17.930817610062892,6.5745074979154365,0.09127362675426691,11.122824159532064,50.65115969518485,60.21302265606794,0.016612728459685883,False,-0.38570832255751264,False,-1.0822954402990943,False,1.5334019799674692,False,0,False
39.7748_32.8353,39.77477477477478,32.83529411764706,6.0,0.12144870960746038,0.007253186823778837,1.020522582873483,12.120545073375263,12.190044354721708,0.005642248663134393,False,-0.44376376855284466,False,-1.0106828100741627,False,3.134829005369585,False,0,False
39.7748_33.0353,39.77477477477478,33.035294117647055,1.0,0.02897164070572922,0.0018412917107853294,0.20258461224437727,14.916122004357298,14.903252272526709,0.001950433331917617,False,-0.43334999875207514,False,-0.9962614896035396,False,34.86431461432371,True,1,False
39.7838_32.3765,39.78378378378378,32.37647058823529,2.0,0.38881465248454394,0.008142248828549496,1.1445471876280577,35.30083857442348,35.25070430630228,0.0005832581124351529,False,-0.3633132533076239,False,-1.0067693988659858,False,0.017013445106169034,False,0,False
39.7838_32.4118,39.78378378378378,32.411764705882355,1.0,0.38881465248454394,0.008142248828549496,1.1445471876280577,35.30083857442348,35.25070430630228,0.0009054436133305595,False,-0.3664589240015026,False,-0.9884423066723425,False,0.2982312877736242,False,0,False
39.7838_32.4235,39.78378378378378,32.423529411764704,1.0,0.38881465248454394,0.008142248828549496,1.1445471876280577,35.30083857442348,35.25070430630228,0.0009054436133305595,False,-0.3664589240015026,False,-0.9884423066723425,False,0.3488020151543767,False,0,False
39.7838_32.4471,39.78378378378378,32.44705882352941,4.0,0.38881465248454394,0.008142248828549496,1.1445471876280577,35.30083857442348,35.25070430630228,0.00017810385198076948,False,-0.3634096760582359,False,-1.0437724654587632,False,0.017013445106169034,False,0,False
39.7838_32.5059,39.78378378378378,32.50588235294118,6.0,2.39636173436658,0.07397998261644605,9.095311368355345,26.723445143256463,26.87526908531897,0.00012575634434630037,False,-0.3956527720783503,False,-1.3332969662701264,False,1.6169173635146383,False,0,False
39.7838_32.5176,39.78378378378378,32.51764705882353,48.38509316770186,125.02092544223395,0.4664399237192912,258.79479474886824,34.30475193007005,42.83987041713789,0.07997194174152793,False,-0.5308000161454383,False,-1.0673592297143553,False,3.2338347270292767,False,0,False
39.7838_32.6941,39.78378378378378,32.694117647058825,10.9874213836478,1.7349289866854622,0.024383221618922712,3.761235238274745,45.00724223365733,47.32706506306751,0.0002388939465707222,False,-0.3644022403248301,False,-0.999933588707448,False,0.740751812175519,False,0,False
39.7838_32.7059,39.78378378378378,32.705882352941174,3.106918238993711,15.544231166098909,0.16701398121974942,30.25909126678873,56.257686932215236,52.69450722963302,0.04602749107329986,False,-0.3863486596047297,False,-1.0800636498969933,False,0.568042166380398,False,0,False
39.7838_32.7882,39.78378378378378,32.78823529411765,19.949685534591193,2.0362286871088915,0.05727158412839922,8.039237480531984,40.01860587002096,25.857057147309785,0.08230100407575863,False,-0.3979237289715391,False,-1.0794155763684112,False,3.2718160884387384,False,0,False
39.7838_32.8,39.78378378378378,32.8,160.45911949685535,12.303660207527951,0.18454465792218758,24.820740816848712,38.867641766364834,50.20474741456959,0.7430547710111578,True,-0.47282109583654275,False,-1.4948477577367076,False,0.3956420649318975,False,1,False
39.7838_32.8118,39.78378378378378,32.811764705882354,99.20125786163523,12.856638468947688,0.18522098551712915,24.61565009108726,44.10497704707326,52.951179305539256,0.2137248573931706,False,-0.4223950998854731,False,-1.057555587640155,False,1.0816842325875438,False,0,False
39.7838_32.8235,39.78378378378378,32.8235294117647,23.92452830188679,11.940888451111618,0.1730998088885522,21.28280247594819,43.670291754018166,56.911811578223165,0.038582321835992174,False,-0.3810534993697849,False,-1.0402530885585626,False,0.6427221933518428,False,0,False
39.7838_32.8353,39.78378378378378,32.83529411764706,66.88050314465409,9.965740983991763,0.11070273356919753,14.131505991469117,52.4594509404435,72.30552483305198,0.15432008812110498,False,-0.45644593433348263,False,-1.1982398932250315,False,1.2063400819571908,False,0,False
39.7838_32.8471,39.78378378378378,32.84705882352941,114.76100628930817,11.271231201570972,0.12594538354196827,16.088013076040134,48.73099033251687,71.75528249933912,0.43170949565210553,True,-0.491075822680583,False,-1.4510241085568187,False,2.226715401992477,False,1,False
39.7838_32.8588,39.78378378378378,32.858823529411765,1.0,0.04799758068000168,0.0022393110698290314,0.3141371812041877,14.80168776371308,14.745924242870712,0.0019157654248532314,False,-0.4395949051100544,False,-1.0046190885171902,False,4.556315288625306,False,0,False
39.7838_32.8824,39.78378378378378,32.88235294117647,2.0,0.04799758068000168,0.0022393110698290314,0.3141371812041877,14.80168776371308,14.745924242870712,0.0023108110639853715,False,-0.43200226503741535,False,-1.0023471323884094,False,0.01701344510616909,False,0,False
39.7928_32.4,39.7927927927928,32.4,2.0,0.38881465248454394,0.008142248828549496,1.1445471876280577,35.30083857442348,35.25070430630228,0.0005832581124351529,False,-0.3633132533076239,False,-1.0067693988659858,False,1.2518270761814045,False,0,False
39.7928_32.4118,39.7927927927928,32.411764705882355,2.0,5.814537782892214,0.00875847078378718,14.791299066615526,12.93523206751055,13.052859055183108,0.0016821114975700353,False,-0.481411509286183,False,-1.0116737228534216,False,1.3905929682567042,False,0,False
39.7928_32.4235,39.7927927927928,32.423529411764704,1.0,0.38881465248454394,0.008142248828549496,1.1445471876280577,35.30083857442348,35.25070430630228,0.0009054436133305595,False,-0.3664589240015026,False,-0.9884423066723425,False,1.0429772497283272,False,0,False
39.7928_32.4588,39.7927927927928,32.45882352941177,1.0,0.38881465248454394,0.008142248828549496,1.1445471876280577,35.30083857442348,35.25070430630228,0.0009054436133305595,False,-0.3664589240015026,False,-0.9884423066723425,False,0.02552016765925358,False,0,False
39.7928_32.6824,39.7927927927928,32.68235294117647,56.15094339622642,5.703796919259731,0.06761169066497082,11.55002190998354,44.5744683812631,50.49751206120791,0.06664636795754648,False,-0.3879922524268877,False,-1.150130325402258,False,0.5614459361851803,False,0,False
39.7928_32.7059,39.7927927927928,32.705882352941174,20.30188679245283,11.242829655181085,0.12184171333430475,21.794238494441455,53.878161342469724,52.815761687977435,0.006536937302861226,False,-0.3702714016246724,False,-1.0528383542682698,False,0.20371184212492843,False,0,False
39.7928_32.7176,39.7927927927928,32.71764705882353,2.0,1.1131894744451674,0.01260572543916719,1.7834887587652712,63.84591194968554,64.4163980266426,0.012728399363542807,False,-0.4346988045689934,False,-1.0188874352528243,False,1.265669381708597,False,0,False
39.7928_32.7882,39.7927927927928,32.78823529411765,68.87421383647799,1.6388781026545731,0.04760400739212882,6.645416129726373,37.43995270152542,25.216733958435185,0.20940232956587632,False,-0.4514989537927326,False,-1.6234922241108287,False,2.521768808604737,False,0,False
39.7928_32.8,39.7927927927928,32.8,562.3899371069182,9.615450206583564,0.15346295977806493,19.820161284282317,37.70574454205861,49.29899411489314,11.631816447957549,True,-0.5892809380347619,True,-3.6741305343357262,True,8.342325004286964,False,3,True
39.7928_32.8118,39.7927927927928,32.811764705882354,44.886792452830186,11.95014014729448,0.1460486888322712,18.304073498795848,49.04832885567531,66.57092149488648,0.0805884149948665,False,-0.4107550646582191,False,-1.1743466448694642,False,2.4680878446835712,False,0,False
39.7928_32.8353,39.7927927927928,32.83529411764706,21.71069182389937,5.777541871760627,0.06384522989314033,8.154899043393675,52.95698761381014,72.60588422530667,0.09438791599187642,False,-0.4348121198938147,False,-1.1986223984998101,False,0.5977265015219536,False,0,False
39.7928_32.8471,39.7927927927928,32.84705882352941,42.42138364779874,5.874833925332009,0.06526274213020052,8.338849080998386,53.42897906891618,72.17141170206052,0.09829282595512819,False,-0.4383395605203463,False,-1.2366332169064456,False,1.529270228867899,False,0,False
39.7928_32.8824,39.7927927927928,32.88235294117647,1.0,0.04799758068000168,0.0022393110698290314,0.3141371812041877,14.80168776371308,14.745924242870712,0.0019157654248532314,False,-0.4395949051100544,False,-1.0046190885171902,False,0.01701344510616909,False,0,False
39.7928_32.9647,39.7927927927928,32.96470588235294,1.0,6.361598078542069,0.06900906254642696,9.696875154756599,66.79454926624739,66.94375215058393,0.027426610693482362,False,-0.45770413656931896,False,-0.9911662091186739,False,34.86431461432371,True,1,False
39.8018_32.3765,39.8018018018018,32.37647058823529,9.0,1.0579970131118892,0.030088160091181673,3.794801914537153,32.44170743070114,28.382610544030644,0.006631520237542839,False,-0.37672367716267635,False,-1.100358045104469,False,0.47733842017921435,False,0,False
39.8018_32.3882,39.8018018018018,32.38823529411765,7.0,0.38881465248454394,0.008142248828549496,1.1445471876280577,35.30083857442348,35.25070430630228,0.00016841431464027082,False,-0.36615502668500666,False,-1.6140800055746467,False,0.841274656698955,False,0,False
39.8018_32.4,39.8018018018018,32.4,6.0,5.814537782892213,0.00875847078378718,14.791299066615526,12.93523206751055,13.052859055183108,0.0032779050129583477,False,-0.49044483829448104,False,-1.0276053530812104,False,1.0439914750908044,False,0,False
39.8018_32.4118,39.8018018018018,32.411764705882355,2.0,5.814537782892214,0.00875847078378718,14.791299066615526,12.93523206751055,13.052859055183108,0.0016821114975700353,False,-0.481411509286183,False,-1.0116737228534216,False,1.0430206128651578,False,0,False
39.8018_32.4471,39.8018018018018,32.44705882352941,1.0,0.38881465248454394,0.008142248828549496,1.1445471876280577,35.30083857442348,35.25070430630228,0.0009054436133305595,False,-0.3664589240015026,False,-0.9884423066723425,False,0.00850672255308449,False,0,False
39.8018_32.5529,39.8018018018018,32.55294117647059,4.96875,43.634672361762334,0.16980369183663177,90.918670313951,37.45489583333334,42.92443807755996,0.04523900822484378,False,-0.4128182921310949,False,-1.476220215904321,False,0.8222494521040281,False,0,False
39.8018_32.5647,39.8018018018018,32.56470588235294,3.0,0.7260322123049497,0.01427334011222832,1.547395774488758,47.08280922431866,47.12974538965075,0.0033404773390576323,False,-0.3619140557105685,False,-1.027120471617491,False,1.0831273385893692,False,0,False
39.8018_32.6824,39.8018018018018,32.68235294117647,19.09433962264151,3.695011238218925,0.043098937277158356,7.388606797719845,49.943191450694805,51.21967898022987,0.0007456520151520547,False,-0.37107707206420976,False,-1.0416274579845886,False,0.6418665762918039,False,0,False
39.8018_32.6941,39.8018018018018,32.694117647058825,46.270440251572325,8.263822068635243,0.09411040023143205,16.418582022191874,47.0485206654082,51.468223701114226,0.028134592020976668,False,-0.378644441817275,False,-1.078509384607266,False,0.3200462820020431,False,0,False
39.8018_32.7059,39.8018018018018,32.705882352941174,12.20125786163522,11.91665691055126,0.12923384099336613,23.15081471757454,53.43890136767495,52.68589468514068,0.012038127008578507,False,-0.3685984813696052,False,-1.0774828258939713,False,0.3086303657909504,False,0,False
39.8018_32.7294,39.8018018018018,32.72941176470588,13.981132075471699,3.564803688869088,0.05258426088818609,7.542459771108082,43.25423711508617,48.26368756707965,0.003938864731390207,False,-0.36359278871279244,False,-1.0646955068040806,False,1.2876687325183518,False,0,False
39.8018_32.8,39.8018018018018,32.8,42.81761006289308,11.939021707911534,0.16810752106568827,22.826150042880673,46.960042586025885,53.40075641726223,0.01410228717681757,False,-0.37468303596404434,False,-1.0015273835418566,False,3.1634161598799695,False,0,False
39.8018_32.8353,39.8018018018018,32.83529411764706,3.742138364779874,6.4495246982133585,0.07360771011259853,9.421109242379762,56.21208944793851,70.0175520629796,0.054385744854570685,False,-0.4249012230595201,False,-1.1901358335538088,False,0.5478372248055562,False,0,False
39.8018_32.8588,39.8018018018018,32.858823529411765,2.0,0.04799758068000168,0.0022393110698290314,0.3141371812041877,14.80168776371308,14.745924242870712,0.0023108110639853715,False,-0.43200226503741535,False,-1.0023471323884094,False,4.512317943185984,False,0,False
39.8108_32.4471,39.81081081081081,32.44705882352941,2.0,0.38881465248454394,0.008142248828549496,1.1445471876280577,35.30083857442348,35.25070430630228,0.0005832581124351529,False,-0.3633132533076239,False,-1.0067693988659858,False,0.01701344510616909,False,0,False
39.8108_32.5647,39.81081081081081,32.56470588235294,57.6375,40.039697926610096,0.16700702700352568,83.88724727880876,38.601111392833,42.95217518188663,0.021332435113032885,False,-0.40628020064170195,False,-1.1684254317628073,False,1.0954542259936668,False,0,False
39.8108_32.5765,39.81081081081081,32.576470588235296,2.0,11.025987742449159,0.1441634360400601,30.520879034764466,44.7227463312369,42.76788329942295,0.024343479346035136,False,-0.3689579880567325,False,-1.3103201223409588,False,0.5847099259060033,False,0,False
39.8108_32.6471,39.81081081081081,32.64705882352941,8.0,6.8196372949752835,0.12935905689582702,18.219493585616746,43.00235849056604,38.38799699509707,0.019033042509009165,False,-0.377208743017319,False,-1.1943961046089542,False,0.9535859450778538,False,0,False
39.8108_32.7059,39.81081081081081,32.705882352941174,60.270440251572325,15.040455370141519,0.17691614380478385,29.80283052840884,49.58931441549366,51.5304998806672,0.038937763903991174,False,-0.38505254080336015,False,-1.0033616078171694,False,0.5266280899213909,False,0,False
39.8108_32.7176,39.81081081081081,32.71764705882353,4.9937106918239,4.198393075807943,0.06211879970295532,8.677930036345922,55.80721523410203,48.71917911987784,0.038381358949053465,False,-0.3776907637382837,False,-1.2233441390890152,False,0.9328656035267016,False,0,False
39.8108_32.7647,39.81081081081081,32.76470588235294,18.9874213836478,0.7219119323811972,0.02097990359117341,2.9264825362722333,36.394629748622386,26.18171947040223,0.04627580547880722,False,-0.39041716921338127,False,-1.1929177980325583,False,0.8158041160005817,False,0,False
39.8108_32.8824,39.81081081081081,32.88235294117647,11.0,3.4205086136177196,0.05244736122504779,7.3395679518731205,47.52777777777778,47.545873685016836,0.0018113913558456037,False,-0.3593529188927217,False,-0.9638197793685428,False,0.11909411574318335,False,0,False
39.8198_32.4,39.81981981981982,32.4,1.0,5.814537782892214,0.00875847078378718,14.791299066615526,12.93523206751055,13.052859055183108,0.0014825104031699818,False,-0.4850257448694242,False,-1.0102445945432579,False,34.86431461432371,True,1,False
39.8198_32.4235,39.81981981981982,32.423529411764704,2.0,0.38881465248454394,0.008142248828549496,1.1445471876280577,35.30083857442348,35.25070430630228,0.0005832581124351529,False,-0.3633132533076239,False,-1.0067693988659858,False,34.86431461432371,True,1,False
39.8198_32.5294,39.81981981981982,32.529411764705884,2.0,4.218997049952322,0.03765821532418051,6.278855653509571,68.02463312368972,67.85807049447187,0.02196077715622192,False,-0.4506487976098,False,-1.0002225562873133,False,1.2487464612737238,False,0,False
39.8198_32.5412,39.81981981981982,32.54117647058823,7.95625,54.30330198358289,0.2191497599455356,105.02272728592361,42.129726562500004,49.05329175097679,0.06417028960408028,False,-0.4080998541276185,False,-1.1799359760396695,False,1.8961520897293165,False,0,False
39.8198_32.6471,39.81981981981982,32.64705882352941,10.0,18.4285011681226,0.18629430252186693,44.124566511833855,50.65686582809224,48.51930177667132,0.028166938183199205,False,-0.3725593702969048,False,-1.007117759959476,False,0.23824739402763695,False,0,False
39.8198_32.6588,39.81981981981982,32.65882352941176,12.0,24.197731199635587,0.2486144229037792,57.37470724385298,50.46016771488469,48.79530718501579,0.03723819570224737,False,-0.38058017635380376,False,-1.0484162316268937,False,0.44375059609111284,False,0,False
39.8198_32.6941,39.81981981981982,32.694117647058825,13.974842767295597,12.03257794945605,0.14492852745824927,24.181179056898028,47.35867026055705,50.65854952546961,0.005241414942164198,False,-0.36804677972895516,False,-1.0378233201921094,False,0.4231988801775887,False,0,False
39.8198_32.7059,39.81981981981982,32.705882352941174,66.9496855345912,9.305016708555216,0.1118124069913375,18.153447686706144,51.362965181554124,52.24249330056383,0.07850745236437351,False,-0.39044493382961953,False,-1.0213596449985238,False,0.6888232446910397,False,0,False
39.8198_32.7176,39.81981981981982,32.71764705882353,48.84276729559748,19.788005905569012,0.2422338268529374,39.774705399662295,48.997399227333595,50.75699249045471,0.008312506654549731,False,-0.3764761165867465,False,-1.0158585422388844,False,0.5609112224625635,False,0,False
39.8198_32.7294,39.81981981981982,32.72941176470588,63.15723270440252,17.46038123608659,0.21480838899836135,35.557997212731415,47.18704587930927,50.07342377405575,0.03856284379413913,False,-0.37987315993149096,False,-1.0010096591356972,False,0.7715671036636542,False,0,False
39.8198_32.7412,39.81981981981982,32.74117647058824,27.9937106918239,16.28936870533784,0.19391833487496285,32.90827841614807,48.13437572792919,50.36747902544271,0.0004454524612159594,False,-0.3715931082042598,False,-0.9970781028637017,False,0.5025561853295499,False,0,False
39.8198_32.7529,39.81981981981982,32.752941176470586,5.987421383647798,1.0111937669660338,0.019019678858315264,2.731912087676905,33.16963661774982,38.04610856283548,0.006981411534908014,False,-0.37643256225608535,False,-2.6274585069796106,True,0.9017791928271224,False,1,False
39.8198_32.7647,39.81981981981982,32.76470588235294,10.0,0.8266816372795263,0.01590773455484613,2.2319750895423076,31.812106918238992,38.60032759927941,0.015037650796967852,False,-0.37893823554614986,False,-1.9890978056392434,True,0.8037674475371562,False,1,False
39.8198_32.8706,39.81981981981982,32.870588235294115,4.0,3.4205086136177196,0.05244736122504779,7.3395679518731205,47.52777777777778,47.545873685016836,0.005894586001679024,False,-0.3602790844741056,False,-0.956945771266945,False,0.05954705787159165,False,0,False
39.8288_32.4471,39.828828828828826,32.44705882352941,4.0,0.38881465248454394,0.008142248828549496,1.1445471876280577,35.30083857442348,35.25070430630228,0.00017810385198076948,False,-0.3634096760582359,False,-1.0437724654587632,False,34.86431461432371,True,1,False
39.8288_32.5294,39.828828828828826,32.529411764705884,8.0,4.218997049952322,0.03765821532418051,6.278855653509571,68.02463312368972,67.85807049447187,0.013695176963441904,False,-0.44696405783140397,False,-1.0015334686585766,False,1.675994939473991,False,0,False
39.8288_32.5529,39.828828828828826,32.55294117647059,12.89375,36.270949656893585,0.1274740141053847,68.29503231550939,49.15589171245421,52.03901835681195,0.018544388454240255,False,-0.3814072548907676,False,-1.1644657841854889,False,0.40625870895509875,False,0,False
39.8288_32.5765,39.828828828828826,32.576470588235296,9.9375,96.18791053242697,0.4941512100410675,199.53670105653924,35.58380898268398,43.855305737621805,0.20684528590920773,False,-0.4915025513037367,False,-1.104117458458243,False,0.0,False,0,False
39.8288_32.6,39.828828828828826,32.6,19.9874213836478,8.017863866868378,0.07083369873215212,19.78820219613037,48.44861984626135,43.832348351220915,0.015437005036310845,False,-0.3697312570769002,False,-1.137423789273384,False,34.86431461432371,True,1,False
39.8288_32.6471,39.828828828828826,32.64705882352941,17.0,15.283312124337899,0.14157490745614118,38.35202807142573,49.98039215686275,47.04560671610663,0.015122087312598472,False,-0.36745251204971496,False,-1.0299565967305484,False,0.35654409568461937,False,0,False
39.8288_32.6588,39.828828828828826,32.65882352941176,22.0,20.87263418494756,0.21803775025815256,49.002999066474366,50.8273299028016,49.05176859172504,0.015871233430462966,False,-0.3724298880848586,False,-1.013057446426594,False,0.20749564673309523,False,0,False
39.8288_32.6824,39.828828828828826,32.68235294117647,6.968553459119497,11.302610197633188,0.1897666618690664,26.689684444356672,40.105720275531596,43.1024240383128,0.013637430187693462,False,-0.37297770772166855,False,-1.2029834694828687,False,0.5162312197565101,False,0,False
39.8288_32.6941,39.828828828828826,32.694117647058825,48.893081761006286,15.737761359675952,0.21355733963866427,33.772692193815935,44.370420731185554,47.56662926678349,0.013757016159506303,False,-0.3734616050130591,False,-1.0067775587873689,False,0.6272562107294266,False,0,False
39.8288_32.7059,39.828828828828826,32.705882352941174,5.0,9.843143137540945,0.13003811370022034,18.585419900354907,57.35702306079664,53.9287556170421,0.03271766593456362,False,-0.38172767347782754,False,-1.175392879177254,False,0.8224305787299557,False,0,False
39.8288_32.7176,39.828828828828826,32.71764705882353,16.0,11.573487881318007,0.1331099947350983,19.062513142174453,51.90231918238994,62.53098044367522,0.024261054568873796,False,-0.3859424969893214,False,-1.067237217314839,False,0.7462936919630853,False,0,False
39.8288_32.7294,39.828828828828826,32.72941176470588,13.9937106918239,13.33216572353741,0.18408687406263868,26.283022833255178,47.649417144700166,51.74885911543807,0.009052399406438231,False,-0.3724194799963437,False,-1.0176974835571688,False,0.31883899147114564,False,0,False
39.8288_32.7412,39.828828828828826,32.74117647058824,25.9811320754717,5.56576508317654,0.07791681927868517,11.124363812236382,41.61646263225426,51.1530526479604,0.0237350697684994,False,-0.37997140876406094,False,-1.0687670853736857,False,0.44411249223830207,False,0,False
39.8288_32.7529,39.828828828828826,32.752941176470586,49.905660377358494,8.452693972317551,0.09253813021620096,17.758648237155253,47.88573875751549,48.448517410868995,0.03686185709163702,False,-0.38133582881327166,False,-1.096650277853827,False,0.6297531551585319,False,0,False
39.8288_32.7647,39.828828828828826,32.76470588235294,28.40880503144654,13.555146150623012,0.1547453526114218,27.800695581481968,49.7470620590158,49.68908951611874,0.0030266140745930886,False,-0.371351381499166,False,-1.003102708034921,False,0.7677693760372306,False,0,False
39.8288_32.8118,39.828828828828826,32.811764705882354,22.61006289308176,35.15147063824449,0.4622381130431638,69.64007626884253,50.03208068516723,51.733554986585396,0.04998756408065689,False,-0.3931751927321242,False,-1.0147204778215588,False,0.9542689506796855,False,0,False
39.8288_32.8471,39.828828828828826,32.84705882352941,6.0,3.4205086136177196,0.05244736122504779,7.3395679518731205,47.52777777777778,47.545873685016836,0.004329264391118283,False,-0.3582529750337854,False,-0.9511958601326835,False,1.003440421401967,False,0,False
39.8288_32.8706,39.828828828828826,32.870588235294115,4.0,3.4205086136177196,0.05244736122504779,7.3395679518731205,47.52777777777778,47.545873685016836,0.005894586001679024,False,-0.3602790844741056,False,-0.956945771266945,False,0.0,False,0,False
39.8378_32.4,39.83783783783784,32.4,1.0,5.814537782892214,0.00875847078378718,14.791299066615526,12.93523206751055,13.052859055183108,0.0014825104031699818,False,-0.4850257448694242,False,-1.0102445945432579,False,0.01701344510616909,False,0,False
39.8378_32.5294,39.83783783783784,32.529411764705884,39.7625,57.01612547457023,0.2032389641120369,107.81986504209299,49.1217646780303,52.71352161978443,0.0028103918338669115,False,-0.3971958760353753,False,-1.1047991374129797,False,1.100647006357047,False,0,False
39.8378_32.5412,39.83783783783784,32.54117647058823,12.90625,46.68082389353621,0.18935436977401993,89.90329460041623,45.75118704212454,50.35769649736757,0.034781657409669035,False,-0.39478668280464896,False,-1.177642445335483,False,0.622924799333309,False,0,False
39.8378_32.5529,39.83783783783784,32.55294117647059,8.0,15.285632343772667,0.1674767939400323,33.395239386575305,47.95975570696483,51.277897275455594,0.017169063179522832,False,-0.37101150816792483,False,-1.0535931275628072,False,0.5824139144470654,False,0,False
39.8378_32.5765,39.83783783783784,32.576470588235296,9.9375,96.18791053242697,0.4941512100410675,199.53670105653924,35.58380898268398,43.855305737621805,0.20684528590920773,False,-0.4915025513037367,False,-1.104117458458243,False,0.43430515965263417,False,0,False
39.8378_32.6588,39.83783783783784,32.65882352941176,10.0,21.83385215209501,0.216437333562646,52.84258233654475,50.0562893081761,48.22405606720268,0.034223425143953316,False,-0.3754544766701018,False,-1.0272631040231648,False,0.6022732897693176,False,0,False
39.8378_32.6706,39.83783783783784,32.67058823529412,48.937106918238996,12.78929317343189,0.1886904302659147,30.526407947023788,42.788527360629786,44.245806749918756,0.02014234432221494,False,-0.37906468376662117,False,-1.0384044894355173,False,0.5938972221159527,False,0,False
39.8378_32.6824,39.83783783783784,32.68235294117647,5.981132075471698,9.976948506848768,0.14292392430645426,22.57813215338476,39.736285814116,45.2991986362698,0.014769087085433515,False,-0.37124435429434793,False,-1.2062521002538962,False,0.5088495578917085,False,0,False
39.8378_32.7059,39.83783783783784,32.705882352941174,18.9811320754717,10.757476462422474,0.1475073596170898,20.992111517850585,46.724635882158225,52.176789554669405,0.004212485621848925,False,-0.3672342094926845,False,-1.0412002427683476,False,0.2071710635763884,False,0,False
39.8378_32.7176,39.83783783783784,32.71764705882353,30.9937106918239,9.313741793009605,0.1288394056227545,18.377871227609933,48.69422465679313,51.74861960627314,0.00228793415065987,False,-0.36936973289124597,False,-1.0204743923323136,False,0.3366576802317353,False,0,False
39.8378_32.7294,39.83783783783784,32.72941176470588,3.0,7.218016503560974,0.1048688364838971,14.85780393758863,50.42819706498952,49.625654937012804,0.016560447697477207,False,-0.37361203725973713,False,-1.0264142374781942,False,0.6030467832781623,False,0,False
39.8378_32.7412,39.83783783783784,32.74117647058824,4.0,0.7518587444356478,0.009611792248896663,1.4635192567209305,54.7684748427673,53.98182748274471,0.006969343577293989,False,-0.37983014936666065,False,-0.9867937174912006,False,1.0693538326128202,False,0,False
39.8378_32.7647,39.83783783783784,32.76470588235294,19.08805031446541,11.497062795402137,0.13178642994409692,24.60088023858741,47.630082536159115,47.70523157665087,0.002834896873204824,False,-0.3642502171299365,False,-1.0224678776610674,False,0.6506279405098812,False,0,False
39.8378_32.7765,39.83783783783784,32.77647058823529,32.716981132075475,9.123963889509023,0.10692674456239074,19.410212550559056,47.28536062223632,47.90662731850941,0.006490506723653334,False,-0.37141992773368165,False,-1.0516884231044636,False,0.2239810329154575,False,0,False
39.8378_32.7882,39.83783783783784,32.78823529411765,29.0251572327044,11.025559303026164,0.1456575486848167,23.181451746676657,47.9861227848142,48.26810042731817,0.0026906766392176457,False,-0.36856369147147405,False,-1.0313493019486133,False,0.652677487457506,False,0,False
39.8378_32.8,39.83783783783784,32.8,26.81761006289308,16.876802682467424,0.22680062055952616,29.169423164868387,52.41554293598319,58.964271870681316,0.005419080774670172,False,-0.38322119645481584,False,-1.0344517460649851,False,0.7503363211047648,False,0,False
39.8378_32.8235,39.83783783783784,32.8235294117647,18.855345911949687,23.805252624229475,0.2899318443759914,44.46056591378342,46.98360550222516,55.12678269938731,0.0254208834272924,False,-0.3796403918236623,False,-1.0769438597367815,False,0.8457082998707439,False,0,False
39.8378_32.8471,39.83783783783784,32.84705882352941,1.9119496855345912,15.250114804831787,0.2889627633023859,23.866163522012577,66.08045073375261,66.26300820608454,0.07452992634307999,False,-0.4638525280290157,False,-1.260475827824266,False,1.5947627566413258,False,0,False
39.8378_32.8588,39.83783783783784,32.858823529411765,4.0,3.4205086136177196,0.05244736122504779,7.3395679518731205,47.52777777777778,47.545873685016836,0.005894586001679024,False,-0.3602790844741056,False,-0.956945771266945,False,0.854036664366702,False,0,False
39.8378_32.9176,39.83783783783784,32.917647058823526,37.0314465408805,15.655264040806067,0.22551223114358596,31.38876565646955,45.4815867945709,51.58895157674988,0.004135542518308552,False,-0.3735917735450299,False,-1.0561739288376977,False,34.86431461432371,True,1,False
39.8378_33.0118,39.83783783783784,33.01176470588235,13.0,20.07961497932064,0.1523829914154397,35.976488061810834,52.811240122560875,57.006658762964996,0.013432085180075668,False,-0.37836510493164677,False,-1.0751386436036607,False,34.86431461432371,True,1,False
39.8468_32.4118,39.84684684684685,32.411764705882355,2.0,5.814537782892214,0.00875847078378718,14.791299066615526,12.93523206751055,13.052859055183108,0.0016821114975700353,False,-0.481411509286183,False,-1.0116737228534216,False,0.7411031407621035,False,0,False
39.8468_32.4235,39.84684684684685,32.423529411764704,15.05625,21.127430221958093,0.07709225352917103,48.60005801413649,33.12873741319444,39.84798501456529,0.012795418102118502,False,-0.41059302378663204,False,-1.5172311329308672,False,2.227311261948489,False,0,False
39.8468_32.5529,39.84684684684685,32.55294117647059,6.95,55.25849914265537,0.18110436556682907,105.32488421685282,46.079032738095236,51.844856205527165,0.061363644238239236,False,-0.3987677952950945,False,-1.192891002787755,False,0.4695553549085875,False,0,False
39.8468_32.5882,39.84684684684685,32.588235294117645,10.93125,75.71727923153017,0.3485352159140694,153.8058711619054,41.856025883838385,45.541135717709025,0.11075754219127014,False,-0.4440804700869465,False,-1.2477843378195437,False,0.3523075034998434,False,0,False
39.8468_32.6,39.84684684684685,32.6,19.875,96.18791053242697,0.4941512100410675,199.53670105653924,35.58380898268398,43.855305737621805,0.15452975518753517,False,-0.48974385826729805,False,-1.0872046646820208,False,0.8033659728415206,False,0,False
39.8468_32.6235,39.84684684684685,32.62352941176471,1.9875,60.12454306782156,0.5531872735507246,110.82690075860508,36.49166666666667,56.068204119243944,0.2645690943304131,False,-0.4775887175653433,False,-1.208915788193967,False,0.5411105497209192,False,0,False
39.8468_32.6353,39.84684684684685,32.63529411764706,9.925,63.13637228844675,0.5549556721365447,117.87527615269782,42.92635416666667,55.844032434629455,0.181080403896366,False,-0.44203513076231515,False,-1.1330798966275344,False,0.5890369338880733,False,0,False
39.8468_32.6471,39.84684684684685,32.64705882352941,15.9874213836478,17.257400195809254,0.23169993556622798,44.71207937239089,38.683615977837675,42.08037752470315,0.00933223054860699,False,-0.3860855065380402,False,-1.227512307305234,False,0.7939131308833646,False,0,False
39.8468_32.6588,39.84684684684685,32.65882352941176,2.0,10.154652475407193,0.1965005644250927,27.678600225770037,37.331761006289305,37.69559195235911,0.01986463567439311,False,-0.3900080934348146,False,-1.3812603917518491,False,0.8601580537980051,False,0,False
39.8468_32.6706,39.84684684684685,32.67058823529412,38.43396226415094,14.953738920550345,0.2034433307661713,37.16317868398186,41.45433763426607,44.008673543661985,0.00404602338100751,False,-0.37707520837742897,False,-1.0501265351737965,False,0.3426138596717471,False,0,False
39.8468_32.6824,39.84684684684685,32.68235294117647,13.949685534591195,11.2237664961711,0.19592829057399108,27.563563411811433,36.549565738244986,41.87453865632754,0.008712340493416189,False,-0.37905378005282253,False,-1.1359269805940584,False,0.6200998903806683,False,0,False
39.8468_32.7059,39.84684684684685,32.705882352941174,18.9748427672956,16.290705372991948,0.19762142011089465,37.90182061708761,47.834993931369304,46.816771257686625,0.010536260992263824,False,-0.36960570639668344,False,-1.0225570811874456,False,0.3843811856041367,False,0,False
39.8468_32.7176,39.84684684684685,32.71764705882353,31.9811320754717,20.19409012152038,0.2380597827020104,45.37865748129575,40.30580823483699,47.84762089856467,0.008163334507803287,False,-0.3796477281680752,False,-1.0350067473887672,False,0.5396510482636072,False,0,False
39.8468_32.7294,39.84684684684685,32.72941176470588,4.0,5.815839047491,0.09054974067298718,12.241114298092294,32.824947589098535,48.34425380121226,0.07694858657713904,False,-0.38538930330793997,False,-1.5859233559109276,False,1.4709222002092377,False,0,False
39.8468_32.7412,39.84684684684685,32.74117647058824,4.0,23.34400708450806,0.4345524207593173,30.4262741270874,48.780660377358494,79.50498265407313,0.3231936987426957,False,-0.4763112813359437,False,-1.2712437481301566,False,1.245632303378106,False,0,False
39.8468_32.7529,39.84684684684685,32.752941176470586,10.0,23.32708884551435,0.4332488187009983,30.33451312079809,55.06236897274633,79.68594208725273,0.2048278750149453,False,-0.47543280191343906,False,-1.2388082526026225,False,1.2827605122845773,False,0,False
39.8468_32.8,39.84684684684685,32.8,46.459119496855344,35.742166508149865,0.4817097723039689,68.64434551407507,49.457845465628914,53.3084100638365,0.0062011443688418455,False,-0.39233255878461,False,-0.96054779171048,False,0.8219942203708893,False,0,False
39.8468_32.8118,39.84684684684685,32.811764705882354,42.880503144654085,16.002157108147426,0.21352452688987866,33.94798051911891,42.66972545082173,51.50022236757396,0.017982850573520958,False,-0.374683296036665,False,-1.0055286371346244,False,1.060719936664885,False,0,False
39.8468_32.8235,39.84684684684685,32.8235294117647,64.51572327044025,51.98933714448301,0.7598181654918962,93.95795557474591,48.325541515226014,57.54039185177416,0.016642589905561143,False,-0.4480538025854218,False,-1.0288450355866787,False,1.902399110951695,False,0,False
39.8468_32.8353,39.84684684684685,32.83529411764706,50.666666666666664,31.164721489357426,0.39234988377271834,58.132539050933865,45.96017000575428,56.41738309918909,0.012619122931454278,False,-0.3890329592564063,False,-0.9831391847380753,False,0.3478399313355909,False,0,False
39.8468_32.8471,39.84684684684685,32.84705882352941,58.15094339622642,38.039438384642374,0.46456971018420246,71.35320691639515,48.52839524752088,56.272457726148595,0.0025003270051474746,False,-0.39635045772898175,False,-0.9766317021586159,False,1.2787535864398947,False,0,False
39.8468_32.8588,39.84684684684685,32.858823529411765,16.81761006289308,5.928816020406941,0.10394066910246995,10.77645912605008,51.37118633616969,56.833584820287406,0.003540457276798496,False,-0.37910017982433364,False,-1.0679867887709114,False,0.5459075335733701,False,0,False
39.8468_32.9529,39.84684684684685,32.95294117647059,26.955974842767297,7.627761837327295,0.06998869244181946,15.111525657951134,43.37376737324326,50.776634020601456,0.013956687523653666,False,-0.37015478769698906,False,-1.0798806765457176,False,0.20850970075807174,False,0,False
39.8468_32.9647,39.84684684684685,32.96470588235294,35.937106918238996,7.551947761529708,0.06874280866141756,15.208927901121761,41.70487286996721,49.93178066396633,0.02859525198140553,False,-0.37727534772619226,False,-1.110711752910497,False,0.17982859528464143,False,0,False
39.8559_32.4235,39.85585585585586,32.423529411764704,1.0,5.814537782892214,0.00875847078378718,14.791299066615526,12.93523206751055,13.052859055183108,0.0014825104031699818,False,-0.4850257448694242,False,-1.0102445945432579,False,1.1150491697358176,False,0,False
39.8559_32.4706,39.85585585585586,32.47058823529412,1.0,0.38881465248454394,0.008142248828549496,1.1445471876280577,35.30083857442348,35.25070430630228,0.0009054436133305595,False,-0.3664589240015026,False,-0.9884423066723425,False,34.86431461432371,True,1,False
39.8559_32.4941,39.85585585585586,32.49411764705882,1.0,0.38881465248454394,0.008142248828549496,1.1445471876280577,35.30083857442348,35.25070430630228,0.0009054436133305595,False,-0.3664589240015026,False,-0.9884423066723425,False,34.86431461432371,True,1,False
39.8559_32.5294,39.85585585585586,32.529411764705884,4.0,4.218997049952322,0.03765821532418051,6.278855653509571,68.02463312368972,67.85807049447187,0.01888662143684668,False,-0.44736362125790047,False,-1.0008302941610943,False,0.0,False,0,False
39.8559_32.5765,39.85585585585586,32.576470588235296,1.0,1.31382883915158,0.012623176227942819,2.24849132992132,52.72222222222223,54.02120637671767,0.00666883968184684,False,-0.381064554591676,False,-1.0285041485927997,False,1.9751331068317692,False,0,False
39.8559_32.5882,39.85585585585586,32.588235294117645,47.66875,60.22001485126873,0.23317046422880278,117.70969993527824,45.45212394593254,48.58915153814122,0.00028539427309732965,False,-0.4139777460676311,False,-1.1255855677351776,False,0.6842273114069433,False,0,False
39.8559_32.6118,39.85585585585586,32.61176470588235,19.875,96.18791053242697,0.4941512100410675,199.53670105653924,35.58380898268398,43.855305737621805,0.15452975518753517,False,-0.48974385826729805,False,-1.0872046646820208,False,0.5859424616082177,False,0,False
39.8559_32.6353,39.85585585585586,32.63529411764706,22.84375,62.5949476698391,0.5099036609480224,129.73202701201677,34.428996829710144,54.29614648646314,0.17023903779962354,False,-0.4646167633653345,False,-1.1329997374988827,False,0.5678758093258751,False,0,False
39.8559_32.6471,39.85585585585586,32.64705882352941,16.89375,50.887775747625085,0.5293056596216383,93.05152871200531,49.61757046568628,55.81603685743992,0.10349069867229758,False,-0.4231271275807235,False,-1.0348562794739151,False,1.1971448856970122,False,0,False
39.8559_32.6588,39.85585585585586,32.65882352941176,9.0,10.154652475407193,0.1965005644250927,27.678600225770037,37.331761006289305,37.69559195235911,0.009638013221996623,False,-0.3869818500168645,False,-1.3809492782796213,False,0.947133065148861,False,0,False
39.8559_32.6706,39.85585585585586,32.67058823529412,34.9559748427673,30.94288229738261,0.37441179184823203,74.50181242534605,45.101781970649895,45.933451803009525,0.010956267015460342,False,-0.3873742221215442,False,-1.0371399339976848,False,0.5978539412708421,False,0,False
39.8559_32.6824,39.85585585585586,32.68235294117647,28.91194968553459,27.888723466035007,0.2738243519075273,71.73295754955534,43.92389937106918,45.38531333465879,0.007269040395286835,False,-0.379869355970903,False,-1.0710578688608146,False,0.6892458646506591,False,0,False
39.8559_32.6941,39.85585585585586,32.694117647058825,26.92452830188679,26.651387732799755,0.25816818170213557,67.67789228138604,43.08590340864974,45.73788715521965,0.006279339723818213,False,-0.3815040884751073,False,-1.0620691196280152,False,0.4969974815968276,False,0,False
39.8559_32.7059,39.85585585585586,32.705882352941174,22.949685534591193,31.03715301313987,0.3702815718085315,78.72449237718014,48.419578889800384,42.70582205681178,0.0594059318031038,False,-0.39588398568807076,False,-1.2166615917882013,False,0.8988453515465464,False,0,False
39.8559_32.7176,39.85585585585586,32.71764705882353,28.29559748427673,33.30676931670537,0.4631587582229123,62.056812491102555,49.99387694567789,55.13044122864515,0.03144621592824818,False,-0.39637548521393945,False,-0.9937071007589836,False,0.9194098569082615,False,0,False
39.8559_32.7294,39.85585585585586,32.72941176470588,3.452830188679245,84.23021004650548,0.8757873340650196,122.22850872691549,40.43171608265948,51.708596562290495,0.3726394917501478,True,-0.5096984712767445,False,-1.0261865937318044,False,2.7872260067441146,False,1,False
39.8559_32.7412,39.85585585585586,32.74117647058824,14.0,11.660481985890593,0.20694000208432026,17.861448930012525,39.663110212638514,66.67005595917024,0.21130631171415085,False,-0.4263796883419329,False,-1.6042788163695019,False,0.98371043900934,False,0,False
39.8559_32.7529,39.85585585585586,32.752941176470586,4.0,23.34400708450806,0.4345524207593173,30.4262741270874,48.780660377358494,79.50498265407313,0.3231936987426957,False,-0.4763112813359437,False,-1.2712437481301566,False,0.7656883960787705,False,0,False
39.8559_32.8,39.85585585585586,32.8,64.27672955974843,34.63604599599248,0.45887029068769514,66.67136466045697,50.92339869506906,53.23020595140821,0.005240427347277164,False,-0.4041250461652792,False,-0.9664827550997641,False,0.762295478139146,False,0,False
39.8559_32.8118,39.85585585585586,32.811764705882354,67.89308176100629,60.711986052211174,0.41060031173136535,137.53768396743868,39.84219694166975,48.936839345527794,0.010893357492133009,False,-0.44627290629045,False,-1.1016203360860686,False,0.9270276999783886,False,0,False
39.8559_32.8235,39.85585585585586,32.8235294117647,63.924528301886795,25.364431421645207,0.37106441418299524,43.56393822731534,46.46670647879374,60.975058361109774,0.046012254469948756,False,-0.4061327492713244,False,-1.056669256183996,False,0.6133926475620917,False,0,False
39.8559_32.8353,39.85585585585586,32.83529411764706,11.974842767295597,17.567492475753316,0.27198775491827076,32.12169544362576,44.06105870020964,57.3340435565523,0.05783869412877398,False,-0.3882733198200923,False,-1.1807187439594802,False,0.8561890403465098,False,0,False
39.8559_32.8471,39.85585585585586,32.84705882352941,48.503144654088054,21.13207334805,0.2542744693551471,40.09933177636709,44.60894490355407,55.23672489247984,0.02376120366916294,False,-0.38372051967806625,False,-1.0010662795576553,False,0.3566493516521825,False,0,False
39.8559_32.8588,39.85585585585586,32.858823529411765,11.880503144654089,19.54132557512426,0.14468181874697747,39.8295196989207,40.977373691996334,50.54729989252238,0.02824610236398496,False,-0.3714801343179627,False,-1.0669519460963472,False,0.6344769119235839,False,0,False
39.8559_32.8706,39.85585585585586,32.870588235294115,8.0,3.4205086136177196,0.05244736122504779,7.3395679518731205,47.52777777777778,47.545873685016836,0.003082898435672781,False,-0.35933979431700064,False,-0.9562502681486993,False,0.6407701155957686,False,0,False
39.8559_32.9647,39.85585585585586,32.96470588235294,23.962264150943398,7.585237753476748,0.07014487665616037,15.375193543525027,39.57368972746331,49.61654578749433,0.026816466207456785,False,-0.37689661533546537,False,-1.0703406331938927,False,0.14789806649950799,False,0,False
39.8649_32.5412,39.86486486486486,32.54117647058823,4.0,4.218997049952322,0.03765821532418051,6.278855653509571,68.02463312368972,67.85807049447187,0.01888662143684668,False,-0.44736362125790047,False,-1.0008302941610943,False,0.0,False,0,False
39.8649_32.6353,39.86486486486486,32.63529411764706,24.664596273291924,99.1649915640779,0.2802577637212788,207.3191787790009,25.348422314745296,43.615297733164056,0.15969321404967243,False,-0.5157266829988778,False,-1.1290799967670324,False,1.5304792126268394,False,0,False
39.8649_32.6471,39.86486486486486,32.64705882352941,14.9937106918239,40.17003483381028,0.42235704431206467,81.43918409520366,43.4656933213537,54.936783334392324,0.08408974740083143,False,-0.40233937612675097,False,-1.0911120399033956,False,0.8983491404850854,False,0,False
39.8649_32.6588,39.86486486486486,32.65882352941176,9.93125,62.09499594561269,0.5544554666122409,115.57502780288078,39.709010416666665,55.893102245823755,0.1983838663678358,False,-0.4529043203431014,False,-1.1913269217472982,False,1.094073263754374,False,0,False
39.8649_32.6706,39.86486486486486,32.67058823529412,6.0,10.154652475407193,0.1965005644250927,27.678600225770037,37.331761006289305,37.69559195235911,0.013542417933207969,False,-0.3860605814125429,False,-1.369068598795979,False,1.2427363970254746,False,0,False
39.8649_32.6824,39.86486486486486,32.68235294117647,44.911949685534594,52.40324047426943,0.5665546731956294,126.70996339139919,44.78061052125366,46.72472498397148,0.03327591365381582,False,-0.428005126650033,False,-1.044278558872481,False,1.7330826285409386,False,0,False
39.8649_32.6941,39.86486486486486,32.694117647058825,2.9874213836477987,0.6596576864107137,0.03391845802434364,7.219812885259238,7.611111111111112,8.89527550719113,0.005582433983245947,False,-0.4816625742493118,False,-1.0238295240402144,False,3.2718707790790846,False,0,False
39.8649_32.7059,39.86486486486486,32.705882352941174,20.17610062893082,25.351118331103045,0.26898140369829915,65.90369934190721,44.249632170764244,43.57346842982852,0.019158552333216575,False,-0.3806292471461611,False,-1.1235371221715513,False,0.803652652959388,False,0,False
39.8649_32.7412,39.86486486486486,32.74117647058824,18.9811320754717,8.279930035588173,0.177319432585421,17.560462631363002,47.8462740613684,48.41857843496578,0.0033842243066797974,False,-0.3764185543928873,False,-1.0216989527645932,False,1.7078386453782723,False,0,False
39.8649_32.7647,39.86486486486486,32.76470588235294,18.61006289308176,19.335210392278384,0.3611210634755448,26.358800408392426,47.526727937119894,76.03645252923394,0.22743399929546715,False,-0.44996530185086525,False,-1.2910966500335814,False,0.33696152656054784,False,0,False
39.8649_32.8,39.86486486486486,32.8,46.465408805031444,32.43656597928454,0.4344664818612519,61.97242274360977,49.769581283063154,53.6068685998193,0.0026020043686244072,False,-0.39119229802419103,False,-0.9605681103993519,False,0.4166395135717347,False,0,False
39.8649_32.8118,39.86486486486486,32.811764705882354,13.9874213836478,38.6509531313802,0.1926615979312109,81.0255838484077,38.38555705300988,57.516263294437074,0.12127348047868468,False,-0.40796775006211466,False,-1.2016339708897241,False,1.2652599695133135,False,0,False
39.8649_32.8235,39.86486486486486,32.8235294117647,71.9245283018868,30.41294120941427,0.2669995724064698,64.01795674119627,42.51583391567668,56.82609162751657,0.07646070158953515,False,-0.4038082576051517,False,-1.072366854119426,False,0.5485432974758384,False,0,False
39.8649_32.8353,39.86486486486486,32.83529411764706,25.465408805031448,22.334027775513402,0.3690430491673241,46.36555241401762,43.22414803487917,50.442471819321135,0.01740718740607123,False,-0.38963437303505305,False,-1.0903374115291247,False,0.6442993933115393,False,0,False
39.8649_32.8471,39.86486486486486,32.84705882352941,17.29559748427673,8.582239748493809,0.1575320112582948,14.118507859570606,62.70237013743303,63.269692252122766,0.010790760846322717,False,-0.42051566044234356,False,-1.0328075291085035,False,1.5241096990412362,False,0,False
39.8649_32.8588,39.86486486486486,32.858823529411765,61.83647798742138,11.519262212966854,0.14407217199139283,22.684453063232297,44.07803588737855,52.198989597564996,0.06573714988178861,False,-0.3845646675270594,False,-1.0344514124092532,False,0.5774381602669173,False,0,False
39.8649_32.8706,39.86486486486486,32.870588235294115,3.9874213836477987,21.847700397256716,0.11634239754576667,45.826926430008974,34.018081761006286,48.4197774153688,0.07503001022174227,False,-0.3993520237432851,False,-1.2284697526256951,False,1.1524520316080653,False,0,False
39.8649_32.9412,39.86486486486486,32.94117647058823,32.9748427672956,6.356375122074485,0.06277991074607374,10.819255637371267,55.80712919697956,59.543867049445566,0.006121192989911771,False,-0.39979172207090247,False,-1.1518822941621096,False,0.6715235894051054,False,0,False
39.8649_32.9529,39.86486486486486,32.95294117647059,15.974842767295597,7.585237753476748,0.07014487665616037,15.375193543525027,39.57368972746331,49.61654578749433,0.024900914701934868,False,-0.3757767516143247,False,-1.0947849523955713,False,0.9809063876940127,False,0,False
39.8739_32.6471,39.87387387387388,32.64705882352941,73.05590062111801,101.51972310313587,0.3761152815332926,210.68745309705048,29.55182167595662,42.84674434718131,0.03646511716866513,False,-0.545716377154882,False,-1.1203738214284744,False,1.1081544120241473,False,0,False
39.8739_32.6588,39.87387387387388,32.65882352941176,62.16770186335404,68.9737361899903,0.46657237095186793,151.9843994469307,34.39787548473496,46.33749050854927,0.024408170014325496,False,-0.48058452981780014,False,-1.1412187108190042,False,0.8307385784485739,False,0,False
39.8739_32.6706,39.87387387387388,32.67058823529412,52.22981366459627,94.13515204411452,0.38801532959292523,219.6063525151646,30.930608478009745,41.82229506112287,0.04541062573186338,False,-0.5187808929405957,False,-1.078152965462968,False,0.9618497923871278,False,0,False
39.8739_32.6824,39.87387387387388,32.68235294117647,21.968553459119498,16.925859877403795,0.2531714223542649,50.48020169695214,32.27605970918957,37.523497981116094,0.0074028075439171726,False,-0.42113014091119694,False,-1.2135327678150165,False,0.8549288696094014,False,0,False
39.8739_32.6941,39.87387387387388,32.694117647058825,14.981132075471699,11.859267383759306,0.17866737507722583,34.61466215998346,36.941614255765195,38.067510407917574,0.0035103658834605748,False,-0.38675331111831246,False,-1.2872346174809441,False,1.2811533718587234,False,0,False
39.8739_32.7059,39.87387387387388,32.705882352941174,4.584905660377358,9.531796664766917,0.1565720420216965,35.52322887455644,18.36635220125786,41.247352347700684,0.18363959682804118,False,-0.44225677275238257,False,-1.9697817588123834,True,1.4036648771964824,False,1,False
39.8739_32.7412,39.87387387387388,32.74117647058824,2.0,23.34400708450806,0.4345524207593173,30.4262741270874,48.780660377358494,79.50498265407313,0.3314748584526696,False,-0.4770617907267064,False,-1.2748761746771655,False,1.0546392984953856,False,0,False
39.8739_32.7529,39.87387387387388,32.752941176470586,13.49056603773585,13.777666849950643,0.2737818609279347,21.894802315959716,50.567619380386674,64.47832831051902,0.05692653357561125,False,-0.4085149597226892,False,-1.2260547659300096,False,0.5409714553990708,False,0,False
39.8739_32.7882,39.87387387387388,32.78823529411765,5.49685534591195,21.480231649094872,0.42441299754407597,30.01840518267182,59.74589447938505,72.14700158264225,0.10743449542893889,False,-0.46123382709038646,False,-1.192063309344535,False,1.5687508952959428,False,0,False
39.8739_32.8,39.87387387387388,32.8,101.44025157232704,33.62179876986615,0.4652993376898668,63.86068084922898,51.52910897257115,53.87942600075473,0.08292842837734697,False,-0.4372540597132593,False,-1.0547097927655524,False,1.2328176711592582,False,0,False
39.8739_32.8118,39.87387387387388,32.811764705882354,93.40251572327044,32.22666604151994,0.2933601952781151,63.22656879573303,44.37931303259638,54.93832484527601,0.11366319703088808,False,-0.4131305657658609,False,-1.010621427588341,False,0.7614773137570012,False,0,False
39.8739_32.8235,39.87387387387388,32.8235294117647,32.9748427672956,19.046143730438576,0.14839905908907297,42.689906916067,38.22289529430063,49.448336570155554,0.0305802265878249,False,-0.3814799665215282,False,-1.09228848022261,False,0.9418403641275901,False,0,False
39.8739_32.8353,39.87387387387388,32.83529411764706,49.9559748427673,53.7805777289247,0.6098590948617322,102.07633483141682,46.745856613524445,60.643382361596856,0.04664482564797007,False,-0.43068760271268175,False,-1.070433449491698,False,1.49840286580028,False,0,False
39.8739_32.8471,39.87387387387388,32.84705882352941,34.42138364779874,25.844011955313942,0.3492002666767197,47.64930862637769,52.658737789436124,56.2307113217622,0.006137344805041606,False,-0.38135630068133597,False,-1.004775087696005,False,0.4699775542691517,False,0,False
39.8739_32.8588,39.87387387387388,32.858823529411765,41.899371069182386,19.408572564120313,0.2597659282879661,37.172639532701616,46.101896007556384,54.56951646119989,0.009800046667274338,False,-0.38142156279184103,False,-1.0035836296056475,False,0.34510122285753553,False,0,False
39.8739_32.8706,39.87387387387388,32.870588235294115,85.83018867924528,19.297618782024887,0.1418578908813361,39.36184987114475,40.601232265613575,50.54385058922775,0.15834873038972136,False,-0.40175096050803455,False,-1.0861228800347995,False,1.3877499168739973,False,0,False
39.8739_32.8824,39.87387387387388,32.88235294117647,10.0,11.767545514348075,0.13940207903778995,19.54505460781322,65.60670859538784,62.2721770932916,0.03588326996713918,False,-0.4277180390121958,False,-0.9859532735934182,False,1.3732894375410798,False,0,False
39.8739_32.8941,39.87387387387388,32.89411764705882,1.0,0.21115781242363518,0.004716289526416057,0.6637016763599043,33.428481012658224,33.454264617239296,0.000517962174103593,False,-0.3795630005400281,False,-2.864318462638347,True,2.0666367265685524,False,1,False
39.8739_32.9294,39.87387387387388,32.92941176470588,11.962264150943396,33.481398167705194,0.26474728814130216,61.70560326839455,49.421139063591895,56.15987533788749,0.04223494235623721,False,-0.38195696896021936,False,-1.1347207088535196,False,0.7060536568123047,False,0,False
39.8739_32.9412,39.87387387387388,32.94117647058823,2.0,8.313723891606491,0.09263194011621681,14.434475146005543,55.34145702306079,58.3577543725277,0.01794173501821614,False,-0.3906979454862073,False,-1.1284525335305602,False,0.455354340097976,False,0,False
39.8739_32.9529,39.87387387387388,32.95294117647059,6.0,6.977561232324801,0.07624850566849165,11.96763061687357,57.581411600279516,59.07177223281326,0.011286189661367704,False,-0.3850889262718474,False,-1.1068848584215178,False,0.5571572407867528,False,0,False
39.8739_32.9882,39.87387387387388,32.98823529411764,34.0,11.673211754301127,0.0958376367977865,21.646596076345624,48.98668146503885,55.20613330121704,0.009371066788103018,False,-0.3734101086965737,False,-1.0236297136113701,False,0.3198964247783404,False,0,False
39.8739_33.0,39.87387387387388,33.0,11.0,8.730928611424728,0.07765511389895145,16.804628496277555,46.2940251572327,53.349377127295924,0.011310388726908933,False,-0.3697703973747519,False,-1.0598235977500376,False,0.36201085645924586,False,0,False
39.8739_33.1765,39.87387387387388,33.1764705882353,2.251572327044025,2.3126803674186465,0.03733851849246425,5.243815172704692,42.94706498951782,45.333889734001275,0.004171036224862545,False,-0.36118267759462813,False,-1.0063324836385135,False,34.86431461432371,True,1,False
39.8829_32.5529,39.88288288288288,32.55294117647059,12.0,4.218997049952322,0.037658215324180504,6.278855653509571,68.02463312368972,67.85807049447187,0.009779555110498108,False,-0.4487453501396374,False,-1.0015334686585766,False,4.12738919074374,False,0,False
39.8829_32.6118,39.88288288288288,32.61176470588235,6.925465838509317,81.30054356339892,0.1489909847871602,156.02876661400546,26.969594794439516,36.41982463783312,0.08802274323587846,False,-0.49857064681340096,False,-1.3926955117161544,False,0.5393019484970403,False,0,False
39.8829_32.6235,39.88288288288288,32.62352941176471,23.714285714285715,101.36249586081168,0.23128756457638044,195.206971508372,32.71270939205722,39.714240954552444,0.0679280323690948,False,-0.5007831213581411,False,-1.0842645255403298,False,0.7928895243900139,False,0,False
39.8829_32.6353,39.88288288288288,32.63529411764706,9.888198757763975,79.54575937291206,0.09800881120182615,148.75050849047312,43.054761904761904,41.730096985798184,0.057281837913456916,False,-0.4404520732286295,False,-1.214069844338194,False,1.1567660408709397,False,0,False
39.8829_32.6471,39.88288288288288,32.64705882352941,6.0,9.769279128980203,0.17894150463829728,26.19314778873794,31.05712788259958,39.37124060038481,0.026573254453385476,False,-0.40195449021941637,False,-1.1636526057402221,False,2.581660093970372,False,0,False
39.8829_32.6588,39.88288288288288,32.65882352941176,80.92546583850931,118.5158350435812,0.3763643776096863,251.72359852514214,28.944406319357977,41.98669341414142,0.03599106237642085,False,-0.5587903097076716,True,-1.159587130041938,False,0.8462217365050154,False,1,False
39.8829_32.6706,39.88288288288288,32.67058823529412,10.9937106918239,18.95136909044844,0.13498716140155587,44.77255383289868,28.126376977320376,36.86061900466641,0.026010821858460962,False,-0.4252937232442031,False,-1.2435747065379492,False,2.57997537463861,False,0,False
39.8829_32.6824,39.88288288288288,32.68235294117647,200.575,87.89054871131096,0.7113933141694568,206.79125598182935,40.20960207524156,43.861200324278556,0.44938468304839163,True,-0.5847070862301379,True,-1.444374120496811,False,3.5416559675502417,False,2,True
39.8829_32.6941,39.88288288288288,32.694117647058825,2.0,47.76723771041136,0.9862065704273697,144.18420481913958,40.54874213836478,34.983570280681015,0.41961457716243467,True,-0.5504387449518255,False,-1.1223081828489128,False,2.5337463337365813,False,1,False
39.8829_32.7059,39.88288288288288,32.705882352941174,12.339622641509434,28.27152902085391,0.5646365331237964,74.56125054250252,42.75365129280223,40.13579243986808,0.10484403923905082,False,-0.4287124706965614,False,-1.2120044622427837,False,0.9225745230575175,False,0,False
39.8829_32.7176,39.88288288288288,32.71764705882353,3.9056603773584904,6.611991671427378,0.11468850731927821,30.892115639063704,4.668238993710692,5.238759811514717,0.002377199216973866,False,-0.5770534483502205,True,-1.4958452048906146,False,4.148649653981685,False,1,False
39.8829_32.7412,39.88288288288288,32.74117647058824,4.49685534591195,17.66557620696853,0.34693863066016606,24.2910337379433,55.61200559049615,74.76453614269097,0.1395194676471067,False,-0.4573516715902512,False,-1.202136918278826,False,0.7350618584196857,False,0,False
39.8829_32.7529,39.88288288288288,32.752941176470586,30.49056603773585,29.463016394189864,0.5622932167020042,43.64351816600662,48.425910135462026,69.44966353570081,0.12151942314416009,False,-0.4563200260931194,False,-1.1193087564225037,False,0.49635276126109457,False,0,False
39.8829_32.7765,39.88288288288288,32.77647058823529,22.62962962962963,200.34263889568476,0.4016058158308969,367.5423430388578,56.32294025679693,65.29071704851876,0.40347371705318946,True,-0.5632722524965187,True,-1.199869574370654,False,3.2881701337323044,False,2,True
39.8829_32.7882,39.88288288288288,32.78823529411765,26.7625,42.81583881975159,0.46404498377802084,74.2036140700259,55.91878858024692,62.24113142165461,0.051029328261365074,False,-0.41937330066916934,False,-1.072216762236785,False,0.5275124862208058,False,0,False
39.8829_32.8,39.88288288288288,32.8,65.93081761006289,30.96071097212835,0.4540154275177818,56.2132014316084,52.65281919739954,56.273987480791234,0.005637040168596775,False,-0.40887088895601487,False,-0.9937885380597085,False,0.654978614878236,False,0,False
39.8829_32.8118,39.88288288288288,32.811764705882354,19.9874213836478,23.438592707582956,0.15897845367188873,42.34623987860309,40.09154437456324,56.98880138615528,0.07666135676251021,False,-0.38521914637720417,False,-1.077778704845552,False,1.2499834120734474,False,0,False
39.8829_32.8235,39.88288288288288,32.8235294117647,38.924528301886795,27.225458678932903,0.12894670726800148,61.7739167221355,37.77323997921482,49.22518343187702,0.03527153223772731,False,-0.38775316089279915,False,-1.16122488586262,False,1.325413267212569,False,0,False
39.8829_32.8353,39.88288288288288,32.83529411764706,52.94444444444444,97.23929842553395,0.5002612221093863,183.6824661916766,46.47806437389771,53.534082493356884,0.039449316150459234,False,-0.45522314660606034,False,-1.1896842075630403,False,1.5035793886610058,False,0,False
39.8829_32.8471,39.88288288288288,32.84705882352941,82.61635220125787,23.212292824577197,0.27677704765000954,44.69079767675666,43.3970468971156,55.1327240317953,0.09972942637461996,False,-0.40827711554807294,False,-1.0376571220089144,False,1.0559165102590364,False,0,False
39.8829_32.8588,39.88288288288288,32.858823529411765,19.8875,76.68628473148253,0.24503233995445184,138.97591488626173,51.06930555555555,67.13096890108991,0.11896320219527895,False,-0.4594961874158723,False,-1.4740053796519585,False,1.2726470756812454,False,0,False
39.8829_32.8706,39.88288288288288,32.870588235294115,17.968553459119498,24.452428245130047,0.24085666535311498,39.63186089931779,58.79665914099876,66.74959824450686,0.026505149487399945,False,-0.4227655629545528,False,-1.068218406470337,False,0.5705969248389258,False,0,False
39.8829_32.8824,39.88288288288288,32.88235294117647,36.9874213836478,15.603412731765463,0.17778370577889618,26.401846707265737,62.86957253749706,61.870941117869364,0.010045566935445092,False,-0.419205226736903,False,-1.047331019622963,False,0.9775430720716332,False,0,False
39.8829_32.8941,39.88288288288288,32.89411764705882,2.993710691823899,1.2862846332152738,0.015110304108443846,2.1241544494268387,57.06995108315863,64.95602195299637,0.01695522169419959,False,-0.41315398733746583,False,-1.175407286048484,False,1.2590596853390654,False,0,False
39.8829_32.9059,39.88288288288288,32.90588235294118,2.0,0.21115781242363518,0.004716289526416057,0.6637016763599043,33.428481012658224,33.454264617239296,0.00028087371120078165,False,-0.376050328310199,False,-2.8015927084484282,True,1.5293887772851948,False,1,False
39.8829_32.9176,39.88288288288288,32.917647058823526,4.987421383647798,16.067956290127935,0.14829064869399153,25.044546469135348,60.04570230607966,65.47165805081606,0.030212258452623156,False,-0.41205041446872387,False,-1.061929351604205,False,1.5629200325436483,False,0,False
39.8829_32.9294,39.88288288288288,32.92941176470588,53.9559748427673,41.08839143821002,0.3688329772649616,76.23903771989339,49.76986918338116,54.48269223036367,0.0001377580589491979,False,-0.38777695369986176,False,-0.9707018000566805,False,0.9013243318482431,False,0,False
39.8829_32.9529,39.88288288288288,32.95294117647059,4.0,3.3869163331427483,0.037330855727082106,5.242024013722127,65.90880503144655,66.09347490548302,0.01592307358094475,False,-0.43857187478278675,False,-1.003159390658861,False,1.2115004490540981,False,0,False
39.8829_32.9647,39.88288288288288,32.96470588235294,2.0,0.40620359018828056,0.007709635299863415,1.0842926770923662,38.51100628930818,38.730249705104306,0.0010477855971607877,False,-0.3674452372480339,False,-1.4270949934886912,False,1.7285124159676337,False,0,False
39.8829_32.9765,39.88288288288288,32.976470588235294,36.0,18.34942690544638,0.1428192098521623,33.259772533467135,47.601764500349404,56.36420231936166,0.014141039459011193,False,-0.3730368877316839,False,-1.0004334998168465,False,0.5550182746256926,False,0,False
39.8829_32.9882,39.88288288288288,32.98823529411764,10.0,19.86405005266557,0.154965177697494,36.06385813920833,47.51215932914046,56.27038483252528,0.028151093689821178,False,-0.3741698072462291,False,-1.0491710887897638,False,0.38102098835998094,False,0,False
39.8919_32.4824,39.891891891891895,32.48235294117647,3.9874213836477987,6.167709485684792,0.0168723599959903,15.84599059528238,24.168553459119497,23.32510409610282,1.5219285208727225e-05,False,-0.42955485983098235,False,-1.0538827623938416,False,0.5408252182341924,False,0,False
39.8919_32.4941,39.891891891891895,32.49411764705882,3.9874213836477987,6.167709485684792,0.0168723599959903,15.84599059528238,24.168553459119497,23.32510409610282,1.5219285208727225e-05,False,-0.42955485983098235,False,-1.0538827623938416,False,0.0,False,0,False
39.8919_32.5529,39.891891891891895,32.55294117647059,3.9874213836477987,6.167709485684792,0.0168723599959903,15.84599059528238,24.168553459119497,23.32510409610282,1.5219285208727225e-05,False,-0.42955485983098235,False,-1.0538827623938416,False,4.12738919074374,False,0,False
39.8919_32.6118,39.891891891891895,32.61176470588235,2.968944099378882,34.78832034786007,0.10401851232950601,69.18960752685551,25.994824016563143,35.87390740516001,0.04924125667257511,False,-0.4487465844952185,False,-1.5538372765593274,False,0.9316720405848512,False,0,False
39.8919_32.6235,39.891891891891895,32.62352941176471,33.590062111801245,55.44601363480852,0.20215851097990362,110.86653767756636,36.14521678236512,38.84664204100518,0.0033340038568713012,False,-0.4417270229089687,False,-1.3154377617057103,False,0.6119382293143124,False,0,False
39.8919_32.6353,39.891891891891895,32.63529411764706,19.763975155279503,81.93757525160878,0.1575187999490412,157.3690691231486,30.760584886128363,37.32767455177839,0.04233904304356776,False,-0.498728080052163,False,-1.351602833954222,False,0.6330649639753423,False,0,False
39.8919_32.6471,39.891891891891895,32.64705882352941,27.0,26.558253282105653,0.472896363965817,71.94330376722947,31.09360198773197,38.06445446910683,0.025102264126537165,False,-0.4565437464120211,False,-1.293931273750902,False,1.9350312481804899,False,0,False
39.8919_32.6588,39.891891891891895,32.65882352941176,28.652173913043477,445.3130087161378,0.5743608501483617,838.9249551423736,32.59883946915431,38.197998048712556,1.530375263798829,True,-0.669043304225342,True,-1.6445148516844554,False,7.577157832476395,False,2,True
39.8919_32.6706,39.891891891891895,32.67058823529412,19.875,107.10757042615191,0.636653372435701,225.42130124094382,31.04003472222222,38.226679565734464,0.21735786193997197,False,-0.5621062725380345,True,-1.1221519732731884,False,1.4388176511727402,False,1,False
39.8919_32.6824,39.891891891891895,32.68235294117647,4.0,50.272638917782096,0.058497311142116114,115.07490878799085,19.941901041666664,23.40257433783698,0.02545886144805468,False,-0.5165206500473077,False,-3.966428187015352,True,2.1089054350204037,False,1,False
39.8919_32.6941,39.891891891891895,32.694117647058825,16.925,59.743484020766346,0.5846905541405463,155.26788468219766,30.908860974945533,34.58759503437933,0.12413921386266535,False,-0.526846261120601,False,-1.1765364078512126,False,0.6297437302197063,False,0,False
39.8919_32.7059,39.891891891891895,32.705882352941174,12.91875,49.810860634026454,0.7636810596042413,134.29561000159916,41.19459134615384,35.33831684447146,0.23763074713647095,False,-0.49809411075696397,False,-1.1407995801416613,False,1.188379441783054,False,0,False
39.8919_32.7176,39.891891891891895,32.71764705882353,5.515723270440252,32.507515267510975,0.6319131654481958,63.782867031648735,45.532475791155036,60.50926472883976,0.18369459271043753,False,-0.43253807018091905,False,-1.0394560873420522,False,1.3406947745312017,False,0,False
39.8919_32.7294,39.891891891891895,32.72941176470588,12.144654088050315,54.68524273573809,0.3430725400903406,94.3108638995711,62.76346173044286,72.85845647408603,0.10841700222283916,False,-0.5077034058200577,False,-1.2932219907195326,False,1.901727177031992,False,0,False
39.8919_32.7529,39.891891891891895,32.752941176470586,23.9937106918239,31.79360996510338,0.6953887156956885,61.2768374649052,49.709724867724866,56.48229551273619,0.09057422293768382,False,-0.42034786612542663,False,-1.0570560372143638,False,1.028275778272558,False,0,False
39.8919_32.7647,39.891891891891895,32.76470588235294,7.49685534591195,35.35640473942345,0.6879217184188617,54.52291637277188,48.31083158630329,66.70729997873883,0.22096644113811562,False,-0.46322291127138104,False,-1.0900074817799994,False,1.2950073190104385,False,0,False
39.8919_32.7882,39.891891891891895,32.78823529411765,26.90566037735849,35.29246483562487,0.6962940071932551,58.58657680897431,55.4449879649041,60.71938444052603,0.0909374298906674,False,-0.43596253686190123,False,-1.0746276001879222,False,1.7094836997471565,False,0,False
39.8919_32.8,39.891891891891895,32.8,61.0,43.02212938498064,0.22025661490173268,79.48754601524162,46.38906439637324,63.51857753570575,0.07261423884198015,False,-0.4136708405830571,False,-1.122224888498686,False,1.6634334017021746,False,0,False
39.8919_32.8118,39.891891891891895,32.811764705882354,145.7962962962963,239.88081424317312,0.39995538137604875,438.45729521801354,47.82436046413382,52.4514212071621,0.0067589806860164185,False,-0.5660078727470746,True,-0.9655861336454079,False,3.7281238300060955,False,1,False
39.8919_32.8235,39.891891891891895,32.8235294117647,25.962264150943398,18.705092572974568,0.15495403313743006,40.86519333695319,40.73550636994033,51.42616773213059,0.02451923623758071,False,-0.372652161814149,False,-1.0542921713106406,False,2.157666930971599,False,0,False
39.8919_32.8353,39.891891891891895,32.83529411764706,34.9559748427673,48.34187673598114,0.5943008906439254,97.76752090968701,44.70016471997604,54.73785936240756,0.05822531777085465,False,-0.41747263309635463,False,-1.037612375577234,False,0.8493398472554501,False,0,False
39.8919_32.8471,39.891891891891895,32.84705882352941,54.56603773584906,21.42668180689652,0.31537532652444783,41.07074560433658,43.6007960531268,55.61899373240546,0.031326005863958756,False,-0.38843101120512646,False,-1.0344681868397188,False,0.9772222422666794,False,0,False
39.8919_32.8588,39.891891891891895,32.858823529411765,37.930817610062896,29.88899050353396,0.28260061285664395,48.21203421624622,57.930845194747874,64.73691850822883,0.004239816859345143,False,-0.41151617421568787,False,-1.1137265943840404,False,0.5604827335139624,False,0,False
39.8919_32.8706,39.891891891891895,32.870588235294115,74.84276729559748,24.70334780803157,0.2722508131904649,38.98868379920863,61.08834381551363,67.12331466740571,0.037999434430065676,False,-0.45295464583923506,False,-1.1933796508344723,False,0.9088174804016331,False,0,False
39.8919_32.8824,39.891891891891895,32.88235294117647,11.9874213836478,13.97940343608238,0.16516016345713044,23.241510651288667,58.5857966457023,61.96711662025297,0.015365985385210085,False,-0.3976832656638643,False,-1.085477121250785,False,0.6223337586573532,False,0,False
39.8919_32.8941,39.891891891891895,32.89411764705882,2.0,0.21115781242363518,0.004716289526416057,0.6637016763599043,33.428481012658224,33.454264617239296,0.00028087371120078165,False,-0.376050328310199,False,-2.8015927084484282,True,1.9058669970659836,False,1,False
39.8919_32.9059,39.891891891891895,32.90588235294118,12.0,1.237246680642907,0.01827298997110316,2.5890418720607404,48.62159329140461,48.93629293818976,0.0007503933398864262,False,-0.3682198380078328,False,-1.004701738621296,False,0.8717455246679884,False,0,False
39.8919_32.9176,39.891891891891895,32.917647058823526,151.64150943396226,29.646487311107194,0.2488006400829804,53.73221519322886,50.47498482842326,56.449294769268214,0.4907354235040296,True,-0.44700501202213005,False,-1.2188002418920743,False,1.5910993995865943,False,1,False
39.8919_32.9294,39.891891891891895,32.92941176470588,113.78616352201257,23.8774501155995,0.19345728101566945,43.52461448385552,51.98126953915187,56.02545464126061,0.2471005803457832,False,-0.4280401052564362,False,-1.0333742982321465,False,0.7932748858071207,False,0,False
39.8919_32.9529,39.891891891891895,32.95294117647059,2.0,3.3869163331427483,0.037330855727082106,5.242024013722127,65.90880503144655,66.09347490548302,0.018824136351204588,False,-0.4411950724893166,False,-0.9963919186500529,False,1.3644641844789278,False,0,False
39.8919_32.9647,39.891891891891895,32.96470588235294,18.0,6.275199156070336,0.05419085166411197,12.518270826288303,42.07092941998602,51.458573188954226,0.020677109019671805,False,-0.375614471607099,False,-1.1166151896739982,False,0.9339365795817819,False,0,False
39.8919_32.9765,39.891891891891895,32.976470588235294,23.714285714285715,21.988267229365757,0.06904517084036393,39.95378677045967,47.57240495012234,56.36585117244282,0.01437102375672382,False,-0.3777561251611032,False,-1.0633738180958003,False,0.27134204965444675,False,0,False
39.8919_33.0118,39.891891891891895,33.01176470588235,2.0,1.8741041137254386,0.02483245335685785,3.493133550145492,54.55765199161425,54.653404101930214,0.008783104416726417,False,-0.38531043834032125,False,-0.9800568943789543,False,0.15938474086476287,False,0,False
39.8919_33.0235,39.891891891891895,33.023529411764706,9.968553459119496,3.001782330829409,0.039601664334439596,5.570039798221044,56.82159329140461,54.9722851981969,0.009100855172100025,False,-0.38611366686699833,False,-0.9936947960228635,False,0.10831506564801414,False,0,False
39.8919_33.0353,39.891891891891895,33.035294117647055,7.9748427672955975,3.001782330829409,0.039601664334439596,5.570039798221044,56.82159329140461,54.9722851981969,0.010384008430316461,False,-0.3848412809760811,False,-0.9940179899603324,False,0.04522651655057097,False,0,False
39.9009_32.4706,39.9009009009009,32.47058823529412,2.0,0.38881465248454394,0.008142248828549496,1.1445471876280577,35.30083857442348,35.25070430630228,0.0005832581124351529,False,-0.3633132533076239,False,-1.0067693988659858,False,1.0816504364683848,False,0,False
39.9009_32.6235,39.9009009009009,32.62352941176471,15.813664596273291,51.42045050186597,0.1396811662585868,101.64972708017419,29.3051473306714,35.726012055285274,0.023994218498079086,False,-0.4672770747030806,False,-1.3291954502934322,False,0.4556157086510613,False,0,False
39.9009_32.6353,39.9009009009009,32.63529411764706,28.67080745341615,82.64024732959768,0.11432971650328443,156.9338645760607,32.138002427357755,35.708008430380644,0.013527000625348931,False,-0.49522667576198254,False,-1.2613290496563017,False,0.7503671225365323,False,0,False
39.9009_32.6471,39.9009009009009,32.64705882352941,42.0,23.18225295179703,0.38450490669737936,60.06925721140274,32.43925326944195,38.89952148721564,0.0047119650516534795,False,-0.44090177542548636,False,-1.4974682922160352,False,2.4193255198440786,False,0,False
39.9009_32.6824,39.9009009009009,32.68235294117647,3.0,21.77943823314201,0.13818169662439472,75.93272650084648,24.642557651991613,29.13702619518536,0.025908033022833125,False,-0.4435162101037907,False,-1.9990228104674412,True,1.229688031030739,False,1,False
39.9009_32.6941,39.9009009009009,32.694117647058825,13.925,44.265299189856385,0.13294450957984508,118.57387812782481,21.15245783730159,28.904488119058566,0.03552703137240693,False,-0.49248381910557876,False,-2.1876734354450345,True,1.700796158476119,False,1,False
39.9009_32.7059,39.9009009009009,32.705882352941174,54.575,95.47844678586382,0.55544509286006,207.07267379215537,49.30314984083266,44.32652660705558,0.08586154315797878,False,-0.4848657883177829,False,-1.1553015954419252,False,1.3907060942612879,False,0,False
39.9009_32.7294,39.9009009009009,32.72941176470588,17.24375,124.11314129787092,0.5417944761660917,225.559406868438,51.59306960604755,70.23064327744386,0.3349397263756444,True,-0.5403816122823645,False,-1.5876140304295017,False,1.3416176322829403,False,1,False
39.9009_32.7412,39.9009009009009,32.74117647058824,36.76875,103.34803894069996,0.48874054170630565,203.55235244073333,52.62615541694208,58.780134101131445,0.10865531678035835,False,-0.4716279530648133,False,-1.3412857933057176,False,0.9106868792055992,False,0,False
39.9009_32.7529,39.9009009009009,32.752941176470586,69.65,123.29675728639492,1.0537861431028788,244.79588435005854,53.75348386152293,52.10775407167556,0.20592191793580214,False,-0.5567606990054188,False,-1.2302314033107458,False,3.045577996475284,False,0,False
39.9009_32.7647,39.9009009009009,32.76470588235294,8.94375,73.37520071348392,0.20934091901988724,127.61317160632908,60.0026207010582,73.1392831451196,0.131383727302689,False,-0.5055617998681546,False,-1.5938572431547269,False,4.056927121322723,False,0,False
39.9009_32.7765,39.9009009009009,32.77647058823529,1.9937106918238994,5.086866137484273,0.23850155772515017,19.535702077764075,32.88810272536688,24.397403734974255,0.047915646592874,False,-0.43593420136485556,False,-1.8932485819704883,True,5.229114647565864,False,1,False
39.9009_32.7882,39.9009009009009,32.78823529411765,56.98148148148148,209.98835260612674,0.5317121892730602,394.0602232418018,53.24669507552966,55.25080923672766,0.23971670513988508,False,-0.543686626316886,False,-1.118966532877685,False,1.4099497661805898,False,0,False
39.9009_32.8,39.9009009009009,32.8,64.8944099378882,76.23765169726823,0.4860406606928721,144.33633013479596,48.72373580525755,59.83594959371921,0.016033254454396562,False,-0.450718492944808,False,-1.204672477430818,False,1.845000827727218,False,0,False
39.9009_32.8118,39.9009009009009,32.811764705882354,102.96932515337423,208.1097920580122,0.4319861838740177,435.1095890602944,46.46204629352125,53.61979509621172,0.03615258718315118,False,-0.5447977784634915,False,-1.0028531885362422,False,1.8748448122599637,False,0,False
39.9009_32.8353,39.9009009009009,32.83529411764706,60.38125,84.9676554878408,0.8652473710462514,173.95726735587,44.015945419457665,51.25623811260821,0.0747332482203479,False,-0.496733537432565,False,-1.026442593486688,False,1.5002812631559306,False,0,False
39.9009_32.8471,39.9009009009009,32.84705882352941,86.28301886792453,52.40652375523424,0.6647493618800316,103.99030429068654,44.581655315456594,53.83299138802996,0.006827383561703665,False,-0.46402557855317783,False,-1.0766499614446006,False,0.9277228970974645,False,0,False
39.9009_32.8588,39.9009009009009,32.858823529411765,46.18238993710692,25.50362110669718,0.29049130921182686,40.00595850736787,58.28338677509104,65.12789723112763,0.001781545846795315,False,-0.41578226768517845,False,-1.109406613043744,False,0.7377982367925583,False,0,False
39.9009_32.8706,39.9009009009009,32.870588235294115,39.924528301886795,16.146641290121106,0.19836490068441592,28.14284156418959,54.72252920035939,58.55341302280329,0.0018123586138396608,False,-0.38266782172722696,False,-0.988685241521495,False,0.24362393316686654,False,0,False
39.9009_32.8824,39.9009009009009,32.88235294117647,30.91823899371069,12.34581040171809,0.11784774882874574,23.07302908886703,46.781986429521424,56.80337672433738,0.020431976547743286,False,-0.3785979742720614,False,-1.0417540742525115,False,0.2890149833681437,False,0,False
39.9009_32.8941,39.9009009009009,32.89411764705882,23.9937106918239,6.1678252440570445,0.0938513779708217,13.209617916184502,41.76903522164494,48.347282164947956,0.009231697907560657,False,-0.3780037469964139,False,-1.0917397314266368,False,0.9638763596172947,False,0,False
39.9009_32.9059,39.9009009009009,32.90588235294118,115.425,50.039360774780754,0.4429810251844752,87.09140179624784,54.33223697379409,59.36847719048484,0.11074047221895571,False,-0.45963146009404215,False,-1.1504609333746036,False,1.64325913575407,False,0,False
39.9009_32.9176,39.9009009009009,32.917647058823526,80.80503144654088,20.932895110836952,0.18623517816835056,36.67618176834182,52.13458550094469,58.20686454780155,0.0902742248186399,False,-0.4027733447232317,False,-0.9920336973710249,False,0.3710151980185308,False,0,False
39.9009_32.9294,39.9009009009009,32.92941176470588,97.86792452830188,19.9330015818411,0.16885130800970177,36.674533260637055,48.63686645041093,55.22008138282296,0.1816610230428436,False,-0.4098448597916796,False,-1.0271669925054212,False,0.5931349184369805,False,0,False
39.9009_32.9412,39.9009009009009,32.94117647058823,36.22641509433962,48.531479480767274,0.45269420088999834,91.74357475184016,51.60600763789278,53.888358664949905,0.02930855486151207,False,-0.4033540270631299,False,-0.9785790865162411,False,1.1804167756982167,False,0,False
39.9009_32.9529,39.9009009009009,32.95294117647059,48.9622641509434,12.59748003400067,0.11021499063327458,22.027474896096965,54.923175866807156,58.38809337748762,0.021034659993580913,False,-0.3863896340171949,False,-1.0021221640018936,False,0.7038487367105276,False,0,False
39.9009_32.9647,39.9009009009009,32.96470588235294,52.924528301886795,10.565318383680664,0.08772077079633278,17.967485440099857,56.15849027660799,59.94612341657115,0.03290685595253227,False,-0.3957954400021732,False,-1.0012875160731975,False,0.5267654747499985,False,0,False
39.9009_32.9765,39.9009009009009,32.976470588235294,28.949685534591193,9.943568783762416,0.07987544673181908,16.65998040679009,54.76062159845504,60.7544479017866,0.00427371075037536,False,-0.3907251475804776,False,-1.0914178016424145,False,0.6918240800815373,False,0,False
39.9009_33.0,39.9009009009009,33.0,1.0,11.245562543675751,0.08888888888888885,21.746081358659975,53.02777777777777,53.10101273895017,0.021143639497074183,False,-0.3826486328412812,False,-1.0846055934402516,False,0.2514545016094764,False,0,False
39.9009_33.0118,39.9009009009009,33.01176470588235,3.9874213836477987,2.501485275691174,0.03300138694536634,4.64169983185087,56.82159329140461,54.9722851981969,0.013110667814747819,False,-0.3852790108706965,False,-0.9895005234421033,False,0.13592239274790427,False,0,False
39.9009_33.0235,39.9009009009009,33.023529411764706,3.9874213836477987,3.001782330829409,0.039601664334439596,5.570039798221044,56.82159329140461,54.9722851981969,0.013901173343179737,False,-0.38433411776023363,False,-0.9940968464839196,False,0.04238575532804483,False,0,False
39.9009_33.0353,39.9009009009009,33.035294117647055,1.9937106918238994,3.001782330829409,0.039601664334439596,5.570039798221044,56.82159329140461,54.9722851981969,0.016135184997826565,False,-0.38606966204322996,False,-0.9931097602602627,False,0.37326181208565057,False,0,False
39.9099_32.5882,39.90990990990991,32.588235294117645,7.9748427672955975,0.5701734084951716,0.009195306553333895,1.470314384364491,42.816299790356396,40.376666592287755,0.00424085420595799,False,-0.36304016991631044,False,-1.0168791770779466,False,0.06783977482585646,False,0,False
39.9099_32.6353,39.90990990990991,32.63529411764706,28.906832298136646,109.5061812516655,0.19921352620502186,209.7823199669659,30.719365459064157,37.2953087153087,0.053265776523000415,False,-0.5356268664204189,False,-1.142908164627092,False,1.475526555801827,False,0,False
39.9099_32.7059,39.90990990990991,32.705882352941174,41.64779874213836,53.271043658077595,0.48096832311426985,106.89473674327138,49.99941088329485,55.12224958266509,0.0245095310502987,False,-0.4184763283846623,False,-0.9814508530255429,False,1.6798003159243189,False,0,False
39.9099_32.7412,39.90990990990991,32.74117647058824,8.031446540880504,43.562079694193116,0.31798463184683384,87.27663258402893,52.89460001331071,63.57612959820705,0.09711073577061735,False,-0.42376700251348565,False,-1.198259460966144,False,1.9188812407151685,False,0,False
39.9099_32.7529,39.90990990990991,32.752941176470586,9.031446540880504,13.255774201663591,0.5464824349376715,47.583308208840755,29.001945026787794,28.21076714935054,0.061234449134249545,False,-0.48027794978821486,False,-1.4671225346399772,False,2.3837377193206275,False,0,False
39.9099_32.7647,39.90990990990991,32.76470588235294,8.9937106918239,7.1244909572968,0.4214502658811849,30.55713030235246,24.649778709527137,24.2388238831199,0.02532338852828112,False,-0.47497236340399696,False,-1.5339700938616245,False,5.847277648363699,False,0,False
39.9099_32.7765,39.90990990990991,32.77647058823529,59.866279069767444,1300.2493647058463,0.3344610583137407,2391.3613883543208,36.66789654144305,27.79609555604507,9.635363417122745,True,-0.7178689632322754,True,-6.124418599614799,True,23.24287640954914,True,4,True
39.9099_32.7882,39.90990990990991,32.78823529411765,69.66867469879519,153.4518178640245,0.30140347883135565,302.208587515002,40.13186601592279,36.412275157643776,0.034106391129615866,False,-0.5668838892038994,True,-1.196138587997218,False,2.209244478732238,False,1,False
39.9099_32.8,39.90990990990991,32.8,82.47560975609755,233.10881814253813,0.45909082713172095,428.1089729785844,51.42552223805937,56.48843396694773,0.1190934705328454,False,-0.5492760577888537,False,-0.991214744608355,False,2.118814931826074,False,0,False
39.9099_32.8118,39.90990990990991,32.811764705882354,163.74074074074073,210.5108898423485,0.405266518967824,387.8410689096041,47.52428642044527,53.7248987595713,0.06666528398311926,False,-0.5605516130907598,True,-1.0495914151482761,False,2.7243425180623895,False,1,False
39.9099_32.8235,39.90990990990991,32.8235294117647,57.79245283018868,64.42021990136924,0.5365032308161757,123.0314007444573,47.242577832861656,57.721897702302876,0.018940619428079498,False,-0.42885421304679167,False,-1.0464212027321207,False,1.1188125903677666,False,0,False
39.9099_32.8353,39.90990990990991,32.83529411764706,81.18238993710692,85.24121753820837,0.7953554476240554,162.73053410552683,50.520195994084,56.43347746329108,0.015647561698082627,False,-0.4950370758542127,False,-1.0875680057671961,False,1.2401985850930066,False,0,False
39.9099_32.8471,39.90990990990991,32.84705882352941,92.84276729559748,65.1121834265752,0.8064456101973442,123.2886443399002,49.778347481829854,56.48381499359473,0.0005888993091906707,False,-0.4840732960262864,False,-1.1136107600986287,False,0.8507677396188711,False,0,False
39.9099_32.8588,39.90990990990991,32.858823529411765,25.22641509433962,31.32528938734891,0.35014933501367557,49.69245382266741,57.47315519172962,64.51755133469582,0.02746309681978608,False,-0.4176816140794922,False,-1.1358925731433358,False,1.6805080373023127,False,0,False
39.9099_32.8706,39.90990990990991,32.870588235294115,23.91194968553459,13.208530781148623,0.07870756496822937,26.677384864193677,40.02252358490566,51.65128402379203,0.0342778680805605,False,-0.3782040396442034,False,-1.0607467303145037,False,1.5347151419201863,False,0,False
39.9099_32.8824,39.90990990990991,32.88235294117647,56.710691823899374,19.20844511989761,0.14079076538430219,33.80070535380879,49.52968786147781,63.448622438710146,0.06604405761945796,False,-0.39682916118973427,False,-1.0095045665636018,False,0.5756332758656838,False,0,False
39.9099_32.8941,39.90990990990991,32.89411764705882,106.39622641509433,30.88459973952713,0.258229613243601,56.13516957406178,48.694097137408505,57.97745702887027,0.17517559986448072,False,-0.4255315014834721,False,-0.9951666843445036,False,0.5613999121806647,False,0,False
39.9099_32.9059,39.90990990990991,32.90588235294118,123.75471698113208,43.845345615922305,0.3443180218067049,81.29958286599017,48.71516308746057,55.73414370980998,0.20424593193421034,False,-0.4376278691724561,False,-1.054930906469722,False,0.8027776368598886,False,0,False
39.9099_32.9176,39.90990990990991,32.917647058823526,45.9559748427673,17.192549454929264,0.14673853393588962,29.457110654691746,58.40752000028046,60.41081024775873,0.009682546344139295,False,-0.39569550207447407,False,-1.0076970222859218,False,1.495201594106532,False,0,False
39.9099_32.9294,39.90990990990991,32.92941176470588,115.19496855345912,26.947986196768245,0.2636865950797006,48.4816169478811,49.87640675760121,56.69309010046107,0.2242368682513937,False,-0.42730432377812144,False,-1.048621890499478,False,1.1709885464222456,False,0,False
39.9099_32.9412,39.90990990990991,32.94117647058823,50.459119496855344,48.7674947951407,0.4598124608372873,92.07369034878535,47.826211261527234,53.95701556817555,0.005698803847953464,False,-0.4030932236619272,False,-0.9612813872425511,False,0.9722158900699978,False,0,False
39.9099_32.9529,39.90990990990991,32.95294117647059,88.81132075471699,49.45305158878257,0.46145168858629987,94.40500172341645,47.739904381451055,53.38529281696046,0.02843724209734509,False,-0.4256097097041932,False,-0.9979357092781775,False,1.2446733692956844,False,0,False
39.9099_32.9647,39.90990990990991,32.96470588235294,85.71698113207547,13.282959733687056,0.1467102809455931,28.895328320217775,44.098228915077144,47.11819305312461,0.1483938948963641,False,-0.40782708928238665,False,-1.0803212125855852,False,0.8173720879078097,False,0,False
39.9099_32.9765,39.90990990990991,32.976470588235294,44.44025157232704,7.816748260038587,0.08676476343928922,14.685810388541455,49.087678206407396,54.167285650702816,0.02484457446361747,False,-0.3804205981751113,False,-1.0435534095155627,False,0.19668091733020496,False,0,False
39.9099_32.9882,39.90990990990991,32.98823529411764,9.10691823899371,5.29002808190166,0.07840004337772291,11.015769654839026,49.50732587933846,48.94470726137703,0.005901084236084455,False,-0.3633694934833109,False,-0.9932921553611953,False,0.30021011155023913,False,0,False
39.9099_33.0471,39.90990990990991,33.04705882352941,22.742138364779873,3.566879909666922,0.05873604352729509,8.348646931535109,40.295251708459254,43.703894321229505,0.005079747275507389,False,-0.36796204769565405,False,-1.1532958278377465,False,1.401418419954535,False,0,False
39.9189_32.5765,39.91891891891892,32.576470588235296,3.9874213836477987,0.5701734084951716,0.009195306553333895,1.470314384364491,42.816299790356396,40.376666592287755,0.0049381309313981875,False,-0.361056090251438,False,-1.0114727251612385,False,1.4578464317404638,False,0,False
39.9189_32.6353,39.91891891891892,32.63529411764706,7.987421383647798,4.672809130126983,0.057659147254857206,10.806232730370686,50.62617924528302,43.7227798868445,0.029794872862465665,False,-0.3634585285018842,False,-1.1888656658693122,False,1.0771816125309,False,0,False
39.9189_32.6471,39.91891891891892,32.64705882352941,7.0,13.857253954832503,0.19329352171309883,36.35930956641513,35.08071278825996,38.03480446558045,0.013601887134091164,False,-0.3899852497386521,False,-1.2635461023386818,False,0.9113889657360437,False,0,False
39.9189_32.6824,39.91891891891892,32.68235294117647,4.0,8.313876224171409,0.09599663000723091,16.742505037572055,37.63312368972746,46.112038234016865,0.024433083421796273,False,-0.3808464632890167,False,-1.299012998202084,False,4.507942752241507,False,0,False
39.9189_32.6941,39.91891891891892,32.694117647058825,45.37888198757764,218.15656700631806,0.4160919133616952,400.34383670876593,56.558897661143845,56.21427775589819,0.29222631569483376,False,-0.5439667521944996,False,-1.0745333509804045,False,2.663317102747247,False,0,False
39.9189_32.7882,39.91891891891892,32.78823529411765,8.875776397515528,28.16013369055136,0.21135360861043181,73.76576912971194,33.36082355647574,22.249306793725342,0.07055104579434596,False,-0.4671482660753327,False,-1.5894502880536547,False,5.22166938992506,False,0,False
39.9189_32.8,39.91891891891892,32.8,14.875,26.446272462022563,0.10844326751965976,56.028999601578256,34.63893402777778,40.959933828802704,0.012649760591658494,False,-0.40187548641321424,False,-1.2816400140966722,False,2.9380140036375164,False,0,False
39.9189_32.8118,39.91891891891892,32.811764705882354,19.1055900621118,120.78513314329022,0.34803028287305493,226.2758877340503,56.975609832033506,51.668545135520425,0.20850159243309788,False,-0.49822202648566066,False,-1.3165372689754264,False,1.3304880371713128,False,0,False
39.9189_32.8235,39.91891891891892,32.8235294117647,24.91194968553459,10.708448887867338,0.6041873951275648,65.96282328635726,28.8535887173623,17.285682415790387,0.10464910907597014,False,-0.5356106699648436,False,-1.7146500754263028,False,3.852699678242965,False,0,False
39.9189_32.8353,39.91891891891892,32.83529411764706,18.91823899371069,24.684800817938353,0.3606124953147451,56.966949146027304,47.47100849608297,44.552874970155074,0.04185879900524942,False,-0.39329932161285297,False,-1.2275323059441086,False,4.207173977596046,False,0,False
39.9189_32.8471,39.91891891891892,32.84705882352941,419.0691823899371,52.10808681329976,0.5797093364843211,100.9102292702279,47.459464356285054,53.84273867571842,4.820884680592789,True,-0.5457384760734357,False,-2.368273316164636,True,3.478631174880595,False,2,True
39.9189_32.8588,39.91891891891892,32.858823529411765,115.937106918239,106.88354186204546,0.984129543881386,201.2899062470626,50.517615067467986,54.33806928489449,0.010508976204755917,False,-0.5484027041843096,False,-1.280517777669757,False,3.772907982966651,False,0,False
39.9189_32.8706,39.91891891891892,32.870588235294115,15.83125,34.496519150437464,0.1558752926103708,64.74326368271306,45.065593377976185,56.13588214163379,0.03967361086660997,False,-0.3873720019419164,False,-1.0678112178377936,False,3.6881116586152585,False,0,False
39.9189_32.8824,39.91891891891892,32.88235294117647,119.40251572327044,39.16133001058858,0.3198344892349794,69.80348351497226,49.85999455800968,58.52020229084131,0.2004108839245723,False,-0.4333702942609753,False,-1.0506716515305747,False,0.6690734524117345,False,0,False
39.9189_32.8941,39.91891891891892,32.89411764705882,79.73584905660377,48.11528828664035,0.41149636819764723,85.73786824819473,51.66227044343765,57.91599733779521,0.017194875127209994,False,-0.41541681051936635,False,-1.0129030501380716,False,0.5498849678969019,False,0,False
39.9189_32.9059,39.91891891891892,32.90588235294118,39.937106918238996,34.4224478121549,0.2798608686297744,62.56743686720556,51.29595911949686,56.775335355043055,0.0018006718072355328,False,-0.38005556357016346,False,-0.9984268256834088,False,0.9262085067815093,False,0,False
39.9189_32.9176,39.91891891891892,32.917647058823526,170.54088050314465,41.688084593302676,0.4257099681457613,76.63589335480685,48.754126335497034,55.37639194227896,0.5153118095820649,True,-0.4742812336340864,False,-1.3257761159616641,False,1.9423341020818767,False,1,False
39.9189_32.9294,39.91891891891892,32.92941176470588,6.9748427672955975,12.615162415938952,0.6119097873750678,69.9155354056137,27.64937106918239,18.23345264512224,0.135441165702013,False,-0.5319202875136947,False,-1.6578851113030442,False,2.837723505925594,False,0,False
39.9189_32.9412,39.91891891891892,32.94117647058823,23.943396226415093,13.409626677241226,0.5147214908980491,62.91260692862274,35.385905835080365,21.423908224802812,0.12507552686041676,False,-0.49329801078426483,False,-1.5119859474244939,False,1.624843802365644,False,0,False
39.9189_32.9529,39.91891891891892,32.95294117647059,42.9874213836478,4.297257722246294,0.11013082752682152,14.825460572965822,40.6684224170017,28.978048658303535,0.09179549918689418,False,-0.4102171346563093,False,-1.4896161487663964,False,1.6367162210972859,False,0,False
39.9189_32.9882,39.91891891891892,32.98823529411764,5.0,2.2123730129871295,0.038094981572012764,5.362710373093792,42.7248427672956,42.865183887468184,0.0021534105946794937,False,-0.3587098441058607,False,-0.9854231302842574,False,0.5455299159136158,False,0,False
39.9279_32.5647,39.927927927927925,32.56470588235294,74.04347826086956,31.407560477661423,0.1115106281228443,57.78952802316832,58.57469732659041,63.968599589668536,0.059363887975063444,False,-0.42792902748500783,False,-1.0842183827736833,False,0.6405796077835796,False,0,False
39.9279_32.5765,39.927927927927925,32.576470588235296,39.42857142857143,15.953802040634383,0.03900367014995616,29.783443847975967,51.689233954451346,72.25365451517342,0.11500628371663028,False,-0.4460587254636632,False,-1.2946485410992827,False,1.1425343143379083,False,0,False
39.9279_32.6118,39.927927927927925,32.61176470588235,69.86163522012579,7.915039160503834,0.07427425069460768,15.22130710427694,60.631682389937104,53.23108919485467,0.1314651983537678,False,-0.4280960827145912,False,-1.323405960488177,False,4.317476568911676,False,0,False
39.9279_32.6235,39.927927927927925,32.62352941176471,34.9622641509434,6.1641788319049,0.061817523783640124,12.090396471724448,53.328909130340485,52.0654756457056,0.015647953435474368,False,-0.3800339210338444,False,-1.1716228074576907,False,3.9016752043802074,False,0,False
39.9279_32.6353,39.927927927927925,32.63529411764706,44.899371069182386,6.417106659295078,0.062243487368628975,11.706023313470201,58.84507417849426,57.76271106574773,0.02888097347679793,False,-0.4033217130337917,False,-1.0975870802524068,False,1.8064307903564503,False,0,False
39.9279_32.6471,39.927927927927925,32.64705882352941,111.2375,44.44900596010756,0.11948398147847601,86.3298380269134,37.22950148809524,42.36349439265619,0.24689945011566417,False,-0.4653837570145367,False,-1.4128595034517335,False,1.3027261670163373,False,0,False
39.9279_32.6588,39.927927927927925,32.65882352941176,7.0,4.628768738491057,0.07894174635435007,15.482732015848331,27.785339922132376,31.849246434709475,0.005540405082096691,False,-0.39767464582557416,False,-1.4341778743384321,False,2.0625370862631818,False,0,False
39.9279_32.6941,39.927927927927925,32.694117647058825,45.37888198757764,218.15656700631806,0.4160919133616952,400.34383670876593,56.558897661143845,56.21427775589819,0.29222631569483376,False,-0.5439667521944996,False,-1.0745333509804045,False,2.262378108838681,False,0,False
39.9279_32.7059,39.927927927927925,32.705882352941174,29.425,52.27515581835955,0.18068801709637522,93.42592075262368,58.08175198412698,59.556382533057864,0.015083690295631743,False,-0.42243326691454913,False,-1.218898308745816,False,4.225406858950096,False,0,False
39.9279_32.7765,39.927927927927925,32.77647058823529,1.0,0.17936562240359705,0.0027796784125897205,0.28352719808416005,64.62447257383965,64.62449410143805,0.014122465895762784,False,-0.4486328057266708,False,-1.0140204862349163,False,2.9307208768459945,False,0,False
39.9279_32.7882,39.927927927927925,32.78823529411765,34.823170731707314,51.09053847285171,0.12861462017692485,106.76006990629969,39.54508242999096,20.90708548246367,0.1374171843724553,False,-0.4983416147526685,False,-1.7987159050105732,True,1.8334918227415355,False,1,False
39.9279_32.8118,39.927927927927925,32.811764705882354,71.75460122699387,323.77941697259905,0.40526979999278107,603.4969411560942,49.5039411163903,48.78754690676536,0.38847772369623734,True,-0.5908782356402337,True,-1.0378129366032722,False,4.566090005828769,False,2,True
39.9279_32.8235,39.927927927927925,32.8235294117647,126.47169811320755,24.585531235211736,0.2393132913466175,47.18346654999764,60.36088685155788,53.063623717424754,0.3496799221271627,True,-0.46148610877604757,False,-1.2669957571491495,False,3.7569570057092863,False,1,False
39.9279_32.8353,39.927927927927925,32.83529411764706,156.4451219512195,353.10633191744614,0.4695987480110261,644.2508706625916,50.589354292487904,55.46697170731774,0.03538556982911258,False,-0.6245107383520061,True,-1.1165197772590305,False,3.4193141314825715,False,1,False
39.9279_32.8471,39.927927927927925,32.84705882352941,697.6545454545454,600.6746242118304,0.8573108153458968,1099.190218760051,46.96282480289518,54.12261746474526,6.018935434167563,True,-0.7768177325787105,True,-3.5256536419755866,True,10.518349059520295,False,3,True
39.9279_32.8588,39.927927927927925,32.858823529411765,995.4909090909091,174.93515829662664,0.27021779684176367,322.375834831478,45.85753210754305,52.08525810914586,32.03693007265538,True,-0.6682154854823252,True,-5.075532091686122,True,12.686318714676979,True,4,True
39.9279_32.8706,39.927927927927925,32.870588235294115,136.48427672955975,94.23086067333402,0.8594741648529078,178.78117401762728,50.57485286896211,53.87238536303819,0.04188779708031437,False,-0.5390899361929197,False,-1.239195374504321,False,2.1624592309386608,False,0,False
39.9279_32.8824,39.927927927927925,32.88235294117647,243.64779874213838,76.74048288612555,0.7251863737932377,149.70320347782064,49.985458208750046,52.31149892232854,0.9330781413977474,True,-0.5616972521518576,True,-1.4531565001709108,False,2.9048933574462583,False,2,True
39.9279_32.8941,39.927927927927925,32.89411764705882,82.937106918239,72.19021270438668,0.7039091249005494,140.10545515893295,48.10357887135689,52.63942485404674,0.002616450608445863,False,-0.4782637755284278,False,-1.0736856790625138,False,1.5183115122864264,False,0,False
39.9279_32.9059,39.927927927927925,32.90588235294118,104.93081761006289,34.449948869897,0.3408733911018171,65.94804549831905,50.77578595111714,53.480179692339085,0.12752624089443657,False,-0.4272601711942662,False,-1.0117305199096678,False,0.8746281755316562,False,0,False
39.9279_32.9176,39.927927927927925,32.917647058823526,17.20754716981132,4.757883359293515,0.06991120416411362,11.474024178193998,43.35889103075854,42.27544123170069,0.002706335654300848,False,-0.36439727434432945,False,-1.1337628424215482,False,1.4302570495812932,False,0,False
39.9279_33.0,39.927927927927925,33.0,4.0,2.2123730129871295,0.038094981572012764,5.362710373093791,42.7248427672956,42.86518388746819,0.002708246087840323,False,-0.3571571503398325,False,-0.9849451485440032,False,0.1407565758861726,False,0,False
39.9279_33.0118,39.927927927927925,33.01176470588235,25.867924528301888,4.83083730561314,0.08089921354054583,11.35612293727801,38.90308536140734,43.44934632574526,0.008152314050486763,False,-0.3700156290612208,False,-1.197056393988078,False,0.3462177078803014,False,0,False
39.9279_33.0235,39.927927927927925,33.023529411764706,7.251572327044025,4.773309863685984,0.08696281115854772,12.211275070611968,36.5945143256464,40.13600830585446,0.0039289849678834044,False,-0.3691337015692413,False,-0.9933981478212847,False,0.2765220115729993,False,0,False
39.9369_32.5412,39.93693693693694,32.54117647058823,20.9748427672956,20.422512348839927,0.11241568038954992,40.213959186018755,41.79758763044002,58.292570865966255,0.07119449020363187,False,-0.3825264282027659,False,-1.097251521378039,False,0.3696831869564839,False,0,False
39.9369_32.5647,39.93693693693694,32.56470588235294,98.71428571428571,41.663047130324216,0.18137675535902353,76.34751943814547,55.71574521057735,62.129203549938524,0.12328195418037209,False,-0.44306393529562266,False,-1.0554693276889178,False,0.7103557665753626,False,0,False
39.9369_32.5765,39.93693693693694,32.576470588235296,58.254658385093165,23.81038947293717,0.10888942275936171,41.86054053336565,63.62817585565114,65.36452263703286,0.026231343018591955,False,-0.4417451479724501,False,-1.1519460359080573,False,1.0111004471865728,False,0,False
39.9369_32.5882,39.93693693693694,32.588235294117645,119.20731707317073,109.1122620291788,0.12587447354173129,196.8371909381215,60.380898993926955,65.66653085895983,0.10372053940109414,False,-0.5377119635716034,False,-1.3250789193134143,False,1.572422298766014,False,0,False
39.9369_32.6,39.93693693693694,32.6,48.03086419753087,90.76826873408542,0.12683207381645897,168.35401598251943,53.52451639091851,56.50557502312742,0.004179360603856417,False,-0.45154780801771316,False,-1.287929886313239,False,4.055224852113806,False,0,False
39.9369_32.6118,39.93693693693694,32.61176470588235,99.77439024390245,735.1543259069208,0.2552551323156158,1338.6242484117254,53.884274986793926,57.26356828608214,2.026896428811224,True,-0.6821581524178149,True,-3.0135491899606484,True,11.149981003300844,False,3,True
39.9369_32.6235,39.93693693693694,32.62352941176471,56.475,99.48537724095961,0.12687446481605955,179.77639650538487,52.46558053728645,59.90816452856599,0.0065255957872391085,False,-0.4619002375836346,False,-1.2389991398523945,False,1.2498550634857355,False,0,False
39.9369_32.6353,39.93693693693694,32.63529411764706,122.5925925925926,400.42794127767314,0.16246244319649397,729.9950934935848,55.273191236988616,59.56845458375075,0.15866497487424483,False,-0.6487863381929627,True,-1.2048264038482959,False,6.523254858786389,False,1,False
39.9369_32.6471,39.93693693693694,32.64705882352941,77.4875,32.308194438756104,0.0920171115904533,58.3898127704306,48.553729014041515,58.20907633431754,0.10036831519074897,False,-0.41171782072341623,False,-1.005496784827991,False,1.7395330578654706,False,0,False
39.9369_32.6588,39.93693693693694,32.65882352941176,69.9622641509434,10.744327926083985,0.12283013045982391,27.69558012625947,37.11289401766996,38.587125838560176,0.10258804864872956,False,-0.41326155375239776,False,-1.1971071226650367,False,2.4002721170892496,False,0,False
39.9369_32.6706,39.93693693693694,32.67058823529412,44.39751552795031,215.28011041918728,0.4161915204492348,395.2022160040346,56.14008308637465,56.19495920710663,0.2887975293958687,False,-0.540560932581085,False,-1.1003265196414984,False,3.623519396223504,False,0,False
39.9369_32.6824,39.93693693693694,32.68235294117647,2.0,0.559070498428379,0.014548720251459302,2.045801526717557,26.37150127226463,26.369216512072665,0.0001348794746105458,False,-0.38165214151542903,False,-1.0462385382216552,False,6.368685179812296,False,0,False
39.9369_32.7059,39.93693693693694,32.705882352941174,154.359756097561,313.58819742092965,0.24945063946549162,581.6347260418416,53.4767311703442,58.81799112531189,0.0003641736578237217,False,-0.6085273683593329,True,-1.057131301272912,False,2.2668944630780996,False,1,False
39.9369_32.7176,39.93693693693694,32.71764705882353,140.00613496932516,293.5079529056394,0.28947053727923455,546.5506483582653,51.62552217859932,58.96161531712079,0.006495315705406933,False,-0.5899213489570797,True,-0.9936949815486361,False,2.7279919116883646,False,1,False
39.9369_32.7294,39.93693693693694,32.72941176470588,95.70552147239263,305.19098055660527,0.2985068366718282,568.5186325566013,51.31375409038935,58.6208560629013,0.1492343918907362,False,-0.5831954903035712,True,-1.0037675220798588,False,2.913762268823308,False,1,False
39.9369_32.7412,39.93693693693694,32.74117647058824,134.2716049382716,172.38067191664192,0.27500039016717603,330.55581585427996,52.397180359171585,59.122147516515106,0.04136271978786896,False,-0.5405169779063526,False,-1.0390608485400183,False,1.690259427221213,False,0,False
39.9369_32.7529,39.93693693693694,32.752941176470586,148.75460122699386,315.25705547090774,0.3413177126308342,588.9459767008766,51.17206586720341,57.436516946772926,0.008676922608247596,False,-0.5985820691268919,True,-1.0555912678114445,False,3.7203573641656424,False,1,False
39.9369_32.7647,39.93693693693694,32.76470588235294,47.63803680981595,315.46672338035927,0.29455124251299136,589.7974590195187,51.05929283207055,58.768539889256154,0.5120279702121325,True,-0.5881866812673956,True,-1.0306164666597946,False,4.10614986722744,False,2,True
39.9369_32.7765,39.93693693693694,32.77647058823529,15.924528301886792,8.879648823304697,0.04328943870003642,16.50977277333944,65.9230214884696,58.746763632773266,0.04072884096300908,False,-0.4312633817220342,False,-1.036060838398354,False,2.5847798827414676,False,0,False
39.9369_32.7882,39.93693693693694,32.78823529411765,20.39877300613497,113.09474123661553,0.030841453951372236,213.51443146876016,41.269213165838934,38.01330070204954,0.05465420037957175,False,-0.521965652976262,False,-1.2362007612350867,False,2.2113715711453796,False,0,False
39.9369_32.8,39.93693693693694,32.8,25.88050314465409,3.3134435669285605,0.04775122082713095,6.559919516859492,65.77511691662635,50.981095229210226,0.11461788270654179,False,-0.4194600092487424,False,-1.8894444410605569,True,3.4413819222138553,False,1,False
39.9369_32.8118,39.93693693693694,32.811764705882354,179.27329192546583,119.77643580501424,0.20876088855445502,237.22333476419573,57.33310585078243,55.32840252712175,0.4298049144985945,True,-0.5402704389472872,False,-1.163811508129085,False,1.1514084404048628,False,1,False
39.9369_32.8235,39.93693693693694,32.8235294117647,181.0843373493976,296.5458735767548,0.26944070626120703,546.1793817154974,53.30718480951641,50.98168524064456,0.06109664177296909,False,-0.6245403994055093,True,-1.047056337972432,False,1.3433297492247067,False,1,False
39.9369_32.8353,39.93693693693694,32.83529411764706,253.72289156626505,439.2722319234492,0.4110095797879041,807.3314633324172,49.55495676700171,53.24731034759209,0.06215070413287494,False,-0.6753916720785952,True,-1.5421583686469114,False,3.736889535207597,False,1,False
39.9369_32.8471,39.93693693693694,32.84705882352941,479.6993865030675,216.159344795476,0.9473511688965794,408.6438093481536,46.136518406088264,54.476888962661235,4.01619535844591,True,-0.6793916671193193,True,-2.4467331934383774,True,3.200937740330369,False,3,True
39.9369_32.8588,39.93693693693694,32.858823529411765,34.905660377358494,32.815101505593596,0.2691257356926184,57.55561655754641,51.05109774921096,58.423349008839764,0.007198745851368403,False,-0.380609810917006,False,-1.0184157224760624,False,6.165945718830386,False,0,False
39.9369_32.8706,39.93693693693694,32.870588235294115,145.25,99.86042001474588,0.4428964027493703,186.60311444577468,47.065331527152864,54.644065524209566,0.16469461402073685,False,-0.500556990737538,False,-1.2812456754302999,False,1.0631207226398622,False,0,False
39.9369_32.8824,39.93693693693694,32.88235294117647,80.0375,127.52936137164097,0.545803230768008,235.9720562624425,48.08286098101072,55.96083128917761,0.016921231413320127,False,-0.4919295649110387,False,-1.1193465418910855,False,1.1348730905869904,False,0,False
39.9369_32.8941,39.93693693693694,32.89411764705882,48.57232704402516,8.532776447699964,0.10583949648122327,24.297329740705933,31.922349981018545,35.56174910559456,0.045783120949473295,False,-0.41099728101155975,False,-1.219524224492582,False,2.6350452611018618,False,0,False
39.9369_32.9059,39.93693693693694,32.90588235294118,34.484472049689444,81.72896243177654,0.05145675807877932,151.60436463225628,44.62212674543502,49.601364323361615,0.008444994896920162,False,-0.4482618378467203,False,-1.136492069320194,False,1.1954807192827352,False,0,False
39.9369_32.9176,39.93693693693694,32.917647058823526,47.40880503144654,6.167932698965375,0.07142836473650548,14.17114067719889,44.08370195339388,44.23415675797014,0.04020696181798786,False,-0.37970697422673955,False,-1.2083593163316293,False,0.7820358500009742,False,0,False
39.9369_32.9882,39.93693693693694,32.98823529411764,10.0,2.2123730129871295,0.038094981572012764,5.362710373093792,42.7248427672956,42.865183887468184,0.0005753168355574727,False,-0.3586767956868054,False,-0.9943093351544456,False,0.1190941157431833,False,0,False
39.9369_33.0,39.93693693693694,33.0,2.0,2.2123730129871295,0.038094981572012764,5.362710373093791,42.7248427672956,42.86518388746819,0.0040571338154984215,False,-0.3578805503725924,False,-0.9817471524951029,False,0.22112381367436554,False,0,False
39.9369_33.0235,39.93693693693694,33.023529411764706,17.628930817610062,4.520713173884882,0.0826315517197523,11.601403428713294,36.426607921613474,39.993798592958946,0.0026479018582548836,False,-0.37186280734807386,False,-1.0639877425898956,False,0.14117948697565713,False,0,False
39.9369_33.0471,39.93693693693694,33.04705882352941,8.0,2.2123730129871295,0.038094981572012764,5.362710373093791,42.7248427672956,42.86518388746819,0.0009673375978698457,False,-0.3586194509374726,False,-0.9932666826433334,False,0.49063278908527425,False,0,False
39.9459_32.5294,39.94594594594594,32.529411764705884,13.9874213836478,25.258326339732932,0.1425163528944633,48.934213353327046,41.92386942198263,58.94510159270048,0.0847042393368781,False,-0.39638062062121066,False,-1.1102329217284235,False,0.2583826787039818,False,0,False
39.9459_32.5412,39.94594594594594,32.54117647058823,22.9874213836478,22.513763285136367,0.13321931691014208,42.31470148782043,47.41719989062073,60.036911984069405,0.03517099378713318,False,-0.37723811896931153,False,-1.0385212693570627,False,0.3517549123118871,False,0,False
39.9459_32.5529,39.94594594594594,32.55294117647059,56.9685534591195,25.586483447666634,0.15037665772157022,48.11576123009791,47.9239843884829,60.28401155898311,0.05176204528198031,False,-0.3886879615318326,False,-1.0045529810645046,False,0.34816585600013733,False,0,False
39.9459_32.5647,39.94594594594594,32.56470588235294,20.0,19.70566184693585,0.12372980397838566,32.40322668953574,62.89837526205451,67.08045227958827,0.006695546176348599,False,-0.4254357244310182,False,-1.0056726115611085,False,1.6139687392387887,False,0,False
39.9459_32.5765,39.94594594594594,32.576470588235296,123.09756097560975,95.31333365591685,0.18224803300807663,175.90991734233742,53.78366725711569,60.93425575915597,0.1392331504732398,False,-0.49668888172678105,False,-1.22088805168107,False,0.9320459719147257,False,0,False
39.9459_32.5882,39.94594594594594,32.588235294117645,100.8109756097561,142.4280231715543,0.15561303537794346,264.53590894312185,56.29573766405801,59.37722850988085,0.014308464344346626,False,-0.5207070422513361,False,-1.2090941438258296,False,0.39578984269490414,False,0,False
39.9459_32.6,39.94594594594594,32.6,173.33132530120483,728.0447502879865,0.21922073207217155,1332.4485055493917,49.417814750715564,56.813054405960415,0.8534208617058322,True,-0.7010797454061629,True,-2.9691218600547,True,10.745474908099041,False,3,True
39.9459_32.6118,39.94594594594594,32.61176470588235,54.68711656441718,70.05991586074026,0.06353450751409172,131.14103060206685,42.962965268371704,49.710923219421346,0.013750500468831603,False,-0.43341619081375166,False,-1.1934160374590186,False,3.405992501413547,False,0,False
39.9459_32.6235,39.94594594594594,32.62352941176471,71.06832298136646,37.584900259159966,0.10716490338701389,68.37605307822308,54.16901668213512,59.14031911815683,0.05013677283388065,False,-0.4083190176186454,False,-1.0000799388705146,False,3.1612157142791473,False,0,False
39.9459_32.6353,39.94594594594594,32.63529411764706,88.78260869565217,28.525505398724032,0.1703790938219716,50.57255628912423,55.74965246968353,61.09717145674486,0.10721081332956058,False,-0.4223591495552385,False,-1.051877202281942,False,2.5625785220969495,False,0,False
39.9459_32.6471,39.94594594594594,32.64705882352941,155.52147239263803,220.49114366924326,0.241890571729408,403.4889766586565,55.751969644385944,58.45979689041153,0.05699333163509573,False,-0.566911625934287,True,-1.0052350469899394,False,1.1656347055778506,False,1,False
39.9459_32.6588,39.94594594594594,32.65882352941176,170.67080745341616,216.57368937090123,0.3953366184845425,396.6852167997763,57.06956706692821,56.46056892762323,0.09265701922497543,False,-0.5824061507702183,True,-1.0069287628830221,False,2.0284106608892265,False,1,False
39.9459_32.6941,39.94594594594594,32.694117647058825,224.2439024390244,400.1607560129508,0.33326451288910824,736.0967022429559,48.965578242118745,57.97073916313597,0.03606538213357673,False,-0.6617257791178537,True,-1.3338783555261144,False,5.7992137829046,False,1,False
39.9459_32.7059,39.94594594594594,32.705882352941174,19.72327044025157,30.051079508908995,0.6099106839747451,44.09000936277418,51.71573824498352,69.55609258281346,0.13506758731892232,False,-0.4620011111136552,False,-1.0673046867023324,False,3.615090298662178,False,0,False
39.9459_32.7176,39.94594594594594,32.71764705882353,60.98159509202454,307.9126325657137,0.4587678686480589,569.3867227591654,51.856252361652736,61.83362664668724,0.4675572174932907,True,-0.602071657821779,True,-0.9973108476451038,False,3.375075022506233,False,2,True
39.9459_32.7294,39.94594594594594,32.72941176470588,19.69811320754717,34.44954869943375,0.8840473162716657,73.33499584808598,42.68338256781653,48.58593516316868,0.15962097959858143,False,-0.47243715055056246,False,-1.0498919692206865,False,2.6501438397833414,False,0,False
39.9459_32.7412,39.94594594594594,32.74117647058824,2.0,35.78264450434262,1.0540206648697212,78.5142632524708,35.98087002096436,47.92208966007389,0.3409495629989913,True,-0.5173249059552155,False,-1.1207953927057228,False,3.180318312631065,False,1,False
39.9459_32.7529,39.94594594594594,32.752941176470586,95.8641975308642,179.97128071654802,0.2788915088063856,345.0486870549673,51.6349646314287,59.05520628478675,0.006474245759353826,False,-0.5297962942973147,False,-1.0340735362351254,False,2.05241636741134,False,0,False
39.9459_32.7647,39.94594594594594,32.76470588235294,2.0,3.4021790220613832,0.12795138295404057,8.973014734443582,28.18291139240506,38.738395147765665,0.039259787549932895,False,-0.3960344006586352,False,-1.7639887931636384,True,3.0110203889658704,False,1,False
39.9459_32.7765,39.94594594594594,32.77647058823529,186.0248447204969,117.26912210533322,0.2679405279208418,227.1426566243977,52.125397469145305,59.46761488365112,0.4528369139765274,True,-0.5361350537629033,False,-1.092012657303365,False,2.859111655509527,False,1,False
39.9459_32.7882,39.94594594594594,32.78823529411765,218.53416149068323,108.94199821020769,0.28122417889367574,212.74263913684302,49.94301969372019,57.24535197669876,0.8073639407267921,True,-0.5327559024407219,False,-1.2082408701367986,False,2.9301754498223067,False,1,False
39.9459_32.8,39.94594594594594,32.8,203.80124223602485,112.16483728864519,0.343285913362293,220.45473927034436,48.991289806824405,55.229935246465296,0.5979107543857632,True,-0.5296195598552731,False,-1.167544170303356,False,2.4665363139195047,False,1,False
39.9459_32.8235,39.94594594594594,32.8235294117647,139.38650306748465,156.81455299654058,0.26176222460533954,293.18494765857963,47.28322335228885,53.36116277695347,0.08986179546513873,False,-0.5374170908725395,False,-1.029202611938555,False,1.2730368539662849,False,0,False
39.9459_32.8353,39.94594594594594,32.83529411764706,145.75460122699386,220.16703391000945,0.6448275253319125,426.2440354056756,43.849357792566224,46.087856067450794,0.0069406978726821835,False,-0.6002903527784591,True,-1.0885958869977028,False,1.0107233041677086,False,1,False
39.9459_32.8471,39.94594594594594,32.84705882352941,220.30817610062894,100.56815210938986,0.9382138169478227,183.93382715715092,46.56299822015443,56.04926861065552,0.4493245455224315,True,-0.579638717185604,True,-1.5583858511325592,False,1.9964614161296195,False,2,True
39.9459_32.8588,39.94594594594594,32.858823529411765,68.125,104.63404130262316,0.6177982634942192,203.90598738142836,44.08626924524751,51.48374067883731,0.028572503599583503,False,-0.49064023068750146,False,-1.1032863194062366,False,1.484737408623092,False,0,False
39.9459_32.8706,39.94594594594594,32.870588235294115,16.89375,20.297687880286354,0.15410560559043152,39.71718892782961,40.46119791666666,50.47097738131124,0.025758457355444454,False,-0.3743282775717042,False,-1.0611940187197353,False,2.430608711941299,False,0,False
39.9459_32.8824,39.94594594594594,32.88235294117647,73.5125,121.2358130183975,0.502493733781687,224.65948018769149,45.32558464674312,55.661657050119075,0.02474100136133774,False,-0.48981849008225525,False,-1.1173177302792798,False,1.2868096904730493,False,0,False
39.9459_32.8941,39.94594594594594,32.89411764705882,115.69375,121.95339926300667,0.4965373042437924,224.6278968675268,46.49699070669935,56.38228574559885,0.025674162684122478,False,-0.5002649594782863,False,-1.2597973298958973,False,1.7818506781188974,False,0,False
39.9459_32.9059,39.94594594594594,32.90588235294118,33.0875,54.48162512284462,0.1316329184235294,104.97181159605925,44.45802872474748,47.598905120842495,0.002385740586599617,False,-0.3986799051834775,False,-1.147055839378814,False,0.7197794425929015,False,0,False
39.9459_32.9176,39.94594594594594,32.917647058823526,14.85,27.32562567092282,0.09291307407286567,52.7806729467624,46.54234722222222,51.05237049998529,0.00855758925301799,False,-0.3862627517051409,False,-1.1513292870576008,False,0.7472023261550448,False,0,False
39.9459_33.0353,39.94594594594594,33.035294117647055,21.50314465408805,3.3972680147672603,0.061524082115291825,8.641480290178514,38.53904262753319,40.39012724624185,0.0035455448637302955,False,-0.3704606375933931,False,-1.1412595437962876,False,0.18677730848546945,False,0,False
39.9459_33.0471,39.94594594594594,33.04705882352941,6.251572327044025,3.3468422072587463,0.06249715224715246,8.766360651062376,35.65006988120196,39.121059500599394,0.003425988734827657,False,-0.36786364395395926,False,-0.9959704781426391,False,0.27538272189705526,False,0,False
39.9459_33.0588,39.94594594594594,33.05882352941176,6.251572327044025,3.3468422072587463,0.06249715224715246,8.766360651062376,35.65006988120196,39.121059500599394,0.003425988734827657,False,-0.36786364395395926,False,-0.9959704781426391,False,0.1864582690644473,False,0,False
39.9459_33.0706,39.94594594594594,33.07058823529412,6.251572327044025,3.3468422072587463,0.06249715224715246,8.766360651062376,35.65006988120196,39.121059500599394,0.003425988734827657,False,-0.36786364395395926,False,-0.9959704781426391,False,0.026590195653352244,False,0,False
39.9459_33.0941,39.94594594594594,33.09411764705882,3.1257861635220126,3.3468422072587463,0.06249715224715246,8.766360651062376,35.65006988120196,39.121059500599394,0.005149121805632477,False,-0.3667031433181713,False,-1.1007596820286591,False,0.0,False,0,False
39.955_32.5529,39.95495495495496,32.55294117647059,44.68125,47.94876692384067,0.13498645396434938,91.07804733421786,44.46460575048733,56.36160141119116,0.029935854367076953,False,-0.3965547610364804,False,-1.1184195272282564,False,0.6079246468078131,False,0,False
39.955_32.5647,39.95495495495496,32.56470588235294,58.839506172839506,70.7087538825474,0.09705060827019923,136.0504743385314,46.96406893004115,56.73401454647867,0.022063877807794802,False,-0.43773690120313036,False,-1.1792759880233024,False,0.48232891271390393,False,0,False
39.955_32.5765,39.95495495495496,32.576470588235296,163.73456790123456,85.04771256102998,0.16473914616959592,160.39031381080673,49.408190801337845,58.24075064636095,0.4520312365677934,True,-0.5090952447905115,False,-1.214918368721906,False,1.6316621646492337,False,1,False
39.955_32.5882,39.95495495495496,32.588235294117645,61.924528301886795,12.499865959183667,0.08827047703888725,25.14666426739433,54.35025360113613,57.73583728604398,0.055565354769638364,False,-0.40047741296493095,False,-1.003885970905411,False,3.5805120980088816,False,0,False
39.955_32.6,39.95495495495496,32.6,126.9329268292683,140.6671511786079,0.13870620834223724,259.65285227828986,49.546398870477255,59.74506707746903,0.1059900286362216,False,-0.5242539131991149,False,-1.1445886780849386,False,0.6676699353229565,False,0,False
39.955_32.6118,39.95495495495496,32.61176470588235,81.90062111801242,50.214989853800155,0.1662492006749395,94.5460305283165,51.913180673002564,61.686654517290044,0.0657306172844175,False,-0.4250290029062124,False,-1.0918899746895592,False,2.1765875083593067,False,0,False
39.955_32.6235,39.95495495495496,32.62352941176471,43.40372670807454,38.59831549458655,0.14530137413814004,73.49442826058798,54.40263892118112,59.6607090337394,0.001678957980776192,False,-0.38809015213011555,False,-1.0107499886611326,False,1.4106413388934462,False,0,False
39.955_32.6471,39.95495495495496,32.64705882352941,77.34939759036145,293.87286660470926,0.28943924600391896,588.6994866226896,51.20025240305012,57.791007883955494,0.2519183861360959,False,-0.583891763790445,True,-1.0071827441513588,False,2.131986022033039,False,1,False
39.955_32.6588,39.95495495495496,32.65882352941176,193.7116564417178,234.5939973083896,0.27684678151183656,437.14445483463504,51.288095994861536,58.36308323087411,0.18122982478076063,False,-0.5869463557203713,True,-1.0103063708628253,False,1.9469990383152975,False,1,False
39.955_32.6706,39.95495495495496,32.67058823529412,29.12578616352201,18.896372367276918,0.16800324388400437,32.65194130224347,52.88477092690552,60.18330394516143,0.0054757680320234895,False,-0.3776449347738145,False,-1.0214017344547746,False,3.633545594113417,False,0,False
39.955_32.6824,39.95495495495496,32.68235294117647,222.48170731707316,394.442502258756,0.33225672932904343,724.8162149815239,49.47388532796828,58.15748133805911,0.03676713803102479,False,-0.6626218144393271,True,-1.3114920324726145,False,6.538655205709684,False,1,False
39.955_32.6941,39.95495495495496,32.694117647058825,8.050314465408805,19.798490059108044,0.45878311930552934,32.21616364501562,48.65315630095505,63.55541780035646,0.10965304861273899,False,-0.42664511958741297,False,-1.133563521192244,False,2.465823830627862,False,0,False
39.955_32.7059,39.95495495495496,32.705882352941174,10.0,22.87775255894181,0.4982795363584386,34.957029798653586,53.91299790356394,67.4200457505703,0.10949739730066647,False,-0.4516234232689342,False,-1.1044250312632766,False,2.220544668514873,False,0,False
39.955_32.7176,39.95495495495496,32.71764705882353,43.943396226415096,31.02704826189251,0.6840706133905337,56.59759172422465,49.0046873038834,57.120933542971585,0.028796129768791635,False,-0.42458642510034006,False,-1.0693226015980355,False,1.1068183762948027,False,0,False
39.955_32.7294,39.95495495495496,32.72941176470588,24.547169811320753,33.805943920442175,0.9606478422273251,78.57716716260187,36.511281240551355,44.532369976992904,0.1524889508812922,False,-0.4988697476855557,False,-1.066560239136971,False,1.02022342416663,False,0,False
39.955_32.7412,39.95495495495496,32.74117647058824,20.22641509433962,25.03805802127723,0.7824023669108112,59.103137300393186,40.45764284050448,44.167514714220715,0.10574018914672323,False,-0.45335071150967476,False,-1.1125719457474337,False,0.7367309394559912,False,0,False
39.955_32.7529,39.95495495495496,32.752941176470586,11.0,3.200343067417439,0.24445780572742476,17.090089007714433,22.715995397008058,19.232825972216954,0.0074692686668985896,False,-0.47769343469398134,False,-2.741164252749239,True,3.2862425389486596,False,1,False
39.955_32.7647,39.95495495495496,32.76470588235294,15.91194968553459,33.86708906533576,0.1679612488232078,71.0341671666053,29.306498951781972,33.336239857035885,0.00982599901649485,False,-0.44333155390978796,False,-1.339635436186783,False,2.2312149247902617,False,0,False
39.955_32.7765,39.95495495495496,32.77647058823529,15.930817610062894,61.98596099707941,0.4203729635372243,136.2861449046512,32.3460036687631,28.04595912758027,0.08854283810203785,False,-0.5006378595158592,False,-1.2572945505130484,False,1.6454603487769397,False,0,False
39.955_32.7882,39.95495495495496,32.78823529411765,2.0,24.826100628930817,1.3638364779874212,95.82075471698113,27.952306079664574,27.971432560092158,0.4737160268865588,True,-0.604528790952011,True,-1.6255733182898218,False,4.297107408172897,False,2,True
39.955_32.8,39.95495495495496,32.8,45.943396226415096,54.31572092875632,0.8624634899208816,135.80354497878608,38.48774440970914,41.39420735682015,0.08340024019091631,False,-0.50681424402944,False,-1.09142831118801,False,1.2957601264679834,False,0,False
39.955_32.8118,39.95495495495496,32.811764705882354,63.60377358490566,48.75632775867036,0.768634121256572,121.98563225177102,39.76583236756922,41.244013826256946,0.02124033265526162,False,-0.4747604573165389,False,-1.0910400584445876,False,1.3913335146781851,False,0,False
39.955_32.8235,39.95495495495496,32.8235294117647,64.48447204968944,94.63843535975742,0.4733692230677703,200.12363800937365,39.562641541672754,43.76453770028775,0.010603346579819763,False,-0.4922457405439739,False,-1.09359288195104,False,1.0569768081464752,False,0,False
39.955_32.8353,39.95495495495496,32.83529411764706,51.65,93.56433873445758,0.8650513250856899,179.70504966505277,44.382036106477,53.123072079967514,0.12071961351623793,False,-0.4963388989623573,False,-1.0329762331100585,False,1.5249040056169274,False,0,False
39.955_32.8471,39.95495495495496,32.84705882352941,36.35625,107.45734525951184,0.7961219045696682,193.80286816844782,48.35084459459459,58.11030471862243,0.2085526946536903,False,-0.4955086315864547,False,-1.1137301657080045,False,1.6015838053915212,False,0,False
39.955_32.8588,39.95495495495496,32.858823529411765,203.8875,147.74453813928156,1.0253232265152417,289.5081441367394,45.75566385909712,50.510588228724,0.17080749324598965,False,-0.6191428329515909,True,-1.5222708059577328,False,3.014890946079485,False,1,False
39.955_32.8706,39.95495495495496,32.870588235294115,93.325,86.55752469972597,0.4426789100591135,163.9279480950543,47.63123524504196,53.049186840258315,0.012159122449488696,False,-0.4641049531904034,False,-1.179917245243703,False,0.2777406455754223,False,0,False
39.955_32.8824,39.95495495495496,32.88235294117647,36.9937106918239,14.00092521153923,0.15518136132096746,22.29586582853421,52.69051735888,63.905314105102136,0.022481910417976553,False,-0.3956120067214055,False,-1.0106364160868224,False,1.8391989855206592,False,0,False
39.955_32.8941,39.95495495495496,32.89411764705882,121.78616352201257,42.18867225246001,0.3475583919602232,73.49774583697419,52.35623862783774,58.673643970230856,0.18997394712095392,False,-0.44172517576170234,False,-1.0764661695549158,False,1.2515317861570172,False,0,False
39.955_32.9059,39.95495495495496,32.90588235294118,79.925,51.20899884111659,0.11914324235270053,93.90756329450308,50.836226912995805,57.703713979690136,0.064038483895344,False,-0.4226494693376857,False,-1.066974677106249,False,0.4330573911660278,False,0,False
39.955_32.9176,39.95495495495496,32.917647058823526,90.96875,34.372426591201965,0.14353191307516117,62.419348591391746,53.61989959089823,58.97434121293253,0.11760782148977195,False,-0.41764793168800945,False,-1.0396527461124516,False,0.9299957890604947,False,0,False
39.955_32.9294,39.95495495495496,32.92941176470588,25.76875,49.56666307492169,0.20629641535775067,91.56052634357594,51.019038461538464,57.36889437740115,0.01970701312058711,False,-0.39571166966798854,False,-1.0724771906355142,False,0.8350924918013126,False,0,False
39.955_32.9412,39.95495495495496,32.94117647058823,58.45625,41.58014587060799,0.15526545116651763,77.86358831515776,49.27221270455874,54.18460985431599,0.01629095260223019,False,-0.3905963751893518,False,-1.0052916640843415,False,0.300998787158192,False,0,False
39.955_32.9529,39.95495495495496,32.95294117647059,15.735849056603774,7.182402237782741,0.05511667302732619,12.904728410335403,49.494332428988365,56.00445858411143,0.006404804532707187,False,-0.3731972380603026,False,-1.0810641024185272,False,0.9972112067787708,False,0,False
39.955_32.9647,39.95495495495496,32.96470588235294,10.0,10.287067694209,0.07142775121728473,17.977511781975284,49.62641509433962,58.231247005356074,0.018158606094592297,False,-0.37607796042850805,False,-1.1449156646204917,False,0.8056483740662469,False,0,False
39.955_32.9765,39.95495495495496,32.976470588235294,49.710691823899374,31.583700054508768,0.243668449883619,55.548541854992735,52.111050121443164,58.45603330437074,0.004536571157392347,False,-0.3849416461905893,False,-0.9927857609372174,False,0.7444169407524925,False,0,False
39.955_33.0824,39.95495495495496,33.08235294117647,3.1257861635220126,3.3468422072587463,0.06249715224715246,8.766360651062376,35.65006988120196,39.121059500599394,0.005149121805632477,False,-0.3667031433181713,False,-1.1007596820286591,False,0.020979233124596243,False,0,False
39.955_33.1765,39.95495495495496,33.1764705882353,20.88050314465409,1.7368830312114032,0.03085679222828186,4.332854685055671,33.66908339156767,41.23301825179668,0.022416694478879156,False,-0.38395599872593034,False,-1.2586082237250498,False,0.8698700672271948,False,0,False
39.955_33.1882,39.95495495495496,33.188235294117646,5.0,0.2724850999374362,0.006918238993710657,0.9699364483519379,28.760482180293504,29.105854123308173,0.0003684959111697084,False,-0.3788249745354368,False,-0.9912126476289469,False,0.8698700672271948,False,0,False
39.964_32.5176,39.96396396396396,32.51764705882353,8.8375,34.772484865588225,0.12021679432759036,62.999909936925675,46.289968171296294,59.52931315544921,0.064167982634896,False,-0.4014514296046677,False,-1.1811316342628582,False,3.697913654967562,False,0,False
39.964_32.5294,39.96396396396396,32.529411764705884,2.0,0.21888007778081606,0.01100882123578318,1.5797607834796787,13.895702306079663,13.90681060499021,0.002219656552873634,False,-0.42540814612232425,False,-1.001796191352422,False,1.8489568274837813,False,0,False
39.964_32.5412,39.96396396396396,32.54117647058823,2.0,0.21888007778081606,0.01100882123578318,1.5797607834796787,13.895702306079663,13.90681060499021,0.002219656552873634,False,-0.42540814612232425,False,-1.001796191352422,False,1.2042199535402005,False,0,False
39.964_32.5647,39.96396396396396,32.56470588235294,14.89375,31.850144699604378,0.03597045177834897,60.87218761056026,52.45425,46.053291113784525,0.030355775252117013,False,-0.4015397612118468,False,-1.7874359271892692,True,2.141705009475108,False,1,False
39.964_32.5765,39.96396396396396,32.576470588235296,85.34146341463415,230.6809447754665,0.1561779311605167,427.031200957418,54.14767598512692,59.64263583054613,0.04153921589110813,False,-0.5672089847325191,True,-1.0030655045901773,False,2.836810796649258,False,1,False
39.964_32.5882,39.96396396396396,32.588235294117645,103.01234567901234,66.0509968633576,0.05778855947973171,120.47805354259764,54.21709729161992,61.74888829653434,0.14179728028695812,False,-0.4921034412542474,False,-1.2695387487106078,False,1.0656789775001465,False,0,False
39.964_32.6,39.96396396396396,32.6,44.20496894409938,63.456489917237676,0.07944858804739163,115.68454542429828,48.71710230590666,57.03777418067124,0.010874181689458487,False,-0.43119049701007084,False,-1.1444593906578393,False,0.7424476252769663,False,0,False
39.964_32.6118,39.96396396396396,32.61176470588235,109.8036809815951,79.20222924445247,0.10704691417674912,151.70888960527876,45.42126624682565,54.35584472956684,0.15203854286336257,False,-0.4817641270989936,False,-1.33837097058904,False,1.0245405501530098,False,0,False
39.964_32.6235,39.96396396396396,32.62352941176471,97.41717791411043,141.21653581092485,0.224857422640945,272.6974265174892,50.495082344165255,55.97733965931827,0.006425276801784144,False,-0.49198140859687345,False,-1.1222717272253067,False,1.7244195784561942,False,0,False
39.964_32.6353,39.96396396396396,32.63529411764706,238.8658536585366,177.61109259418447,0.18754655701481648,336.7772566616116,52.03114365139444,58.26573659216563,0.789325311340594,True,-0.5803104086569594,True,-1.2157631844087091,False,2.7691664958022844,False,2,True
39.964_32.6471,39.96396396396396,32.64705882352941,122.64670658682634,350.1282011085325,0.24204610323334058,744.4751712018945,47.94872955560775,55.97352891565588,0.16894206987373075,False,-0.6285795767883726,True,-1.1698644935148215,False,3.8742363382987097,False,1,False
39.964_32.6588,39.96396396396396,32.65882352941176,38.75609756097561,199.40197225359393,0.10460743982938964,498.0792322512782,40.903687851782365,48.75530467939434,0.2826493403284494,False,-0.5526305768409213,False,-1.169886172177764,False,1.8385481403723933,False,0,False
39.964_32.6706,39.96396396396396,32.67058823529412,21.70186335403727,51.10766346829552,0.04600303080518095,91.99481198074999,42.6832886316582,45.13371977554422,0.004421405709318025,False,-0.4226691880303323,False,-1.2624807622501333,False,2.302354372212838,False,0,False
39.964_32.6824,39.96396396396396,32.68235294117647,4.050314465408805,14.22691105079855,0.40067193921044664,28.127828598147026,38.7374213836478,53.03675441173091,0.0964074448677923,False,-0.41715360823891207,False,-1.3850885853835937,False,1.5746320343014883,False,0,False
39.964_32.6941,39.96396396396396,32.694117647058825,22.08805031446541,22.22106793184408,0.45750470984892905,41.08401328350636,49.45776475446287,57.76732147099822,0.03935342303353093,False,-0.4054703943562093,False,-1.042036850828038,False,1.1848773258746288,False,0,False
39.964_32.7059,39.96396396396396,32.705882352941174,39.59119496855346,40.34069413113556,0.8863515577687718,72.06665464121362,48.09862688194136,59.08694290304172,0.09581130777557055,False,-0.46312788457765247,False,-1.020836370987261,False,0.4713751198766554,False,0,False
39.964_32.7176,39.96396396396396,32.71764705882353,64.20125786163523,85.21093189679284,1.7463188142217396,134.68951049571245,52.69824770865021,66.27085771901423,0.3984907207269317,True,-0.5699114699947081,True,-1.7013471526906891,False,3.484367087454758,False,2,True
39.964_32.7294,39.96396396396396,32.72941176470588,25.10062893081761,31.18130532921965,0.8173553243247109,62.646724820649936,36.27401235847777,51.400780358458746,0.13088491863806914,False,-0.47039876802379876,False,-1.1097276361107236,False,1.7322945511807868,False,0,False
39.964_32.7412,39.96396396396396,32.74117647058824,32.65408805031446,56.66852978481888,1.5369366583572124,132.972936564603,31.45773270767944,43.876930578722494,0.41117906304992075,True,-0.5863260552373217,True,-1.5017460817700674,False,3.0401407637818307,False,2,True
39.964_32.7529,39.96396396396396,32.752941176470586,9.974842767295597,58.49587322354483,1.2791182886979824,89.76104789470091,52.3548427672956,68.04346534017972,0.5136067747658227,True,-0.5651825512707641,True,-1.303893087885625,False,2.646129334632732,False,2,True
39.964_32.7647,39.96396396396396,32.76470588235294,58.16981132075472,87.69259655688424,1.0886592852156443,176.80015351762066,43.97206063015757,50.025751037024676,0.15045139782922146,False,-0.533887155245941,False,-1.1086952968739736,False,2.2877662494099282,False,0,False
39.964_32.7765,39.96396396396396,32.77647058823529,68.25786163522012,54.94092097379163,0.8320919720337338,119.35714620823404,44.76743501197324,46.637131606969845,0.02566207526083819,False,-0.48566549911530876,False,-1.0337752482938811,False,1.3059002306242853,False,0,False
39.964_32.7882,39.96396396396396,32.78823529411765,41.9496855345912,32.29955405686825,0.48522545968451186,71.17369779060195,37.54055899089195,45.498968596291164,0.010971514347406786,False,-0.42166767138483624,False,-1.0703005738125124,False,1.0699490594138097,False,0,False
39.964_32.8,39.96396396396396,32.8,43.9559748427673,32.93998492847139,0.5793260303833406,76.95516122907188,40.05984211054966,44.384871107772646,0.012247412098856129,False,-0.4237826540997025,False,-1.0756231866213812,False,0.680004999197976,False,0,False
39.964_32.8118,39.96396396396396,32.811764705882354,72.52830188679245,47.653234030457035,0.5657487638920469,100.0611695489597,44.44810083181108,48.013883976916034,0.002105320097770225,False,-0.4371430251034941,False,-1.0414441254520577,False,0.3161540649549018,False,0,False
39.964_32.8235,39.96396396396396,32.8235294117647,76.83018867924528,42.39121412573545,0.4464780532247757,82.42166642340368,49.319620366790176,53.627081812479375,0.013162128171893314,False,-0.41351385505669813,False,-0.9688031130989202,False,0.7631069641673985,False,0,False
39.964_32.8353,39.96396396396396,32.83529411764706,136.75471698113208,95.10481046169019,0.8784277770070018,167.88043385392072,49.68491968713097,58.382190028322924,0.033539199763969206,False,-0.5447765993407477,False,-1.2218885949848408,False,2.246737771488504,False,0,False
39.964_32.8471,39.96396396396396,32.84705882352941,49.57861635220126,21.587592059540786,0.2596394313401007,52.847602939084645,45.73466851034093,42.76838567254374,0.020734222239096736,False,-0.3791539510459259,False,-1.0445680810733655,False,2.0419325917517863,False,0,False
39.964_32.8588,39.96396396396396,32.858823529411765,103.76729559748428,31.607216115805272,0.2977843374598424,61.276058104616936,39.96040396335233,52.96952350361767,0.18076808174367023,False,-0.4375419459080304,False,-1.1031525844448067,False,1.410286601249285,False,0,False
39.964_32.8706,39.96396396396396,32.870588235294115,185.65,177.07963617162693,0.818738859975808,347.53226440417836,43.59824644959659,48.40996718983011,0.0958087724165007,False,-0.6177320536598953,True,-1.2648258829761327,False,3.224606776797907,False,1,False
39.964_32.8824,39.96396396396396,32.88235294117647,25.81875,18.49312626590629,0.13826013365195786,35.158792618934264,44.15558129370629,54.366589672288434,0.020596971998001975,False,-0.3766790879149724,False,-1.0291299047847842,False,1.818217468568644,False,0,False
39.964_32.8941,39.96396396396396,32.89411764705882,38.75625,26.834571360423023,0.1631193229989581,39.94881548736996,59.50782234030589,73.27376575933236,0.03099147725940618,False,-0.44839764542312777,False,-1.1270745902704775,False,1.400035316998898,False,0,False
39.964_32.9059,39.96396396396396,32.90588235294118,52.54375,31.58003654701942,0.12133977259381563,57.96972556730334,51.90020243710692,57.34556910642092,0.015996032156022962,False,-0.38855695203614843,False,-0.9949142512794893,False,0.6448422806970008,False,0,False
39.964_32.9176,39.96396396396396,32.917647058823526,54.1125,34.86471353674709,0.11941916987140866,65.22494408116685,50.550511904761905,55.77561160698169,0.017165070670021817,False,-0.3872779010391724,False,-1.0071791260042668,False,0.7686607099930115,False,0,False
39.964_32.9294,39.96396396396396,32.92941176470588,37.4875,30.070647605599003,0.0981419146868469,56.2903935441697,49.01448599398967,55.695375377892105,0.007280833481542781,False,-0.38749009503476955,False,-1.0208315039008928,False,0.8193048126166631,False,0,False
39.964_32.9412,39.96396396396396,32.94117647058823,146.8,40.05500492883577,0.16820708261643796,73.84608966588894,49.07978298766998,56.61929547070175,0.4640347511908163,True,-0.4455258403787874,False,-1.1884892347566705,False,1.9726429000808847,False,1,False
39.964_32.9529,39.96396396396396,32.95294117647059,57.40880503144654,17.57846744351351,0.1529256385004655,31.79121161347836,50.14051988254216,56.92501052859483,0.03514520223014563,False,-0.3809461289495788,False,-0.9791176467359847,False,0.1976471486018458,False,0,False
39.964_32.9647,39.96396396396396,32.96470588235294,59.886792452830186,18.395755799260417,0.1411086362732058,31.827137648356103,53.78501796945193,59.99864758093916,0.03720326197241082,False,-0.38401917855856554,False,-0.9828902231280632,False,0.4861467799073607,False,0,False
39.964_32.9765,39.96396396396396,32.976470588235294,57.880503144654085,33.31817833621757,0.25451530006019085,58.348498597555015,52.584236274460736,58.8727295886702,0.010131847334784574,False,-0.38979776631273605,False,-0.998068172358723,False,0.8024566073458036,False,0,False
39.964_32.9882,39.96396396396396,32.98823529411764,1.9937106918238994,1.7684223396366783,0.03524815894870642,4.9680150658340665,40.40592243186583,35.97112011002499,0.011955964111760907,False,-0.36855402238301294,False,-1.0050697103259891,False,1.4365146116948107,False,0,False
39.964_33.0,39.96396396396396,33.0,5.9748427672955975,1.2181135710649893,0.024207688617834133,3.4115480163399465,42.00157232704402,36.148967914971635,0.016346207227390292,False,-0.37201233896819846,False,-1.0379226976069462,False,0.13997374088768025,False,0,False
39.964_33.0941,39.96396396396396,33.09411764705882,3.1257861635220126,2.928486931351403,0.054685008216258386,7.670565569679578,35.65006988120196,39.1210595005994,0.00477976856021736,False,-0.36601039783659056,False,-1.2221770341530391,False,0.053475473268427505,False,0,False
39.964_33.1059,39.96396396396396,33.10588235294117,9.377358490566039,2.649583414079841,0.049476912195662345,6.940035515424381,35.65006988120196,39.1210595005994,0.002490033810907095,False,-0.3671338305757155,False,-1.0659114296364736,False,0.1087022153688979,False,0,False
39.964_33.1412,39.96396396396396,33.141176470588235,6.251572327044025,2.51013165544406,0.04687286418536433,6.574770488296782,35.65006988120196,39.1210595005994,0.0030907236271708626,False,-0.36735911571263274,False,-1.1281916292310246,False,0.12757420687113427,False,0,False
39.964_33.1529,39.96396396396396,33.15294117647059,15.754716981132075,2.5425667586262053,0.0472285249499399,6.627138464447961,35.69913147648997,39.382602771126955,0.004062775518653997,False,-0.3684999080385827,False,-1.0112911600427645,False,0.22781280409446983,False,0,False
39.973_32.5529,39.972972972972975,32.55294117647059,2.0,0.21888007778081606,0.01100882123578318,1.5797607834796787,13.895702306079663,13.90681060499021,0.002219656552873634,False,-0.42540814612232425,False,-1.001796191352422,False,3.272053040326608,False,0,False
39.973_32.5647,39.972972972972975,32.56470588235294,62.08125,36.11809871843384,0.11839945041853475,70.49777399826732,42.30390999322999,55.93066625917879,0.07513822066760388,False,-0.3973879530231428,False,-1.1758271916923662,False,1.9030155655248817,False,0,False
39.973_32.5765,39.972972972972975,32.576470588235296,170.3090909090909,336.55516514096945,0.29654369255364366,608.3239794862635,53.656247719470834,59.77007245895474,0.002314821961358845,False,-0.630609163595514,True,-1.081061040994895,False,5.05880456376973,False,1,False
39.973_32.5882,39.972972972972975,32.588235294117645,65.63125,32.34820020517033,0.10398160335544013,61.97309577602092,45.28128272570041,52.2809481642801,0.05559024668252748,False,-0.3913548159046898,False,-1.0710572722199065,False,1.9126913403279628,False,0,False
39.973_32.6,39.972972972972975,32.6,85.83229813664596,34.843766438773514,0.13744001057973504,59.453254729423726,59.65858072364378,68.93089550001277,0.09379993437553684,False,-0.46709439707631484,False,-1.151103253815333,False,0.9142301345500032,False,0,False
39.973_32.6118,39.972972972972975,32.61176470588235,36.6625,31.77385846231371,0.11845567414145464,61.2961130158674,53.93645917785309,51.74298718673062,0.010051017347698326,False,-0.3834836953630759,False,-1.1239504916292113,False,0.9303563920662191,False,0,False
39.973_32.6235,39.972972972972975,32.62352941176471,33.75625,14.72447312057812,0.052651860385602954,25.62416844276669,61.619115290346905,63.571203651455846,0.003527790578617258,False,-0.4269609513589132,False,-1.065014470571541,False,1.5784935279477126,False,0,False
39.973_32.6353,39.972972972972975,32.63529411764706,39.675,16.380651163480497,0.07738544393622765,28.347795076220677,51.764106297348484,65.88027291116632,0.049584920019102086,False,-0.4140736405271422,False,-1.0703370701009365,False,2.800079178615671,False,0,False
39.973_32.6471,39.972972972972975,32.64705882352941,131.80368098159508,188.19162576769156,0.22422710434319554,471.81176270741594,44.037300734182125,49.014629077574604,0.07406604838842447,False,-0.5715408471387241,True,-1.030048808709498,False,1.8488017523746199,False,1,False
39.973_32.6588,39.972972972972975,32.65882352941176,26.8125,28.540529864105473,0.1810648428131941,62.357160914043014,44.44689093531938,41.753055338248835,0.010705299122601578,False,-0.3741345307713449,False,-1.0953843604067623,False,3.153459352016065,False,0,False
39.973_32.6706,39.972972972972975,32.67058823529412,3.0,71.2961074281829,1.2881183069862316,224.32398436172022,42.2332285115304,41.95726909375689,0.7199937887682344,True,-0.5671729280937702,True,-1.26534846158756,False,3.0648939426571364,False,2,True
39.973_32.6824,39.972972972972975,32.68235294117647,22.9874213836478,19.169761915197217,0.46193594168254987,39.87897820666671,38.24667630245973,50.1825398426644,0.04575743224732753,False,-0.41659510331414135,False,-1.1921220355993296,False,1.208112562353937,False,0,False
39.973_32.6941,39.972972972972975,32.694117647058825,35.9685534591195,25.19253484844128,0.6315880694811089,48.754979838719954,46.029096034053936,53.950286385187276,0.03170494918022625,False,-0.4098911656946186,False,-1.0559258731253878,False,0.6279968118959667,False,0,False
39.973_32.7059,39.972972972972975,32.705882352941174,23.18867924528302,43.66924182731839,1.0533513075710066,76.2895123202032,51.13425907840729,59.655995198459365,0.23921884069452012,False,-0.4938439956539976,False,-1.1876282009666532,False,0.5125835585856108,False,0,False
39.973_32.7176,39.972972972972975,32.71764705882353,17.0,95.84951399366632,1.9934289169196373,140.475694874383,69.86891108644716,70.3026925174961,1.2515316912097976,True,-0.6347332264567502,True,-2.262404491607783,True,4.221900544739401,False,3,True
39.973_32.7294,39.972972972972975,32.72941176470588,10.981132075471699,30.262833817628337,0.6727512916709091,50.046833807185315,61.077034495902424,62.65485439856524,0.16098401785371014,False,-0.4550374725358404,False,-1.0913493819637545,False,2.204804325207477,False,0,False
39.973_32.7412,39.972972972972975,32.74117647058824,29.89937106918239,45.73020573166639,0.873364687820536,83.03672744265343,54.475450234601176,55.86551362092642,0.15704820008209427,False,-0.4671394317386985,False,-1.0329765015811183,False,0.509072517586012,False,0,False
39.973_32.7529,39.972972972972975,32.752941176470586,38.9496855345912,61.95399208751383,1.2360714867936429,97.26802275810093,51.83823368759462,68.01570966313915,0.28088987808540294,False,-0.5492380006976031,False,-1.2561757816762271,False,1.8204777093394993,False,0,False
39.973_32.7647,39.972972972972975,32.76470588235294,41.899371069182386,31.822259711992476,0.32534355192728864,65.27470401827146,49.88568451075032,48.54077340822363,0.010546170051633942,False,-0.37955013300191126,False,-1.0184113992919226,False,1.9093407606167612,False,0,False
39.973_32.7765,39.972972972972975,32.77647058823529,48.276729559748425,18.33390481088316,0.33789648409396217,44.40570942870147,49.21219460570875,42.901963474534874,0.03854093619945872,False,-0.3908505528797545,False,-1.1431155473118078,False,1.2313235213046008,False,0,False
39.973_32.7882,39.972972972972975,32.78823529411765,27.968553459119498,42.05567850259389,0.5261001591683878,86.59946659643488,49.84473595973801,49.22716355222732,0.06272944803240439,False,-0.4070588017388223,False,-1.0016366223637458,False,0.3703121351333725,False,0,False
39.973_32.8,39.972972972972975,32.8,34.911949685534594,60.60581668150173,0.8055241824792411,137.14509087620945,46.444863731656184,45.64866114475492,0.14168991428698322,False,-0.47580775583643564,False,-1.0513538565311737,False,1.3892646755020481,False,0,False
39.973_32.8118,39.972972972972975,32.811764705882354,48.867924528301884,40.620285283249416,0.4744343769400531,81.25165219756113,44.7611988191503,50.255042327482975,0.003949830727286794,False,-0.4018160676391023,False,-0.9955426025866265,False,0.4001690361764638,False,0,False
39.973_32.8235,39.972972972972975,32.8235294117647,71.8993710691824,29.019355033454545,0.2879098409906322,52.215399012338,49.050259350770354,56.49153294460126,0.0376716873341891,False,-0.38953128132261394,False,-0.9990708763290073,False,0.7588706812154777,False,0,False
39.973_32.8353,39.972972972972975,32.83529411764706,85.01886792452831,43.72914979448173,0.36221821756823436,76.25816557238265,50.129689605276354,59.03993410812666,0.04422034631809704,False,-0.4154038454433176,False,-0.9964409245528831,False,0.48354508695705445,False,0,False
39.973_32.8471,39.972972972972975,32.84705882352941,55.295597484276726,32.14460459240376,0.29348630134554704,67.75530078009015,46.404823890374445,49.36121668351782,0.005813995432845239,False,-0.38349382554286005,False,-1.0146666976420502,False,0.6785620356507474,False,0,False
39.973_32.8588,39.972972972972975,32.858823529411765,90.90566037735849,49.12987653385136,0.37439252212973745,93.92313927346899,45.93319666954163,53.86212270409119,0.0526794921305902,False,-0.4209269635323299,False,-1.0207625334488057,False,0.31149804910828366,False,0,False
39.973_32.8706,39.972972972972975,32.870588235294115,35.9559748427673,22.08459670451128,0.197360695273264,44.3664569127225,38.51829400617784,52.06795019612492,0.043051244272696874,False,-0.38220456070320735,False,-1.0716687781589438,False,1.76116236383427,False,0,False
39.973_32.8824,39.972972972972975,32.88235294117647,140.35,123.93280514536892,0.8428866325560319,248.14066797453407,44.000999879055755,48.316966948046044,0.0245644001051937,False,-0.5639262951193138,True,-1.2495359697194683,False,2.720192360489476,False,1,False
39.973_32.8941,39.972972972972975,32.89411764705882,81.2875,26.485545604821755,0.1870138306197715,47.37698213253405,50.38574135013837,58.17966054562569,0.08882505287010674,False,-0.4021981936861203,False,-0.9851609460674814,False,0.8584554898627673,False,0,False
39.973_32.9059,39.972972972972975,32.90588235294118,9.968553459119496,9.268204946073043,0.11010799354042757,16.08047649978875,50.54821802935011,58.102603083516016,0.01543575399101158,False,-0.3758252264369321,False,-1.073539594419615,False,1.3323208664580934,False,0,False
39.973_32.9176,39.972972972972975,32.917647058823526,10.0,20.313635188796727,0.1489540011121815,21.879900060308433,94.19916142557652,94.68392190946405,0.06639494839563055,False,-0.5542476456012444,False,-3.0919161178459875,True,3.090405454401215,False,1,False
39.973_32.9294,39.972972972972975,32.92941176470588,26.0,18.2309489318856,0.15320377951111375,26.57083455966997,64.65144734720207,69.7998229866516,0.0034401008834601134,False,-0.4461134046787074,False,-1.0667410775104873,False,0.38337492961039193,False,0,False
39.973_32.9412,39.972972972972975,32.94117647058823,10.49685534591195,11.354607720023658,0.08502612579304375,20.196415950810696,47.568410217781285,57.151280660824206,0.023229636371044703,False,-0.3766710820261544,False,-1.1259359805264597,False,0.8036638522352322,False,0,False
39.973_32.9529,39.972972972972975,32.95294117647059,28.867924528301888,23.368247785899136,0.22172371681018396,47.01556194918371,44.09168989346463,50.91919220834941,0.006452484598175482,False,-0.3721965748279688,False,-1.0246802496392675,False,0.7149915544918336,False,0,False
39.973_32.9647,39.972972972972975,32.96470588235294,61.60377358490566,17.154698608795254,0.1454893222718091,30.69770858648,51.45588606176994,57.776605621511635,0.044532881342390425,False,-0.38415720533627606,False,-0.9816423385569543,False,0.5651047162818271,False,0,False
39.973_33.0235,39.972972972972975,33.023529411764706,2.9874213836477987,1.2181135710649893,0.024207688617834133,3.4115480163399465,42.00157232704402,36.148967914971635,0.017259053955636535,False,-0.3719167312434443,False,-1.0320023199692585,False,0.06416214896418201,False,0,False
39.973_33.1529,39.972972972972975,33.15294117647059,6.0,0.8041903232589704,0.015968598064142,2.2281100851955933,35.704402515723274,36.39152655325235,4.029754093206842e-05,False,-0.3646202733236342,False,-1.6036737228697284,False,0.11462349373549548,False,0,False
39.973_33.1647,39.972972972972975,33.16470588235294,6.0,0.7371744629873895,0.014637881558796808,2.042434244762627,35.704402515723274,36.39152655325235,3.6784721872704406e-05,False,-0.36543902597897165,False,-1.5949687243422637,False,0.045686698581330794,False,0,False
39.973_33.1765,39.972972972972975,33.1764705882353,2.0,0.6031427424442278,0.011976448548106483,1.671082563896695,35.704402515723274,36.39152655325235,0.0007504135875680608,False,-0.36626767767900165,False,-1.6161441610620457,False,0.03602350684731072,False,0,False
39.982_32.5059,39.98198198198198,32.50588235294118,2.0,4.040876189490212,0.054593610615040804,13.811941920956594,31.120545073375265,31.1781578766464,0.0020191065438151636,False,-0.38124270387762543,False,-1.1803853655991112,False,1.7768447261414884,False,0,False
39.982_32.5412,39.98198198198198,32.54117647058823,29.5875,65.75501027599174,0.27502641430130775,140.89593851970736,44.94150923859127,47.80919631842603,0.02963316907577891,False,-0.4195948281735082,False,-1.1747692427135095,False,1.357804619696976,False,0,False
39.982_32.5529,39.98198198198198,32.55294117647059,209.67080745341616,65.08942368660087,0.14553284264485233,121.072717914301,47.804569400947315,55.33488594374852,1.0509635819334884,True,-0.5003876439106517,False,-1.3574130718800628,False,2.6149222173527344,False,1,False
39.982_32.5647,39.98198198198198,32.56470588235294,157.77777777777777,94.06644674494885,0.14528910190188626,168.68041206046004,50.764838349984416,58.85357334334522,0.3868624648691073,True,-0.5079389293077111,False,-1.1846235362780195,False,1.1492858789950844,False,1,False
39.982_32.5765,39.98198198198198,32.576470588235296,179.54037267080744,91.66042013597126,0.19257058052056428,159.89195849118147,54.01402078482824,62.314432032815006,0.5452173401883382,True,-0.5331314559811247,False,-1.2830063356233825,False,1.4449764454514193,False,1,False
39.982_32.5882,39.98198198198198,32.588235294117645,105.67080745341615,59.21078514565217,0.13274792423969284,104.64169334711404,52.46566999353094,60.66696913851546,0.14945448079219945,False,-0.4581748006413525,False,-1.1510012295618692,False,0.514652775951812,False,0,False
39.982_32.6,39.98198198198198,32.6,82.125,27.337881239013143,0.1238861323307616,45.99284089652832,58.21547854154885,71.71834565300713,0.11489998560116316,False,-0.46259585475833187,False,-1.1764279964648254,False,0.49036934117087744,False,0,False
39.982_32.6118,39.98198198198198,32.61176470588235,54.55,28.751836784584015,0.047568720256121355,52.270225307241994,53.99175436083524,63.077507910814134,0.03828613522925658,False,-0.4194411164285235,False,-1.0319405637291068,False,0.7021986757160958,False,0,False
39.982_32.6235,39.98198198198198,32.62352941176471,28.955974842767297,2.8802905066097635,0.024729583528262582,4.264306371886324,68.87584038169595,68.81302065944702,0.007633932503599859,False,-0.4734173622485684,False,-1.0531735798243387,False,1.4450986207418077,False,0,False
39.982_32.6353,39.98198198198198,32.63529411764706,72.17791411042944,94.36847430699841,0.16173563268975588,230.5517249057357,52.607171421047276,66.60840813956293,0.04765805762591737,False,-0.4915600667926974,False,-1.4004097767243644,False,0.8681249802878283,False,0,False
39.982_32.6471,39.98198198198198,32.64705882352941,71.20858895705521,103.71795935205125,0.5125541525482906,262.21524532065337,42.447003519194816,43.850248579864065,0.03736806659142392,False,-0.5054630314395216,False,-1.0958551218743389,False,0.8447044695254302,False,0,False
39.982_32.6588,39.98198198198198,32.65882352941176,6.0,71.2961074281829,1.2881183069862316,224.32398436172022,42.2332285115304,41.95726909375689,0.6895477914726437,True,-0.5604146942168806,True,-1.2617586922970123,False,2.4818339140148304,False,2,True
39.982_32.6706,39.98198198198198,32.67058823529412,1.0,71.2961074281829,1.2881183069862316,224.32398436172022,42.2332285115304,41.957269093756885,0.7406898148675224,True,-0.5703603887361103,True,-1.2676837446918938,False,2.100109422974759,False,2,True
39.982_32.6824,39.98198198198198,32.68235294117647,17.9811320754717,27.58908942752823,0.7338971677982423,51.93515455529227,51.40590496156534,55.03497548811397,0.1214274298891209,False,-0.4289263568864915,False,-1.066591235944784,False,0.46080327303516044,False,0,False
39.982_32.6941,39.98198198198198,32.694117647058825,14.981132075471699,27.59567344129798,0.6757006473017415,51.02175030136962,57.66631726065689,56.438507524420125,0.1430736088663054,False,-0.4318478615342578,False,-1.100328314842528,False,0.3995545696862793,False,0,False
39.982_32.7059,39.98198198198198,32.705882352941174,21.9748427672956,62.27497399154544,1.1682233169954395,92.0514443964798,68.31233720856363,71.9398872140852,0.4055642765053056,True,-0.5894688826298811,True,-1.7167804264657516,False,1.3440889257431194,False,2,True
39.982_32.7176,39.98198198198198,32.71764705882353,12.9937106918239,45.8853332166207,0.9361890542122411,65.77661643494949,66.14134816965006,72.22291678576981,0.2932260260360024,False,-0.5700984611778569,True,-1.4103382789177523,False,0.5435704274045942,False,1,False
39.982_32.7294,39.98198198198198,32.72941176470588,8.962264150943396,51.52814234066927,0.935818211019957,95.45704241905959,56.74735616119264,54.57780801518765,0.34335823597322307,True,-0.4963629479186654,False,-1.1151707817309542,False,0.6756026758061288,False,1,False
39.982_32.7412,39.98198198198198,32.74117647058824,19.90566037735849,26.0443919438131,0.5081326482657804,49.90236324919174,55.748480083857444,53.0774313702051,0.07913791815366915,False,-0.4080895879689607,False,-1.0560990225184022,False,0.9821146744472344,False,0,False
39.982_32.7529,39.98198198198198,32.752941176470586,33.9496855345912,36.9915822565485,0.6630034029733975,55.929069225005605,56.716218446740086,70.83647104079351,0.08323626299459332,False,-0.4784334182612817,False,-1.1143441909702618,False,1.0293945318442659,False,0,False
39.982_32.7647,39.98198198198198,32.76470588235294,50.9559748427673,23.05444207698528,0.4262053967049255,41.0075051758934,56.224207468867405,57.91110482246608,0.0048366248496256444,False,-0.40299959090915105,False,-1.0354319292978147,False,0.4800077420012884,False,0,False
39.982_32.7765,39.98198198198198,32.77647058823529,27.937106918238992,17.225066359313306,0.2831594640820305,35.275126190002595,55.46185384845762,49.68803217702354,0.037519204110760644,False,-0.38722244527072275,False,-1.109312056523816,False,1.1776261900549088,False,0,False
39.982_32.7882,39.98198198198198,32.78823529411765,32.9874213836478,65.77747608268989,0.7710661951810343,139.6534324036156,47.37107471550563,47.95541867388344,0.141519610899788,False,-0.4646283702260372,False,-1.039754802622693,False,1.1600481548657584,False,0,False
39.982_32.8,39.98198198198198,32.8,24.937106918238992,16.11959968262109,0.22179904164200992,33.65452727633435,51.03802935010482,49.22068758221029,0.011570440283854356,False,-0.374793561748021,False,-1.0144288307254636,False,1.947467217488946,False,0,False
39.982_32.8118,39.98198198198198,32.811764705882354,95.73584905660377,34.55957815259143,0.376289638811528,62.45390004755719,53.81487923654787,56.29725657932212,0.07919288694954581,False,-0.4217495067026356,False,-1.023673668285398,False,0.6309328606149126,False,0,False
39.982_32.8235,39.98198198198198,32.8235294117647,87.72327044025157,15.758456880329325,0.16633261212947342,31.440189047205457,50.45456927768249,51.625600392533784,0.13882186011810468,False,-0.4026848181581763,False,-1.0504801456531496,False,0.6861932432289933,False,0,False
39.982_32.8353,39.98198198198198,32.83529411764706,63.79012345679013,71.34923027418317,0.16027222465178215,174.77457895226436,47.27807405515433,56.02110235451924,0.02012847255927114,False,-0.4394101764961506,False,-1.1938710073684797,False,1.2399667364924327,False,0,False
39.982_32.8471,39.98198198198198,32.84705882352941,57.069182389937104,27.934138405735876,0.25553044920248064,58.416397919943684,47.24286151660743,49.80884172882086,0.01286423262771188,False,-0.37655262627469716,False,-0.992993663020758,False,0.5580255736321492,False,0,False
39.982_32.8588,39.98198198198198,32.858823529411765,77.88679245283019,44.40783110801729,0.31179884004494446,82.51700185488833,49.33248694280534,55.343398136932706,0.030655566230357093,False,-0.40594093225293215,False,-0.9900741911083847,False,0.4009651450813299,False,0,False
39.982_32.8706,39.98198198198198,32.870588235294115,74.25157232704403,33.09243890978346,0.34852791836065455,63.97919312912861,45.48668661036705,54.129098739627054,0.03490907333460359,False,-0.39927782769608056,False,-0.9987076617814876,False,0.6674587982202008,False,0,False
39.982_32.8824,39.98198198198198,32.88235294117647,78.8993710691824,42.73048011375098,0.5165489869493836,90.78264042617602,42.20840539437387,48.094842720838145,0.011998286341882372,False,-0.43945689171439517,False,-1.0394111900359468,False,0.33537411860268246,False,0,False
39.982_32.8941,39.98198198198198,32.89411764705882,96.88679245283019,46.958513644280124,0.5787610244725107,100.10073505134416,44.85764271728535,47.83846778944035,0.03487696822033875,False,-0.451534351210497,False,-1.130753133241811,False,0.9559765201280469,False,0,False
39.982_32.9176,39.98198198198198,32.917647058823526,10.0,17.285721397090523,0.1313195351215511,20.014694018212094,84.01939203354299,88.35958051301985,0.038055112656363514,False,-0.5329545971980719,False,-2.3084431754164982,True,1.8696656896853356,False,1,False
39.982_32.9294,39.98198198198198,32.92941176470588,9.0,20.754032106644686,0.1739703047723567,30.940595592456056,64.07203587235034,68.22919864965405,0.03100652233011197,False,-0.44345846368974534,False,-1.0491748296661236,False,0.3490556973633452,False,0,False
39.982_32.9412,39.98198198198198,32.94117647058823,12.264150943396226,6.763121044038362,0.06002306600557863,12.149586923938818,52.89425092726979,56.00545403361293,0.002184486840212231,False,-0.37392888888937065,False,-1.0375010905935154,False,0.3648030889116124,False,0,False
39.982_32.9647,39.98198198198198,32.96470588235294,2.9874213836477987,1.2153930207576604,0.024638526452418485,3.4718115301904184,35.54874213836478,35.3393859853152,0.0008706545085313925,False,-0.3669050349522427,False,-1.6744491746042776,False,1.7833894619499513,False,0,False
39.982_33.0235,39.98198198198198,33.023529411764706,3.981132075471698,0.9429591867791448,0.018687453452397956,2.6333144915928854,42.79939727463312,36.31953646616379,0.019975464993592162,False,-0.36892829228997787,False,-1.0507275196541892,False,0.06416214896418201,False,0,False
39.982_33.1647,39.98198198198198,33.16470588235294,5.0,0.6835617747701248,0.013573308354520652,1.8938935724162542,35.704402515723274,36.39152655325235,0.00010615723423401365,False,-0.36607722141733967,False,-1.5483447662567127,False,0.031305425213686074,False,0,False
39.982_33.1765,39.98198198198198,33.1764705882353,1.0,0.8041903232589704,0.015968598064142,2.2281100851955933,35.704402515723274,36.39152655325235,0.0012815604666662286,False,-0.3677984963138888,False,-1.6564654702474086,False,0.042344692094381374,False,0,False
39.991_32.5059,39.990990990990994,32.50588235294118,11.9874213836478,12.874385086015057,0.11439803149907388,28.960292509304598,48.31684136967156,46.40257844852149,0.011285842826035694,False,-0.3664465327710543,False,-1.0274472469033333,False,0.7894431805950527,False,0,False
39.991_32.5176,39.990990990990994,32.51764705882353,82.90566037735849,12.623683286418363,0.11137811655082543,28.223151277773233,49.708249943911795,46.6766252033701,0.15365307140660778,False,-0.4057965743882448,False,-1.0781927098765687,False,0.9822063686035116,False,0,False
39.991_32.5294,39.990990990990994,32.529411764705884,14.79375,62.76614617253756,0.26252521365124826,134.49157767790246,44.94150923859127,47.80919631842603,0.06294765877895671,False,-0.41629010522609405,False,-1.1821881490753121,False,1.1167108426967294,False,0,False
39.991_32.5529,39.990990990990994,32.55294117647059,73.88679245283019,9.033046838008268,0.07458909791388994,20.30354863255406,44.70749663872047,48.94856147335566,0.12314629813541,False,-0.40822386767966407,False,-1.0945947348546041,False,1.4160885549529068,False,0,False
39.991_32.5647,39.990990990990994,32.56470588235294,54.5875,39.56999151438309,0.07393513445291684,70.3088408048603,55.27903387068358,57.520956911321306,0.016886356453956006,False,-0.403541423237302,False,-1.034709096115397,False,1.4858361727271103,False,0,False
39.991_32.5765,39.990990990990994,32.576470588235296,60.55,29.790219685013074,0.0855089365651037,51.72812545331235,56.51887643878619,62.13158208171069,0.03371541283106875,False,-0.42165785208140155,False,-1.0154640228711478,False,1.2209419239941093,False,0,False
39.991_32.5882,39.990990990990994,32.588235294117645,105.01875,29.49731676408848,0.10244557141154058,50.52721628105762,59.032298299065374,64.62849900917553,0.20100886624411643,False,-0.46842483660155965,False,-1.160493219406851,False,0.5056693678429838,False,0,False
39.991_32.6,39.990990990990994,32.6,74.49375,20.264008615750885,0.11482390281417124,31.78042099960686,68.2134140625,78.94311767059236,0.0706473843068416,False,-0.5166324940874905,False,-1.4510876528492065,False,1.0131830542576294,False,0,False
39.991_32.6118,39.990990990990994,32.61176470588235,64.86163522012579,12.247489729041266,0.10393546419011414,19.426589744331267,61.49595604288452,75.19673971735963,0.07891355865670498,False,-0.4693348602971689,False,-1.2612985564868413,False,0.462050974952385,False,0,False
39.991_32.6235,39.990990990990994,32.62352941176471,98.16875,27.606949116963232,0.13621793563216353,46.06525206308653,57.06189616351163,75.66217571984922,0.21681129515850908,False,-0.48196589334544426,False,-1.2910284831331473,False,1.4829636603051644,False,0,False
39.991_32.6353,39.990990990990994,32.63529411764706,27.478527607361965,100.69465758561546,0.16516975762259697,258.90335911769176,42.402680397312295,48.563183625729174,0.09256122715102279,False,-0.47563664129223315,False,-1.2138252157788796,False,1.4055429076356865,False,0,False
39.991_32.6471,39.990990990990994,32.64705882352941,48.809815950920246,76.00636652112357,0.16644411924519434,194.46501507568036,44.008811120396224,45.41568222609927,0.01390606934395343,False,-0.44935536753128924,False,-1.1379870458503942,False,1.5537727411543751,False,0,False
39.991_32.6588,39.990990990990994,32.65882352941176,2.0,71.2961074281829,1.2881183069862316,224.32398436172022,42.2332285115304,41.957269093756885,0.7303019323609891,True,-0.566789316440174,True,-1.266500029743032,False,2.5376755501082098,False,2,True
39.991_32.6824,39.990990990990994,32.68235294117647,2.0,19.50874785591767,0.5534591194968552,38.81943967981704,52.134696016771485,52.326593154757425,0.12965176259636155,False,-0.42293936280364386,False,-1.0934829323953954,False,0.6685683117046525,False,0,False
39.991_32.6941,39.990990990990994,32.694117647058825,22.962264150943398,23.665549420992214,0.5044184223749191,35.908732619370525,61.65341649375091,67.61299054504417,0.053248226432170274,False,-0.46985252333203065,False,-1.1116370945869034,False,0.3933594605504819,False,0,False
39.991_32.7059,39.990990990990994,32.705882352941174,18.9874213836478,31.45242479968916,0.5642974436187739,39.927844473232845,70.84963912741527,80.38267503483696,0.10614366160214478,False,-0.5459681067185311,False,-1.454230824068783,False,1.0434345222885368,False,0,False
39.991_32.7176,39.990990990990994,32.71764705882353,6.0,35.034151235229984,0.7945127579604052,55.6912756937243,65.23349056603773,65.58769728449586,0.2615871505240004,False,-0.4987014509971007,False,-1.2296876213938934,False,1.2003066410115566,False,0,False
39.991_32.7294,39.990990990990994,32.72941176470588,20.27672955974843,13.155281596013923,0.22512489012982376,24.624729221717974,52.63236392868964,53.86407988973511,0.007965676693247043,False,-0.37868589229231336,False,-1.0449814393811492,False,1.3461648461125335,False,0,False
39.991_32.7412,39.990990990990994,32.74117647058824,13.918238993710691,41.294609117062656,0.689910260548953,79.2487829054186,59.72645253069781,52.410314432449596,0.22573823656427347,False,-0.450798889926142,False,-1.179830185240314,False,1.195815543306805,False,0,False
39.991_32.7529,39.990990990990994,32.752941176470586,21.88679245283019,29.12574186691341,0.4850928902643201,55.41173681962027,62.46096817228893,52.8668913956681,0.13563603181754877,False,-0.4334235233678007,False,-1.230653153616387,False,0.5250550278849095,False,0,False
39.991_32.7647,39.990990990990994,32.76470588235294,21.31446540880503,14.863647108364042,0.24342621861785008,30.9143933675379,55.39342041606192,49.22233043937006,0.040858277409089046,False,-0.38611115817965186,False,-1.044733723832896,False,0.636668031616257,False,0,False
39.991_32.7765,39.990990990990994,32.77647058823529,14.647798742138365,11.110680860027122,0.18613412434556517,22.898016214946033,54.75419723969252,49.46960049772517,0.033635441962502004,False,-0.38418408895532363,False,-1.0214373168648003,False,1.3348520479234673,False,0,False
39.991_32.7882,39.990990990990994,32.78823529411765,44.9622641509434,122.15312839212861,1.4399452233888705,261.1621935435964,50.369282194628106,47.9629631889442,0.5886566765546061,True,-0.5753728628576706,True,-1.419588985563561,False,5.1172419981011465,False,2,True
39.991_32.8,39.990990990990994,32.8,71.81761006289308,38.86032572464112,0.4651346543800526,70.80677323370172,59.929469078922416,56.22373886872083,0.037245992479891514,False,-0.43564432563869215,False,-1.1551762491209057,False,0.7201751238996991,False,0,False
39.991_32.8118,39.990990990990994,32.811764705882354,57.61006289308176,24.95140361995979,0.2710265988695585,47.369924055212,46.91659401258415,54.338308856073986,0.01793879356386395,False,-0.3833724674984272,False,-0.9958813412249861,False,0.5227563433570652,False,0,False
39.991_32.8235,39.990990990990994,32.8235294117647,117.937106918239,14.092599959968327,0.14977666379854498,24.06011993276666,53.61560985081342,60.13205320621052,0.31600733896712935,False,-0.44988181549875556,False,-1.1225610561047026,False,1.0723578712001487,False,0,False
39.991_32.8353,39.990990990990994,32.83529411764706,81.95597484276729,16.972732690504593,0.19418737677937326,33.01772276361828,50.56265208544741,52.98190220695556,0.10137525993876033,False,-0.3986054355984606,False,-1.014132401633435,False,0.3608750478884608,False,0,False
39.991_32.8471,39.990990990990994,32.84705882352941,126.55345911949685,35.886314447874476,0.43717693722492573,74.30249195315253,48.47539962144568,49.79185343453869,0.20892135084593721,False,-0.4416536864022879,False,-1.1379809546762416,False,1.1629596270552451,False,0,False
39.991_32.8588,39.990990990990994,32.858823529411765,44.660377358490564,37.863596173956196,0.3427564684303959,73.2310138729574,47.750969462354654,53.31340618760588,0.0016786864145160278,False,-0.37844394496460576,False,-0.998096453748572,False,0.8579430686370298,False,0,False
39.991_32.8706,39.990990990990994,32.870588235294115,112.93081761006289,43.08867800151721,0.6395023901156255,85.54859136730859,50.098714731840325,52.694262705884185,0.07177126793629228,False,-0.45984365859875215,False,-1.2313744539555502,False,0.8905807535306709,False,0,False
39.991_32.8824,39.990990990990994,32.88235294117647,74.90566037735849,30.47660430917102,0.6236694752515124,62.427668605140795,43.62345213137666,50.548103711416566,0.005161328527209962,False,-0.43179350796733085,False,-1.0940965867573598,False,0.36363629796808844,False,0,False
39.991_32.8941,39.990990990990994,32.89411764705882,56.9748427672956,39.18023378036306,0.4655746920125955,84.64239769255256,44.945084235647464,47.27063461865069,0.0019274272139857822,False,-0.4038558903981268,False,-1.0139831374317247,False,0.28990613988677033,False,0,False
39.991_32.9059,39.990990990990994,32.90588235294118,13.0,4.026917193367921,0.06912069913307761,8.353098759774626,47.63134978229318,49.64000634738671,0.0005479899390659454,False,-0.36342832222080584,False,-0.9922409122926018,False,1.1556747476086922,False,0,False
39.991_32.9412,39.990990990990994,32.94117647058823,1.9937106918238994,1.7657017893293492,0.03567899678329077,5.02827857968454,35.566299790356396,35.411043829741665,0.0017101010482406687,False,-0.36742922208402573,False,-2.104773074628454,True,2.337555254067673,False,1,False
39.991_32.9882,39.990990990990994,32.98823529411764,7.968553459119497,1.3543304880542473,0.02718322511784437,3.8307965356387124,39.18284853249476,35.721584261624415,0.006258729278220548,False,-0.36715122794057126,False,-0.9990288373693712,False,0.2676290559986106,False,0,False
39.991_33.0353,39.990990990990994,33.035294117647055,2.9874213836477987,1.2181135710649893,0.024207688617834133,3.4115480163399465,42.00157232704402,36.148967914971635,0.017259053955636535,False,-0.3719167312434443,False,-1.0320023199692585,False,0.08437418364024785,False,0,False
39.991_33.0588,39.990990990990994,33.05882352941176,5.0,1.6548058517910857,0.03327522559474976,4.690935192780968,35.61897274633124,35.59137592649326,0.0004918456860087474,False,-0.36768774894119377,False,-1.7654660767508008,True,0.45163500699730735,False,1,False
39.991_33.1647,39.990990990990994,33.16470588235294,1.0,0.6031427424442278,0.011976448548106483,1.671082563896695,35.704402515723274,36.39152655325235,0.0011289808551854614,False,-0.36943892862925065,False,-1.67829717238087,False,0.03602350684731073,False,0,False
39.991_33.1765,39.990990990990994,33.1764705882353,3.0,0.7371744629873895,0.014637881558796808,2.042434244762627,35.704402515723274,36.39152655325235,0.0005131625908897144,False,-0.363025150922788,False,-1.5380997187836927,False,0.011850587431571597,False,0,False
40.009_32.3176,40.009009009009006,32.31764705882353,5.0,0.23514177473784922,0.005776690241915621,1.3041788960577183,19.38691983122363,19.382729557325238,0.0021373751587424176,False,-0.4041370308114472,False,-1.0017952936013375,False,1.6281583678529574,False,0,False
40.009_32.3294,40.009009009009006,32.32941176470588,1.0,0.25558888558461873,0.0062790111325169975,1.4175857565844765,19.38691983122363,19.382729557325238,0.0007920471016041494,False,-0.403175692706538,False,-1.0002451863558304,False,1.5035993364679976,False,0,False
40.009_32.4941,40.009009009009006,32.49411764705882,2.993710691823899,8.044964449076549,0.05186655141343594,13.342757355618401,64.99528301886792,62.4273663725879,0.028849049450041298,False,-0.4327839087903572,False,-1.0026290056469356,False,1.731389585384814,False,0,False
40.009_32.5059,40.009009009009006,32.50588235294118,11.9874213836478,12.874385086015057,0.11439803149907388,28.960292509304598,48.31684136967156,46.40257844852149,0.011285842826035694,False,-0.3664465327710543,False,-1.0274472469033333,False,0.5789357735498472,False,0,False
40.009_32.5176,40.009009009009006,32.51764705882353,50.95625,23.726919001602546,0.11669141534122873,51.99632356751857,46.788513745830436,45.053086634876614,0.028119703238725462,False,-0.387199181509169,False,-1.093703931298558,False,0.13813829254162535,False,0,False
40.009_32.5294,40.009009009009006,32.529411764705884,111.13125,28.39889843363279,0.1311273663222822,68.36413209373312,42.90926766536637,41.943342229057926,0.26906750938526197,False,-0.4261968897601735,False,-1.292130765695069,False,0.9997006215578209,False,0,False
40.009_32.5412,40.009009009009006,32.54117647058823,57.3125,24.17500406808568,0.11946143532229017,61.11752769776028,45.197720038930974,39.909640147540834,0.05611332942211481,False,-0.3962957245707008,False,-1.118914285090813,False,0.3031660559462968,False,0,False
40.009_32.6118,40.009009009009006,32.61176470588235,2.0,1.407037771228748,0.01551717765165508,2.573626939330483,63.89517819706499,58.255339933365676,0.03512320571005283,False,-0.4232509527480532,False,-1.285519156356268,False,0.6000700588398797,False,0,False
40.009_32.6353,40.009009009009006,32.63529411764706,2.9447852760736195,105.88044079293964,0.17757424217104567,271.6854950077134,42.95398773006135,48.563183625729174,0.2159109199712864,False,-0.48998426287906,False,-1.2753473291741766,False,1.3389174699113808,False,0,False
40.009_32.6471,40.009009009009006,32.64705882352941,41.21604938271605,57.95216559681836,0.18009427161145297,159.01720409722216,36.22452092164568,26.893756341960195,0.05100173123266035,False,-0.5004970041127318,False,-1.3309491504538409,False,1.6201340179976769,False,0,False
40.009_32.6588,40.009009009009006,32.65882352941176,7.95,19.884187929707515,0.13416888796087498,30.60752862472348,60.898828125,81.15789200120969,0.1192534402011189,False,-0.4664068121404396,False,-1.4206534990027153,False,3.360700552371132,False,0,False
40.009_32.7059,40.009009009009006,32.705882352941174,3.9874213836477987,0.9279485776435699,0.025515946199731063,1.7906085969641083,57.47950733752621,53.39527467811345,0.020164563708962937,False,-0.3882100902443982,False,-0.9899113729486244,False,0.6896512638956016,False,0,False
40.009_32.7176,40.009009009009006,32.71764705882353,20.937106918238992,3.2687543897453666,0.07228255248738136,5.320856845111591,57.72833773494151,62.56839071432337,0.0009478994436170907,False,-0.4035409722574827,False,-1.1068878021690503,False,0.935164435362535,False,0,False
40.009_32.7294,40.009009009009006,32.72941176470588,387.0,73.6097661749304,0.42343081489463136,140.55093379740723,40.52167302769119,50.64391143619306,4.075320664141486,True,-0.5686804132610701,True,-2.1961996971862887,True,6.892517953646432,False,3,True
40.009_32.7647,40.009009009009006,32.76470588235294,27.333333333333332,17.995160968480004,0.2802941787812776,37.91098842547274,55.97234960982996,48.86655471905941,0.04779470334191507,False,-0.3869119400842919,False,-1.122572267001374,False,0.4165876393971672,False,0,False
40.009_32.7765,40.009009009009006,32.77647058823529,1.0,0.7327465555313657,0.00807078655179915,1.092899573912232,67.17489451476793,67.36432231120297,0.016606942161981286,False,-0.46075666228677087,False,-0.9989788498384439,False,1.627467543850494,False,0,False
40.009_32.8,40.009009009009006,32.8,4.0,1.4725147025337824,0.019260515550530346,2.8877425231039817,54.03983228511531,53.983936046843006,0.00627617539205319,False,-0.37794578001960194,False,-0.970087613113515,False,1.2823153575890356,False,0,False
40.009_32.8118,40.009009009009006,32.811764705882354,47.509433962264154,49.61759283882022,0.5239283737007892,89.60609553951923,53.895705360327995,57.044598487544924,0.01936095739919278,False,-0.4103281913728983,False,-1.00593955699809,False,1.529138965873564,False,0,False
40.009_32.8235,40.009009009009006,32.8235294117647,14.9874213836478,28.72878800347721,0.26546325807833393,54.252123379722214,42.447621351394936,54.5865826304604,0.05224050588685109,False,-0.392933895761631,False,-1.0676029965058393,False,0.8945699646355629,False,0,False
40.009_32.8353,40.009009009009006,32.83529411764706,48.503144654088054,9.85857132713266,0.11151149667861499,17.166780103885852,52.71579373672815,59.14640210497343,0.02628775597803505,False,-0.3836066669137091,False,-0.9911170028858601,False,0.8275698414852728,False,0,False
40.009_32.8471,40.009009009009006,32.84705882352941,68.99371069182389,26.81745707283884,0.30437135828743045,55.75568437254445,54.22799668195647,49.9736307253685,0.051366095270025426,False,-0.3928773904916702,False,-1.0618385797509426,False,0.3498410000751739,False,0,False
40.009_32.8588,40.009009009009006,32.858823529411765,88.64779874213836,31.197427159280124,0.5446041683770648,64.31931179404017,46.55951347812243,50.655591567405736,0.03356191295588548,False,-0.428694432215917,False,-1.064779804806063,False,0.7825834879849629,False,0,False
40.009_32.8706,40.009009009009006,32.870588235294115,54.314465408805034,25.909010077713976,0.5743826339312534,58.89866951468625,45.516491230642174,45.955879583771235,0.00890723087711129,False,-0.41063907888480733,False,-1.0555926003280658,False,0.6364200601633694,False,0,False
40.009_32.8824,40.009009009009006,32.88235294117647,8.0,6.071072594024523,0.10382918497172648,11.078470402715887,55.71357442348009,55.617665326674114,0.011834759573331974,False,-0.3839380650668142,False,-1.059777183287888,False,1.7846003061532612,False,0,False
40.009_32.8941,40.009009009009006,32.89411764705882,52.0,7.474580520759975,0.12112162240191812,14.790497690762564,50.582456458635704,51.539867823486645,0.03578100806055818,False,-0.37994088478220883,False,-1.0397040290299544,False,0.8898370636449519,False,0,False
40.009_32.9059,40.009009009009006,32.90588235294118,23.0,6.059570597344437,0.10412993335261846,12.332195285048014,49.86858536140735,50.50107235751696,0.0014798617835044068,False,-0.3726909652869093,False,-1.056901242623769,False,0.47983308931993685,False,0,False
40.009_32.9647,40.009009009009006,32.96470588235294,9.981132075471699,1.9466844621868,0.040259184684712554,5.673011314335748,32.85427523210542,34.64132483843764,0.0008233471043143551,False,-0.37442461941259797,False,-1.9130864077560825,True,2.1327509037702903,False,1,False
40.009_32.9765,40.009009009009006,32.976470588235294,186.66875,74.27340510987025,0.5882372178255652,133.89603456112295,46.03711091910785,57.0221538554542,0.45833791435920856,True,-0.5223776406048841,False,-1.407875523009133,False,4.489098257850895,False,1,False
40.009_32.9882,40.009009009009006,32.98823529411764,1.0,0.3051775477263873,0.00777119162909776,1.0938108754939613,28.802410901467503,29.146523948125946,0.0003195422351382637,False,-0.3777836119242321,False,-0.9841836822560893,False,1.0734768821026524,False,0,False
40.009_33.0,40.009009009009006,33.0,7.981132075471698,2.3578847697961045,0.04841369597197481,6.822363247316393,33.86966719077568,34.875084782871376,0.0001088731545104302,False,-0.37128980333850503,False,-2.4241793955349253,True,0.2516008464956311,False,1,False
40.009_33.0471,40.009009009009006,33.04705882352941,5.981132075471698,1.7684223396366783,0.03524815894870642,4.9680150658340665,40.40592243186583,35.971120110025,0.01035387311652124,False,-0.36967559299338404,False,-1.0055159220541972,False,0.09098244267504516,False,0,False
40.018_32.2941,40.01801801801802,32.294117647058826,1.0,0.45562424729024487,0.013643784290111007,0.9770855078281814,48.55345911949686,48.559167974320175,0.005324464596226863,False,-0.3726436392704116,False,-0.9971689611185273,False,1.7151053598895636,False,0,False
40.018_32.3059,40.01801801801802,32.305882352941175,11.220125786163521,1.119848956877518,0.03288441733870419,2.613236615577197,39.325774516655024,43.651688875760726,0.003675719849283553,False,-0.36315563751044266,False,-1.0656729371867832,False,0.9398178413789334,False,0,False
40.018_32.3176,40.01801801801802,32.31764705882353,14.20754716981132,1.3284959232934963,0.038626687941875695,3.2972782302473242,36.610466457023065,40.984583391646666,0.005121278534545939,False,-0.37244007839659027,False,-1.0089081039921326,False,0.6710400290008188,False,0,False
40.018_32.3294,40.01801801801802,32.32941176470588,27.925,26.768029422087032,0.07006555992538824,50.72259766294247,42.185921040028234,52.83051390866829,0.02642723624846897,False,-0.38547249392095156,False,-1.064088999992087,False,2.1132546833614327,False,0,False
40.018_32.4941,40.01801801801802,32.49411764705882,25.465408805031448,14.427594454705517,0.09385062407792469,37.16567984190967,44.54797244684037,42.91402912950142,0.0052742172106953296,False,-0.3738294872915464,False,-1.1945193409417822,False,0.7371052848508601,False,0,False
40.018_32.5059,40.01801801801802,32.50588235294118,54.314465408805034,16.119361963173258,0.10335832084187621,41.92280203948523,44.370555377580416,42.73375242525156,0.044448473899660536,False,-0.3817531820175358,False,-1.1037831412902706,False,0.8238699896356764,False,0,False
40.018_32.5412,40.01801801801802,32.54117647058823,18.5125,27.343759471113685,0.12196471024786178,66.57798491349543,43.33033196548821,40.782475984814305,0.011726244309819426,False,-0.38648119321496455,False,-1.6127360985873298,False,0.6652870354998675,False,0,False
40.018_32.5529,40.01801801801802,32.55294117647059,4.13125,25.967350665528937,0.11561499211083251,64.0126984265804,43.50453125,39.92977380596854,0.0323959128071152,False,-0.39354548745087337,False,-1.6456759612342797,False,0.578174354737122,False,0,False
40.018_32.6353,40.01801801801802,32.63529411764706,14.962264150943396,2.06078117600834,0.08902162287086728,7.413196301488747,35.84856743535989,29.32146613241591,0.019250021182179614,False,-0.3800628765975453,False,-1.362990506608928,False,1.6161626862506777,False,0,False
40.018_32.6471,40.01801801801802,32.64705882352941,2.9447852760736195,105.88044079293964,0.17757424217104567,271.6854950077134,42.95398773006135,48.563183625729174,0.2159109199712864,False,-0.48998426287906,False,-1.2753473291741766,False,1.6720978565684108,False,0,False
40.018_32.6941,40.01801801801802,32.694117647058825,7.9748427672955975,6.459440501125335,0.13509295730449342,10.135267122424322,57.18930817610063,64.76589531129186,0.01989891018613371,False,-0.406617772569039,False,-1.1001988614056715,False,0.44185972975472876,False,0,False
40.018_32.7176,40.01801801801802,32.71764705882353,3.9874213836477987,0.9279485776435699,0.025515946199731063,1.7906085969641083,57.47950733752621,53.39527467811345,0.020164563708962937,False,-0.3882100902443982,False,-0.9899113729486244,False,2.433938278395477,False,0,False
40.018_32.7529,40.01801801801802,32.752941176470586,5.245283018867925,1.494155177721759,0.027692767291155922,3.929430636530209,48.855600479185384,39.762390228843586,0.04056023041870393,False,-0.3709164671346951,False,-1.5627661330823173,False,1.8006656614382854,False,0,False
40.018_32.7647,40.01801801801802,32.76470588235294,18.0,17.020651084642743,0.26443112297363935,35.879507415346744,55.292976939203356,48.79461407625352,0.05095174619184876,False,-0.38349005948988313,False,-1.037287438374488,False,0.7693385745766443,False,0,False
40.018_32.7765,40.01801801801802,32.77647058823529,7.0,12.289311091962764,0.19643927549690593,27.510478599143624,52.73619846261355,47.18559037611282,0.046198783138092316,False,-0.37286330108091,False,-1.0286914299838783,False,0.3950742185442102,False,0,False
40.018_32.7882,40.01801801801802,32.78823529411765,2.3333333333333335,12.289311091962764,0.19643927549690593,27.510478599143624,52.73619846261355,47.18559037611282,0.05528326829041974,False,-0.3788180169508774,False,-1.064682369575062,False,0.4848593984838769,False,0,False
40.018_32.8235,40.01801801801802,32.8235294117647,46.38993710691824,11.285351278574376,0.2245487250012209,25.062812993366936,49.56701565671691,46.500150486864676,0.02450098399431809,False,-0.3818641138955108,False,-1.09186129497174,False,0.787432701449056,False,0,False
40.018_32.8353,40.01801801801802,32.83529411764706,11.144654088050315,12.530633356122188,0.20282267264906478,25.931162262132442,61.2556029749426,51.258104655378276,0.08461049484438156,False,-0.40517822006419296,False,-1.308913224535345,False,0.7999700768737211,False,0,False
40.018_32.8471,40.01801801801802,32.84705882352941,66.0503144654088,28.150124535606103,0.31732004925160623,54.518642133809074,59.97837865015075,53.16579605993408,0.06272305354376453,False,-0.4196704096036796,False,-1.2101880426845093,False,0.4876056224227497,False,0,False
40.018_32.8588,40.01801801801802,32.858823529411765,48.19496855345912,47.77067461907182,0.46041602029253376,91.84853676467141,58.02637827760855,53.518988506651304,0.04499545621296264,False,-0.4225500864521172,False,-1.0696384026102423,False,0.9138979369376713,False,0,False
40.018_32.8706,40.01801801801802,32.870588235294115,6.0,6.071072594024523,0.10382918497172648,11.078470402715887,55.71357442348009,55.617665326674114,0.014307130367461666,False,-0.38351125884672416,False,-1.055207122506321,False,1.2561245773514391,False,0,False
40.018_32.8824,40.01801801801802,32.88235294117647,5.9748427672955975,11.288814701309517,0.11733946771394341,28.281452359771194,38.13784067085953,38.813301096546724,0.007343999862571465,False,-0.3772985572717964,False,-0.9913925067311101,False,1.0911016564730398,False,0,False
40.018_32.8941,40.01801801801802,32.89411764705882,38.9685534591195,51.87661934554088,0.5183902318442091,113.93101092734642,43.55732408751277,46.30134558079474,0.03143222584357313,False,-0.42460137374607115,False,-1.0465645507482961,False,1.8505940091419129,False,0,False
40.018_32.9059,40.01801801801802,32.90588235294118,2.0,6.756183689249188,0.09353452742505036,13.60594973336203,50.30083857442348,50.35719723509537,0.014992109635219972,False,-0.3718405306659033,False,-1.0532251680143472,False,0.8305001633819538,False,0,False
40.018_32.9176,40.01801801801802,32.917647058823526,24.0,6.001565156772885,0.08659713310645285,12.521091554404826,45.95466457023061,48.748431542441644,0.001514365923236326,False,-0.3717840913619483,False,-1.055305186127601,False,0.17602832713998554,False,0,False
40.018_32.9882,40.01801801801802,32.98823529411764,1.0,0.3051775477263873,0.00777119162909776,1.0938108754939613,28.802410901467503,29.146523948125946,0.0003195422351382637,False,-0.3777836119242321,False,-0.9841836822560893,False,1.1108896872933212,False,0,False
40.018_33.0,40.01801801801802,33.0,6.9937106918239,2.040308685026643,0.04156515109961618,5.858289532946245,34.62923030847559,35.1280114146094,9.212716163139912e-05,False,-0.36819154732337434,False,-1.9500594581004713,True,0.39851978941362115,False,1,False
40.018_33.0471,40.01801801801802,33.04705882352941,3.9874213836477987,1.7684223396366783,0.03524815894870642,4.9680150658340665,40.40592243186583,35.97112011002499,0.010996442214736028,False,-0.36812191357555046,False,-1.0056980024456308,False,0.011306629137642743,False,0,False
40.027_32.2941,40.02702702702703,32.294117647058826,1.0,0.25558888558461873,0.0062790111325169975,1.4175857565844765,19.38691983122363,19.382729557325238,0.0007920471016041494,False,-0.403175692706538,False,-1.0002451863558304,False,1.9442691279446727,False,0,False
40.027_32.3059,40.02702702702703,32.305882352941175,3.981132075471698,0.8898491170187479,0.02555363968099248,2.602680779167277,26.73805031446541,35.31230886486445,0.026046819832385697,False,-0.379241908177685,False,-1.785675348278153,True,0.6748590476079114,False,1,False
40.027_32.6118,40.02702702702703,32.61176470588235,4.0,0.3060089870210976,0.018880310992890333,1.344731090513932,31.669025157232703,26.57233466857424,0.008808426890502593,False,-0.3812881474870825,False,-1.2079943293511646,False,0.3411338428398334,False,0,False
40.027_32.6353,40.02702702702703,32.63529411764706,2.0,0.03045506852181186,0.0008076158593994328,0.11500784600899668,27.696202531645568,27.656447768675836,0.00012399640869299226,False,-0.384410801305867,False,-1.031366208913766,False,1.2626793607338669,False,0,False
40.027_32.6824,40.02702702702703,32.68235294117647,2.0,4.979365899887998,0.0997027655724993,6.989402946497803,73.24475890985325,73.32288129801695,0.036335719765260316,False,-0.5015542422429614,False,-1.212247367663756,False,1.3592121850616363,False,0,False
40.027_32.6941,40.02702702702703,32.694117647058825,7.9748427672955975,6.459440501125335,0.13509295730449342,10.135267122424322,57.18930817610063,64.76589531129186,0.01989891018613371,False,-0.406617772569039,False,-1.1001988614056715,False,0.43954089241038274,False,0,False
40.027_32.7412,40.02702702702703,32.74117647058824,14.0,1.267694665261948,0.02158158541646706,1.6816716151071098,77.62893081761007,77.81403442209889,0.0112611140191557,False,-0.5214229769060393,False,-1.6144429062088341,False,1.0407494832678665,False,0,False
40.027_32.7529,40.02702702702703,32.752941176470586,10.0,1.267694665261948,0.02158158541646706,1.6816716151071098,77.62893081761007,77.81403442209889,0.01513940306653097,False,-0.5162381746100331,False,-1.622308884970349,False,1.7028442798970396,False,0,False
40.027_32.7647,40.02702702702703,32.76470588235294,31.333333333333332,10.731414469789332,0.16564975075920654,22.17451224103436,57.56841872604451,49.62666428484888,0.04532906780110794,False,-0.38926811989293103,False,-1.1213600628640914,False,0.37561183346927113,False,0,False
40.027_32.7765,40.02702702702703,32.77647058823529,14.0,6.981010889731524,0.10895473980470362,15.334910366346742,52.50692988586071,48.015724482479854,0.019624346684948866,False,-0.3745978797228982,False,-1.0981741610444655,False,0.33135871774126924,False,0,False
40.027_32.7882,40.02702702702703,32.78823529411765,25.666666666666668,12.289311091962764,0.19643927549690593,27.510478599143624,52.73619846261355,47.18559037611282,0.027226205973945723,False,-0.3731994206039128,False,-1.0139779720631172,False,0.3299664653043655,False,0,False
40.027_32.8,40.02702702702703,32.8,4.666666666666667,12.289311091962764,0.19643927549690593,27.510478599143624,52.73619846261355,47.18559037611282,0.05052395867119148,False,-0.3786959492636681,False,-1.037452112198393,False,0.1190941157431833,False,0,False
40.027_32.8353,40.02702702702703,32.83529411764706,2.0,1.3640224636166645,0.014926559174270023,2.063789602461911,59.4874213836478,59.755429066251686,0.010496277048598112,False,-0.40211536560940975,False,-1.1912898591042596,False,1.4987223319303453,False,0,False
40.027_32.8471,40.02702702702703,32.84705882352941,54.57232704402516,36.50914096904268,0.2956018040952702,66.56486840686358,57.06623264117601,56.05448142384428,0.012697460885975821,False,-0.395455704333194,False,-1.0625661185634057,False,0.41567999539435246,False,0,False
40.027_32.8588,40.02702702702703,32.858823529411765,52.25157232704402,38.674832881125646,0.2935190676363924,73.56062610043064,55.11203808975803,54.41324709616243,0.009644228635750747,False,-0.3859925462165144,False,-1.034144598049415,False,0.6082774116612093,False,0,False
40.027_32.8706,40.02702702702703,32.870588235294115,8.981132075471699,3.498342829345139,0.03635310860100289,9.178638578472723,37.490682506405776,38.25004864598877,4.503194332147195e-05,False,-0.37247126613740433,False,-0.9908356261570479,False,1.2040974286216923,False,0,False
40.027_32.8824,40.02702702702703,32.88235294117647,53.84905660377358,8.02983598448243,0.0745475196328575,19.572554186307357,40.31298510785633,39.93598539038458,0.059765955048065804,False,-0.3841312840748225,False,-1.2764637016888574,False,0.549033267691948,False,0,False
40.027_32.8941,40.02702702702703,32.89411764705882,74.90566037735849,37.04230272435151,0.3838912132178942,80.29513515074898,43.83184976738175,46.95521832046317,0.0236081166961923,False,-0.41253052608125407,False,-1.0728318905060619,False,1.1510399357547367,False,0,False
40.027_32.9059,40.02702702702703,32.90588235294118,18.0,1.3044218261156832,0.020138643810288556,2.884589528526628,42.57430701141393,46.231603149159376,0.0040761462127555615,False,-0.3716669738686793,False,-1.0599812393389176,False,0.9331076230634311,False,0,False
40.027_32.9176,40.02702702702703,32.917647058823526,31.0,1.0268630689882496,0.01713270124106658,2.4408608038459603,38.86449245959288,43.09289405587313,0.023139090785400013,False,-0.37636534336130734,False,-1.405953889459464,False,0.4586784102742595,False,0,False
40.027_32.9412,40.02702702702703,32.94117647058823,6.0,0.3051775477263873,0.00777119162909776,1.093810875493961,28.802410901467503,29.146523948125946,0.0005521346541322219,False,-0.3771917543588285,False,-0.9943167098290958,False,0.06805378042467614,False,0,False
40.027_32.9647,40.02702702702703,32.96470588235294,2.993710691823899,2.5552549783274157,0.052657204261674175,7.420196668279668,33.30538085255066,34.75567365273336,0.0018109458422139186,False,-0.37049679183254686,False,-2.7377944048256073,True,0.5070198733809786,False,1,False
40.027_32.9765,40.02702702702703,32.976470588235294,2.0,0.3051775477263873,0.00777119162909776,1.0938108754939613,28.802410901467503,29.146523948125946,0.00020658289137943635,False,-0.37465272095926677,False,-0.9858544453756724,False,0.12684544813418952,False,0,False
40.027_33.0471,40.02702702702703,33.04705882352941,3.9874213836477987,1.7684223396366783,0.03524815894870642,4.9680150658340665,40.40592243186583,35.97112011002499,0.010996442214736028,False,-0.36812191357555046,False,-1.0056980024456308,False,0.033919887412928174,False,0,False
40.027_33.0588,40.02702702702703,33.05882352941176,3.9874213836477987,1.7684223396366783,0.03524815894870642,4.9680150658340665,40.40592243186583,35.97112011002499,0.010996442214736028,False,-0.36812191357555046,False,-1.0056980024456308,False,0.033919887412928174,False,0,False
40.036_32.5059,40.03603603603604,32.50588235294118,9.471698113207546,1.2856412160904804,0.037380665750202276,3.190914416368378,36.610466457023065,40.984583391646666,0.004310603269418752,False,-0.36741081263152675,False,-0.9962829619501342,False,34.86431461432371,True,1,False
40.036_32.5882,40.03603603603604,32.588235294117645,6.0,0.9276018576364925,0.03705311128266535,3.947657451064728,38.40985324947589,25.04713365726011,0.06617791089972078,False,-0.38170527460986403,False,-1.1625093034042417,False,0.4204400786350425,False,0,False
40.036_32.6118,40.03603603603604,32.61176470588235,5.0,0.3300958832575608,0.01846845565990338,1.314618368613459,37.514779874213836,29.040443583322787,0.027297104980878634,False,-0.3768216719095488,False,-1.75781851167389,True,0.26345335443836826,False,1,False
40.036_32.6235,40.03603603603604,32.62352941176471,3.0,0.31939059604135495,0.01865150247456424,1.3280018005692247,34.916666666666664,27.93716786057324,0.017910389584963913,False,-0.373563679307469,False,-1.2311520378485328,False,0.12712441096221908,False,0,False
40.036_32.6941,40.03603603603604,32.694117647058825,7.9748427672955975,0.9279485776435699,0.025515946199731063,1.7906085969641083,57.47950733752621,53.39527467811345,0.01730150350291772,False,-0.3868102885948701,False,-0.9878257606006062,False,1.0167849654202252,False,0,False
40.036_32.7176,40.03603603603604,32.71764705882353,1.0,0.5423987130096101,0.009546589898818828,1.3365225858346386,40.50632911392405,40.4849809121961,0.0021677086577894314,False,-0.3637580975523429,False,-0.9977235905841992,False,34.86431461432371,True,1,False
40.036_32.7412,40.03603603603604,32.74117647058824,1.0,1.267694665261948,0.02158158541646706,1.6816716151071098,77.62893081761007,77.81403442209889,0.028530279879185664,False,-0.520346137206671,False,-1.6273560232507873,False,0.18714789616785954,False,0,False
40.036_32.7647,40.03603603603604,32.76470588235294,43.666666666666664,5.634051955099642,0.0841473979946674,11.270632651804087,54.99619970244133,51.089006478549535,0.03786044977567949,False,-0.39378566142931437,False,-1.0896314863083956,False,0.5703616762508508,False,0,False
40.036_32.7765,40.03603603603604,32.77647058823529,1.6666666666666667,9.760563414482348,0.15578408718436434,21.8187522353878,50.30765199161426,46.36019110867054,0.03669875314895372,False,-0.3760559537270889,False,-1.082003515796939,False,0.43623055150229734,False,0,False
40.036_32.7882,40.03603603603604,32.78823529411765,11.666666666666666,12.289311091962764,0.19643927549690593,27.510478599143624,52.73619846261355,47.18559037611282,0.0388508343302812,False,-0.3733177318985685,False,-1.016779530725725,False,0.11841631465520135,False,0,False
40.036_32.8,40.03603603603604,32.8,7.0,12.289311091962764,0.19643927549690593,27.510478599143624,52.73619846261355,47.18559037611282,0.046198783138092316,False,-0.37286330108091,False,-1.0286914299838783,False,0.1190941157431833,False,0,False
40.036_32.8353,40.03603603603604,32.83529411764706,35.075471698113205,33.21859272441122,0.23106245077510462,58.79374039190197,58.72437553372105,57.717504267813915,0.012045962550588124,False,-0.40051911291879977,False,-1.0535779646976569,False,0.6287328978392732,False,0,False
40.036_32.8471,40.03603603603604,32.84705882352941,94.84276729559748,40.44189981875816,0.3331651720099504,77.20071305934326,52.71949574657801,54.113651911628736,0.08000238979455536,False,-0.4191414626202356,False,-1.0098821405944456,False,1.537842631414988,False,0,False
40.036_32.8588,40.03603603603604,32.858823529411765,14.314465408805031,2.2457114336518957,0.023462589679250044,3.333191878722802,63.4742261684548,68.14492523731627,0.0018442276355346832,False,-0.43523176063930047,False,-1.0025060917963233,False,1.744757607835917,False,0,False
40.036_32.8706,40.03603603603604,32.870588235294115,8.943396226415095,3.719177194982331,0.03938669501523166,9.378366863618217,37.030514791521085,38.29035172490892,0.0001327755840185077,False,-0.3701647595822733,False,-1.059899870984476,False,1.0383176429745002,False,0,False
40.036_32.8824,40.03603603603604,32.88235294117647,73.937106918239,6.9238974378499565,0.07147964846146974,17.175875724541175,40.09531777365843,41.57912177245065,0.13773661545491772,False,-0.4126375232729044,False,-1.1911840839754806,False,0.41800457330268764,False,0,False
40.036_32.8941,40.03603603603604,32.89411764705882,181.0440251572327,15.60902672345187,0.19060210325309987,35.85437480853018,38.493004142375206,44.0281485270554,0.9475171248548641,True,-0.49040597769116,False,-1.5806223277558265,False,2.2593340039523966,False,1,False
40.036_32.9059,40.03603603603604,32.90588235294118,62.937106918238996,9.390300558148022,0.11006098472882557,20.98862795060897,42.69315960521073,45.49808803842064,0.07365270237553585,False,-0.39162894226716155,False,-1.0791343023314772,False,0.33956173075688534,False,0,False
40.036_32.9176,40.03603603603604,32.917647058823526,5.981132075471698,1.9897495663599107,0.02631839452644377,4.956823274603727,35.51713836477987,40.46299384053973,0.006599605269777313,False,-0.37143307171430073,False,-1.1425308674394234,False,0.6391893255233535,False,0,False
40.036_32.9412,40.03603603603604,32.94117647058823,2.0,0.3051775477263873,0.00777119162909776,1.0938108754939613,28.802410901467503,29.146523948125946,0.00020658289137943635,False,-0.37465272095926677,False,-0.9858544453756724,False,0.03402689021233807,False,0,False
40.036_32.9647,40.03603603603604,32.96470588235294,1.0,0.3051775477263873,0.00777119162909776,1.0938108754939613,28.802410901467503,29.146523948125946,0.0003195422351382637,False,-0.3777836119242321,False,-0.9841836822560893,False,0.169596044603764,False,0,False
40.036_32.9765,40.03603603603604,32.976470588235294,1.0,0.3051775477263873,0.00777119162909776,1.0938108754939613,28.802410901467503,29.146523948125946,0.0003195422351382637,False,-0.3777836119242321,False,-0.9841836822560893,False,0.169596044603764,False,0,False
40.036_33.0588,40.03603603603604,33.05882352941176,9.968553459119496,1.7684223396366783,0.03524815894870642,4.9680150658340665,40.40592243186583,35.97112011002499,0.010019593316522142,False,-0.37069397559532724,False,-1.0242246498501255,False,0.10175966223878469,False,0,False
40.045_32.5882,40.04504504504504,32.588235294117645,2.0,0.3461538140818696,0.018193885437912123,1.2945432206798104,41.411949685534594,30.71654545429999,0.04574404794100149,False,-0.37611928521897126,False,-1.3464751884380382,False,0.4204400786350425,False,0,False
40.045_32.6235,40.04504504504504,32.62352941176471,15.0,1.9311124838172218,0.09077383516564862,8.133397971722461,38.24786862334032,24.926087936355998,0.07014518041687794,False,-0.3988642532566751,False,-1.1491780242180711,False,0.33176194804060327,False,0,False
40.045_32.6941,40.04504504504504,32.694117647058825,28.90566037735849,4.408837544706107,0.09025626517913932,6.831003148417131,56.49365492455928,65.53146095087249,0.012477166307921285,False,-0.412986565512269,False,-1.0504504582491891,False,0.872177505835027,False,0,False
40.045_32.7647,40.04504504504504,32.76470588235294,10.666666666666666,5.500020118817447,0.08109870529474826,11.89759829732153,48.35167714884695,47.10604509077783,0.0059240357887159695,False,-0.3641545520574368,False,-1.0006288385441369,False,0.22549990727787095,False,0,False
40.045_32.8235,40.04504504504504,32.8235294117647,4.0,8.021921788078377,0.12076792287756478,16.905198170983343,48.272536687631025,48.5989584119147,0.014062170596499916,False,-0.37494558732985395,False,-1.0333386440076922,False,0.8552406528006118,False,0,False
40.045_32.8353,40.04504504504504,32.83529411764706,36.742138364779876,30.830641213873953,0.2181496666203161,55.020967992267316,56.938327019782804,57.23179655987447,0.005505980992231263,False,-0.3910510349300229,False,-1.032765126521851,False,0.6200082119417375,False,0,False
40.045_32.8471,40.04504504504504,32.84705882352941,12.333333333333334,1.194307757519179,0.025118678465842342,3.652283460124888,46.908126988315665,34.44283301771563,0.06568640558140683,False,-0.38489680280138605,False,-1.5494385421763759,False,2.0020755326705015,False,0,False
40.045_32.8588,40.04504504504504,32.858823529411765,3.0,1.6557517619286755,0.017115390528117367,2.5071143314919766,67.44287211740041,67.64023589158958,0.015478139026495441,False,-0.45052120085511643,False,-0.9996861558273364,False,1.437849070716162,False,0,False
40.045_32.8706,40.04504504504504,32.870588235294115,30.0,9.928699317731692,0.11872461695799628,25.44275681158459,37.03263452131377,39.980707123824956,0.005754578836910419,False,-0.37733500442819173,False,-1.288953226795803,False,1.5884509161657687,False,0,False
40.045_32.8824,40.04504504504504,32.88235294117647,12.0,4.91840571182863,0.0640702799513849,12.860944838846384,34.768955276030745,38.36474554145911,0.002635171617826518,False,-0.37030741310639925,False,-1.058311902630855,False,1.033711682214141,False,0,False
40.045_32.8941,40.04504504504504,32.89411764705882,72.82389937106919,6.8998670514476315,0.0762971563075594,16.474592982536116,35.68653629680137,41.70608143859062,0.14293737179697186,False,-0.421766462071072,False,-1.2612073713113794,False,0.39081498641158674,False,0,False
40.045_32.9059,40.04504504504504,32.90588235294118,29.91194968553459,9.026859530385702,0.12195067975860105,22.108110806165733,33.796684772250806,40.98927190028447,0.017561171865414945,False,-0.3855378682523541,False,-1.2212925809545085,False,0.5091184177975112,False,0,False
40.045_32.9412,40.04504504504504,32.94117647058823,2.0,0.3051775477263873,0.00777119162909776,1.0938108754939613,28.802410901467503,29.146523948125946,0.00020658289137943635,False,-0.37465272095926677,False,-0.9858544453756724,False,0.0,False,0,False
40.045_33.0824,40.04504504504504,33.08235294117647,5.0,0.27164677191631365,0.005405097049301845,0.7980604401089577,34.83857442348008,34.89452308523304,4.7316517548369496e-05,False,-0.3684458871714196,False,-1.4920096656367312,False,0.0,False,0,False
40.0541_32.3647,40.054054054054056,32.36470588235294,9.471698113207546,1.2856412160904804,0.037380665750202276,3.190914416368378,36.610466457023065,40.984583391646666,0.004310603269418752,False,-0.36741081263152675,False,-0.9962829619501342,False,34.86431461432371,True,1,False
40.0541_32.6118,40.054054054054056,32.61176470588235,15.0,2.0489826487436673,0.07963683265770292,7.939588834224227,37.87728860936408,27.16223344213754,0.046870214967686265,False,-0.3896325230390748,False,-1.186626368136505,False,0.14700384994401242,False,0,False
40.0541_32.7529,40.054054054054056,32.752941176470586,18.666666666666668,5.500020118817447,0.08109870529474826,11.89759829732153,48.35167714884695,47.10604509077784,0.004021107033000308,False,-0.3656633232027416,False,-1.0126158560237744,False,0.17013445106169048,False,0,False
40.0541_32.7647,40.054054054054056,32.76470588235294,10.666666666666666,5.500020118817447,0.08109870529474826,11.89759829732153,48.35167714884695,47.10604509077783,0.0059240357887159695,False,-0.3641545520574368,False,-1.0006288385441369,False,0.045369186949784146,False,0,False
40.0541_32.8118,40.054054054054056,32.811764705882354,3.0,8.021921788078377,0.12076792287756478,16.905198170983343,48.272536687631025,48.5989584119147,0.015513132810926304,False,-0.37494558732985395,False,-1.0392505404892975,False,0.8769076815574385,False,0,False
40.0541_32.8353,40.054054054054056,32.83529411764706,47.490566037735846,33.23648424922858,0.2826068751714785,62.71135988939966,50.37573102186631,54.17978958464845,0.0004474959518293975,False,-0.3763522858441897,False,-0.9941451676307521,False,1.87977576680286,False,0,False
40.0541_32.8588,40.054054054054056,32.858823529411765,1.0,1.6557517619286755,0.017115390528117367,2.5071143314919766,67.44287211740041,67.64023589158958,0.018323186736383758,False,-0.45620740792242676,False,-1.0000589171688778,False,2.121323799039128,False,0,False
40.0541_32.8706,40.054054054054056,32.870588235294115,15.0,1.6557517619286755,0.017115390528117367,2.5071143314919766,67.44287211740041,67.64023589158958,0.005105921524585619,False,-0.4551965552189933,False,-0.993506469138099,False,1.4242249802233937,False,0,False
40.0541_32.8941,40.054054054054056,32.89411764705882,3.0,5.820525600214512,0.05188372422514059,11.491795160902395,40.27410901467505,52.01597005407843,0.04229076142812061,False,-0.3762018982201276,False,-1.2384548118477998,False,0.8529475618130267,False,0,False
40.0541_32.9059,40.054054054054056,32.90588235294118,6.9748427672955975,9.958040101349264,0.11598834573007927,24.341523216502814,31.069032644504343,40.59164143784677,0.029687624497044974,False,-0.38633397478714093,False,-1.410958466193127,False,0.7618147590108432,False,0,False
40.0541_32.9176,40.054054054054056,32.917647058823526,5.9937106918239,6.414419478244152,0.08554044951336029,14.553488123968597,45.547414395527596,44.77120190019645,0.007684245552262041,False,-0.3648772934258249,False,-1.083382839672663,False,0.9693949940547054,False,0,False
40.0541_32.9529,40.054054054054056,32.95294117647059,2.0,0.3051775477263873,0.00777119162909776,1.0938108754939613,28.802410901467503,29.146523948125946,0.00020658289137943635,False,-0.37465272095926677,False,-0.9858544453756724,False,0.29890045119358727,False,0,False
40.0541_32.9647,40.054054054054056,32.96470588235294,1.0,0.3051775477263873,0.00777119162909776,1.0938108754939613,28.802410901467503,29.146523948125946,0.0003195422351382637,False,-0.3777836119242321,False,-0.9841836822560893,False,0.30194018235421966,False,0,False
40.0541_32.9765,40.054054054054056,32.976470588235294,1.0,0.15258877386319358,0.003885595814548845,0.5469054377469805,28.802410901467503,29.146523948125946,0.0002887504858125578,False,-0.38015731531787966,False,-0.9841836822560893,False,0.7596565284325999,False,0,False
40.0541_33.0706,40.054054054054056,33.07058823529412,5.0,0.27164677191631365,0.005405097049301845,0.7980604401089577,34.83857442348008,34.89452308523304,4.7316517548369496e-05,False,-0.3684458871714196,False,-1.4920096656367312,False,0.0,False,0,False
40.0631_32.4706,40.06306306306306,32.47058823529412,9.471698113207546,1.2856412160904804,0.037380665750202276,3.190914416368378,36.610466457023065,40.984583391646666,0.004310603269418752,False,-0.36741081263152675,False,-0.9962829619501342,False,0.0,False,0,False
40.0631_32.4824,40.06306306306306,32.48235294117647,9.471698113207546,1.2856412160904804,0.037380665750202276,3.190914416368378,36.610466457023065,40.984583391646666,0.004310603269418752,False,-0.36741081263152675,False,-0.9962829619501342,False,0.0,False,0,False
40.0631_32.7412,40.06306306306306,32.74117647058824,2.6666666666666665,5.500020118817447,0.08109870529474826,11.89759829732153,48.35167714884695,47.10604509077783,0.012930255026275463,False,-0.36503317313171624,False,-1.0009264016230113,False,0.16635368548254176,False,0,False
40.0631_32.7529,40.06306306306306,32.752941176470586,10.666666666666666,5.500020118817447,0.08109870529474826,11.89759829732153,48.35167714884695,47.10604509077783,0.0059240357887159695,False,-0.3641545520574368,False,-1.0006288385441369,False,0.011342296737445967,False,0,False
40.0631_32.8235,40.06306306306306,32.8235294117647,5.0,3.1408661833023395,0.058458239597335634,10.56204638161637,28.7104821802935,31.482832750336925,0.002825738494316127,False,-0.38545010106668165,False,-1.3114812655289696,False,0.3390821463485469,False,0,False
40.0631_32.8353,40.06306306306306,32.83529411764706,10.0,3.1408661833023395,0.058458239597335634,10.56204638161637,28.7104821802935,31.482832750336925,0.0024451058938376106,False,-0.385194150118277,False,-1.3890137969061886,False,0.5859733110511832,False,0,False
40.0631_32.8471,40.06306306306306,32.84705882352941,2.0,0.46353139960574485,0.01896179479958696,1.987984605275509,9.90566037735849,9.907364377110635,0.003173404130054255,False,-0.45501471239804203,False,-0.977494901991043,False,2.709510393710003,False,0,False
40.0631_32.8941,40.06306306306306,32.89411764705882,9.0,0.6639761809863726,0.007054583865095056,1.3635693059173144,47.224493361285816,49.386677120716584,0.000262045177012828,False,-0.36739815503282036,False,-0.9911823095116254,False,0.48200395409885866,False,0,False
40.0631_32.9059,40.06306306306306,32.90588235294118,60.80503144654088,9.184692382829622,0.10544310716298567,22.143135937683436,32.92288281991245,41.21758913568911,0.09381752173932735,False,-0.41684261670649775,False,-1.3271027946925567,False,1.0402417840199165,False,0,False
40.0631_32.9176,40.06306306306306,32.917647058823526,60.83018867924528,9.311246674466853,0.11418525492296494,22.25868219448723,33.90641828290813,41.83724428201303,0.08825995772309997,False,-0.4092290109054791,False,-1.2549425897611788,False,0.7104729578459652,False,0,False
40.0631_32.9294,40.06306306306306,32.92941176470588,44.295597484276726,19.77107018138246,0.24254379571217746,43.29424422912545,45.54529670521772,46.40118546548404,0.0059370881364722615,False,-0.3783948868993023,False,-1.0315648868645972,False,1.029880726166797,False,0,False
40.0631_32.9412,40.06306306306306,32.94117647058823,1.0,0.3051775477263873,0.00777119162909776,1.0938108754939613,28.802410901467503,29.146523948125946,0.0003195422351382637,False,-0.3777836119242321,False,-0.9841836822560893,False,1.0177015040928565,False,0,False
40.0631_32.9529,40.06306306306306,32.95294117647059,2.0,0.3051775477263873,0.00777119162909776,1.0938108754939613,28.802410901467503,29.146523948125946,0.00020658289137943635,False,-0.37465272095926677,False,-0.9858544453756724,False,0.836829128783291,False,0,False
40.0631_32.9647,40.06306306306306,32.96470588235294,20.0,3.98305276326762,0.06483473492270182,8.403855892089727,42.07505241090147,47.18830823709137,0.005288357803165427,False,-0.36909171216255116,False,-1.0639422193356145,False,1.179139847547962,False,0,False
40.0631_32.9765,40.06306306306306,32.976470588235294,1.0,0.3051775477263873,0.00777119162909776,1.0938108754939613,28.802410901467503,29.146523948125946,0.0003195422351382637,False,-0.3777836119242321,False,-0.9841836822560893,False,0.8577058773878333,False,0,False
40.0631_32.9882,40.06306306306306,32.98823529411764,14.0,3.5627379332395273,0.05738221538167052,7.395047677710069,42.30533093740641,47.929246861821134,0.0056255635654920075,False,-0.36530796316861924,False,-1.0684434847878026,False,1.3432136789592062,False,0,False
40.0631_33.0,40.06306306306306,33.0,10.0,0.27164677191631365,0.005405097049301845,0.7980604401089577,34.83857442348008,34.89452308523304,0.0009905519871838226,False,-0.37173258648068175,False,-2.3279660471541233,True,0.9852763228847091,False,1,False
40.0631_33.0235,40.06306306306306,33.023529411764706,14.0,0.27164677191631365,0.005405097049301845,0.7980604401089577,34.83857442348008,34.89452308523304,0.0031804408109107718,False,-0.37997624811745195,False,-2.8747590284414164,True,34.86431461432371,True,2,True
40.0721_32.6118,40.07207207207208,32.61176470588235,1.0,0.38881465248454394,0.008142248828549496,1.1445471876280577,35.30083857442348,35.25070430630228,0.0009054436133305595,False,-0.3664589240015026,False,-0.9884423066723425,False,34.86431461432371,True,1,False
40.0721_32.6471,40.07207207207208,32.64705882352941,8.0,1.9524115350071771,0.04807948256667715,5.262533960191894,38.95473008385744,39.07832834173764,0.0005296954400017028,False,-0.36645319017671907,False,-0.9642256029605922,False,34.86431461432371,True,1,False
40.0721_32.7529,40.07207207207208,32.752941176470586,8.0,5.500020118817447,0.08109870529474826,11.89759829732153,48.35167714884695,47.10604509077783,0.0076924099254753716,False,-0.3632187995941073,False,-0.998893797825662,False,0.0226845934748921,False,0,False
40.0721_32.8118,40.07207207207208,32.811764705882354,5.0,0.3096735549565737,0.042727363482080415,6.1914744933612855,4.5587002096436064,4.598974600322309,0.005616583933660681,False,-0.5227239817326893,False,-1.3305210921198583,False,0.7909492684706082,False,0,False
40.0721_32.8235,40.07207207207208,32.8235294117647,1.0,0.3096735549565737,0.042727363482080415,6.1914744933612855,4.5587002096436064,4.598974600322309,0.0032969205392720563,False,-0.5214530270485364,False,-1.327023837734512,False,1.5833718641338397,False,0,False
40.0721_32.8588,40.07207207207208,32.858823529411765,4.0,0.3096735549565737,0.042727363482080415,6.1914744933612855,4.5587002096436064,4.598974600322309,0.0049170597143953125,False,-0.5202074268360604,False,-1.327468957375301,False,0.5094668977399862,False,0,False
40.0721_32.8941,40.07207207207208,32.89411764705882,7.0,0.8111167810401886,0.010194011314878066,1.5977066260085127,49.7856394129979,51.72297571236802,0.0011154903290682874,False,-0.3701353704210222,False,-1.0163890883139268,False,0.5233060199671932,False,0,False
40.0721_32.9059,40.07207207207208,32.90588235294118,4.0,1.075969861137057,0.015844980724487517,2.01915380217267,54.39570230607966,54.64277925320891,0.0056935417985539945,False,-0.3784949096506718,False,-0.9794863681354385,False,1.4820807586355202,False,0,False
40.0721_32.9176,40.07207207207208,32.917647058823526,44.855345911949684,9.201271988189623,0.11012751948832637,22.274462643057277,31.38505584366227,40.96491577850802,0.055883595069631455,False,-0.4033526519061254,False,-1.2893641829659064,False,0.5182061850399245,False,0,False
40.0721_32.9294,40.07207207207208,32.92941176470588,27.91194968553459,6.930794020882164,0.0840310480526863,16.50508941591204,36.922291105121296,41.70342593111317,0.010559642773147977,False,-0.3801883891010861,False,-1.210952216639633,False,0.22615768928354463,False,0,False
40.0721_32.9412,40.07207207207208,32.94117647058823,18.9811320754717,10.053655897717338,0.13043774846194048,23.830801146793714,46.01317582478208,42.575485554326555,0.011287611953188786,False,-0.36530816549974515,False,-1.181517269588905,False,0.7851833480028129,False,0,False
40.0721_32.9529,40.07207207207208,32.95294117647059,16.9748427672956,9.371075091486171,0.11952154814156299,22.468865298680647,43.81741702002524,42.0938492374149,0.005111484907618562,False,-0.3636099545574033,False,-1.2766264755761432,False,0.5375970828842128,False,0,False
40.0721_32.9647,40.07207207207208,32.96470588235294,5.987421383647798,18.709943428626147,0.33653628415182113,52.4435047097743,40.835744234800835,35.52121171130948,0.06433238679552895,False,-0.4172340540445928,False,-1.5736171733402806,False,1.2765319422878838,False,0,False
40.0811_32.7882,40.08108108108108,32.78823529411765,2.0,0.3096735549565737,0.042727363482080415,6.1914744933612855,4.5587002096436064,4.598974600322309,0.0037572280172010046,False,-0.5140668285364057,False,-1.3257124745154851,False,0.017013445106169034,False,0,False
40.0811_32.8,40.08108108108108,32.8,3.0,0.3096735549565737,0.042727363482080415,6.1914744933612855,4.5587002096436064,4.598974600322309,0.004297274408908749,False,-0.5201836170424875,False,-1.3258612929996036,False,0.008506722553084545,False,0,False
40.0811_32.9176,40.08108108108108,32.917647058823526,41.867924528301884,10.32618522545925,0.12430316601523109,24.851019259772425,30.495999301187982,41.22666317563902,0.0539926537422486,False,-0.41207437177644635,False,-1.3007500015519535,False,0.6205773263044925,False,0,False
40.0811_32.9294,40.08108108108108,32.92941176470588,5.981132075471698,10.32618522545925,0.12430316601523109,24.851019259772425,30.495999301187982,41.22666317563902,0.03867026201401963,False,-0.3955324182564898,False,-1.436088796664336,False,0.572603583256087,False,0,False
40.0811_32.9647,40.08108108108108,32.96470588235294,7.987421383647798,7.4034528531077335,0.08647331472469963,19.338926672230766,41.115081236897275,38.830822280144496,0.0073801892474926805,False,-0.377924318378001,False,-0.9942655890385508,False,0.3203767235460016,False,0,False
40.0811_32.9765,40.08108108108108,32.976470588235294,2.0,0.07456826197623581,0.0013097670383855505,0.15680108662154288,48.96666666666667,48.88987651467426,0.003988249465675983,False,-0.3694528953396778,False,-0.9877984809434242,False,1.0091639001573334,False,0,False
40.0811_33.0235,40.08108108108108,33.023529411764706,4.0,1.7883826246227412,0.027479918737042714,3.4109508979145247,47.90539832285115,52.15999593277555,0.005614452323702525,False,-0.3741041226983954,False,-1.0225411443230923,False,0.197488492373454,False,0,False
40.0901_32.9176,40.09009009009009,32.917647058823526,27.92452830188679,10.937353421310831,0.13023293402132652,26.12891928928123,32.77066486972148,41.61669827482687,0.02257519634342861,False,-0.3878773941389003,False,-1.2001999848318203,False,0.6727321357457932,False,0,False
40.0901_32.9647,40.09009009009009,32.96470588235294,2.993710691823899,5.9102139489635555,0.06297075712282647,15.229953471045876,42.54171907756813,39.492312287272625,0.011734903418462525,False,-0.3692690474424435,False,-1.0259693394599747,False,0.18819173837102635,False,0,False
40.0901_32.9882,40.09009009009009,32.98823529411764,8.968553459119496,0.47768942482180654,0.009240905172015203,1.3077904159605214,42.575821104122994,37.342090733163396,0.013332082338183405,False,-0.37307763464076277,False,-1.0441166044468309,False,0.5303540210925936,False,0,False
40.0901_33.0235,40.09009009009009,33.023529411764706,4.0,4.76902033232731,0.07327978329878063,9.095869061105399,47.90539832285115,52.15999593277555,0.009122512552299714,False,-0.3707764254870377,False,-1.050370679117547,False,0.09874424618672696,False,0,False
40.0901_33.0353,40.09009009009009,33.035294117647055,4.0,4.76902033232731,0.07327978329878063,9.095869061105399,47.90539832285115,52.15999593277555,0.009122512552299714,False,-0.3707764254870377,False,-1.050370679117547,False,0.09874424618672696,False,0,False
40.0991_32.5882,40.0990990990991,32.588235294117645,2.0,0.6776317782805056,0.0635186412937196,4.285433225033926,37.32206498951782,16.953666892998914,0.1484254680040991,False,-0.40936196714505707,False,-1.3744400131824475,False,1.5331860407131155,False,0,False
40.0991_32.6,40.0990990990991,32.6,1.0,0.08153013766472658,0.0021262255586461678,0.14504507523710575,59.37106918238994,59.85420966071082,0.009644190328970315,False,-0.4158702770890736,False,-1.212905625175844,False,3.066372081426231,False,0,False
40.0991_32.6235,40.0990990990991,32.62352941176471,4.0,1.9861213075043578,0.0484850403655,5.291945821456383,39.57651991614256,39.55082125057434,0.002244114960961848,False,-0.36395533772301397,False,-0.9849907742094144,False,0.0,False,0,False
40.0991_32.8706,40.0990990990991,32.870588235294115,1.0,0.18541415763414956,0.013542084838752784,1.9108791649939783,9.815513626834383,10.040639317256568,0.0032647599880630657,False,-0.45481058535210606,False,-0.9796946414199839,False,0.0595470578715917,False,0,False
40.0991_32.8824,40.0990990990991,32.88235294117647,7.0,0.18541415763414956,0.013542084838752784,1.9108791649939783,9.815513626834383,10.040639317256568,0.007324893237896466,False,-0.4651860187227301,False,-0.9942079596796933,False,0.10208067063701431,False,0,False
40.0991_32.9059,40.0990990990991,32.90588235294118,2.0,0.18541415763414956,0.013542084838752784,1.9108791649939783,9.815513626834383,10.040639317256568,0.0037421015785882674,False,-0.4497641160169884,False,-0.9782503407225424,False,2.0835038203244425,False,0,False
40.0991_32.9176,40.0990990990991,32.917647058823526,11.962264150943396,10.754607572845869,0.11670217281006286,24.22136867929888,36.612456324248775,44.2283470786363,0.01531788272611428,False,-0.37094546055915034,False,-1.2436250616759539,False,0.7878398336841772,False,0,False
40.0991_32.9647,40.0990990990991,32.96470588235294,1.0,13.166163932407892,0.13943180768875615,33.958262796638856,39.39832285115304,39.42491576358006,0.018907350089449302,False,-0.3864512076192259,False,-1.0325121550903325,False,0.21205712943503557,False,0,False
40.0991_32.9765,40.0990990990991,32.976470588235294,1.0,13.166163932407892,0.13943180768875615,33.958262796638856,39.39832285115304,39.42491576358006,0.018907350089449302,False,-0.3864512076192259,False,-1.0325121550903325,False,0.32238122427753685,False,0,False
40.0991_32.9882,40.0990990990991,32.98823529411764,5.968553459119497,0.20192602628346443,0.003763500927722071,0.5010735916145953,46.44444444444444,41.06119621628487,0.01563815864209211,False,-0.36724189565176624,False,-1.2300705321087237,False,0.5650245718779487,False,0,False
40.0991_33.0,40.0990990990991,33.0,2.0,0.14913652395247165,0.002619534076771173,0.31360217324308587,48.96666666666667,48.88987651467426,0.0040807749641501604,False,-0.3691874318222592,False,-0.9858011783049416,False,0.45248089506236167,False,0,False
40.0_32.5059,40.0,32.50588235294118,29.962264150943398,11.908602663786517,0.10189955221248384,25.83881154919253,51.64877707896576,48.03991173911955,0.015394428196619708,False,-0.3728598787613945,False,-1.154279330641924,False,0.2615300519393122,False,0,False
40.0_32.5176,40.0,32.51764705882353,102.05625,25.836041869083886,0.11130205824235721,53.6903922669146,46.98569119573382,46.53494580551235,0.22168397371947837,False,-0.42490746014535485,False,-1.1946034801650933,False,0.9960755219436184,False,0,False
40.0_32.5294,40.0,32.529411764705884,37.70625,28.75851478621208,0.13096196922034825,69.0230476349885,42.7890020689294,41.978744907712,0.006116199581623311,False,-0.3778806952773972,False,-1.154588705562991,False,0.6187148405965704,False,0,False
40.0_32.6,40.0,32.6,22.84375,17.273222901857384,0.13103848910337,25.478437037537798,68.92253925120772,84.11589034246194,0.043934581674259586,False,-0.5062169650069219,False,-1.57096436438526,False,1.3455711906788035,False,0,False
40.0_32.6118,40.0,32.61176470588235,18.85625,7.603365289463165,0.009385842095742709,13.880769027891782,52.066021232057416,55.63234660643565,0.0009160633586136662,False,-0.38662086077760605,False,-1.1254448785269122,False,1.4317898790688264,False,0,False
40.0_32.6235,40.0,32.62352941176471,8.0,0.802239504038397,0.008570333649965296,1.4248259132545145,66.21842243186582,59.563124554067834,0.03702316163888711,False,-0.4331060545798007,False,-1.0143344690613532,False,1.5305451033478765,False,0,False
40.0_32.6353,40.0,32.63529411764706,9.791411042944786,83.95128589312111,0.11871594630849228,214.2935884393705,50.43604294478528,49.678083034424596,0.1160427465970238,False,-0.4679166145204861,False,-1.2574392107131651,False,0.7381873444521247,False,0,False
40.0_32.6471,40.0,32.64705882352941,37.45061728395062,64.195375977968,0.17738862318968654,172.11937781626025,42.67338098332251,38.63238668630657,0.031708830135312276,False,-0.46449125935276825,False,-1.1722643762998703,False,0.9515386655833882,False,0,False
40.0_32.6941,40.0,32.694117647058825,3.9874213836477987,5.531491923481764,0.10957701110476233,8.344658525460215,56.899109014675055,67.28494025088817,0.034851282321796885,False,-0.41614255617322893,False,-1.0967585035738825,False,1.0673744279411188,False,0,False
40.0_32.7059,40.0,32.705882352941174,4.987421383647798,5.589997224773682,0.1138154480615502,8.506770560900287,58.499895178197065,66.81932578664455,0.025203098205366464,False,-0.4145505786018898,False,-1.0573926468212818,False,0.888613827101368,False,0,False
40.0_32.7176,40.0,32.71764705882353,1.0,5.833778932090749,0.13098057189417664,9.170015023043822,64.95335429769392,65.1256189199819,0.03439654591399787,False,-0.4404216517257601,False,-0.9816870437451144,False,1.3304430361977446,False,0,False
40.0_32.7294,40.0,32.72941176470588,9.968553459119496,0.9279485776435699,0.025515946199731063,1.7906085969641083,57.47950733752621,53.39527467811345,0.01634540259811031,False,-0.3905155761775223,False,-0.9853853972905068,False,1.6774332551966478,False,0,False
40.0_32.7412,40.0,32.74117647058824,7.9748427672955975,0.9279485776435699,0.025515946199731063,1.7906085969641083,57.47950733752621,53.39527467811345,0.01730150350291772,False,-0.3868102885948701,False,-0.9878257606006062,False,2.0087879863379547,False,0,False
40.0_32.7529,40.0,32.752941176470586,5.9748427672955975,28.901009668275712,0.5051188887412702,56.61257415026034,55.299965059399014,51.40657597432469,0.13750318636020564,False,-0.414124916644605,False,-1.1326939205237694,False,0.7727299679434257,False,0,False
40.0_32.7647,40.0,32.76470588235294,27.9874213836478,18.618908039910018,0.29405625300052274,38.883544170594604,55.13734276729559,49.05327751940792,0.04087960156903719,False,-0.3860448549786536,False,-1.1270073688582172,False,0.38958269951036123,False,0,False
40.0_32.7765,40.0,32.77647058823529,23.628930817610062,9.313369843423079,0.16104540038143342,18.921083624210826,56.311511230907456,50.010760461197066,0.032346949143820726,False,-0.3849442934311784,False,-1.0545038930188855,False,1.0075380570349197,False,0,False
40.0_32.7882,40.0,32.78823529411765,16.968553459119498,20.5106727889039,0.17856900664618403,31.52551238765347,59.4930940929831,66.60449946707715,0.017449661002705365,False,-0.41586343732165026,False,-1.0304780640752322,False,1.06268292455064,False,0,False
40.0_32.8,40.0,32.8,73.88050314465409,24.22076020708997,0.19521146437566625,38.0584313285821,56.82223625855701,65.13093974859679,0.058374121878922915,False,-0.4210928235506222,False,-1.0767438284544284,False,1.4336661568096063,False,0,False
40.0_32.8118,40.0,32.811764705882354,19.79245283018868,25.766124556637166,0.29277067029307624,49.04117811593347,50.32174470067552,54.30261863412695,0.01957423774265915,False,-0.3736622045965283,False,-1.0674040727096594,False,0.6413103337913693,False,0,False
40.0_32.8235,40.0,32.8235294117647,40.61635220125786,13.733235677804673,0.1591816443508836,25.72158145735006,54.04819833474131,55.07094104136041,0.007309273522950785,False,-0.37976060924527016,False,-0.9966703075915054,False,0.6230037087764848,False,0,False
40.0_32.8353,40.0,32.83529411764706,91.59119496855345,21.444840798326883,0.2145421322320608,43.139985779872504,47.56753055916309,51.129299973907365,0.13226999610075282,False,-0.4016354013066872,False,-1.0254759302659318,False,0.5336045124188986,False,0,False
40.0_32.8471,40.0,32.84705882352941,50.465408805031444,36.601633114588566,0.4477175571550454,71.84415409901868,53.02123303562676,52.400542216867024,0.013297502976639097,False,-0.3916760495904203,False,-0.9673921341400897,False,0.7343039407352181,False,0,False
40.0_32.8588,40.0,32.858823529411765,65.66666666666667,35.23571948668707,0.5512158479467236,69.71041114895391,41.58159338080487,52.1523863745234,0.01126126586125481,False,-0.41708767732655194,False,-1.0287535172549356,False,0.6711276735332035,False,0,False
40.0_32.8706,40.0,32.870588235294115,118.96855345911949,33.40643991360619,0.7113161277409628,71.37847439932995,49.854531826312986,48.90113962505661,0.10692089938695946,False,-0.47739446299197064,False,-1.2808880610777438,False,1.2369043925711585,False,0,False
40.0_32.8824,40.0,32.88235294117647,38.9559748427673,27.10189358734581,0.9595260158480293,64.01776865599523,41.64522019297963,43.885197171303204,0.09037047098571316,False,-0.4912330084183794,False,-1.0540983688274967,False,2.273126836264428,False,0,False
40.0_32.8941,40.0,32.89411764705882,98.32075471698113,28.12598803602869,0.3313364849933446,60.38789892758537,47.29235021791815,47.50865775883304,0.12220701205456053,False,-0.4169443979886365,False,-1.0518621406944924,False,1.1059775806896126,False,0,False
40.0_32.9059,40.0,32.90588235294118,20.0,3.722641627394139,0.0654423001444953,7.783862531642716,46.98443396226415,49.30649505461811,0.0006273445836529334,False,-0.36495021643707676,False,-1.0010570998545487,False,0.6634089058005443,False,0,False
40.0_32.9176,40.0,32.917647058823526,7.0,1.8420589654381017,0.030831459420493288,4.319680612092723,43.676325247079966,44.478309656637386,0.000875794081683045,False,-0.3662308481737054,False,-1.005851813732968,False,0.5381269078039991,False,0,False
40.0_32.9765,40.0,32.976470588235294,2.9874213836477987,1.2153930207576604,0.024638526452418485,3.4718115301904184,35.54874213836478,35.3393859853152,0.0008706545085313925,False,-0.3669050349522427,False,-1.6744491746042776,False,0.8835262128808812,False,0,False
40.0_32.9882,40.0,32.98823529411764,3.9874213836477987,1.7657017893293492,0.03567899678329077,5.02827857968454,35.566299790356396,35.411043829741665,0.0008901026422875003,False,-0.36634243221838036,False,-1.904077726714717,True,0.8339984915990413,False,1,False
40.0_33.0353,40.0,33.035294117647055,14.962264150943396,1.3917559377351563,0.027793686181364935,3.9175604751033934,39.44853249475891,35.879301400134466,0.008503494860510339,False,-0.3748059619704661,False,-1.0216404074366157,False,0.2351788925526528,False,0,False
40.0_33.0471,40.0,33.04705882352941,2.9874213836477987,1.2181135710649893,0.024207688617834133,3.4115480163399465,42.00157232704402,36.148967914971635,0.017259053955636535,False,-0.3719167312434443,False,-1.0320023199692585,False,0.19690537027880342,False,0,False
40.0_33.0588,40.0,33.05882352941176,20.91823899371069,1.3753446477997577,0.02736210871236905,3.85625288762398,41.54567235699311,36.08315550960712,0.02042308683666422,False,-0.38312805750746914,False,-1.1757592925448057,False,0.3177868017317855,False,0,False
40.1081_32.6,40.108108108108105,32.6,2.0,0.6776317782805056,0.0635186412937196,4.285433225033926,37.32206498951782,16.953666892998914,0.1484254680040991,False,-0.40936196714505707,False,-1.3744400131824475,False,0.7263320687775429,False,0,False
40.1081_32.6235,40.108108108108105,32.62352941176471,4.0,1.9861213075043578,0.0484850403655,5.291945821456383,39.57651991614256,39.55082125057434,0.002244114960961848,False,-0.36395533772301397,False,-0.9849907742094144,False,0.7410820724372803,False,0,False
40.1081_32.8471,40.108108108108105,32.84705882352941,2.0,0.18541415763414956,0.013542084838752784,1.9108791649939783,9.815513626834383,10.040639317256568,0.0037421015785882674,False,-0.4497641160169884,False,-0.9782503407225424,False,0.005671148368723067,False,0,False
40.1081_32.8588,40.108108108108105,32.858823529411765,2.0,0.18541415763414956,0.013542084838752784,1.9108791649939783,9.815513626834383,10.040639317256568,0.0037421015785882674,False,-0.4497641160169884,False,-0.9782503407225424,False,0.0085067225530846,False,0,False
40.1081_32.8941,40.108108108108105,32.89411764705882,1.0,0.18541415763414956,0.013542084838752784,1.9108791649939783,9.815513626834383,10.040639317256568,0.0032647599880630657,False,-0.45481058535210606,False,-0.9796946414199839,False,0.039698038581061135,False,0,False
40.1081_32.9176,40.108108108108105,32.917647058823526,11.962264150943396,10.754607572845869,0.11670217281006286,24.22136867929888,36.612456324248775,44.2283470786363,0.01531788272611428,False,-0.37094546055915034,False,-1.2436250616759539,False,0.6813011465455712,False,0,False
40.1081_32.9294,40.108108108108105,32.92941176470588,5.981132075471698,10.754607572845869,0.11670217281006286,24.22136867929888,36.612456324248775,44.2283470786363,0.0204900938078174,False,-0.37216341782360407,False,-1.2793332244787488,False,0.17621595167269224,False,0,False
40.1081_32.9765,40.108108108108105,32.976470588235294,14.30817610062893,12.126281920648722,0.1787111323784988,35.25094874750221,30.365656565656565,33.887382554992286,0.004315496060087273,False,-0.41483279025432335,False,-1.2681030412861152,False,0.7296674758706021,False,0,False
40.1081_33.0118,40.108108108108105,33.01176470588235,2.0,0.14913652395247165,0.002619534076771173,0.31360217324308587,48.96666666666667,48.88987651467426,0.0040807749641501604,False,-0.3691874318222592,False,-0.9858011783049416,False,0.0,False,0,False
40.1081_33.0235,40.108108108108105,33.023529411764706,2.0,0.14913652395247165,0.002619534076771173,0.31360217324308587,48.96666666666667,48.88987651467426,0.0040807749641501604,False,-0.3691874318222592,False,-0.9858011783049416,False,0.005671148368723067,False,0,False
40.1081_33.0353,40.108108108108105,33.035294117647055,1.0,0.14913652395247165,0.002619534076771173,0.31360217324308587,48.96666666666667,48.88987651467426,0.004810987079183506,False,-0.37606214028462387,False,-0.9870732798283413,False,0.10230581330374652,False,0,False
40.1081_33.0471,40.108108108108105,33.04705882352941,12.9937106918239,3.4972321073571995,0.05376766851902171,6.673091416721406,47.980519271085306,52.147078579492074,0.0018762144127477762,False,-0.3695612973139354,False,-1.0245697737826238,False,0.2001102316518051,False,0,False
40.1081_33.0588,40.108108108108105,33.05882352941176,5.987421383647798,4.226510512931899,0.06552001798662406,8.113906835496882,48.23092243186583,51.93152767293105,0.005768084303580791,False,-0.3670333290439836,False,-1.0362811348606313,False,0.18815327100991255,False,0,False
40.1171_32.6,40.11711711711712,32.6,2.0,0.6776317782805056,0.0635186412937196,4.285433225033926,37.32206498951782,16.953666892998914,0.1484254680040991,False,-0.40936196714505707,False,-1.3744400131824475,False,0.1576430463526543,False,0,False
40.1171_32.6118,40.11711711711712,32.61176470588235,5.0,0.6613257507475603,0.06309339618199036,4.256424209986505,32.9122641509434,16.657551245245767,0.09146461014693064,False,-0.41081117752062307,False,-2.2861939728696123,True,0.6039391459011949,False,1,False
40.1171_32.7882,40.11711711711712,32.78823529411765,2.0,0.3096735549565737,0.042727363482080415,6.1914744933612855,4.5587002096436064,4.598974600322309,0.0037572280172010046,False,-0.5140668285364057,False,-1.3257124745154851,False,34.86431461432371,True,1,False
40.1171_32.8471,40.11711711711712,32.84705882352941,2.0,0.18541415763414956,0.013542084838752784,1.9108791649939783,9.815513626834383,10.040639317256568,0.0037421015785882674,False,-0.4497641160169884,False,-0.9782503407225424,False,0.017013445106169034,False,0,False
40.1171_32.8588,40.11711711711712,32.858823529411765,1.0,0.18541415763414956,0.013542084838752784,1.9108791649939783,9.815513626834383,10.040639317256568,0.0032647599880630657,False,-0.45481058535210606,False,-0.9796946414199839,False,0.03828025148888037,False,0,False
40.1171_32.8941,40.11711711711712,32.89411764705882,1.0,0.18541415763414956,0.013542084838752784,1.9108791649939783,9.815513626834383,10.040639317256568,0.0032647599880630657,False,-0.45481058535210606,False,-0.9796946414199839,False,0.0,False,0,False
40.1171_32.9294,40.11711711711712,32.92941176470588,23.232704402515722,12.054920857220312,0.12606197618155573,26.34640213684748,38.307757210469475,45.37632948929582,0.009952331132878136,False,-0.37832322416087383,False,-1.0537948966783874,False,0.9130634343581149,False,0,False
40.1171_32.9412,40.11711711711712,32.94117647058823,14.962264150943396,9.071143208354997,0.10896524320814027,21.659310029156085,38.53442724291781,41.485985798029134,0.0011798447110179684,False,-0.370787353552976,False,-1.0537885350077274,False,0.2963084285972423,False,0,False
40.1171_32.9529,40.11711711711712,32.95294117647059,4.981132075471698,14.742128922783758,0.14516628382111293,31.10210523023061,41.59056603773585,47.356697315067926,0.02022303436167756,False,-0.36966952970884454,False,-1.1179471741412983,False,0.40602163047028333,False,0,False
40.1171_32.9647,40.11711711711712,32.96470588235294,28.0,15.739511765562593,0.2266325191452049,41.10955501544264,30.914473803624748,36.510485172099045,0.005564492524318804,False,-0.42726790838253625,False,-1.1686870448957922,False,0.4617129614692156,False,0,False
40.1171_33.0353,40.11711711711712,33.035294117647055,2.0,0.14913652395247165,0.002619534076771173,0.31360217324308587,48.96666666666667,48.88987651467426,0.0040807749641501604,False,-0.3691874318222592,False,-0.9858011783049416,False,0.07166732543998316,False,0,False
40.1171_33.0471,40.11711711711712,33.04705882352941,3.0,0.14913652395247165,0.002619534076771173,0.31360217324308587,48.96666666666667,48.88987651467426,0.003430301762895619,False,-0.36854001352374655,False,-0.9861587057961125,False,0.22112856055572805,False,0,False
40.1171_33.0588,40.11711711711712,33.05882352941176,22.9811320754717,4.259876044698461,0.06548131643282976,8.129216645250025,48.03277732203081,52.173682551263525,0.002681476245842525,False,-0.37000870174103384,False,-1.055004351995203,False,0.3148818266356809,False,0,False
40.1171_33.0706,40.11711711711712,33.07058823529412,2.0,0.07456826197623581,0.0013097670383855505,0.15680108662154288,48.96666666666667,48.88987651467426,0.003988249465675983,False,-0.3694528953396778,False,-0.9877984809434242,False,0.3465946732560694,False,0,False
40.1171_33.0824,40.11711711711712,33.08235294117647,13.930817610062894,1.3737334501066347,0.020572560557767957,2.584786094531766,49.976445043426175,53.366911956722824,0.000645703568762773,False,-0.3777110041879593,False,-1.063850345865068,False,0.21129258956790647,False,0,False
40.1171_33.1059,40.11711711711712,33.10588235294117,1.0,0.07456826197623581,0.0013097670383855505,0.15680108662154288,48.96666666666667,48.88987651467426,0.004708981513222308,False,-0.3763325470480263,False,-0.989574110558177,False,0.2206277967425987,False,0,False
40.1171_33.1176,40.11711711711712,33.11764705882353,6.0,0.07456826197623581,0.0013097670383855505,0.15680108662154288,48.96666666666667,48.88987651467426,0.001902710413278797,False,-0.3690363012832748,False,-0.988416288725731,False,0.2843697090781262,False,0,False
40.1261_32.5529,40.12612612612613,32.55294117647059,2.0,0.6776317782805056,0.0635186412937196,4.285433225033926,37.32206498951782,16.953666892998914,0.1484254680040991,False,-0.40936196714505707,False,-1.3744400131824475,False,34.86431461432371,True,1,False
40.1261_32.6353,40.12612612612613,32.63529411764706,14.0,1.8293307875968983,0.04445848560081381,4.933364855216705,39.07794249775382,39.130176713867584,0.000883619164303559,False,-0.3703377000159778,False,-0.978012128606409,False,34.86431461432371,True,1,False
40.1261_32.8353,40.12612612612613,32.83529411764706,3.0,0.18541415763414956,0.013542084838752784,1.9108791649939783,9.815513626834383,10.040639317256568,0.004299182082892281,False,-0.45328162281056916,False,-0.9908410354232411,False,0.1403842742929665,False,0,False
40.1261_32.8471,40.12612612612613,32.84705882352941,7.0,0.18541415763414956,0.013542084838752784,1.9108791649939783,9.815513626834383,10.040639317256568,0.007324893237896466,False,-0.4651860187227301,False,-0.9942079596796933,False,0.07802295534532133,False,0,False
40.1261_32.9176,40.12612612612613,32.917647058823526,9.0,1.040264766679861,0.07344346474781252,10.99173621322924,10.443396226415095,9.013696530083621,0.002912684082748357,False,-0.4919363171241204,False,-1.262862216521604,False,1.8519381663160304,False,0,False
40.1261_32.9294,40.12612612612613,32.92941176470588,14.654088050314465,4.411946711272946,0.14701315470098875,23.43405453000409,12.84922055582433,17.73312441873131,0.011976263299237955,False,-0.5019784221026361,False,-3.3768158295805106,True,1.7340886889887621,False,1,False
40.1261_32.9412,40.12612612612613,32.94117647058823,4.0,10.344743192027353,0.10159305742444223,20.2664234446126,43.80450733752621,52.455618636099864,0.026816423764104497,False,-0.3691584429422699,False,-1.1511689388864144,False,1.197846258898106,False,0,False
40.1261_32.9765,40.12612612612613,32.976470588235294,15.0,4.749619561478836,0.1190303175865248,20.99511549242537,18.724668064290704,22.7764663402677,0.007800814212626579,False,-0.4572256087224904,False,-2.536228570734404,True,0.922840682083381,False,1,False
40.1261_32.9882,40.12612612612613,32.98823529411764,1.0,10.971803277006575,0.11619317307396344,28.298552330532385,39.39832285115304,39.42491576358006,0.014560304617304494,False,-0.380220684211626,False,-0.9948100325032325,False,1.5657083536823992,False,0,False
40.1261_33.0235,40.12612612612613,33.023529411764706,2.0,0.14913652395247165,0.002619534076771173,0.31360217324308587,48.96666666666667,48.88987651467426,0.0040807749641501604,False,-0.3691874318222592,False,-0.9858011783049416,False,0.0,False,0,False
40.1261_33.0706,40.12612612612613,33.07058823529412,12.981132075471699,2.3456103861289903,0.036001295698463505,4.473077123465428,48.13076116755362,52.252128387746495,0.001679965805668631,False,-0.371769993344062,False,-1.020078432146551,False,0.16251797778235436,False,0,False
40.1261_33.0824,40.12612612612613,33.08235294117647,7.9748427672955975,2.4550806615790877,0.03677648546749465,4.611964401766663,49.9084250524109,53.162895963935256,0.0024517949933706372,False,-0.3728420183637148,False,-1.0324210950561599,False,0.19294888813751038,False,0,False
40.1261_33.0941,40.12612612612613,33.09411764705882,4.0,0.07456826197623581,0.0013097670383855505,0.15680108662154288,48.96666666666667,48.88987651467426,0.002786002111919768,False,-0.36930576194212544,False,-0.9878205599401808,False,0.20164752722753893,False,0,False
40.1261_33.1059,40.12612612612613,33.10588235294117,13.0,1.9809682042813745,0.03041597334763595,3.8891176395312006,41.26032091598129,50.6679187136684,0.022061839738083035,False,-0.3784257299655734,False,-1.1179353647509518,False,0.49022711084461296,False,0,False
40.1351_32.7882,40.13513513513514,32.78823529411765,4.0,0.3096735549565737,0.042727363482080415,6.1914744933612855,4.5587002096436064,4.598974600322309,0.0049170597143953125,False,-0.5202074268360604,False,-1.327468957375301,False,0.0,False,0,False
40.1351_32.8353,40.13513513513514,32.83529411764706,6.0,0.48300737355333906,0.031001766150039023,4.574790688321137,10.498777078965759,10.96378321987381,0.005013061060122976,False,-0.45415983350865685,False,-1.0066292153764498,False,0.0870864897891291,False,0,False
40.1351_32.8471,40.13513513513514,32.84705882352941,26.0,0.6392770977491355,0.039643125163976764,5.923966016963013,11.15576116755362,11.235024234729792,0.03188993473749176,False,-0.49272735445686094,False,-2.2433451017681407,True,0.3552638411472601,False,1,False
40.1351_32.8588,40.13513513513514,32.858823529411765,5.0,0.5943396226415094,0.03388022969647246,5.226961990702762,11.865303983228511,11.97064224282264,0.003162061939946141,False,-0.44887936876622747,False,-1.0294955744777397,False,0.17696833567049833,False,0,False
40.1351_32.8941,40.13513513513514,32.89411764705882,8.0,0.6569275849936227,0.040983882811200245,6.2381597415436625,10.798873165618447,10.709702960735019,0.00490406017220914,False,-0.46456113048311065,False,-1.0384819678358785,False,0.3127627089463598,False,0,False
40.1351_32.9176,40.13513513513514,32.917647058823526,16.962264150943398,17.70525026570308,0.2652152550239103,48.22001583630213,24.969228977405077,34.17681788145816,0.027175519681081773,False,-0.45506935872650733,False,-1.3302909631019302,False,1.9098613008036216,False,0,False
40.1351_32.9765,40.13513513513514,32.976470588235294,2.0,0.4893419441982187,0.040732767717698654,5.785319319572833,8.38784067085954,8.664102456892214,0.0028630904167877198,False,-0.4686275295697343,False,-1.0123786878791483,False,2.321641257128411,False,0,False
40.1351_32.9882,40.13513513513514,32.98823529411764,1.0,8.77744262160526,0.09295453845917075,22.63884186442591,39.39832285115304,39.42491576358006,0.0107843330624881,False,-0.37580406704679564,False,-1.0003969369135504,False,1.1684871065585303,False,0,False
40.1351_33.0706,40.13513513513514,33.07058823529412,4.0,2.160211048565037,0.03163189392727553,3.9972781032035605,53.95492662473795,53.92868131358794,0.007266289369591336,False,-0.3789493439449923,False,-0.9724542708575301,False,0.3314893903226312,False,0,False
40.1351_33.0824,40.13513513513514,33.08235294117647,8.0,4.865648617235155,0.07232476654223702,9.088206117851001,50.930162473794546,53.36130353285177,0.004501090437871142,False,-0.37200236942302584,False,-1.034746848917675,False,0.27781831346852437,False,0,False
40.1351_33.0941,40.13513513513514,33.09411764705882,1.0,0.5607477939965441,0.012519994305286837,1.3766410683728474,41.85587002096436,41.78304925025236,0.002740877464379562,False,-0.36531176935602205,False,-0.9899327227158257,False,0.8187396454192665,False,0,False
40.1351_33.1176,40.13513513513514,33.11764705882353,1.0,0.5607477939965441,0.012519994305286837,1.3766410683728474,41.85587002096436,41.78304925025236,0.002740877464379562,False,-0.36531176935602205,False,-0.9899327227158257,False,0.5887666340908573,False,0,False
40.1351_33.1647,40.13513513513514,33.16470588235294,2.0,0.5607477939965441,0.012519994305286837,1.3766410683728474,41.85587002096436,41.78304925025236,0.0021759682249854373,False,-0.3624380849966943,False,-0.9898010203439831,False,34.86431461432371,True,1,False
40.1351_33.1882,40.13513513513514,33.188235294117646,2.0,0.5607477939965441,0.012519994305286837,1.3766410683728474,41.85587002096436,41.78304925025236,0.0021759682249854373,False,-0.3624380849966943,False,-0.9898010203439831,False,34.86431461432371,True,1,False
40.1441_32.7882,40.14414414414414,32.78823529411765,2.0,0.3096735549565737,0.042727363482080415,6.1914744933612855,4.5587002096436064,4.598974600322309,0.0037572280172010046,False,-0.5140668285364057,False,-1.3257124745154851,False,0.0510403353185071,False,0,False
40.1441_32.8,40.14414414414414,32.8,6.0,0.3096735549565737,0.042727363482080415,6.1914744933612855,4.5587002096436064,4.598974600322309,0.006395847066704861,False,-0.5219958213700769,False,-1.3349909249287166,False,0.0510403353185071,False,0,False
40.1441_32.8471,40.14414414414414,32.84705882352941,7.0,0.524310962689124,0.03201153072865143,4.811262254579937,11.279649595687331,11.362572045043418,0.004809571222352156,False,-0.4563250008091789,False,-1.0002170405073252,False,0.06579584205444086,False,0,False
40.1441_32.9059,40.14414414414414,32.90588235294118,2.0,0.6846769582618639,0.053173241852487084,7.864493996569468,7.599580712788259,7.705573738929534,0.0023022705816175375,False,-0.49220595852274296,False,-1.0441344171522178,False,0.8363185873341556,False,0,False
40.1441_33.0,40.14414414414414,33.0,6.0,10.240349725206139,0.10844696153569923,26.41198217516356,39.39832285115304,39.42491576358006,0.007203559032914239,False,-0.3732809452439795,False,-0.9948100325032325,False,0.10325728714990476,False,0,False
40.1441_33.0941,40.14414414414414,33.09411764705882,4.0,3.240316572847556,0.04744784089091333,5.995917154805341,53.95492662473795,53.92868131358792,0.008893330676821272,False,-0.37516118291792766,False,-0.9780135287332676,False,1.4427566628519446,False,0,False
40.1532_32.8353,40.15315315315316,32.83529411764706,6.0,0.22859216255442666,0.01303085757556629,2.010369996424139,11.865303983228511,11.97064224282264,0.00530494630832402,False,-0.44601885506817934,False,-1.0065301721724706,False,0.09967501463695207,False,0,False
40.1532_32.9059,40.15315315315316,32.90588235294118,1.0,0.6846769582618639,0.053173241852487084,7.864493996569468,7.599580712788259,7.705573738929534,0.0020189164084467733,False,-0.4980286261920798,False,-1.0455903736384644,False,0.045369186949784146,False,0,False
40.1532_32.9412,40.15315315315316,32.94117647058823,3.0,0.4893419441982187,0.040732767717698654,5.785319319572833,8.38784067085954,8.664102456892214,0.003283810967742743,False,-0.47342951781584236,False,-1.0126209648011542,False,0.008506722553084545,False,0,False
40.1532_32.9647,40.15315315315316,32.96470588235294,2.0,0.4893419441982187,0.040732767717698654,5.785319319572833,8.38784067085954,8.664102456892214,0.0028630904167877198,False,-0.4686275295697343,False,-1.0123786878791483,False,0.01701344510616909,False,0,False
40.1532_33.0,40.15315315315316,33.0,1.0,8.77744262160526,0.09295453845917075,22.63884186442591,39.39832285115304,39.42491576358006,0.0107843330624881,False,-0.37580406704679564,False,-1.0003969369135504,False,0.046440057695218265,False,0,False
40.1532_33.0118,40.15315315315316,33.01176470588235,3.0,8.77744262160526,0.09295453845917075,22.63884186442591,39.39832285115304,39.42491576358006,0.008407638059922406,False,-0.37126764810703156,False,-0.9971311495183149,False,0.024756950849647404,False,0,False
40.1532_33.0941,40.15315315315316,33.09411764705882,3.9874213836477987,2.9270876973819515,0.20246864142020332,27.66107306718667,28.483752620545076,14.629958184575017,0.07837378806166552,False,-0.47745147967328555,False,-2.556353923288186,True,3.076220775456587,False,1,False
40.1622_32.8941,40.16216216216216,32.89411764705882,2.0,0.6846769582618639,0.053173241852487084,7.864493996569468,7.599580712788259,7.705573738929534,0.0023022705816175375,False,-0.49220595852274296,False,-1.0441344171522178,False,0.03402689021233807,False,0,False
40.1622_32.9059,40.16216216216216,32.90588235294118,7.0,0.6846769582618639,0.053173241852487084,7.864493996569468,7.599580712788259,7.705573738929534,0.004915125154153466,False,-0.499729177781068,False,-1.030598908037886,False,0.09357394808392983,False,0,False
40.1622_32.9412,40.16216216216216,32.94117647058823,4.0,0.4893419441982187,0.040732767717698654,5.785319319572833,8.38784067085954,8.664102456892214,0.0037842704324765612,False,-0.47446077341095727,False,-1.013339918720057,False,0.03402689021233807,False,0,False
40.1622_32.9529,40.16216216216216,32.95294117647059,1.0,0.4893419441982187,0.040732767717698654,5.785319319572833,8.38784067085954,8.664102456892214,0.0025221087796115393,False,-0.47536132273144033,False,-1.0132974269692587,False,0.03402689021233812,False,0,False
40.1622_33.0118,40.16216216216216,33.01176470588235,1.0,8.77744262160526,0.09295453845917075,22.63884186442591,39.39832285115304,39.42491576358006,0.0107843330624881,False,-0.37580406704679564,False,-1.0003969369135504,False,0.045369186949784146,False,0,False
40.1712_32.6824,40.17117117117117,32.68235294117647,8.0,1.9524115350071771,0.04807948256667715,5.262533960191894,38.95473008385744,39.07832834173764,0.0005296954400017028,False,-0.36645319017671907,False,-0.9642256029605922,False,34.86431461432371,True,1,False
40.1712_32.8118,40.17117117117117,32.811764705882354,4.0,0.3834289400327136,0.034394539316606534,5.106107243104781,10.038653039832285,7.730553837115627,0.002212835608442049,False,-0.46595212992282586,False,-0.9093584410231325,False,34.86431461432371,True,1,False
40.1712_33.0118,40.17117117117117,33.01176470588235,7.0,8.77744262160526,0.09295453845917075,22.63884186442591,39.39832285115304,39.42491576358006,0.00461111502013675,False,-0.36996915935131536,False,-0.9939602675671353,False,0.10208067063701431,False,0,False
40.1712_33.0588,40.17117117117117,33.05882352941176,4.9937106918239,0.6576585174852556,0.026706427866401403,3.715113101501766,36.57232704402516,20.094586058764847,0.09538323229787209,False,-0.3955653170964679,False,-1.2752662429508947,False,34.86431461432371,True,1,False
40.1712_33.0941,40.17117117117117,33.09411764705882,1.0,0.3829113924050632,0.08589511754068713,11.89873417721519,2.7974683544303796,2.9803345388788425,0.002392314418780929,False,-0.5653031850151023,True,-1.5447450777805949,False,0.0,False,1,False
40.1802_32.9294,40.18018018018018,32.92941176470588,2.0,0.4893419441982187,0.040732767717698654,5.785319319572833,8.38784067085954,8.664102456892214,0.0028630904167877198,False,-0.4686275295697343,False,-1.0123786878791483,False,0.03402689021233807,False,0,False
40.1802_32.9647,40.18018018018018,32.96470588235294,2.0,0.4893419441982187,0.040732767717698654,5.785319319572833,8.38784067085954,8.664102456892214,0.0028630904167877198,False,-0.4686275295697343,False,-1.0123786878791483,False,34.86431461432371,True,1,False
40.1802_33.0118,40.18018018018018,33.01176470588235,1.0,8.77744262160526,0.09295453845917075,22.63884186442591,39.39832285115304,39.42491576358006,0.0107843330624881,False,-0.37580406704679564,False,-1.0003969369135504,False,0.10208067063701431,False,0,False
40.1802_33.0824,40.18018018018018,33.08235294117647,1.0,0.3829113924050632,0.08589511754068713,11.89873417721519,2.7974683544303796,2.9803345388788425,0.002392314418780929,False,-0.5653031850151023,True,-1.5447450777805949,False,0.0,False,1,False
40.1802_33.0941,40.18018018018018,33.09411764705882,1.0,0.3829113924050632,0.08589511754068713,11.89873417721519,2.7974683544303796,2.9803345388788425,0.002392314418780929,False,-0.5653031850151023,True,-1.5447450777805949,False,0.0,False,1,False
40.1892_32.6824,40.18918918918919,32.68235294117647,7.0,1.0229507413801457,0.05156207375352142,4.6701490654542495,35.936807427373466,22.85547654491068,0.062257592026031115,False,-0.39429080680593126,False,-1.1641893573191953,False,0.9791670399327709,False,0,False
40.1892_32.6941,40.18918918918919,32.694117647058825,2.0,0.3578945702516487,0.011166655350555327,0.8340924071708896,42.99475890985325,44.36858351289795,0.002094310536282095,False,-0.3621218751606203,False,-0.9939236446794701,False,1.4380667520330987,False,0,False
40.1892_32.9294,40.18918918918919,32.92941176470588,4.0,0.4893419441982187,0.040732767717698654,5.785319319572833,8.38784067085954,8.664102456892214,0.0037842704324765612,False,-0.47446077341095727,False,-1.013339918720057,False,0.04253361276542267,False,0,False
40.1892_33.0235,40.18918918918919,33.023529411764706,7.0,8.77744262160526,0.09295453845917075,22.63884186442591,39.39832285115304,39.42491576358006,0.00461111502013675,False,-0.36996915935131536,False,-0.9939602675671353,False,0.08696609539650246,False,0,False
40.1982_32.6706,40.1981981981982,32.67058823529412,113.9748427672956,2.593658809262424,0.09118710259837666,9.329564682617187,36.91505212669562,27.96446710089145,0.45751512788343063,True,-0.48147425533232036,False,-1.7633093160871671,True,1.5207418694278119,False,2,True
40.1982_32.6824,40.1981981981982,32.68235294117647,35.0,3.664489514936722,0.16843848705610112,15.337629797354115,36.78032345013477,24.979070200220164,0.07326483262630366,False,-0.4319752293258929,False,-1.3620870404499619,False,0.7249477401111477,False,0,False
40.1982_32.9176,40.1981981981982,32.917647058823526,1.0,0.4893419441982187,0.040732767717698654,5.785319319572833,8.38784067085954,8.664102456892214,0.0025221087796115393,False,-0.47536132273144033,False,-1.0132974269692587,False,0.05104033531850716,False,0,False
40.1982_33.0235,40.1981981981982,33.023529411764706,3.0,9.508896173405699,0.10070074999743499,24.525412019794736,39.39832285115304,39.42491576358006,0.009464654569600798,False,-0.37180576102195406,False,-0.9943095054367186,False,0.0496437792025752,False,0,False
40.2072_32.6706,40.207207207207205,32.67058823529412,32.0,1.529781535759469,0.032561317689781676,4.311319622520742,36.15828092243187,37.65839172974875,0.022294608781715474,False,-0.3870843183809898,False,-1.5899682280635763,False,1.0772158626007595,False,0,False
40.2072_32.8824,40.207207207207205,32.88235294117647,4.0,0.6846769582618639,0.053173241852487084,7.864493996569468,7.599580712788259,7.705573738929534,0.003108195669295486,False,-0.49663028240682505,False,-1.0294253876129287,False,34.86431461432371,True,1,False
40.2072_33.0235,40.207207207207205,33.023529411764706,3.0,8.77744262160526,0.09295453845917075,22.63884186442591,39.39832285115304,39.42491576358006,0.008407638059922406,False,-0.37126764810703156,False,-0.9971311495183149,False,0.01807398376113804,False,0,False
40.2072_33.0471,40.207207207207205,33.04705882352941,1.0,8.77744262160526,0.09295453845917075,22.63884186442591,39.39832285115304,39.42491576358006,0.0107843330624881,False,-0.37580406704679564,False,-1.0003969369135504,False,2.7788286849599997,False,0,False
40.2162_33.0235,40.21621621621622,33.023529411764706,3.0,8.77744262160526,0.09295453845917075,22.63884186442591,39.39832285115304,39.42491576358006,0.008407638059922406,False,-0.37126764810703156,False,-0.9971311495183149,False,0.3478494176633849,False,0,False
40.2162_33.0471,40.21621621621622,33.04705882352941,1.0,0.46353139960574485,0.01896179479958696,1.987984605275509,9.90566037735849,9.907364377110635,0.002728277768605996,False,-0.4587252447775498,False,-0.9664001231156151,False,2.814911803348212,False,0,False
40.2252_32.9059,40.22522522522522,32.90588235294118,1.0,0.6846769582618639,0.053173241852487084,7.864493996569468,7.599580712788259,7.705573738929534,0.0020189164084467733,False,-0.4980286261920798,False,-1.0455903736384644,False,34.86431461432371,True,1,False
40.2252_33.0235,40.22522522522522,33.023529411764706,2.0,10.971803277006575,0.11619317307396344,28.298552330532385,39.39832285115304,39.42491576358006,0.013124805632463031,False,-0.37601961614010004,False,-0.9948100325032326,False,0.7468148238942411,False,0,False
40.2252_33.0353,40.22522522522522,33.035294117647055,8.345911949685535,22.80398120656251,0.2989437467642613,54.15653902836952,35.924711324082395,40.96843521937261,0.03407937077469626,False,-0.4043260670935449,False,-1.3487338370654836,False,1.2133311012637853,False,0,False
40.2342_33.0118,40.23423423423424,33.01176470588235,12.981132075471699,5.471611917627032,0.12732885548541176,24.17890995211815,17.75795033059184,23.867668718120562,0.014683884529998524,False,-0.4601627584410402,False,-2.796953475078554,True,1.4352712870169255,False,1,False
40.2342_33.0235,40.23423423423424,33.023529411764706,44.9496855345912,7.834280437846658,0.11424180812210971,23.520808073036928,29.62216156077791,34.7981664051111,0.04151701586388223,False,-0.41484283928124055,False,-1.3408561396735794,False,0.6692885717983478,False,0,False
40.2432_33.0,40.24324324324324,33.0,1.0,2.194360655401315,0.02323863461479265,5.659710466106477,39.39832285115304,39.42491576358006,0.0028828619020094225,False,-0.3699411791766551,False,-0.9765944442048372,False,0.9336571104588463,False,0,False
40.2432_33.0118,40.24324324324324,33.01176470588235,2.0,2.194360655401315,0.02323863461479265,5.659710466106477,39.39832285115304,39.42491576358006,0.002276491023844811,False,-0.36703107808041796,False,-0.9785038137033558,False,1.000438252586906,False,0,False
40.2432_33.0235,40.24324324324324,33.023529411764706,5.987421383647798,3.9925093156928684,0.055679777980219,13.058635485606635,23.537735849056602,31.438178197140477,0.02283886289253753,False,-0.3970902790709354,False,-1.6732389706463444,False,0.4755306822815475,False,0,False
40.2432_33.1529,40.24324324324324,33.15294117647059,1.0,0.46353139960574485,0.01896179479958696,1.987984605275509,9.90566037735849,9.907364377110635,0.002728277768605996,False,-0.4587252447775498,False,-0.9664001231156151,False,34.86431461432371,True,1,False
40.2523_33.0471,40.252252252252255,33.04705882352941,1.0,8.77744262160526,0.09295453845917075,22.63884186442591,39.39832285115304,39.42491576358006,0.0107843330624881,False,-0.37580406704679564,False,-1.0003969369135504,False,34.86431461432371,True,1,False
40.2523_33.1059,40.252252252252255,33.10588235294117,1.0,0.46353139960574485,0.01896179479958696,1.987984605275509,9.90566037735849,9.907364377110635,0.002728277768605996,False,-0.4587252447775498,False,-0.9664001231156151,False,34.86431461432371,True,1,False
40.2613_33.0118,40.26126126126126,33.01176470588235,1.0,0.48698976445924286,0.024663953631767172,2.583795782463929,8.00712788259958,7.999456479540338,0.0030743529784169957,False,-0.4815827670158469,False,-1.0176571258342169,False,0.0,False,0,False
40.2613_33.0235,40.26126126126126,33.023529411764706,1.0,0.48698976445924286,0.024663953631767172,2.583795782463929,8.00712788259958,7.999456479540338,0.0030743529784169957,False,-0.4815827670158469,False,-1.0176571258342169,False,0.0,False,0,False
40.2793_32.6941,40.27927927927928,32.694117647058825,4.0,0.507947764665604,0.016402362055413407,1.2259284439582017,41.75117924528302,42.749579901266316,0.001020731058109679,False,-0.3600824107829928,False,-0.992161641913067,False,34.86431461432371,True,1,False
40.2883_32.4706,40.288288288288285,32.47058823529412,3.0,0.596101640615779,0.0613924157350734,4.14038814979682,15.273060796645701,15.423372577714586,0.0008905144763131866,False,-0.4354459965748542,False,-1.7573163755860826,True,34.86431461432371,True,2,True
40.2883_33.0706,40.288288288288285,33.07058823529412,5.981132075471698,10.754607572845869,0.11670217281006286,24.22136867929888,36.612456324248775,44.2283470786363,0.0204900938078174,False,-0.37216341782360407,False,-1.2793332244787488,False,34.86431461432371,True,1,False
