grid_id,grid_lat_x,grid_lon_x,stop_count,yolcu_per_stop,sefer_per_stop,kapasite_per_stop,doluluk_orani,kapasite_kullanimi,reconstruction_error,anomaly_autoencoder,anomaly_score_if,anomaly_isolation_forest,lof_score,anomaly_lof,graph_anomaly_score,anomaly_graph,anomaly_count,anomaly_consensus,embedding_instability,grid_lat_y,grid_lon_y,regime_shift_embedding,cluster_switch_rate,regime_shift_clustering,regime_shift_consensus,critical_grid
39.5045_32.8235,39.5045045045045,32.8235294117647,4.017167381974249,0.10998082853665452,0.003820566084354412,0.5301024003221171,20.811158798283262,20.778547317945854,0.0009586301937106016,False,-0.40027595939023475,False,-0.9982990377882555,False,0.07047904501209824,False,0,False,0.2995213034046314,39.5045045045045,32.8235294117647,False,0.09482758620689655,False,False,False
39.5045_32.8941,39.5045045045045,32.89411764705882,1.0042918454935623,0.17786614666132244,0.004523776283613013,0.6326621601538399,27.909871244635195,27.896392945903287,0.0008006818074703125,False,-0.3825125667797733,False,-0.9905735999767827,False,61.016353915953815,True,1,False,0.34878045362858,39.5045045045045,32.89411764705882,False,0.23706896551724138,False,False,False
39.5045_32.9529,39.5045045045045,32.95294117647059,2.0085836909871246,0.02935175704233019,0.0010152284263959005,0.1426722729352301,20.660944206008583,20.670798639267417,0.0010873683790121474,False,-0.4002222032494479,False,-0.9719877571611896,False,0.04678227662873542,False,0,False,0.40934062250823583,39.5045045045045,32.95294117647059,False,0.12931034482758622,False,False,False
39.5135_32.5647,39.51351351351352,32.56470588235294,4.017167381974249,0.08751011746461433,0.002662848669935952,0.3730368717819661,22.377682403433475,22.356631923155525,0.0009478730101954071,False,-0.3968620157060401,False,-1.0055843267634397,False,61.016353915953815,True,1,False,0.42617060054607314,39.51351351351352,32.56470588235294,False,0.25862068965517243,False,False,False
39.5135_32.8353,39.51351351351352,32.83529411764706,1.0042918454935623,0.1649712428049818,0.005730849126531625,0.7951536004831757,20.811158798283262,20.778547317945847,0.0008997736382114848,False,-0.3937159549711028,False,-0.9801267053387402,False,0.03578054605729028,False,0,False,0.2995859835858521,39.51351351351352,32.83529411764706,False,0.09482758620689655,False,False,False
39.5135_32.8588,39.51351351351352,32.858823529411765,1.0042918454935623,0.26679921999198375,0.006785664425419569,0.9489932402307599,27.909871244635195,27.89639294590329,0.0007381462125991986,False,-0.3822504053733521,False,-0.9910940225497408,False,0.21299846431790842,False,0,False,0.3488788290748537,39.51351351351352,32.858823529411765,False,0.23706896551724138,False,False,False
39.5135_32.9412,39.51351351351352,32.94117647058823,4.017167381974249,0.04402763556349531,0.0015228426395938965,0.21400840940284527,20.660944206008583,20.670798639267417,0.0010635045928994414,False,-0.4046187734072864,False,-0.9982990377882557,False,0.04674310127532477,False,0,False,0.40919907657288285,39.51351351351352,32.94117647058823,False,0.12931034482758622,False,False,False
39.5135_32.9765,39.51351351351352,32.976470588235294,2.0085836909871246,0.02935175704233019,0.0010152284263959005,0.1426722729352301,20.660944206008583,20.670798639267417,0.0010873683790121474,False,-0.4002222032494479,False,-0.9719877571611896,False,61.016353915953815,True,1,False,0.40934062250823583,39.51351351351352,32.976470588235294,False,0.12931034482758622,False,False,False
39.5225_32.6471,39.52252252252252,32.64705882352941,2.0085836909871246,0.28356016279239926,0.00921447368753039,1.289622615326001,21.858369098712448,21.870772211924805,0.0007582500611123699,False,-0.39170454943375743,False,-1.0554784099114891,False,0.03868820862683415,False,0,False,0.28075519574294,39.52252252252252,32.64705882352941,False,0.10344827586206896,False,False,False
39.5225_32.8,39.52252252252252,32.8,2.0085836909871246,0.09268884771096868,0.001909878803801072,0.26837845183103154,32.63304721030043,33.642720699753376,0.0008942428815665232,False,-0.39034908085994285,False,-2.8787109488839917,True,0.04674310127532477,False,1,False,0.5412670817508546,39.52252252252252,32.8,False,0.31896551724137934,False,False,False
39.5225_32.8353,39.52252252252252,32.83529411764706,1.0042918454935623,0.10998082853665452,0.003820566084354412,0.5301024003221171,20.811158798283262,20.778547317945854,0.0009654478052290435,False,-0.39922294112948736,False,-0.9810267928168521,False,0.007157609442965767,False,0,False,0.2995215099043496,39.52252252252252,32.83529411764706,False,0.09482758620689655,False,False,False
39.5225_32.8588,39.52252252252252,32.858823529411765,1.0042918454935623,0.26679921999198375,0.006785664425419569,0.9489932402307599,27.909871244635195,27.89639294590329,0.0007381462125991986,False,-0.3822504053733521,False,-0.9910940225497408,False,0.4358544364306702,False,0,False,0.3488788290748537,39.52252252252252,32.858823529411765,False,0.23706896551724138,False,False,False
39.5225_32.8706,39.52252252252252,32.870588235294115,4.017167381974249,0.13296070889415657,0.003784730781400379,0.5303394894797653,22.473175965665234,24.95364654451668,0.003445590696784426,False,-0.3919546601436025,False,-1.1079955613220362,False,0.14715217426212318,False,0,False,0.3093912050683311,39.52252252252252,32.870588235294115,False,0.3103448275862069,False,False,False
39.5225_32.8941,39.52252252252252,32.89411764705882,4.017167381974249,0.02935175704233019,0.0010152284263959005,0.1426722729352301,20.660944206008583,20.670798639267417,0.0010827191196467652,False,-0.40494944361018453,False,-0.9982990377882555,False,0.023588277823683928,False,0,False,0.4091928790162624,39.52252252252252,32.89411764705882,False,0.12931034482758622,False,False,False
39.5225_32.9059,39.52252252252252,32.90588235294118,6.0257510729613735,0.04891959507055034,0.0016920473773265005,0.2377871215587169,20.660944206008583,20.670798639267417,0.0010565593609352232,False,-0.40769664151612567,False,-1.138750685279193,False,0.04674745571359352,False,0,False,0.4090537211876047,39.52252252252252,32.90588235294118,False,0.12931034482758622,False,False,False
39.5225_32.9294,39.52252252252252,32.92941176470588,2.0085836909871246,0.05870351408466042,0.002030456852791804,0.2853445458704603,20.660944206008583,20.670798639267417,0.001049579177789777,False,-0.39874346160318647,False,-0.9848608701472994,False,0.04678227662873541,False,0,False,0.4093543357044504,39.52252252252252,32.92941176470588,False,0.12931034482758622,False,False,False
39.5225_33.0,39.52252252252252,33.0,2.0085836909871246,0.02935175704233019,0.0010152284263959005,0.1426722729352301,20.660944206008583,20.670798639267417,0.0010873683790121474,False,-0.4002222032494479,False,-0.9719877571611896,False,61.016353915953815,True,1,False,0.40934062250823583,39.52252252252252,33.0,False,0.12931034482758622,False,False,False
39.5315_32.6,39.531531531531535,32.6,8.034334763948499,0.5566054203855205,0.017815983536199616,2.493989230661951,22.11802575107296,22.04263464000369,0.0004955249678576434,False,-0.39784083726061115,False,-1.1143697352366924,False,0.035074750214531235,False,0,False,0.28896638167341765,39.531531531531535,32.6,False,0.12931034482758622,False,False,False
39.5315_32.6118,39.531531531531535,32.61176470588235,17.07296137339056,0.5405439346447487,0.017310012368630823,2.423144135642189,22.102751830345873,22.037709823239748,0.0005902342553488546,False,-0.41973774871454483,False,-1.7334753211301042,False,0.2882576031790885,False,0,False,0.28736505109623056,39.531531531531535,32.61176470588235,False,0.16379310344827586,False,False,False
39.5315_32.6353,39.531531531531535,32.63529411764706,2.0085836909871246,0.5566054203855205,0.017815983536199616,2.493989230661951,22.11802575107296,22.04263464000369,0.0004903648695478981,False,-0.39352766760104324,False,-1.014208478754124,False,0.03033848629871271,False,0,False,0.28858403343546846,39.531531531531535,32.63529411764706,False,0.1206896551724138,False,False,False
39.5315_32.8,39.531531531531535,32.8,4.017167381974249,0.09268884771096868,0.001909878803801072,0.26837845183103154,32.63304721030043,33.642720699753376,0.0008917186998668036,False,-0.3923976309844308,False,-1.5151724495073684,False,0.04674310127532477,False,0,False,0.5412671202609,39.531531531531535,32.8,False,0.3017241379310345,False,False,False
39.5315_32.8588,39.531531531531535,32.858823529411765,2.0085836909871246,0.13747603567081815,0.004775707605442985,0.6626280004026465,20.811158798283262,20.778547317945854,0.0009287130616980684,False,-0.396308598972518,False,-0.9854400175044349,False,0.26271738297803376,False,0,False,0.29955098280748893,39.531531531531535,32.858823529411765,False,0.09482758620689655,False,False,False
39.5315_32.8706,39.531531531531535,32.870588235294115,2.0085836909871246,0.02935175704233019,0.0010152284263959005,0.1426722729352301,20.660944206008583,20.670798639267417,0.0010873683790121474,False,-0.4002222032494479,False,-0.9719877571611896,False,0.34335249063564044,False,0,False,0.40934062250823583,39.531531531531535,32.870588235294115,False,0.12931034482758622,False,False,False
39.5315_32.8941,39.531531531531535,32.89411764705882,4.017167381974249,0.05870351408466042,0.002030456852791804,0.2853445458704603,20.660944206008583,20.670798639267417,0.0010444796207642448,False,-0.40153597081882686,False,-0.9982990377882557,False,0.02351048619137945,False,0,False,0.4092063673645024,39.531531531531535,32.89411764705882,False,0.12931034482758622,False,False,False
39.5405_32.6118,39.54054054054054,32.61176470588235,2.0085836909871246,0.5566054203855205,0.017815983536199616,2.493989230661951,22.11802575107296,22.04263464000369,0.0004903648695478981,False,-0.39352766760104324,False,-1.014208478754124,False,0.1791834037450736,False,0,False,0.28858403343546846,39.54054054054054,32.61176470588235,False,0.1206896551724138,False,False,False
39.5405_32.6235,39.54054054054054,32.62352941176471,4.017167381974249,0.5566054203855205,0.017815983536199616,2.493989230661951,22.11802575107296,22.04263464000369,0.0004877179574745798,False,-0.39412999925221137,False,-1.0405685727386345,False,0.07011852482561344,False,0,False,0.28869862934682883,39.54054054054054,32.62352941176471,False,0.1206896551724138,False,False,False
39.5405_32.8471,39.54054054054054,32.84705882352941,1.0042918454935623,0.6048945569516,0.02101311346394932,2.915563201771645,20.811158798283262,20.778547317945847,0.0004695688825050342,False,-0.3987685275159015,False,-1.0300581663852064,False,0.11696038255409848,False,0,False,0.30069435106384707,39.54054054054054,32.84705882352941,False,0.09482758620689655,False,False,False
39.5405_32.8588,39.54054054054054,32.858823529411765,2.0085836909871246,0.39375137805980526,0.010782033059588669,1.5047355805108078,24.36051502145923,25.948953512361122,0.001688139030641379,False,-0.39019324200135325,False,-1.0806268621672717,False,0.43154444321322916,False,0,False,0.25508340655100503,39.54054054054054,32.858823529411765,False,0.35344827586206895,False,False,False
39.5405_32.9294,39.54054054054054,32.92941176470588,3.0128755364806867,0.17786614666132244,0.004523776283613013,0.6326621601538399,27.909871244635195,27.896392945903287,0.0008207540419763398,False,-0.3806393566011786,False,-0.9882837546215629,False,61.016353915953815,True,1,False,0.34878025802022344,39.54054054054054,32.92941176470588,False,0.23706896551724138,False,False,False
39.5405_33.0118,39.54054054054054,33.01176470588235,13.055793991416309,0.029351757042330184,0.0010152284263959005,0.1426722729352301,20.660944206008583,20.670798639267417,0.0011158383949375582,False,-0.4252407076384317,False,-2.027252269279381,True,0.2337155063766232,False,1,False,0.40866982381255795,39.54054054054054,33.01176470588235,False,0.12931034482758622,False,False,False
39.5405_33.0235,39.54054054054054,33.023529411764706,4.017167381974249,0.02935175704233019,0.0010152284263959005,0.1426722729352301,20.660944206008583,20.670798639267417,0.0010827191196467652,False,-0.40494944361018453,False,-0.9982990377882555,False,0.08180042723181802,False,0,False,0.4091928790162624,39.54054054054054,33.023529411764706,False,0.12931034482758622,False,False,False
39.5495_32.5882,39.549549549549546,32.588235294117645,1.0042918454935623,0.28356016279239926,0.00921447368753039,1.289622615326001,21.858369098712448,21.870772211924805,0.0007617595566760377,False,-0.39419185162127696,False,-1.0810423773678168,False,61.016353915953815,True,1,False,0.28075447715552915,39.549549549549546,32.588235294117645,False,0.10344827586206896,False,False,False
39.5495_32.6941,39.549549549549546,32.694117647058825,10.042918454935622,0.06067740822661766,0.0013611320277842022,0.19146673983240778,32.98068669527897,31.668679394200936,0.0025681278468274904,False,-0.39603463493281804,False,-1.4024150605483088,False,61.016353915953815,True,1,False,0.536653959898572,39.549549549549546,32.694117647058825,False,0.25,False,False,False
39.5495_32.8,39.549549549549546,32.8,3.0128755364806867,0.34132620396936425,0.006767219296562647,0.9500491841326022,34.86909871244635,34.84142610630377,0.001033030682039928,False,-0.3789130406951635,False,-2.171667072474081,True,0.4841548880707349,False,1,False,0.6441504602329431,39.549549549549546,32.8,False,0.43103448275862066,True,True,False
39.5495_32.8118,39.549549549549546,32.811764705882354,3.0128755364806867,0.054777615779958516,0.0012827022025678077,0.1803106268540138,29.71602288984263,29.934606459032768,0.0008996943812069406,False,-0.3898916735629015,False,-1.1616786191370347,False,0.2233475539215289,False,0,False,0.43191106883335645,39.549549549549546,32.811764705882354,False,0.3620689655172414,False,False,False
39.5495_32.8471,39.549549549549546,32.84705882352941,5.021459227467811,0.1649712428049818,0.005730849126531625,0.7951536004831758,20.811158798283262,20.778547317945847,0.000891243996067501,False,-0.3946248769112188,False,-1.0272680159014134,False,0.0865139536924796,False,0,False,0.2995855063231345,39.549549549549546,32.84705882352941,False,0.09482758620689655,False,False,False
39.5495_32.8588,39.549549549549546,32.858823529411765,2.0085836909871246,0.26416581338097206,0.0091370558375634,1.2840504564170716,20.660944206008583,20.670798639267417,0.0008062848857912845,False,-0.3945419766560693,False,-0.9951343382109229,False,0.03623687201931923,False,0,False,0.4095279710851904,39.549549549549546,32.858823529411765,False,0.12931034482758622,False,False,False
39.5495_32.8706,39.549549549549546,32.870588235294115,1.005,0.05780464480874312,0.002163934426229432,0.30277595628415294,19.1075,19.08593509984639,0.0011236761396717528,False,-0.4116050694836002,False,-1.616469004114105,False,0.23988180610989548,False,0,False,0.7883563159937211,39.549549549549546,32.870588235294115,False,0.15517241379310345,False,False,False
39.5495_32.9059,39.549549549549546,32.90588235294118,1.0042918454935623,0.26679921999198375,0.006785664425419569,0.9489932402307599,27.909871244635195,27.89639294590329,0.0007381462125991986,False,-0.3822504053733521,False,-0.9910940225497408,False,0.024927079349978537,False,0,False,0.3488788290748537,39.549549549549546,32.90588235294118,False,0.23706896551724138,False,False,False
39.5495_33.0118,39.549549549549546,33.01176470588235,2.0085836909871246,0.02935175704233019,0.0010152284263959005,0.1426722729352301,20.660944206008583,20.670798639267417,0.0010873683790121474,False,-0.4002222032494479,False,-0.9719877571611896,False,0.15191507914480518,False,0,False,0.40934062250823583,39.549549549549546,33.01176470588235,False,0.12931034482758622,False,False,False
39.5495_33.1176,39.549549549549546,33.11764705882353,16.068669527896997,2.610742203219863,0.05667147586842977,8.80153269884763,31.375536480686694,30.80305253929169,0.0008258703183034282,False,-0.4000584240619808,False,-1.1216813733682494,False,0.18724362547009243,False,0,False,0.6029951134306302,39.549549549549546,33.11764705882353,False,0.24568965517241378,False,False,False
39.5586_32.7412,39.55855855855856,32.74117647058824,2.0085836909871246,0.1903524149186967,0.003574019222631851,0.5045940881339539,37.607296137339056,37.637952176578786,0.001226302211541093,False,-0.38433760884157414,False,-1.0040648727713202,False,61.016353915953815,True,1,False,1.0005317522529797,39.55855855855856,32.74117647058824,True,0.4267241379310345,True,True,False
39.5586_32.8,39.55855855855856,32.8,6.0257510729613735,0.18682721713329256,0.004437627546335688,0.6236296534020814,29.375536480686694,29.672404514235467,0.0008329644100751231,False,-0.38210013487368644,False,-1.1353442342227904,False,0.06432981571035913,False,0,False,0.3840258975601801,39.55855855855856,32.8,False,0.3448275862068966,False,False,False
39.5586_32.8588,39.55855855855856,32.858823529411765,5.025,0.17919439890710379,0.00670819672131147,0.9386054644808743,19.1075,19.08593509984639,0.0009358303698486764,False,-0.4107994674118126,False,-1.5666441465211436,False,0.1226047640661666,False,0,False,0.7982452312924286,39.55855855855856,32.858823529411765,False,0.15517241379310345,False,False,False
39.5586_32.9059,39.55855855855856,32.90588235294118,2.0085836909871246,0.17786614666132244,0.004523776283613013,0.6326621601538399,27.909871244635195,27.896392945903287,0.0008101720566179222,False,-0.3793935195066685,False,-0.983803015536869,False,0.024927079349978537,False,0,False,0.3487802526382364,39.55855855855856,32.90588235294118,False,0.23706896551724138,False,False,False
39.5586_33.1059,39.55855855855856,33.10588235294117,8.034334763948499,2.7242527337946396,0.05913545308010063,9.184208033580136,31.375536480686694,30.80305253929169,0.0006159537956562541,False,-0.39394861942013887,False,-1.124106091317714,False,0.18724362547009243,False,0,False,0.6036507973995247,39.55855855855856,33.10588235294117,False,0.2413793103448276,False,False,False
39.5676_32.7882,39.567567567567565,32.78823529411765,15.064377682403434,0.37743119218660787,0.008894041610326421,1.2494918311730816,31.678111587982833,29.977135047129035,0.0030758446236832694,False,-0.40012095283790355,False,-1.122057903627232,False,0.17009391949755015,False,0,False,0.3051322541282402,39.567567567567565,32.78823529411765,False,0.22413793103448276,False,False,False
39.5676_32.8,39.567567567567565,32.8,15.064377682403434,0.37743119218660787,0.008894041610326421,1.2494918311730816,31.678111587982833,29.977135047129035,0.0030758446236832694,False,-0.40012095283790355,False,-1.122057903627232,False,0.23728261181466914,False,0,False,0.3051322541282402,39.567567567567565,32.8,False,0.22413793103448276,False,False,False
39.5676_32.8118,39.567567567567565,32.811764705882354,4.017167381974249,0.1649712428049818,0.005730849126531625,0.7951536004831757,20.811158798283262,20.778547317945847,0.0008917388022872877,False,-0.3941803394150947,False,-0.9985034692000797,False,0.943395217982216,False,0,False,0.2995855919417451,39.567567567567565,32.811764705882354,False,0.09482758620689655,False,False,False
39.5676_32.8471,39.567567567567565,32.84705882352941,20.49785407725322,0.41985936379217353,0.013540277934473282,1.8894272975609887,18.19149307372902,22.654534814720737,0.007942747896943202,False,-0.4370538868729975,False,-2.9852424324501228,True,0.42659958902696515,False,1,False,0.36333871331864365,39.567567567567565,32.84705882352941,False,0.12931034482758622,False,False,False
39.5766_32.7882,39.57657657657658,32.78823529411765,35.15021459227468,0.37743119218660787,0.008894041610326421,1.2494918311730816,31.678111587982833,29.97713504712904,0.004622658752864494,False,-0.43891078647343856,False,-1.3903314033581047,False,0.3351613223038627,False,0,False,0.3065908971341772,39.57657657657658,32.78823529411765,False,0.2025862068965517,False,False,False
39.5766_32.8,39.57657657657658,32.8,32.137339055793994,0.4046912532605659,0.009686484774089451,1.3606825176135973,31.395922746781117,29.56885169200087,0.004543975861108416,False,-0.43037080494199553,False,-1.386878303026221,False,0.40141136347924394,False,0,False,0.2953547541186477,39.57657657657658,32.8,False,0.21120689655172414,False,False,False
39.5766_32.8824,39.57657657657658,32.88235294117647,2.0085836909871246,0.26679921999198375,0.006785664425419569,0.9489932402307599,27.909871244635195,27.89639294590329,0.0007472191946214609,False,-0.3790476180346102,False,-0.9838826306742611,False,61.016353915953815,True,1,False,0.34887836500945474,39.57657657657658,32.88235294117647,False,0.23706896551724138,False,False,False
39.5856_32.6588,39.585585585585584,32.65882352941176,5.021459227467811,0.13711802558688238,0.0037250846392956,0.5236880402573293,28.2343347639485,25.841455775585363,0.003142557467909777,False,-0.38891606342545126,False,-1.0505905431383034,False,61.016353915953815,True,1,False,0.4709813910148971,39.585585585585584,32.65882352941176,False,0.3275862068965517,False,False,False
39.5856_32.8471,39.585585585585584,32.84705882352941,4.261802575107296,0.6241642238311088,0.019497257206065415,2.7208650350937966,21.26423462088698,22.945313566781504,0.001913244179832042,False,-0.3957341102232755,False,-1.1173915720052676,False,0.4286170524840174,False,0,False,0.24027797097915618,39.585585585585584,32.84705882352941,False,0.12931034482758622,False,False,False
39.5946_32.5412,39.5945945945946,32.54117647058823,5.021459227467811,0.10050749128550313,0.0023527373772368955,0.33220439649016126,29.82832618025751,29.823950452247537,0.0009429474371900095,False,-0.386609911940898,False,-1.1537134852877435,False,61.016353915953815,True,1,False,0.6285936180782417,39.5945945945946,32.54117647058823,False,0.34051724137931033,False,False,False
39.5946_32.8353,39.5945945945946,32.83529411764706,15.064377682403434,0.5751332452367359,0.013552825310973644,1.9039875522637433,31.678111587982833,29.97713504712904,0.002957518545072524,False,-0.3933436371828089,False,-1.12068741767786,False,0.417915408359746,False,0,False,0.305387335315541,39.5945945945946,32.83529411764706,False,0.22413793103448276,False,False,False
39.5946_32.8471,39.5945945945946,32.84705882352941,34.39055793991416,0.56528860567237,0.014993227397846021,2.1005183627333377,28.46788919235271,26.603099803341998,0.004034416516611814,False,-0.43797954422038593,False,-1.1867838855270105,False,0.6713364549658705,False,0,False,0.27874219680896317,39.5945945945946,32.84705882352941,False,0.3275862068965517,False,False,False
39.5946_32.8588,39.5945945945946,32.858823529411765,2.0085836909871246,0.046720191078440276,0.0019718518856725103,0.27439274952059167,16.246781115879827,16.213108439862076,0.0013217194443570334,False,-0.4175424291150406,False,-1.0845969646575355,False,0.7843645583837076,False,0,False,0.47959629091676664,39.5945945945946,32.858823529411765,False,0.02586206896551724,False,False,False
39.5946_33.0824,39.5945945945946,33.08235294117647,2.0085836909871246,0.27897757059357114,0.004966185130158416,0.9325986656776353,31.987124463519315,31.95410302166175,0.0009044503797680407,False,-0.3827875286056016,False,-1.6558407346736552,False,61.016353915953815,True,1,False,0.7480171539676962,39.5945945945946,33.08235294117647,False,0.3577586206896552,False,False,False
39.6036_32.6706,39.6036036036036,32.67058823529412,1.0042918454935623,0.8506804883771979,0.027643421062591253,3.868867845978003,21.858369098712448,21.870772211924805,0.0003203813517489864,False,-0.4022698306291933,False,-1.1148681836795213,False,0.048546808977412245,False,0,False,0.28158069460467183,39.6036036036036,32.67058823529412,False,0.10344827586206896,False,False,False
39.6036_32.8353,39.6036036036036,32.83529411764706,6.0257510729613735,0.421751866377547,0.011099651666921896,1.5558492195256286,29.106223175965667,26.714939829538626,0.0031577182734355835,False,-0.3858436474040847,False,-1.1184538156202897,False,0.3050214383384623,False,0,False,0.31202408525387976,39.6036036036036,32.83529411764706,False,0.31896551724137934,False,False,False
39.6036_32.8471,39.6036036036036,32.84705882352941,12.051502145922747,0.421751866377547,0.011099651666921896,1.5558492195256286,29.106223175965667,26.714939829538626,0.0035729754900759546,False,-0.4001781341457174,False,-1.36452809604096,False,0.15673720559258458,False,0,False,0.3124673566768891,39.6036036036036,32.84705882352941,False,0.33620689655172414,False,False,False
39.6036_32.8588,39.6036036036036,32.858823529411765,2.0085836909871246,0.2223326833266531,0.00565472035451627,0.7908277001923,27.909871244635195,27.896392945903287,0.000778363743521054,False,-0.3779972408734856,False,-0.9837809756616455,False,0.6844891082998044,False,0,False,0.34882503418309996,39.6036036036036,32.858823529411765,False,0.23706896551724138,False,False,False
39.6036_32.8706,39.6036036036036,32.870588235294115,2.0085836909871246,0.046720191078440276,0.0019718518856725103,0.27439274952059167,16.246781115879827,16.213108439862076,0.0013217194443570334,False,-0.4175424291150406,False,-1.0845969646575355,False,0.2710291276482811,False,0,False,0.47959629091676664,39.6036036036036,32.870588235294115,False,0.02586206896551724,False,False,False
39.6126_32.6824,39.612612612612615,32.68235294117647,2.0085836909871246,0.5566054203855205,0.017815983536199616,2.493989230661951,22.11802575107296,22.04263464000369,0.0004903648695478981,False,-0.39352766760104324,False,-1.014208478754124,False,0.20397900644316436,False,0,False,0.28858403343546846,39.612612612612615,32.68235294117647,False,0.1206896551724138,False,False,False
39.6126_32.6941,39.612612612612615,32.694117647058825,4.017167381974249,0.5566054203855205,0.017815983536199616,2.493989230661951,22.11802575107296,22.04263464000369,0.0004877179574745798,False,-0.39412999925221137,False,-1.0405685727386345,False,0.05995120592929068,False,0,False,0.28869862934682883,39.612612612612615,32.694117647058825,False,0.1206896551724138,False,False,False
39.6126_32.8235,39.612612612612615,32.8235294117647,25.570815450643778,0.8402210705418772,0.026246307777395728,3.6627029318570337,21.26423462088698,22.945313566781504,0.001152095005996677,False,-0.43464930505183574,False,-1.4445366807428683,False,0.6147198742220159,False,0,False,0.23573303326068143,39.612612612612615,32.8235294117647,False,0.16379310344827586,False,False,False
39.6126_32.8353,39.612612612612615,32.83529411764706,6.0257510729613735,0.421751866377547,0.011099651666921896,1.5558492195256286,29.106223175965667,26.714939829538626,0.0031577182734355835,False,-0.3858436474040847,False,-1.1184538156202897,False,0.34224336987206716,False,0,False,0.31202408525387976,39.612612612612615,32.83529411764706,False,0.31896551724137934,False,False,False
39.6126_32.8706,39.612612612612615,32.870588235294115,4.017167381974249,0.046720191078440276,0.0019718518856725103,0.27439274952059167,16.246781115879827,16.213108439862076,0.0013019395030766793,False,-0.4282395525468113,False,-1.1137311977697535,False,0.364049439358523,False,0,False,0.47974408911448,39.612612612612615,32.870588235294115,False,0.02586206896551724,False,False,False
39.6126_32.8824,39.612612612612615,32.88235294117647,2.0085836909871246,0.046720191078440276,0.0019718518856725103,0.27439274952059167,16.246781115879827,16.213108439862076,0.0013217194443570334,False,-0.4175424291150406,False,-1.0845969646575355,False,0.015581033758441554,False,0,False,0.47959629091676664,39.612612612612615,32.88235294117647,False,0.02586206896551724,False,False,False
39.6126_32.8941,39.612612612612615,32.89411764705882,2.0085836909871246,0.046720191078440276,0.0019718518856725103,0.27439274952059167,16.246781115879827,16.213108439862076,0.0013217194443570334,False,-0.4175424291150406,False,-1.0845969646575355,False,0.0,False,0,False,0.47959629091676664,39.612612612612615,32.89411764705882,False,0.02586206896551724,False,False,False
39.6216_32.6471,39.62162162162162,32.64705882352941,2.0085836909871246,0.10050749128550313,0.0023527373772368955,0.33220439649016126,29.82832618025751,29.823950452247537,0.0008965096559081222,False,-0.38423343189364934,False,-1.164206462290111,False,0.09348620255064932,False,0,False,0.6283722731485438,39.62162162162162,32.64705882352941,False,0.34051724137931033,False,False,False
39.6216_32.6588,39.62162162162162,32.65882352941176,6.0257510729613735,0.10050749128550313,0.0023527373772368955,0.33220439649016126,29.82832618025751,29.823950452247537,0.0009606101700389236,False,-0.3873868255788249,False,-1.1285972517176628,False,0.09348620255064932,False,0,False,0.6286674358429372,39.62162162162162,32.65882352941176,False,0.34051724137931033,False,False,False
39.6216_32.6706,39.62162162162162,32.67058823529412,2.0085836909871246,0.10050749128550313,0.0023527373772368955,0.33220439649016126,29.82832618025751,29.823950452247537,0.0008965096559081222,False,-0.38423343189364934,False,-1.164206462290111,False,0.3633431114809379,False,0,False,0.6283722731485438,39.62162162162162,32.67058823529412,False,0.34051724137931033,False,False,False
39.6216_32.6941,39.62162162162162,32.694117647058825,5.021459227467811,0.5999043853882217,0.01851044120224251,2.593486799143283,23.66008583690987,22.815506212543447,0.0005786921493523,False,-0.3909338822659037,False,-1.018552026097676,False,0.07030845249653402,False,0,False,0.30828928295401264,39.62162162162162,32.694117647058825,False,0.2413793103448276,False,False,False
39.6216_32.8235,39.62162162162162,32.8235294117647,2.0085836909871246,0.1649712428049818,0.005730849126531625,0.7951536004831757,20.811158798283262,20.778547317945847,0.0008960036233592794,False,-0.39000594116901866,False,-0.9858488878016761,False,0.6078812792907258,False,0,False,0.29958582906842346,39.62162162162162,32.8235294117647,False,0.09482758620689655,False,False,False
39.6216_32.9059,39.62162162162162,32.90588235294118,2.0085836909871246,0.046720191078440276,0.0019718518856725103,0.27439274952059167,16.246781115879827,16.213108439862076,0.0013217194443570334,False,-0.4175424291150406,False,-1.0845969646575355,False,7.850462293418876e-17,False,0,False,0.47959629091676664,39.62162162162162,32.90588235294118,False,0.02586206896551724,False,False,False
39.6216_33.0588,39.62162162162162,33.05882352941176,21.553648068669528,0.13720265518991198,0.003438188450881236,0.5660714948352931,24.163480296527506,28.296601245587848,0.0055165233991813075,False,-0.4231309841927803,False,-1.2835113230973392,False,61.016353915953815,True,1,False,0.5798564925529032,39.62162162162162,33.05882352941176,False,0.34913793103448276,False,False,False
39.6306_32.5294,39.63063063063063,32.529411764705884,3.0128755364806867,0.10050749128550313,0.0023527373772368955,0.33220439649016126,29.82832618025751,29.823950452247537,0.0009108971801246086,False,-0.3850225665589727,False,-1.1629815605711895,False,61.016353915953815,True,1,False,0.6284460352829436,39.63063063063063,32.529411764705884,False,0.34051724137931033,False,False,False
39.6306_32.5882,39.63063063063063,32.588235294117645,2.0085836909871246,0.10050749128550313,0.0023527373772368955,0.33220439649016126,29.82832618025751,29.823950452247537,0.0008965096559081222,False,-0.38423343189364934,False,-1.164206462290111,False,61.016353915953815,True,1,False,0.6283722731485438,39.63063063063063,32.588235294117645,False,0.34051724137931033,False,False,False
39.6306_32.7059,39.63063063063063,32.705882352941174,3.0128755364806867,0.6287703620566892,0.018973412979604466,2.659818511464171,24.688125894134476,23.30029582929195,0.000909669237251414,False,-0.3893526030005346,False,-1.0234748261245579,False,0.13367999748652368,False,0,False,0.3303887250290131,39.63063063063063,32.705882352941174,False,0.25862068965517243,False,False,False
39.6306_32.8118,39.63063063063063,32.811764705882354,12.051502145922747,0.8894434100665923,0.02543862442225265,3.5557256006408213,26.489985693848354,24.34830189024877,0.00230748464617217,False,-0.3956809126159879,False,-1.26309118747679,False,0.1273463008093527,False,0,False,0.35854953505523973,39.63063063063063,32.811764705882354,False,0.2413793103448276,False,False,False
39.6306_32.8235,39.63063063063063,32.8235294117647,12.051502145922747,1.1138779552267561,0.02728472099562644,3.834558192105914,31.722460658082973,29.051651416608593,0.0043886085813203,False,-0.3887854303664967,False,-1.0811085852239883,False,0.7004496451588876,False,0,False,0.3878615141646284,39.63063063063063,32.8235294117647,False,0.3232758620689655,False,False,False
39.6306_32.9059,39.63063063063063,32.90588235294118,2.0085836909871246,0.046720191078440276,0.0019718518856725103,0.27439274952059167,16.246781115879827,16.213108439862076,0.0013217194443570334,False,-0.4175424291150406,False,-1.0845969646575355,False,0.0,False,0,False,0.47959629091676664,39.63063063063063,32.90588235294118,False,0.02586206896551724,False,False,False
39.6306_32.9176,39.63063063063063,32.917647058823526,2.0085836909871246,0.046720191078440276,0.0019718518856725103,0.27439274952059167,16.246781115879827,16.213108439862076,0.0013217194443570334,False,-0.4175424291150406,False,-1.0845969646575355,False,0.007790516879220721,False,0,False,0.47959629091676664,39.63063063063063,32.917647058823526,False,0.02586206896551724,False,False,False
39.6306_33.1059,39.63063063063063,33.10588235294117,1.0042918454935623,1.7231759656652361,0.037768240343347574,5.811939133827546,30.763948497854077,30.772021254853872,0.00025384635145807023,False,-0.38963821076587773,False,-1.0479685442870936,False,61.016353915953815,True,1,False,0.6839668921882361,39.63063063063063,33.10588235294117,False,0.3232758620689655,False,False,False
39.6396_32.7059,39.63963963963964,32.705882352941174,12.051502145922747,0.6287703620566892,0.018973412979604466,2.659818511464171,24.688125894134476,23.30029582929195,0.0012351390108986976,False,-0.3991399302825572,False,-1.240669448087883,False,0.08739391946508698,False,0,False,0.33102592817016513,39.63963963963964,32.705882352941174,False,0.3103448275862069,False,False,False
39.6396_32.7176,39.63963963963964,32.71764705882353,7.030042918454936,0.5905375111586723,0.01848715725161917,2.5894177795743456,23.145309625996322,22.54986652870124,0.0005120273063374169,False,-0.3950883122116769,False,-1.011569548177643,False,0.13325078783171881,False,0,False,0.2921151692094342,39.63963963963964,32.71764705882353,False,0.21551724137931033,False,False,False
39.6396_32.9294,39.63963963963964,32.92941176470588,1.0042918454935623,0.046720191078440276,0.0019718518856725103,0.27439274952059167,16.246781115879827,16.213108439862076,0.0013332470193134199,False,-0.42260560323153346,False,-1.0861966224143944,False,0.023371550637662275,False,0,False,0.47952240124902434,39.63963963963964,32.92941176470588,False,0.02586206896551724,False,False,False
39.6486_32.3294,39.648648648648646,32.32941176470588,2.0085836909871246,0.2974205541353233,0.006225845853997151,0.8739612465708622,34.35622317596567,34.33118254582122,0.0009824632705956423,False,-0.37358680383668486,False,-1.0,False,0.023371550637662275,False,0,False,0.5564104055653362,39.648648648648646,32.32941176470588,False,0.1810344827586207,False,False,False
39.6486_32.3412,39.648648648648646,32.34117647058824,1.0042918454935623,0.2974205541353233,0.006225845853997151,0.8739612465708622,34.35622317596567,34.33118254582122,0.0009608255303268153,False,-0.37708660098403785,False,-1.0,False,0.023371550637662275,False,0,False,0.5564105738934705,39.648648648648646,32.34117647058824,False,0.1810344827586207,False,False,False
39.6486_32.7176,39.648648648648646,32.71764705882353,18.07725321888412,0.6665604282091352,0.020567156891380594,2.8816519990480924,23.831425846447306,22.815506212543447,0.001018606939164211,False,-0.41415530507701587,False,-1.447050691689764,False,0.18203994451681443,False,0,False,0.31129097989555377,39.648648648648646,32.71764705882353,False,0.2672413793103448,False,False,False
39.6486_32.7882,39.648648648648646,32.78823529411765,20.57510729613734,1.0123342493233318,0.028536837848169884,3.9927983315655884,25.85168855941388,25.087785302847198,0.0009080928592267525,False,-0.4080601680413069,False,-1.1529208834431324,False,0.3346662881564331,False,0,False,0.2521846443209313,39.648648648648646,32.78823529411765,False,0.3620689655172414,False,False,False
39.6486_32.8,39.648648648648646,32.8,9.03862660944206,0.29312577769125153,0.007180189735691141,1.0090942610805036,31.722460658082973,29.051651416608596,0.004592375598878928,False,-0.38884808959184597,False,-1.0593938724158438,False,0.4950279757305833,False,0,False,0.38594551681803463,39.648648648648646,32.8,False,0.3577586206896552,False,False,False
39.6486_32.9412,39.648648648648646,32.94117647058823,2.0085836909871246,0.046720191078440276,0.0019718518856725103,0.27439274952059167,16.246781115879827,16.213108439862076,0.0013217194443570334,False,-0.4175424291150406,False,-1.0845969646575355,False,0.015581033758441554,False,0,False,0.47959629091676664,39.648648648648646,32.94117647058823,False,0.02586206896551724,False,False,False
39.6486_32.9529,39.648648648648646,32.95294117647059,1.0042918454935623,0.046720191078440276,0.0019718518856725103,0.27439274952059167,16.246781115879827,16.213108439862076,0.0013332470193134199,False,-0.42260560323153346,False,-1.0861966224143944,False,0.023371550637662275,False,0,False,0.47952240124902434,39.648648648648646,32.95294117647059,False,0.02586206896551724,False,False,False
39.6486_33.0353,39.648648648648646,33.035294117647055,6.045112781954887,0.046710711690468726,0.0036630036630036565,0.20489092553869878,21.834586466165412,21.795088900501945,0.0009534943891755902,False,-0.402602083673456,False,-1.1088267583162963,False,0.6361526275090253,False,0,False,0.7059700061528642,39.648648648648646,33.035294117647055,False,0.20689655172413793,False,False,False
39.6577_32.4235,39.65765765765766,32.423529411764704,2.01,0.13471994535519122,0.0071482240437158225,1.0657650273224042,12.845,12.839589045998887,0.0014388883053427896,False,-0.420082969369558,False,-0.9908086747076368,False,0.023388030577214503,False,0,False,0.5423245664225395,39.65765765765766,32.423529411764704,False,0.02586206896551724,False,False,False
39.6577_32.4353,39.65765765765766,32.43529411764706,1.005,0.13471994535519122,0.0071482240437158225,1.0657650273224042,12.845,12.839589045998887,0.0014590935772487426,False,-0.4236578004683661,False,-0.9731636619989456,False,0.011694015288607251,False,0,False,0.5399555561291749,39.65765765765766,32.43529411764706,False,0.02586206896551724,False,False,False
39.6577_32.7176,39.65765765765766,32.71764705882353,5.021459227467811,0.5999043853882217,0.01851044120224251,2.593486799143283,23.66008583690987,22.815506212543447,0.0005786921493523,False,-0.3909338822659037,False,-1.018552026097676,False,0.18737225777780078,False,0,False,0.30828928295401264,39.65765765765766,32.71764705882353,False,0.2413793103448276,False,False,False
39.6577_32.7294,39.65765765765766,32.72941176470588,17.07296137339056,0.5692244691340116,0.01717281796592369,2.4063447208056243,24.51224438273163,23.3002275454732,0.0013040938116529492,False,-0.4111439105192148,False,-1.4143016822464762,False,0.16795413233718673,False,0,False,0.32830777616955237,39.65765765765766,32.72941176470588,False,0.28448275862068967,False,False,False
39.6577_32.8,39.65765765765766,32.8,18.566523605150216,0.9711796955230535,0.026021921108608667,3.643862012441852,26.913876967095852,26.456668698977737,0.0007496671012884272,False,-0.4062232046639789,False,-1.1726550122953783,False,0.16474515036209755,False,0,False,0.24596948348632353,39.65765765765766,32.8,False,0.3706896551724138,False,False,False
39.6577_32.8235,39.65765765765766,32.8235294117647,21.5793991416309,1.0211018576263142,0.028834627935151225,4.034118870187692,25.61124774990284,25.046541128555848,0.0007638460648546272,False,-0.40962524384493243,False,-1.1834935016451715,False,61.016353915953815,True,1,False,0.24774319609352374,39.65765765765766,32.8235294117647,False,0.3620689655172414,False,False,False
39.6577_32.9529,39.65765765765766,32.95294117647059,2.0085836909871246,0.046720191078440276,0.0019718518856725103,0.27439274952059167,16.246781115879827,16.213108439862076,0.0013217194443570334,False,-0.4175424291150406,False,-1.0845969646575355,False,0.011685775318831082,False,0,False,0.47959629091676664,39.65765765765766,32.95294117647059,False,0.02586206896551724,False,False,False
39.6577_33.0118,39.65765765765766,33.01176470588235,6.0257510729613735,0.27897757059357114,0.004966185130158416,0.9325986656776353,31.987124463519315,31.954103021661755,0.0009810430197524978,False,-0.3856261358771824,False,-1.345723853983459,False,0.5783414508231395,False,0,False,0.7483121932050129,39.65765765765766,33.01176470588235,False,0.3577586206896552,False,False,False
39.6577_33.0235,39.65765765765766,33.023529411764706,9.476394849785407,0.20858215690890564,0.004692394623307384,0.7723627117440963,27.206008583690988,30.09852430107976,0.0029573848589333367,False,-0.3897871808325516,False,-1.4068006843252698,False,0.2877015455728599,False,0,False,0.6178880933047267,39.65765765765766,33.023529411764706,False,0.3017241379310345,False,False,False
39.6667_32.4353,39.66666666666666,32.43529411764706,1.005,0.13471994535519122,0.0071482240437158225,1.0657650273224042,12.845,12.839589045998887,0.0014590935772487426,False,-0.4236578004683661,False,-0.9731636619989456,False,0.011694015288607251,False,0,False,0.5399555561291749,39.66666666666666,32.43529411764706,False,0.02586206896551724,False,False,False
39.6667_32.6706,39.66666666666666,32.67058823529412,2.0085836909871246,0.12263027221392966,0.0036683553633178744,0.5052912908665209,23.1931330472103,23.18891656743127,0.0008900980251179566,False,-0.38939854045084227,False,-0.9784072294379091,False,0.011685775318831082,False,0,False,0.4413800532405776,39.66666666666666,32.67058823529412,False,0.25,False,False,False
39.6667_32.6824,39.66666666666666,32.68235294117647,2.0085836909871246,0.12263027221392966,0.0036683553633178744,0.5052912908665209,23.1931330472103,23.18891656743127,0.0008900980251179566,False,-0.38939854045084227,False,-0.9784072294379091,False,0.03116206751688322,False,0,False,0.4413800532405776,39.66666666666666,32.68235294117647,False,0.25,False,False,False
39.6667_32.7059,39.66666666666666,32.705882352941174,10.042918454935622,0.5566054203855205,0.017815983536199616,2.493989230661951,22.11802575107296,22.04263464000369,0.0005059788903140232,False,-0.3989901211209512,False,-1.3220160998911912,False,0.14549609077446551,False,0,False,0.2891077285122122,39.66666666666666,32.705882352941174,False,0.14655172413793102,False,False,False
39.6667_32.7294,39.66666666666666,32.72941176470588,7.030042918454936,0.46480276790364866,0.013729560843321255,1.9244411117036822,24.474555487431022,23.767446133795293,0.0007244019449263525,False,-0.3905348885087744,False,-1.0214121721134932,False,0.061232347620319316,False,0,False,0.33523759539798914,39.66666666666666,32.72941176470588,False,0.2413793103448276,False,False,False
39.6667_33.0118,39.66666666666666,33.01176470588235,2.5450643776824036,0.19074961780068433,0.005663913115934712,0.8042904685281863,21.99785407725322,25.2379860626311,0.005164857430981149,False,-0.3885871736593631,False,-1.22300942171692,False,0.6490647831977736,False,0,False,0.46575169843748143,39.66666666666666,33.01176470588235,False,0.29310344827586204,False,False,False
39.6757_32.4941,39.67567567567568,32.49411764705882,1.8669527896995708,0.4364026436227062,0.04244175771342797,5.967296455625801,9.390557939914164,7.612222714904745,7.4040559309605455e-06,False,-0.45961661269264736,False,-0.9617882677396403,False,0.06536983360472935,False,0,False,0.2697859739936603,39.67567567567568,32.49411764705882,False,0.0,False,False,False
39.6757_32.5059,39.67567567567568,32.50588235294118,2.871244635193133,0.5277913189244364,0.05147813481733127,7.222270802830853,8.675250357653791,7.425670135683702,0.0001622785912053626,False,-0.4845019556532593,False,-0.9522396296743565,False,0.06536983360472935,False,0,False,0.25374275111624833,39.67567567567568,32.50588235294118,False,0.0,False,False,False
39.6757_32.6706,39.67567567567568,32.67058823529412,1.0042918454935623,0.12263027221392966,0.0036683553633178744,0.5052912908665209,23.1931330472103,23.18891656743127,0.0008895010842959076,False,-0.39308622396841886,False,-1.0080591217690809,False,0.017528662978246734,False,0,False,0.4413062487122455,39.67567567567568,32.67058823529412,False,0.25,False,False,False
39.6757_32.6941,39.67567567567568,32.694117647058825,7.030042918454936,0.12263027221392965,0.0036683553633178744,0.5052912908665209,23.1931330472103,23.18891656743127,0.000909458772390328,False,-0.39418492854386006,False,-1.0223031489024748,False,0.07330554608519262,False,0,False,0.4417493945430076,39.67567567567568,32.694117647058825,False,0.25,False,False,False
39.6757_32.7294,39.67567567567568,32.72941176470588,4.017167381974249,0.6248656118099291,0.018815503938850765,2.6264779971812797,24.314377682403432,23.299299461073996,0.0006681044212254883,False,-0.3910636042835032,False,-1.014336532832258,False,0.04525757924135184,False,0,False,0.3332598256726376,39.67567567567568,32.72941176470588,False,0.23275862068965517,False,False,False
39.6757_32.8118,39.67567567567568,32.811764705882354,41.15021459227468,1.0123342493233318,0.028536837848169884,3.9927983315655884,25.85168855941388,25.087785302847198,0.0019061762230555875,False,-0.46099113305709805,False,-1.3392025673073542,False,0.4957290770328512,False,0,False,0.2514049311195297,39.67567567567568,32.811764705882354,False,0.3706896551724138,False,False,False
39.6757_32.8235,39.67567567567568,32.8235294117647,18.21459227467811,0.2742730971656274,0.007476471619206918,1.0418879389664708,24.733118741058654,26.448201309303826,0.0014869007660442846,False,-0.42185877552789336,False,-1.1671965255204877,False,0.5019549627450138,False,0,False,0.3315662280708076,39.67567567567568,32.8235294117647,False,0.28448275862068967,False,False,False
39.6757_32.8471,39.67567567567568,32.84705882352941,5.090128755364807,0.19074961780068433,0.005663913115934712,0.8042904685281863,21.99785407725322,25.2379860626311,0.004990909625670327,False,-0.38915150215679595,False,-1.2493748102682474,False,0.34307471098947845,False,0,False,0.4670455208853721,39.67567567567568,32.84705882352941,False,0.29310344827586204,False,False,False
39.6757_32.8588,39.67567567567568,32.858823529411765,5.090128755364807,0.19074961780068433,0.005663913115934712,0.8042904685281863,21.99785407725322,25.2379860626311,0.004990909625670327,False,-0.38915150215679595,False,-1.2493748102682474,False,0.34307471098947845,False,0,False,0.4670455208853721,39.67567567567568,32.858823529411765,False,0.29310344827586204,False,False,False
39.6757_32.9176,39.67567567567568,32.917647058823526,4.017167381974249,0.26679921999198375,0.006785664425419569,0.9489932402307599,27.909871244635195,27.89639294590329,0.0007686403672984146,False,-0.3809969368742824,False,-0.9965301263681751,False,0.29602454431928565,False,0,False,0.3488783624351766,39.67567567567568,32.917647058823526,False,0.23706896551724138,False,False,False
39.6757_32.9647,39.67567567567568,32.96470588235294,2.5450643776824036,0.19074961780068433,0.005663913115934712,0.8042904685281863,21.99785407725322,25.2379860626311,0.005164857430981149,False,-0.3885871736593631,False,-1.22300942171692,False,0.40503493268960294,False,0,False,0.46575169843748143,39.67567567567568,32.96470588235294,False,0.29310344827586204,False,False,False
39.6847_32.6471,39.68468468468468,32.64705882352941,2.0085836909871246,0.12263027221392966,0.0036683553633178744,0.5052912908665209,23.1931330472103,23.18891656743127,0.0008900980251179566,False,-0.38939854045084227,False,-0.9784072294379091,False,0.011685775318831082,False,0,False,0.4413800532405776,39.68468468468468,32.64705882352941,False,0.25,False,False,False
39.6847_32.6588,39.68468468468468,32.65882352941176,2.0085836909871246,0.12263027221392966,0.0036683553633178744,0.5052912908665209,23.1931330472103,23.18891656743127,0.0008900980251179566,False,-0.38939854045084227,False,-0.9784072294379091,False,0.015581033758441443,False,0,False,0.4413800532405776,39.68468468468468,32.65882352941176,False,0.25,False,False,False
39.6847_32.6824,39.68468468468468,32.68235294117647,1.0042918454935623,0.12263027221392966,0.0036683553633178744,0.5052912908665209,23.1931330472103,23.18891656743127,0.0008895010842959076,False,-0.39308622396841886,False,-1.0080591217690809,False,0.07011465191298694,False,0,False,0.4413062487122455,39.68468468468468,32.68235294117647,False,0.25,False,False,False
39.6847_32.7176,39.68468468468468,32.71764705882353,1.0042918454935623,0.26253035239384315,0.007988546009807926,1.1191106153458983,22.377682403433475,22.356631923155525,0.0007757131451148688,False,-0.39573506578793927,False,-1.0239598757857542,False,0.19034211995503572,False,0,False,0.4261088731606036,39.68468468468468,32.71764705882353,False,0.25862068965517243,False,False,False
39.6847_32.7294,39.68468468468468,32.72941176470588,7.030042918454936,0.6939073292789001,0.02091604491841711,2.9257473438165373,24.474555487431022,23.299896683136463,0.000811876081300329,False,-0.3902362897885262,False,-1.0168355730706655,False,0.06587172841572808,False,0,False,0.3291397590882543,39.68468468468468,32.72941176470588,False,0.23275862068965517,False,False,False
39.6847_32.7412,39.68468468468468,32.74117647058824,7.030042918454936,0.6939073292789001,0.02091604491841711,2.9257473438165373,24.474555487431022,23.299896683136463,0.000811876081300329,False,-0.3902362897885262,False,-1.0168355730706655,False,0.017293963111827498,False,0,False,0.3291397590882543,39.68468468468468,32.74117647058824,False,0.23275862068965517,False,False,False
39.6847_32.8,39.68468468468468,32.8,8.278969957081545,1.0555563838721351,0.03056687132538817,4.2746266734979965,24.109952994073165,24.387172353939075,0.0002623662912950727,False,-0.3986375319500755,False,-1.1175782764481526,False,0.5818075069478068,False,0,False,0.25846875177252976,39.68468468468468,32.8,False,0.27586206896551724,False,False,False
39.6847_32.8118,39.68468468468468,32.811764705882354,54.412017167381975,1.03148365132582,0.028491049479315,3.9748980968062213,25.21975595330699,25.853691707762238,0.0012222653827643959,False,-0.46871979020020155,False,-1.5211401362332206,False,0.9835899743136141,False,0,False,0.24544602418241587,39.68468468468468,32.811764705882354,False,0.28448275862068967,False,False,False
39.6847_32.8235,39.68468468468468,32.8235294117647,11.047210300429185,0.046720191078440276,0.0019718518856725103,0.27439274952059167,16.246781115879827,16.213108439862076,0.0012670993992359022,False,-0.44848217317931677,False,-1.4310353544708652,False,0.8199660241956468,False,0,False,0.48026156043764584,39.68468468468468,32.8235294117647,False,0.02586206896551724,False,False,False
39.6847_32.8588,39.68468468468468,32.858823529411765,2.0085836909871246,0.046720191078440276,0.0019718518856725103,0.27439274952059167,16.246781115879827,16.213108439862076,0.0013217194443570334,False,-0.4175424291150406,False,-1.0845969646575355,False,0.686149421978957,False,0,False,0.47959629091676664,39.68468468468468,32.858823529411765,False,0.02586206896551724,False,False,False
39.6847_32.8824,39.68468468468468,32.88235294117647,16.13733905579399,0.15591390610772335,0.0031451567583140358,0.5501719772444897,28.71051081376757,30.302794176858534,0.0012079551100147607,False,-0.4074290523432536,False,-1.1604279495051477,False,0.3436362816433323,False,0,False,0.6468826121603874,39.68468468468468,32.88235294117647,False,0.2801724137931034,False,False,False
39.6847_32.8941,39.68468468468468,32.89411764705882,3.0128755364806867,0.20751050443820954,0.005277738997548576,0.7381058535128132,27.909871244635195,27.89639294590329,0.0007993356592925003,False,-0.3781691996140747,False,-0.9884883641274829,False,0.15138991303983879,False,0,False,0.3488090826469098,39.68468468468468,32.89411764705882,False,0.23706896551724138,False,False,False
39.6847_32.9059,39.68468468468468,32.90588235294118,1.0042918454935623,0.26679921999198375,0.006785664425419569,0.9489932402307599,27.909871244635195,27.89639294590329,0.0007381462125991986,False,-0.3822504053733521,False,-0.9910940225497408,False,0.1844012077663277,False,0,False,0.3488788290748537,39.68468468468468,32.90588235294118,False,0.23706896551724138,False,False,False
39.6847_32.9176,39.68468468468468,32.917647058823526,10.180257510729614,0.19074961780068433,0.005663913115934712,0.8042904685281863,21.99785407725322,25.2379860626311,0.004664047761859676,False,-0.4028892106118482,False,-1.3289923459597848,False,0.34528562082604264,False,0,False,0.4696374575962022,39.68468468468468,32.917647058823526,False,0.28448275862068967,False,False,False
39.6847_32.9294,39.68468468468468,32.92941176470588,2.5450643776824036,0.19074961780068433,0.005663913115934712,0.8042904685281863,21.99785407725322,25.2379860626311,0.005164857430981149,False,-0.3885871736593631,False,-1.22300942171692,False,0.24581844747875592,False,0,False,0.46575169843748143,39.68468468468468,32.92941176470588,False,0.29310344827586204,False,False,False
39.6847_32.9647,39.68468468468468,32.96470588235294,1.0042918454935623,0.18598504706238075,0.0033107900867722774,0.6217324437850902,31.987124463519315,31.95410302166175,0.0009272175813589741,False,-0.38607250267413545,False,-1.5861325718860746,False,0.8100698653792059,False,0,False,0.7478864588145402,39.68468468468468,32.96470588235294,False,0.3577586206896552,False,False,False
39.6847_32.9765,39.68468468468468,32.976470588235294,2.5450643776824036,0.19074961780068433,0.005663913115934712,0.8042904685281863,21.99785407725322,25.2379860626311,0.005164857430981149,False,-0.3885871736593631,False,-1.22300942171692,False,0.21225527674341058,False,0,False,0.46575169843748143,39.68468468468468,32.976470588235294,False,0.29310344827586204,False,False,False
39.6847_32.9882,39.68468468468468,32.98823529411764,1.0044642857142858,0.081199460916442,0.005135235616692913,0.5651547541593086,14.25,14.209485597554433,0.0013946575561114571,False,-0.4209093950907384,False,-0.9698083491633414,False,0.8068514991150237,False,0,False,0.4286660783797636,39.68468468468468,32.98823529411764,False,0.04310344827586207,False,False,False
39.6847_33.0,39.68468468468468,33.0,2.0089285714285716,0.020299865229110464,0.0012838089041732035,0.1412886885398271,14.25,14.209485597554433,0.0015272302171478833,False,-0.4236575194948582,False,-0.9698860000793843,False,0.7918870111199873,False,0,False,0.42875801577172845,39.68468468468468,33.0,False,0.04310344827586207,False,False,False
39.6937_32.3529,39.693693693693696,32.35294117647059,12.051502145922747,1.212476590106605,0.029107385958360953,4.319067870382628,28.992846924177396,28.17941879366873,0.0009331005694299438,False,-0.39189270241615515,False,-1.183752976195402,False,0.28462439480633944,False,0,False,0.2683637114494081,39.693693693693696,32.35294117647059,False,0.2974137931034483,False,False,False
39.6937_32.4,39.693693693693696,32.4,1.005,0.538879781420765,0.02859289617486334,4.263060109289617,12.845,12.839589045998887,0.0008380057382228155,False,-0.43251222046675686,False,-0.9862223520952748,False,61.016353915953815,True,1,False,0.5420657903876562,39.693693693693696,32.4,False,0.02586206896551724,False,False,False
39.6937_32.4706,39.693693693693696,32.47058823529412,1.005,0.13471994535519122,0.0071482240437158225,1.0657650273224042,12.845,12.839589045998887,0.0014590935772487426,False,-0.4236578004683661,False,-0.9731636619989456,False,61.016353915953815,True,1,False,0.5399555561291749,39.693693693693696,32.47058823529412,False,0.02586206896551724,False,False,False
39.6937_32.6471,39.693693693693696,32.64705882352941,1.0042918454935623,0.12263027221392966,0.0036683553633178744,0.5052912908665209,23.1931330472103,23.18891656743127,0.0008895010842959076,False,-0.39308622396841886,False,-1.0080591217690809,False,0.04674310127532466,False,0,False,0.4413062487122455,39.693693693693696,32.64705882352941,False,0.25,False,False,False
39.6937_32.7412,39.693693693693696,32.74117647058824,8.034334763948499,0.7427600546955583,0.0223730188725266,3.125193968080812,24.314377682403432,23.299526648001684,0.0006899212214690672,False,-0.39540116372258843,False,-1.0342247680729868,False,0.06373747030813272,False,0,False,0.3320519617776481,39.693693693693696,32.74117647058824,False,0.23275862068965517,False,False,False
39.6937_32.8118,39.693693693693696,32.811764705882354,1.0042918454935623,1.168004776961008,0.04929629714181349,6.859818738014792,16.246781115879827,16.213108439862072,0.00037173265103472266,False,-0.45872282344448945,False,-1.1912777051443693,False,0.9130987176073042,False,0,False,0.4822225820726874,39.693693693693696,32.811764705882354,False,0.02586206896551724,False,False,False
39.6937_32.8235,39.693693693693696,32.8235294117647,3.0128755364806867,0.23715486221509663,0.006031701711484041,0.8435495468717866,27.909871244635195,27.896392945903287,0.0007782122829185673,False,-0.3775232575653757,False,-0.9888738007167296,False,0.6956708271607099,False,0,False,0.34884177484079565,39.693693693693696,32.8235294117647,False,0.23706896551724138,False,False,False
39.6937_32.8353,39.693693693693696,32.83529411764706,1.0042918454935623,0.26679921999198375,0.006785664425419569,0.9489932402307599,27.909871244635195,27.89639294590329,0.0007381462125991986,False,-0.3822504053733521,False,-0.9910940225497408,False,0.5594730680836633,False,0,False,0.3488788290748537,39.693693693693696,32.83529411764706,False,0.23706896551724138,False,False,False
39.6937_32.9882,39.693693693693696,32.98823529411764,4.017167381974249,4.30793991416309,0.09442060085836908,14.529847834568864,30.763948497854077,30.772021254853872,0.0005235002095549772,False,-0.4181502197513162,False,-1.2021834690709938,False,1.3059903060201055,False,0,False,0.6913429764942691,39.693693693693696,32.98823529411764,False,0.33189655172413796,False,False,False
39.7027_32.3529,39.7027027027027,32.35294117647059,23.96137339055794,1.1942025217186936,0.029206042570855687,4.339973754490053,28.186244324189836,27.656820688968683,0.0010285161066276468,False,-0.4116539161118506,False,-1.19994210299089,False,0.36975425331559625,False,0,False,0.25809340274054615,39.7027027027027,32.35294117647059,False,0.3275862068965517,False,False,False
39.7027_32.6,39.7027027027027,32.6,3.0128755364806867,0.12263027221392965,0.0036683553633178744,0.5052912908665209,23.1931330472103,23.18891656743127,0.0008917867021508139,False,-0.39112740256615264,False,-0.9679841762088437,False,61.016353915953815,True,1,False,0.441453881950436,39.7027027027027,32.6,False,0.25,False,False,False
39.7027_32.6235,39.7027027027027,32.62352941176471,2.0085836909871246,0.12263027221392966,0.0036683553633178744,0.5052912908665209,23.1931330472103,23.18891656743127,0.0008900980251179566,False,-0.38939854045084227,False,-0.9784072294379091,False,0.023371550637662386,False,0,False,0.4413800532405776,39.7027027027027,32.62352941176471,False,0.25,False,False,False
39.7027_32.6353,39.7027027027027,32.63529411764706,3.0128755364806867,0.12263027221392965,0.0036683553633178744,0.5052912908665209,23.1931330472103,23.18891656743127,0.0008917867021508139,False,-0.39112740256615264,False,-0.9679841762088437,False,0.007790516879220832,False,0,False,0.441453881950436,39.7027027027027,32.63529411764706,False,0.25,False,False,False
39.7027_32.6471,39.7027027027027,32.64705882352941,5.021459227467811,0.12263027221392965,0.0036683553633178744,0.5052912908665209,23.1931330472103,23.18891656743127,0.0008984392648489541,False,-0.39212619048236125,False,-0.9814835259280106,False,0.07790516879220777,False,0,False,0.4416016025062839,39.7027027027027,32.64705882352941,False,0.25,False,False,False
39.7027_32.7412,39.7027027027027,32.74117647058824,5.021459227467811,0.49779040678718506,0.015850496030921264,2.2190135075987403,22.169957081545064,22.09538968947294,0.0005384313283023706,False,-0.3953197581268852,False,-1.0282446146991926,False,0.1828676655553448,False,0,False,0.2993988078020917,39.7027027027027,32.74117647058824,False,0.14655172413793102,False,False,False
39.7027_32.8118,39.7027027027027,32.811764705882354,47.31330472103004,1.164630962169848,0.03194589888326579,4.456568696148908,25.926749835762713,26.01088467756739,0.0012673997719869431,False,-0.4641590479891525,False,-1.3954736610142238,False,0.9114403151764943,False,0,False,0.23867437216224024,39.7027027027027,32.811764705882354,False,0.27586206896551724,False,False,False
39.7027_32.9647,39.7027027027027,32.96470588235294,2.5450643776824036,0.19074961780068433,0.005663913115934712,0.8042904685281863,21.99785407725322,25.2379860626311,0.005164857430981149,False,-0.3885871736593631,False,-1.22300942171692,False,0.865165213235036,False,0,False,0.46575169843748143,39.7027027027027,32.96470588235294,False,0.29310344827586204,False,False,False
39.7117_32.3176,39.71171171171172,32.31764705882353,1.0042918454935623,0.6981438874386089,0.03263129950002209,2.6909576272436317,25.63519313304721,25.600695100534942,0.00024851831560769507,False,-0.3919552773202508,False,-1.0322537681812662,False,0.0,False,0,False,0.43114128358670184,39.71171171171172,32.31764705882353,False,0.28448275862068967,False,False,False
39.7117_32.3529,39.71171171171172,32.35294117647059,4.879828326180258,1.2246712352622755,0.03534174436259739,4.807172902935229,25.470171673819742,25.61469993047102,0.00015778202952222744,False,-0.3957694844978678,False,-1.0532244400078201,False,0.19356562446599562,False,0,False,0.23551573351170688,39.71171171171172,32.35294117647059,False,0.30603448275862066,False,False,False
39.7117_32.6588,39.71171171171172,32.65882352941176,1.0042918454935623,0.12263027221392966,0.0036683553633178744,0.5052912908665209,23.1931330472103,23.18891656743127,0.0008895010842959076,False,-0.39308622396841886,False,-1.0080591217690809,False,0.3468968926787351,False,0,False,0.4413062487122455,39.71171171171172,32.65882352941176,False,0.25,False,False,False
39.7117_32.7529,39.71171171171172,32.752941176470586,7.030042918454936,0.6939073292789001,0.02091604491841711,2.9257473438165373,24.474555487431022,23.299896683136463,0.000811876081300329,False,-0.3902362897885262,False,-1.0168355730706655,False,0.10878046271449497,False,0,False,0.3291397590882543,39.71171171171172,32.752941176470586,False,0.23275862068965517,False,False,False
39.7117_32.8118,39.71171171171172,32.811764705882354,25.665236051502145,1.1941529449346395,0.034063361904851465,4.74965372517241,25.15197892236519,24.94973783269077,0.0005353979081027903,False,-0.42228256130995234,False,-1.172163035283094,False,0.2621328783702209,False,0,False,0.24447233154376277,39.71171171171172,32.811764705882354,False,0.3448275862068966,False,False,False
39.7117_32.9647,39.71171171171172,32.96470588235294,1.0044642857142858,0.020299865229110464,0.0012838089041732035,0.1412886885398271,14.25,14.209485597554433,0.0015420200743715027,False,-0.4283705627357325,False,-0.9734180426521153,False,0.432582606617518,False,0,False,0.42864714963070655,39.71171171171172,32.96470588235294,False,0.04310344827586207,False,False,False
39.7207_32.3176,39.72072072072072,32.31764705882353,1.0042918454935623,0.6981438874386089,0.03263129950002209,2.6909576272436317,25.63519313304721,25.600695100534942,0.00024851831560769507,False,-0.3919552773202508,False,-1.0322537681812662,False,0.0,False,0,False,0.43114128358670184,39.72072072072072,32.31764705882353,False,0.28448275862068967,False,False,False
39.7207_32.3412,39.72072072072072,32.34117647058824,4.879828326180258,1.144497843218006,0.029994877814878366,4.441418032952255,27.283047210300428,25.975279206272077,0.0009452917754564943,False,-0.39388015200662335,False,-1.0455448463042345,False,0.13048664701744553,False,0,False,0.2672454527829824,39.72072072072072,32.34117647058824,False,0.375,False,False,False
39.7207_32.3529,39.72072072072072,32.35294117647059,18.51502145922747,1.1708488325064768,0.03327984616996912,4.661457339387451,26.429530908817107,25.318320837377843,0.001119479751650907,False,-0.40866258498784347,False,-1.1023819395142938,False,0.2719294196284963,False,0,False,0.24608309377638762,39.72072072072072,32.35294117647059,False,0.34913793103448276,False,False,False
39.7207_32.3647,39.72072072072072,32.36470588235294,3.875536480686695,1.7631746789188256,0.057890381034918344,7.278719732615245,23.202432045779688,24.382089905131146,0.0006836517161139347,False,-0.4206109052216434,False,-1.363026340501553,False,0.22162011862962427,False,0,False,0.24060316725983377,39.72072072072072,32.36470588235294,False,0.14655172413793102,False,False,False
39.7207_32.4,39.72072072072072,32.4,1.0042918454935623,0.7064229455400516,0.017672701302376297,2.749610904117342,25.418454935622318,25.367728922756516,0.00046311232127544435,False,-0.39088571037098924,False,-1.0220225391660904,False,0.2728454769148787,False,0,False,0.49448303147392203,39.72072072072072,32.4,False,0.34913793103448276,False,False,False
39.7207_32.4118,39.72072072072072,32.411764705882355,1.8669527896995708,0.31421645884511873,0.011119947602895773,1.68711613909672,20.050429184549355,18.67483037608986,0.0007595043050073677,False,-0.4006511009210346,False,-1.4803208344485874,False,0.3459709091053389,False,0,False,0.42614277405627654,39.72072072072072,32.411764705882355,False,0.1336206896551724,False,False,False
39.7207_32.4235,39.72072072072072,32.423529411764704,4.738197424892704,0.3888772834316528,0.015534804440644388,1.8836917256620143,21.065522174535047,20.585228733143634,0.0005302310143549385,False,-0.3972074509094818,False,-1.0724233749042749,False,0.11149972548192402,False,0,False,0.33359675677165274,39.72072072072072,32.423529411764704,False,0.06465517241379311,False,False,False
39.7207_32.4353,39.72072072072072,32.43529411764706,4.738197424892704,0.2837648097681668,0.009704132127768392,1.475854303533189,21.124034334763948,19.225189021594314,0.0013192275699341297,False,-0.39746172144509223,False,-1.3323698705595963,False,0.08496515872071354,False,0,False,0.4139536526575001,39.72072072072072,32.43529411764706,False,0.1336206896551724,False,False,False
39.7207_32.6588,39.72072072072072,32.65882352941176,3.0128755364806867,0.1769775890681945,0.003435148377088971,0.5057649428214176,34.238197424892704,34.20668542172902,0.001071609158619947,False,-0.3831098867112508,False,-1.6282552815365032,False,0.5224973182598237,False,0,False,0.4261902627533524,39.72072072072072,32.65882352941176,False,0.19827586206896552,False,False,False
39.7207_32.6706,39.72072072072072,32.67058823529412,3.0128755364806867,0.12263027221392965,0.0036683553633178744,0.5052912908665209,23.1931330472103,23.18891656743127,0.0008917867021508139,False,-0.39112740256615264,False,-0.9679841762088437,False,1.058012013304028,False,0,False,0.441453881950436,39.72072072072072,32.67058823529412,False,0.25,False,False,False
39.7207_32.7059,39.72072072072072,32.705882352941174,2.0085836909871246,0.4083024949906539,0.0066370897679490955,1.0120035375977317,39.76072961373391,39.601706341471136,0.0015443255831643803,False,-0.3852467601113759,False,-0.9863050214233968,False,0.8366691454428188,False,0,False,0.4927129071256542,39.72072072072072,32.705882352941174,False,0.1896551724137931,False,False,False
39.7207_32.7529,39.72072072072072,32.752941176470586,9.03862660944206,0.6633957939692601,0.020227142389035464,2.829801096448852,23.95088221268479,23.054106405252277,0.000670985657043197,False,-0.3943445144693175,False,-1.0727356955151508,False,0.5482615031061092,False,0,False,0.31637856318181057,39.72072072072072,32.752941176470586,False,0.25,False,False,False
39.7207_32.8,39.72072072072072,32.8,24.553648068669528,1.0195101351711178,0.029309118858260534,3.923210236308512,26.56371193805883,25.710782485693663,0.0012279466950201904,False,-0.41338855991450374,False,-1.19224122063162,False,0.1803116918988008,False,0,False,0.24828931622272593,39.72072072072072,32.8,False,0.3275862068965517,False,False,False
39.7207_32.8118,39.72072072072072,32.811764705882354,37.776824034334766,1.0263228843768737,0.02853233728806098,4.064145585536615,25.271649154121913,24.990843242815775,0.0011451837926571274,False,-0.45474591432733985,False,-1.3219911541411284,False,0.35975622578443006,False,0,False,0.24799239662719894,39.72072072072072,32.811764705882354,False,0.3620689655172414,False,False,False
39.7207_32.8824,39.72072072072072,32.88235294117647,1.0042918454935623,0.046720191078440276,0.0019718518856725103,0.27439274952059167,16.246781115879827,16.213108439862076,0.0013332470193134199,False,-0.42260560323153346,False,-1.0861966224143944,False,61.016353915953815,True,1,False,0.47952240124902434,39.72072072072072,32.88235294117647,False,0.02586206896551724,False,False,False
39.7207_32.9647,39.72072072072072,32.96470588235294,1.0044642857142858,0.020299865229110464,0.0012838089041732035,0.1412886885398271,14.25,14.209485597554433,0.0015420200743715027,False,-0.4283705627357325,False,-0.9734180426521153,False,0.015583709073303975,False,0,False,0.42864714963070655,39.72072072072072,32.96470588235294,False,0.04310344827586207,False,False,False
39.7297_32.3529,39.729729729729726,32.35294117647059,6.888412017167382,0.9556798466763194,0.026906543712608037,3.668249274553393,28.03545881872062,26.154535419845313,0.0018545259978326155,False,-0.38801652602860587,False,-1.1174699317803474,False,0.21731906434689433,False,0,False,0.2579561324097127,39.729729729729726,32.35294117647059,False,0.34913793103448276,False,False,False
39.7297_32.3647,39.729729729729726,32.36470588235294,14.639484978540773,1.4904268917645687,0.049127977630141074,6.09485518393662,24.86587982832618,24.584463445245525,0.0001678585705240255,False,-0.414878855737127,False,-1.2577717671601536,False,0.14209047488468265,False,0,False,0.22917213131688222,39.729729729729726,32.36470588235294,False,0.22844827586206898,False,False,False
39.7297_32.3765,39.729729729729726,32.37647058823529,5.742489270386266,0.8790728839221543,0.03686226261635088,4.032978159297827,21.784692417739628,21.65458149678006,0.0001826212192990559,False,-0.4003068807855052,False,-1.1565963403659623,False,0.28501376648479715,False,0,False,0.30361600391793453,39.729729729729726,32.37647058823529,False,0.07758620689655173,False,False,False
39.7297_32.3882,39.729729729729726,32.38823529411765,1.0042918454935623,1.3962877748772178,0.06526259900004422,5.3819152544872635,25.63519313304721,25.600695100534942,0.0002584500289791461,False,-0.4114984772882542,False,-1.2102753711571796,False,0.1947470856916274,False,0,False,0.4374462989770123,39.729729729729726,32.38823529411765,False,0.28448275862068967,False,False,False
39.7297_32.5294,39.729729729729726,32.529411764705884,1.0042918454935623,0.710568669527897,0.06955088902513792,9.732219497240955,7.244635193133047,7.218805007812345,0.0017406865994972255,False,-0.5140023693534399,False,-1.083489254579942,False,0.023371550637662275,False,0,False,0.23892467377517668,39.729729729729726,32.529411764705884,False,0.0,False,False,False
39.7297_32.5412,39.729729729729726,32.54117647058823,2.0085836909871246,0.710568669527897,0.06955088902513792,9.732219497240955,7.244635193133047,7.218805007812345,0.001693212651349066,False,-0.5053635583717737,False,-1.0812066380695633,False,0.011685775318831082,False,0,False,0.23898623300447233,39.729729729729726,32.54117647058823,False,0.0,False,False,False
39.7297_32.6706,39.729729729729726,32.67058823529412,4.721030042918455,1.2534981190704368,0.019487801760680087,2.999337127140059,37.88111587982832,41.6668846116781,0.0025548074288146328,False,-0.38425168140593025,False,-1.034807770741473,False,0.30746049997440483,False,0,False,0.36290864914475,39.729729729729726,32.67058823529412,False,0.11206896551724138,False,False,False
39.7297_32.6824,39.729729729729726,32.68235294117647,7.030042918454936,0.5657706682418013,0.008957506045167585,1.3735348693015423,42.12752912323728,40.457149072287024,0.004647441981087735,False,-0.38648387683286545,False,-1.0174577175136406,False,0.20728737899732652,False,0,False,0.5198936029396155,39.729729729729726,32.68235294117647,False,0.21551724137931033,False,False,False
39.7297_32.6941,39.729729729729726,32.694117647058825,1.0042918454935623,0.2856722227767242,0.0029687344046311535,0.5067122467312107,56.32832618025751,56.28051204875239,0.00411508963344443,False,-0.43308383426275654,False,-1.1549733561267737,False,2.054357424435758,False,0,False,0.8681139630867124,39.729729729729726,32.694117647058825,False,0.34051724137931033,False,False,False
39.7297_32.7176,39.729729729729726,32.71764705882353,12.257510729613735,0.36195237607083436,0.008209637311374886,1.1399912809477923,45.61971183323114,31.915963640612844,0.08340515280562405,True,-0.4021264396121195,False,-1.832915411076452,True,0.6559116985163694,False,2,True,0.7580942707060248,39.729729729729726,32.71764705882353,False,0.40948275862068967,True,True,True
39.7297_32.7294,39.729729729729726,32.72941176470588,12.454935622317597,0.35675579939493457,0.006820542896929776,0.9979473276215,42.34204207809358,35.273660996776826,0.027254901041099705,False,-0.3985791462848002,False,-1.4158032635112545,False,0.544112453999892,False,0,False,0.5164411382419926,39.729729729729726,32.72941176470588,False,0.23275862068965517,False,False,False
39.7297_32.7412,39.729729729729726,32.74117647058824,13.261802575107296,0.5037482091593702,0.015479477593996175,2.1005046470392665,38.91511683357177,24.06688530189417,0.08808992451502108,True,-0.4068781460776591,False,-1.2118082517468656,False,0.2818777817671748,False,1,False,0.7166038016878817,39.729729729729726,32.74117647058824,False,0.28448275862068967,False,False,False
39.7297_32.7529,39.729729729729726,32.752941176470586,9.44206008583691,0.8840825288225647,0.026760428476240133,3.6814930873862006,31.94420600858369,23.728346296433365,0.026459399288224928,False,-0.3957920069929167,False,-1.3697116954068354,False,0.10404593789806976,False,0,False,0.49671170790465974,39.729729729729726,32.752941176470586,False,0.3103448275862069,False,False,False
39.7297_32.8,39.729729729729726,32.8,29.682403433476395,1.108966332761181,0.03233340912168304,4.332116069344347,25.365111904368877,25.386639168524052,0.0006035031352216839,False,-0.42527988336316486,False,-1.1527028702332898,False,0.052983506329587475,False,0,False,0.25080358433553845,39.729729729729726,32.8,False,0.3017241379310345,False,False,False
39.7297_32.8235,39.729729729729726,32.8235294117647,17.682403433476395,0.3137212516765623,0.011965209456771401,0.9834825026649585,31.04542203147353,32.504479570556846,0.0008181777764151329,False,-0.4049894459709377,False,-1.425678889663584,False,0.6004946562461835,False,0,False,0.6129286301337566,39.729729729729726,32.8235294117647,False,0.3275862068965517,False,False,False
39.7297_32.8471,39.729729729729726,32.84705882352941,2.0085836909871246,0.08463650864124443,0.005040040780754051,0.7085436776127911,11.551502145922747,11.516704843093057,0.0016487440111380303,False,-0.42638453035071855,False,-1.04175938549307,False,61.016353915953815,True,1,False,0.2610231118894464,39.729729729729726,32.84705882352941,False,0.0,False,False,False
39.7297_32.9529,39.729729729729726,32.95294117647059,1.0044642857142858,0.020299865229110464,0.0012838089041732035,0.1412886885398271,14.25,14.209485597554433,0.0015420200743715027,False,-0.4283705627357325,False,-0.9734180426521153,False,0.02337556360995585,False,0,False,0.42864714963070655,39.729729729729726,32.95294117647059,False,0.04310344827586207,False,False,False
39.7297_32.9647,39.729729729729726,32.96470588235294,3.013392857142857,0.020299865229110464,0.0012838089041732035,0.1412886885398271,14.25,14.209485597554433,0.001513532471076672,False,-0.43107064732107314,False,-0.9741640542220236,False,0.046751127219911814,False,0,False,0.4288689092233174,39.729729729729726,32.96470588235294,False,0.04310344827586207,False,False,False
39.7297_33.0118,39.729729729729726,33.01176470588235,6.055793991416309,0.16456849933963655,0.004980252637306178,0.6994880077270256,20.75720416922134,24.854469811186725,0.007538446809810709,False,-0.3999304238404895,False,-1.3617051052667564,False,0.8023102516745115,False,0,False,0.45219227313008886,39.729729729729726,33.01176470588235,False,0.29310344827586204,False,False,False
39.7297_33.0588,39.729729729729726,33.05882352941176,2.0089285714285716,0.020299865229110464,0.0012838089041732035,0.1412886885398271,14.25,14.209485597554433,0.0015272302171478833,False,-0.4236575194948582,False,-0.9698860000793843,False,61.016353915953815,True,1,False,0.42875801577172845,39.729729729729726,33.05882352941176,False,0.04310344827586207,False,False,False
39.7387_32.4,39.73873873873874,32.4,6.888412017167382,1.4215471824693384,0.04619199755202966,5.666204734703205,24.438176987533208,25.178346326878128,0.00025798887004809353,False,-0.4030581603348433,False,-1.1260340162901956,False,0.18460440099140857,False,0,False,0.23309458528607147,39.73873873873874,32.4,False,0.2413793103448276,False,False,False
39.7387_32.4118,39.73873873873874,32.411764705882355,1.0042918454935623,1.0472158311579134,0.04894694925003314,4.036436440865448,25.63519313304721,25.600695100534942,0.00016479605190249767,False,-0.40005062215207476,False,-1.0828488635572742,False,0.23672936117263008,False,0,False,0.4339216891132935,39.73873873873874,32.411764705882355,False,0.28448275862068967,False,False,False
39.7387_32.5412,39.73873873873874,32.54117647058823,2.0085836909871246,0.710568669527897,0.06955088902513792,9.732219497240955,7.244635193133047,7.218805007812345,0.001693212651349066,False,-0.5053635583717737,False,-1.0812066380695633,False,0.007790516879220721,False,0,False,0.23898623300447233,39.73873873873874,32.54117647058823,False,0.0,False,False,False
39.7387_32.5882,39.73873873873874,32.588235294117645,1.0042918454935623,0.2820806434161647,0.004376214004915232,0.6382767699354419,43.71030042918455,43.72850438783915,0.0018051252545493435,False,-0.39382858612274074,False,-0.990457293099362,False,0.07011465191298705,False,0,False,0.613030923946,39.73873873873874,32.588235294117645,False,0.2672413793103448,False,False,False
39.7387_32.6588,39.73873873873874,32.65882352941176,1.0042918454935623,0.2820806434161647,0.004376214004915232,0.6382767699354419,43.71030042918455,43.72850438783915,0.0018051252545493435,False,-0.39382858612274074,False,-0.990457293099362,False,0.3153340119094805,False,0,False,0.613030923946,39.73873873873874,32.65882352941176,False,0.2672413793103448,False,False,False
39.7387_32.6706,39.73873873873874,32.67058823529412,13.158798283261802,1.1130082150760696,0.016662862898186605,2.5797892061582064,39.62106348587035,43.143877980536246,0.0016427460173200636,False,-0.3965230241078874,False,-1.1223543936108091,False,0.22218216870922447,False,0,False,0.3702299936674157,39.73873873873874,32.67058823529412,False,0.10344827586206896,False,False,False
39.7387_32.7059,39.73873873873874,32.705882352941174,2.0085836909871246,0.1699952312827849,0.005669051025274172,0.7855946590367192,21.43776824034335,21.45433453799389,0.0008898359381984909,False,-0.38868761889747483,False,-0.9877050556332266,False,1.8724797296687088,False,0,False,0.34565846953969465,39.73873873873874,32.705882352941174,False,0.11206896551724138,False,False,False
39.7387_32.7176,39.73873873873874,32.71764705882353,6.832618025751073,0.3147987307153397,0.009578755572169735,1.2674879818796774,42.78862660944206,24.89178821382701,0.1259599009994236,True,-0.39843964009210797,False,-1.3415747030521163,False,0.6367954274895863,False,1,False,0.8605240534537776,39.73873873873874,32.71764705882353,False,0.3577586206896552,False,False,False
39.7387_32.7412,39.73873873873874,32.74117647058824,7.236051502145923,0.29315734084204287,0.009037772341461652,1.1882535740869364,49.52932761087268,25.88054297411038,0.221492986894175,True,-0.40888016077438083,False,-1.8548505838897626,True,1.3068585897167582,False,2,True,1.0666037045535068,39.73873873873874,32.74117647058824,True,0.45689655172413796,True,True,True
39.7387_32.7529,39.73873873873874,32.752941176470586,14.46351931330472,1.1638311886535244,0.03512670723163428,4.876355076258107,29.77264223616155,23.539619988593216,0.015840899164384362,False,-0.40616581367838617,False,-1.3731312129472604,False,0.32014136333198856,False,0,False,0.4419448811676262,39.73873873873874,32.752941176470586,False,0.3017241379310345,False,False,False
39.7387_32.7647,39.73873873873874,32.76470588235294,3.0128755364806867,0.6287703620566892,0.018973412979604466,2.659818511464171,24.688125894134476,23.30029582929195,0.000909669237251414,False,-0.3893526030005346,False,-1.0234748261245579,False,0.6241964789133405,False,0,False,0.3303887250290131,39.73873873873874,32.76470588235294,False,0.25862068965517243,False,False,False
39.7387_32.8235,39.73873873873874,32.8235294117647,3.4163090128755367,0.09619464703578297,0.0035919161699726893,0.41221058772843566,28.493562231759658,22.988499563653058,0.011479712607069916,False,-0.39510154041694234,False,-1.7237902992865912,False,0.612630482171964,False,0,False,0.8324088463328146,39.73873873873874,32.8235294117647,False,0.3577586206896552,False,False,False
39.7387_32.9882,39.73873873873874,32.98823529411764,2.0089285714285716,0.020299865229110464,0.0012838089041732035,0.1412886885398271,14.25,14.209485597554433,0.0015272302171478833,False,-0.4236575194948582,False,-0.9698860000793843,False,0.023375563609955963,False,0,False,0.42875801577172845,39.73873873873874,32.98823529411764,False,0.04310344827586207,False,False,False
39.7387_33.0,39.73873873873874,33.0,1.0044642857142858,0.020299865229110464,0.0012838089041732035,0.1412886885398271,14.25,14.209485597554433,0.0015420200743715027,False,-0.4283705627357325,False,-0.9734180426521153,False,0.40303346231814363,False,0,False,0.42864714963070655,39.73873873873874,33.0,False,0.04310344827586207,False,False,False
39.7477_32.4,39.74774774774775,32.4,1.8669527896995708,0.31421645884511873,0.011119947602895773,1.68711613909672,20.050429184549355,18.67483037608986,0.0007595043050073677,False,-0.4006511009210346,False,-1.4803208344485874,False,0.8221241659575305,False,0,False,0.42614277405627654,39.74774774774775,32.4,False,0.1336206896551724,False,False,False
39.7477_32.4235,39.74774774774775,32.423529411764704,10.042918454935622,1.5867679643725643,0.05029975777525207,6.017798287644661,26.040772532188843,26.39575866813947,6.470290809123287e-05,False,-0.40728365850860493,False,-1.1653754657217532,False,0.18949442332005934,False,0,False,0.24937643829463516,39.74774774774775,32.423529411764704,False,0.3103448275862069,False,False,False
39.7477_32.4353,39.74774774774775,32.43529411764706,3.0128755364806867,1.6855039729207817,0.052262919805833155,6.3874472499114425,26.085836909871244,26.440164106090375,5.572785584064666e-05,False,-0.40514729295892676,False,-1.133448870149348,False,0.16390068279390804,False,0,False,0.2463568816000803,39.74774774774775,32.43529411764706,False,0.33620689655172414,False,False,False
39.7477_32.5294,39.74774774774775,32.529411764705884,2.0085836909871246,0.710568669527897,0.06955088902513792,9.732219497240955,7.244635193133047,7.218805007812345,0.001693212651349066,False,-0.5053635583717737,False,-1.0812066380695633,False,0.0,False,0,False,0.23898623300447233,39.74774774774775,32.529411764705884,False,0.0,False,False,False
39.7477_32.6,39.74774774774775,32.6,4.017167381974249,0.2820806434161647,0.004376214004915232,0.6382767699354419,43.71030042918455,43.72850438783915,0.0019242706648502355,False,-0.3923095962270763,False,-0.9939717234839558,False,0.07011465191298705,False,0,False,0.6132523272153502,39.74774774774775,32.6,False,0.2672413793103448,False,False,False
39.7477_32.6235,39.74774774774775,32.62352941176471,2.0085836909871246,0.2820806434161647,0.004376214004915232,0.6382767699354419,43.71030042918455,43.72850438783915,0.0018437486551054997,False,-0.39132568172122556,False,-0.9898479643646292,False,0.14022930382597393,False,0,False,0.6131047056616917,39.74774774774775,32.62352941176471,False,0.2672413793103448,False,False,False
39.7477_32.6471,39.74774774774775,32.64705882352941,15.467811158798284,0.9796213099702684,0.014089580159444991,2.1681536258085847,42.78414316370325,44.966085289986225,0.0007085561260525828,False,-0.3957609540690102,False,-1.1424420470397583,False,0.14147657723076357,False,0,False,0.4302509532942646,39.74774774774775,32.64705882352941,False,0.20689655172413793,False,False,False
39.7477_32.6588,39.74774774774775,32.65882352941176,9.44206008583691,0.9608686551905331,0.013455289701832249,2.1128635647048735,42.26781115879828,45.46277241415272,0.0012229326642909642,False,-0.38717796313499064,False,-1.174556488431287,False,0.10100870217831157,False,0,False,0.4003879482409327,39.74774774774775,32.65882352941176,False,0.1810344827586207,False,False,False
39.7477_32.7176,39.74774774774775,32.71764705882353,6.128755364806867,0.37182324217708335,0.011495209017067257,1.538736902164674,38.283261802575105,23.951482491420983,0.07970114603953665,False,-0.40026999361176957,False,-1.2645837313433337,False,0.4363208077737795,False,0,False,0.7526577122207939,39.74774774774775,32.71764705882353,False,0.3103448275862069,False,False,False
39.7477_32.7294,39.74774774774775,32.72941176470588,1.0042918454935623,0.1699952312827849,0.005669051025274172,0.7855946590367192,21.43776824034335,21.45433453799389,0.0008934387840730078,False,-0.39216728770840753,False,-0.9918323865461103,False,1.3318079554828144,False,0,False,0.34565859430525214,39.74774774774775,32.72941176470588,False,0.11206896551724138,False,False,False
39.7477_32.7412,39.74774774774775,32.74117647058824,2.0085836909871246,0.1699952312827849,0.005669051025274172,0.7855946590367192,21.43776824034335,21.45433453799389,0.0008898359381984909,False,-0.38868761889747483,False,-0.9877050556332266,False,1.0886177025637804,False,0,False,0.34565846953969465,39.74774774774775,32.74117647058824,False,0.11206896551724138,False,False,False
39.7477_32.7529,39.74774774774775,32.752941176470586,26.01716738197425,0.8048515720240297,0.023970315756886226,3.355885604301705,30.38887185775598,23.57370517389731,0.02107874313167089,False,-0.42133983544534415,False,-1.298385670539672,False,0.4975703994865765,False,0,False,0.4681805005526758,39.74774774774775,32.752941176470586,False,0.3275862068965517,False,False,False
39.7477_32.7647,39.74774774774775,32.76470588235294,2.0085836909871246,0.5149132414611477,0.019228690013105464,1.398904203146068,37.32725321888412,36.7699131914489,0.001367600027102447,False,-0.37811803629579466,False,-0.9970786071744733,False,1.0904293460740992,False,0,False,0.4680899502528541,39.74774774774775,32.76470588235294,False,0.27586206896551724,False,False,False
39.7477_32.8118,39.74774774774775,32.811764705882354,8.643776824034335,0.2639053698814284,0.009241503089359537,0.8040962820329478,32.0596306411757,30.72092293636587,0.002195594542049702,False,-0.38465012064701626,False,-1.0892062296765472,False,1.7429451538834284,False,0,False,0.7921571832261072,39.74774774774775,32.811764705882354,False,0.41379310344827586,True,True,False
39.7477_32.8588,39.74774774774775,32.858823529411765,2.0085836909871246,0.08463650864124443,0.005040040780754051,0.7085436776127911,11.551502145922747,11.516704843093057,0.0016487440111380303,False,-0.42638453035071855,False,-1.04175938549307,False,0.007790516879220832,False,0,False,0.2610231118894464,39.74774774774775,32.858823529411765,False,0.0,False,False,False
39.7477_32.8706,39.74774774774775,32.870588235294115,1.0042918454935623,0.08463650864124443,0.005040040780754051,0.7085436776127911,11.551502145922747,11.516704843093057,0.0016698949577802892,False,-0.42919466071429063,False,-1.0489193252075544,False,0.04674310127532466,False,0,False,0.2609493848575167,39.74774774774775,32.870588235294115,False,0.0,False,False,False
39.7477_33.1059,39.74774774774775,33.10588235294117,1.0044642857142858,0.020299865229110464,0.0012838089041732035,0.1412886885398271,14.25,14.209485597554433,0.0015420200743715027,False,-0.4283705627357325,False,-0.9734180426521153,False,61.016353915953815,True,1,False,0.42864714963070655,39.74774774774775,33.10588235294117,False,0.04310344827586207,False,False,False
39.7568_32.3882,39.75675675675676,32.38823529411765,1.0042918454935623,0.2974205541353233,0.006225845853997151,0.8739612465708622,34.35622317596567,34.33118254582122,0.0009608255303268153,False,-0.37708660098403785,False,-1.0,False,1.6889520105537974,False,0,False,0.5564105738934705,39.75675675675676,32.38823529411765,False,0.1810344827586207,False,False,False
39.7568_32.6353,39.75675675675676,32.63529411764706,8.034334763948499,0.2820806434161647,0.004376214004915232,0.6382767699354419,43.71030042918455,43.72850438783915,0.002098415518869407,False,-0.3961826441029589,False,-1.048829888141984,False,0.18901029069259181,False,0,False,0.6135477579214058,39.75675675675676,32.63529411764706,False,0.2672413793103448,False,False,False
39.7568_32.6471,39.75675675675676,32.64705882352941,2.0085836909871246,0.2820806434161647,0.004376214004915232,0.6382767699354419,43.71030042918455,43.72850438783915,0.0018437486551054997,False,-0.39132568172122556,False,-0.9898479643646292,False,0.2611831131752781,False,0,False,0.6131047056616917,39.75675675675676,32.64705882352941,False,0.2672413793103448,False,False,False
39.7568_32.6588,39.75675675675676,32.65882352941176,28.326180257510728,1.4235907007692048,0.020309456762998696,3.1505557785990197,42.26781115879828,45.146284209711474,0.0007432721932622432,False,-0.40080310170131794,False,-1.0722012669766507,False,0.4745760337629126,False,0,False,0.4079398684763493,39.75675675675676,32.65882352941176,False,0.1810344827586207,False,False,False
39.7568_32.7294,39.75675675675676,32.72941176470588,6.832618025751073,0.39932185207334386,0.012182430737112983,1.6189744295939776,42.78862660944206,24.675183035744496,0.12865540846106074,True,-0.39844310122691323,False,-1.3021839768313244,False,0.3371691845893868,False,1,False,0.855041973154967,39.75675675675676,32.72941176470588,False,0.3448275862068966,False,False,False
39.7568_32.7412,39.75675675675676,32.74117647058824,15.373390557939913,0.47509928149183983,0.01308793498374352,1.8562990986928498,46.46518836433,25.583475941599154,0.17650394988331783,True,-0.41485966319501355,False,-1.386350123979665,False,0.8210481910601045,False,1,False,0.7682487873986886,39.75675675675676,32.74117647058824,False,0.3793103448275862,False,False,False
39.7568_32.7529,39.75675675675676,32.752941176470586,26.4206008583691,1.2542243348872109,0.037547556250582176,5.2369764360562785,33.890276750037,23.732907545162163,0.044407163724763665,False,-0.42011998371919806,False,-1.3002026306191776,False,0.3488397685329378,False,0,False,0.5489692460402176,39.75675675675676,32.752941176470586,False,0.3103448275862069,False,False,False
39.7568_32.7765,39.75675675675676,32.77647058823529,6.0257510729613735,0.5566054203855205,0.017815983536199616,2.493989230661951,22.11802575107296,22.04263464000369,0.0004894379902444948,False,-0.3939543557580921,False,-1.0474982200375218,False,1.2643838784660275,False,0,False,0.28882879934847366,39.75675675675676,32.77647058823529,False,0.12931034482758622,False,False,False
39.7568_32.8,39.75675675675676,32.8,119.28755364806867,1.216275057534737,0.03327344117961531,4.650122062651549,25.97353663529453,26.03673089955883,0.007533747929162497,False,-0.5166600143104408,False,-2.069074114512343,True,1.623762743772326,False,1,False,0.25411747821225583,39.75675675675676,32.8,False,0.36637931034482757,False,False,False
39.7568_32.8118,39.75675675675676,32.811764705882354,122.02575107296137,14.4135418415408,0.2437127566326401,29.73513649674531,33.03758823593715,47.94265078663796,0.03749927270681069,False,-0.5121023178939395,False,-1.3161081960023622,False,2.0551518196602996,False,0,False,0.5459017936685612,39.75675675675676,32.811764705882354,False,0.23706896551724138,False,False,False
39.7568_32.8353,39.75675675675676,32.83529411764706,1.0042918454935623,0.046720191078440276,0.0019718518856725103,0.27439274952059167,16.246781115879827,16.213108439862076,0.0013332470193134199,False,-0.42260560323153346,False,-1.0861966224143944,False,0.17468048766228436,False,0,False,0.47952240124902434,39.75675675675676,32.83529411764706,False,0.02586206896551724,False,False,False
39.7568_32.8471,39.75675675675676,32.84705882352941,2.0085836909871246,0.08463650864124443,0.005040040780754051,0.7085436776127911,11.551502145922747,11.516704843093057,0.0016487440111380303,False,-0.42638453035071855,False,-1.04175938549307,False,0.11036630252693058,False,0,False,0.2610231118894464,39.75675675675676,32.84705882352941,False,0.0,False,False,False
39.7568_32.8588,39.75675675675676,32.858823529411765,4.017167381974249,0.08463650864124443,0.005040040780754051,0.7085436776127911,11.551502145922747,11.516704843093057,0.0016097173264859402,False,-0.4359370168329605,False,-1.0506921687885118,False,0.04090021361590912,False,0,False,0.26117069288768013,39.75675675675676,32.858823529411765,False,0.0,False,False,False
39.7658_32.4,39.76576576576576,32.4,2.01,0.13471994535519122,0.0071482240437158225,1.0657650273224042,12.845,12.839589045998887,0.0014388883053427896,False,-0.420082969369558,False,-0.9908086747076368,False,1.848570911520312,False,0,False,0.5423245664225395,39.76576576576576,32.4,False,0.02586206896551724,False,False,False
39.7658_32.4706,39.76576576576576,32.47058823529412,3.0128755364806867,1.6855039729207817,0.052262919805833155,6.3874472499114425,26.085836909871244,26.440164106090375,5.572785584064666e-05,False,-0.40514729295892676,False,-1.133448870149348,False,61.016353915953815,True,1,False,0.2463568816000803,39.76576576576576,32.47058823529412,False,0.33620689655172414,False,False,False
39.7658_32.5176,39.76576576576576,32.51764705882353,4.017167381974249,0.710568669527897,0.06955088902513792,9.732219497240955,7.244635193133047,7.218805007812345,0.0016015399636851873,False,-0.5055037495520243,False,-1.102643130192781,False,0.8827567816324591,False,0,False,0.23911142761041126,39.76576576576576,32.51764705882353,False,0.0,False,False,False
39.7658_32.6,39.76576576576576,32.6,3.015,2.3251875,0.1421875,19.925250000000002,11.3625,11.381552966547444,0.005534619028621834,False,-0.5410136124903769,False,-2.6234610429715586,True,0.023388030577214503,False,1,False,0.5427853968460672,39.76576576576576,32.6,False,0.02586206896551724,False,False,False
39.7658_32.6471,39.76576576576576,32.64705882352941,6.0257510729613735,0.28447502965653765,0.0034378942713924887,0.5505670877992878,52.122317596566525,51.040855303323355,0.005790343348025133,False,-0.4086556793247839,False,-0.9965466716159938,False,0.5969670001740536,False,0,False,0.6746425300556262,39.76576576576576,32.64705882352941,False,0.3879310344827586,True,True,False
39.7658_32.6588,39.76576576576576,32.65882352941176,7.4334763948497855,0.8052941980989653,0.01300441386884532,1.9694536732816132,38.572514306151646,40.86565883341698,0.0008865561064476521,False,-0.38430167249271646,False,-0.9906307201489121,False,0.7443980919235611,False,0,False,0.3520713277912698,39.76576576576576,32.65882352941176,False,0.09482758620689655,False,False,False
39.7658_32.6706,39.76576576576576,32.67058823529412,13.459227467811159,1.083962117533383,0.015110297381235776,2.356594664280217,46.447782546495,45.79778554404549,0.0038677513286347227,False,-0.3965930356181549,False,-1.051979711725031,False,0.1936401165054081,False,0,False,0.44929151916407223,39.76576576576576,32.67058823529412,False,0.23275862068965517,False,False,False
39.7658_32.6824,39.76576576576576,32.68235294117647,1.0042918454935623,0.2856722227767242,0.0029687344046311535,0.5067122467312107,56.32832618025751,56.28051204875239,0.00411508963344443,False,-0.43308383426275654,False,-1.1549733561267737,False,0.7493250756029242,False,0,False,0.8681139630867124,39.76576576576576,32.68235294117647,False,0.34051724137931033,False,False,False
39.7658_32.6941,39.76576576576576,32.694117647058825,1.0042918454935623,0.2856722227767242,0.0029687344046311535,0.5067122467312107,56.32832618025751,56.28051204875239,0.00411508963344443,False,-0.43308383426275654,False,-1.1549733561267737,False,0.0,False,0,False,0.8681139630867124,39.76576576576576,32.694117647058825,False,0.34051724137931033,False,False,False
39.7658_32.7176,39.76576576576576,32.71764705882353,7.236051502145923,0.29315734084204287,0.009037772341461652,1.1882535740869364,49.52932761087268,25.88054297411038,0.221492986894175,True,-0.40888016077438083,False,-1.8548505838897626,True,0.22489498223832685,False,2,True,1.0666037045535068,39.76576576576576,32.71764705882353,True,0.45689655172413796,True,True,True
39.7658_32.7294,39.76576576576576,32.72941176470588,9.648068669527897,0.29315734084204287,0.009037772341461652,1.1882535740869364,49.52932761087268,25.880542974110377,0.22283687837666435,True,-0.41128927212470734,False,-1.8178976304393735,True,0.3208261124383849,False,2,True,1.0716982953699066,39.76576576576576,32.72941176470588,True,0.45689655172413796,True,True,True
39.7658_32.7412,39.76576576576576,32.74117647058824,14.068669527896995,0.4576959214927445,0.013251347197441527,1.8465708184590568,39.28100768204278,25.01183590617958,0.08279671455719974,True,-0.40156489964352793,False,-1.2141386591420358,False,0.16183153715497736,False,1,False,0.742211109835709,39.76576576576576,32.74117647058824,False,0.35344827586206895,False,False,False
39.7658_32.7529,39.76576576576576,32.752941176470586,6.532188841201717,1.026090891948658,0.02996807189581328,4.335122491462687,40.36641630901288,23.98477809493658,0.10401807992374744,True,-0.40144345948783794,False,-1.3079735304472722,False,0.30979321584795,False,1,False,0.7476262542563404,39.76576576576576,32.752941176470586,False,0.3448275862068966,False,False,False
39.7658_32.7647,39.76576576576576,32.76470588235294,37.47639484978541,1.1192960165621548,0.03364586439537209,4.670950884199667,38.743545596699605,24.037714209386614,0.09480941610727685,True,-0.45767474061055297,False,-1.3309042933056239,False,0.572628497075857,False,1,False,0.7054063743443031,39.76576576576576,32.76470588235294,False,0.3017241379310345,False,False,False
39.7658_32.8,39.76576576576576,32.8,9.648068669527897,0.6760207600970133,0.020962285481528675,2.625696191887315,33.611945636623744,25.988069766164116,0.02427314788591395,False,-0.3837520334005932,False,-1.2197019778947962,False,2.540083822938875,False,0,False,0.6443260502508404,39.76576576576576,32.8,False,0.34051724137931033,False,False,False
39.7658_32.8118,39.76576576576576,32.811764705882354,116.4206008583691,17.720350062701176,0.2629543474367368,35.51203345623456,33.836700581514954,49.42208050554521,0.040639490063636007,False,-0.5023152176328103,False,-1.243578941820037,False,1.5567095999959573,False,0,False,0.56035948631518,39.76576576576576,32.811764705882354,False,0.2543103448275862,False,False,False
39.7658_32.8235,39.76576576576576,32.8235294117647,1.7081545064377683,0.4564305436270923,0.013275107202755099,1.931892906368612,32.6587982832618,23.423239428639523,0.0318008625467407,False,-0.39047234103568584,False,-1.5203704961325664,False,1.8754549318754068,False,0,False,0.5983878849110014,39.76576576576576,32.8235294117647,False,0.33189655172413796,False,False,False
39.7658_32.8471,39.76576576576576,32.84705882352941,4.017167381974249,0.08463650864124443,0.005040040780754051,0.7085436776127911,11.551502145922747,11.516704843093057,0.0016097173264859402,False,-0.4359370168329605,False,-1.0506921687885118,False,0.11036630252693055,False,0,False,0.26117069288768013,39.76576576576576,32.84705882352941,False,0.0,False,False,False
39.7658_32.9882,39.76576576576576,32.98823529411764,2.0089285714285716,0.020299865229110464,0.0012838089041732035,0.1412886885398271,14.25,14.209485597554433,0.0015272302171478833,False,-0.4236575194948582,False,-0.9698860000793843,False,61.016353915953815,True,1,False,0.42875801577172845,39.76576576576576,32.98823529411764,False,0.04310344827586207,False,False,False
39.7748_32.3765,39.77477477477478,32.37647058823529,2.0085836909871246,0.2974205541353233,0.006225845853997151,0.8739612465708622,34.35622317596567,34.33118254582122,0.0009824632705956423,False,-0.37358680383668486,False,-1.0,False,0.023371550637662386,False,0,False,0.5564104055653362,39.77477477477478,32.37647058823529,False,0.1810344827586207,False,False,False
39.7748_32.3882,39.77477477477478,32.38823529411765,4.017167381974249,0.2974205541353233,0.006225845853997151,0.8739612465708622,34.35622317596567,34.33118254582122,0.0010290139597657223,False,-0.3746575945570098,False,-1.7435434366530125,False,0.5180685916775277,False,0,False,0.5564101688374624,39.77477477477478,32.38823529411765,False,0.1810344827586207,False,False,False
39.7748_32.4,39.77477477477478,32.4,9.03862660944206,1.2228094999922956,0.036917228488554485,4.549618582131249,28.842632331902717,26.880756949397476,0.002081044283537457,False,-0.3920686454491691,False,-1.240311204636443,False,0.29001940091111866,False,0,False,0.24777930163871617,39.77477477477478,32.4,False,0.33189655172413796,False,False,False
39.7748_32.4118,39.77477477477478,32.411764705882355,1.0042918454935623,0.2974205541353233,0.006225845853997151,0.8739612465708622,34.35622317596567,34.33118254582122,0.0009608255303268153,False,-0.37708660098403785,False,-1.0,False,0.43319810322567154,False,0,False,0.5564105738934705,39.77477477477478,32.411764705882355,False,0.1810344827586207,False,False,False
39.7748_32.4235,39.77477477477478,32.423529411764704,2.0085836909871246,0.2974205541353233,0.006225845853997151,0.8739612465708622,34.35622317596567,34.33118254582122,0.0009824632705956423,False,-0.37358680383668486,False,-1.0,False,1.1102230246251565e-16,False,0,False,0.5564104055653362,39.77477477477478,32.423529411764704,False,0.1810344827586207,False,False,False
39.7748_32.4353,39.77477477477478,32.43529411764706,5.021459227467811,0.2974205541353232,0.006225845853997151,0.8739612465708622,34.35622317596567,34.33118254582122,0.0010539269086669736,False,-0.3756272493571447,False,-1.9890800987282478,True,0.04674310127532466,False,1,False,0.5564100906998342,39.77477477477478,32.43529411764706,False,0.1810344827586207,False,False,False
39.7748_32.5059,39.77477477477478,32.50588235294118,6.0257510729613735,1.6855039729207817,0.052262919805833155,6.3874472499114425,26.085836909871244,26.440164106090375,4.548561631063962e-05,False,-0.4040897075248694,False,-1.140713065950942,False,1.1779368416355527,False,0,False,0.24651067005149704,39.77477477477478,32.50588235294118,False,0.3275862068965517,False,False,False
39.7748_32.5176,39.77477477477478,32.51764705882353,2.0085836909871246,0.710568669527897,0.06955088902513792,9.732219497240955,7.244635193133047,7.218805007812345,0.001693212651349066,False,-0.5053635583717737,False,-1.0812066380695633,False,1.1795844610243253,False,0,False,0.23898623300447233,39.77477477477478,32.51764705882353,False,0.0,False,False,False
39.7748_32.5882,39.77477477477478,32.588235294117645,4.02,2.3251875,0.1421875,19.925250000000002,11.3625,11.381552966547444,0.005478449654820931,False,-0.5411333289407739,False,-2.5579754305353184,True,0.035082045865821754,False,1,False,0.5450633902660937,39.77477477477478,32.588235294117645,False,0.02586206896551724,False,False,False
39.7748_32.6588,39.77477477477478,32.65882352941176,1.0042918454935623,0.2856722227767242,0.0029687344046311535,0.5067122467312107,56.32832618025751,56.28051204875239,0.00411508963344443,False,-0.43308383426275654,False,-1.1549733561267737,False,1.0582596390764158,False,0,False,0.8681139630867124,39.77477477477478,32.65882352941176,False,0.34051724137931033,False,False,False
39.7748_32.6706,39.77477477477478,32.67058823529412,18.88412017167382,1.4235907007692048,0.020309456762998696,3.1505557785990197,42.26781115879828,45.146284209711474,0.000778266307349343,False,-0.39368894464725546,False,-1.0685127935892282,False,0.5677774633347957,False,0,False,0.4032493777314242,39.77477477477478,32.67058823529412,False,0.1810344827586207,False,False,False
39.7748_32.7294,39.77477477477478,32.72941176470588,8.240343347639485,0.33555669795444193,0.010308778995745383,1.362201601273174,46.80171673819742,25.218568461673335,0.18414943299284245,True,-0.4099618294398742,False,-1.6284950480950218,False,0.0718780366233973,False,1,False,0.977056021777396,39.77477477477478,32.72941176470588,True,0.4267241379310345,True,True,False
39.7748_32.7529,39.77477477477478,32.752941176470586,2.7124463519313307,0.41043963229339364,0.011777084548413468,1.7412956592222384,29.128040057224606,22.993131026512664,0.013865638420287036,False,-0.38703333574961796,False,-1.7672922944720693,True,0.8932309643600528,False,1,False,0.5126651003871918,39.77477477477478,32.752941176470586,False,0.2974137931034483,False,False,False
39.7748_32.7647,39.77477477477478,32.76470588235294,15.879828326180258,0.5962001257249122,0.017096025264420937,2.452063884515122,44.3818669527897,25.210803071888503,0.1488449098140608,True,-0.4126337471795518,False,-1.280612662447319,False,0.6648356117995742,False,1,False,0.8841836618593633,39.77477477477478,32.76470588235294,False,0.3706896551724138,False,False,False
39.7748_32.7765,39.77477477477478,32.77647058823529,49.227467811158796,1.3161028853518077,0.03868676092792351,5.424277150636607,33.20336659049105,24.035508770156017,0.04236328511550713,False,-0.46376210193748846,False,-1.294965378380701,False,0.5676234511359008,False,0,False,0.5632739481460886,39.77477477477478,32.77647058823529,False,0.3017241379310345,False,False,False
39.7748_32.8,39.77477477477478,32.8,12.78969957081545,6.09876215318039,0.0906927690010089,11.212555140830053,36.97118332311465,52.9471200860665,0.0673289382488032,False,-0.41803741684361034,False,-1.1881784505644686,False,2.420471180354113,False,0,False,0.5226207354911174,39.77477477477478,32.8,False,0.1896551724137931,False,False,False
39.7748_32.8118,39.77477477477478,32.811764705882354,141.793991416309,16.786433636101105,0.24842254021104918,33.190198384761125,38.55323984847546,50.36673325262575,0.013903122596128095,False,-0.49623672044602835,False,-1.1256899260516278,False,1.637052086131159,False,0,False,0.6368068226121927,39.77477477477478,32.811764705882354,False,0.1853448275862069,False,False,False
39.7748_32.8235,39.77477477477478,32.8235294117647,16.643776824034333,6.018102521771427,0.08445400525708034,10.498084140726862,49.967300224810955,58.40900430304485,0.009709462234361857,False,-0.4076906203415268,False,-1.1543722114060355,False,1.7835368070767608,False,0,False,0.4458569503856334,39.77477477477478,32.8235294117647,False,0.1206896551724138,False,False,False
39.7748_32.8353,39.77477477477478,32.83529411764706,6.0257510729613735,0.08463650864124443,0.005040040780754051,0.7085436776127911,11.551502145922747,11.516704843093057,0.001575057586677091,False,-0.4390909224785215,False,-1.1076086782980945,False,3.1823452762159024,False,0,False,0.26131840723612276,39.77477477477478,32.83529411764706,False,0.0,False,False,False
39.7748_33.0353,39.77477477477478,33.035294117647055,1.0044642857142858,0.020299865229110464,0.0012838089041732035,0.1412886885398271,14.25,14.209485597554433,0.0015420200743715027,False,-0.4283705627357325,False,-0.9734180426521153,False,61.016353915953815,True,1,False,0.42864714963070655,39.77477477477478,33.035294117647055,False,0.04310344827586207,False,False,False
39.7838_32.3765,39.78378378378378,32.37647058823529,2.0085836909871246,0.2974205541353233,0.006225845853997151,0.8739612465708622,34.35622317596567,34.33118254582122,0.0009824632705956423,False,-0.37358680383668486,False,-1.0,False,0.017528662978246845,False,0,False,0.5564104055653362,39.78378378378378,32.37647058823529,False,0.1810344827586207,False,False,False
39.7838_32.4,39.78378378378378,32.4,1.0042918454935623,0.2974205541353233,0.006225845853997151,0.8739612465708622,34.35622317596567,34.33118254582122,0.0009608255303268153,False,-0.37708660098403785,False,-1.0,False,0.3736472882829223,False,0,False,0.5564105738934705,39.78378378378378,32.4,False,0.1810344827586207,False,False,False
39.7838_32.4118,39.78378378378378,32.411764705882355,1.0042918454935623,0.2974205541353233,0.006225845853997151,0.8739612465708622,34.35622317596567,34.33118254582122,0.0009608255303268153,False,-0.37708660098403785,False,-1.0,False,0.32517432431961246,False,0,False,0.5564105738934705,39.78378378378378,32.411764705882355,False,0.1810344827586207,False,False,False
39.7838_32.4235,39.78378378378378,32.423529411764704,1.0042918454935623,0.2974205541353233,0.006225845853997151,0.8739612465708622,34.35622317596567,34.33118254582122,0.0009608255303268153,False,-0.37708660098403785,False,-1.0,False,0.333355929952277,False,0,False,0.5564105738934705,39.78378378378378,32.423529411764704,False,0.1810344827586207,False,False,False
39.7838_32.4471,39.78378378378378,32.44705882352941,6.0257510729613735,0.2974205541353233,0.006225845853997151,0.8739612465708622,34.35622317596567,34.33118254582122,0.0010799315937790343,False,-0.376149977201085,False,-1.9020440338345401,True,0.2565211451921915,False,1,False,0.5564100344791172,39.78378378378378,32.44705882352941,False,0.1810344827586207,False,False,False
39.7838_32.5059,39.78378378378378,32.50588235294118,6.0257510729613735,1.6855039729207817,0.052262919805833155,6.3874472499114425,26.085836909871244,26.440164106090375,4.548561631063962e-05,False,-0.4040897075248694,False,-1.140713065950942,False,0.8839934688870342,False,0,False,0.24651067005149704,39.78378378378378,32.50588235294118,False,0.3275862068965517,False,False,False
39.7838_32.6,39.78378378378378,32.6,2.01,2.3251875,0.1421875,19.925250000000002,11.3625,11.381552966547444,0.005591881678804359,False,-0.5413038183062148,False,-2.6344957807182188,True,0.05847007644303637,False,1,False,0.540511301451409,39.78378378378378,32.6,False,0.02586206896551724,False,False,False
39.7838_32.6824,39.78378378378378,32.68235294117647,11.450643776824034,1.2752014522691946,0.017906537361424772,2.7804180509846432,44.60672389127325,45.812687628058846,0.0009966158422675293,False,-0.39416356796021673,False,-1.047517090915136,False,0.13535811953866358,False,0,False,0.4231874436733783,39.78378378378378,32.68235294117647,False,0.21551724137931033,False,False,False
39.7838_32.6941,39.78378378378378,32.694117647058825,10.446351931330472,1.4172045502064101,0.01983913783977072,3.0565756621496503,43.96531842025404,46.22502702539131,0.0006403067314682557,False,-0.3867738464262759,False,-1.074811487039154,False,0.3438229042222736,False,0,False,0.41474093809079854,39.78378378378378,32.694117647058825,False,0.1810344827586207,False,False,False
39.7838_32.7059,39.78378378378378,32.705882352941174,3.0987124463519313,8.019803108912596,0.08950409233646248,15.292826232880183,54.237482117310435,52.18258489584296,0.009214934798667732,False,-0.40795025371147636,False,-1.2062839318150593,False,0.4867048544747965,False,0,False,0.48275166900463407,39.78378378378378,32.705882352941174,False,0.29310344827586204,False,False,False
39.7838_32.7882,39.78378378378378,32.78823529411765,48.02575107296137,1.513471717579159,0.043279691375106503,6.096714368132249,35.27010937283677,24.632074827812232,0.05520848139782039,False,-0.4548155645991702,False,-1.3222097372689832,False,1.4336380944150662,False,0,False,0.6312345685498159,39.78378378378378,32.78823529411765,False,0.3103448275862069,False,False,False
39.7838_32.8,39.78378378378378,32.8,263.19742489270385,12.91386726213909,0.1925666395019995,25.50121038580244,35.41720849566243,50.113827465623444,0.019781477151910018,False,-0.5802953933388242,True,-1.8002635804074973,True,4.5541022768041035,False,2,True,0.6894633847330527,39.78378378378378,32.8,False,0.0,False,False,False
39.7838_32.8118,39.78378378378378,32.811764705882354,93.73390557939913,10.708149128894435,0.15474990968254487,20.726571725186883,42.26426647016092,51.81056223755259,0.008418949317184917,False,-0.4416183716074411,False,-1.01566379043062,False,0.2453338020625918,False,0,False,0.5206584351097493,39.78378378378378,32.811764705882354,False,0.31896551724137934,False,False,False
39.7838_32.8235,39.78378378378378,32.8235294117647,90.60944206008584,12.105171363160116,0.14907114500933502,19.027588455993097,46.30859887778901,64.87180267319256,0.06018830677265328,False,-0.4577244162212893,False,-1.1095707314546401,False,1.1324358737628315,False,0,False,0.5350715169823042,39.78378378378378,32.8235294117647,False,0.34913793103448276,False,False,False
39.7838_32.8353,39.78378378378378,32.83529411764706,61.48497854077253,9.875357239353434,0.1134150428417898,14.577236477973985,53.592237502627924,69.95825795013879,0.04352878819410033,False,-0.4684733762190545,False,-1.1750927180716675,False,1.2230198654859263,False,0,False,0.5210761735361917,39.78378378378378,32.83529411764706,False,0.15517241379310345,False,False,False
39.7838_32.8471,39.78378378378378,32.84705882352941,23.141630901287552,5.218612112256266,0.060244869495097296,7.731986642081416,52.01380543633763,69.624707507346,0.06516225656281073,False,-0.4534442865737934,False,-1.1968968212574764,False,1.690391644634008,False,0,False,0.425253031283292,39.78378378378378,32.84705882352941,False,0.21551724137931033,False,False,False
39.7838_32.8588,39.78378378378378,32.858823529411765,1.0061349693251533,0.04904485716479263,0.0022177320854009737,0.3120738150575459,15.214723926380367,15.155047221105761,0.001392515524431602,False,-0.4235373564958582,False,-1.0522534480010861,False,4.309990713943141,False,0,False,0.5659460803722624,39.78378378378378,32.858823529411765,False,0.09482758620689655,False,False,False
39.7838_32.8824,39.78378378378378,32.88235294117647,2.0122699386503067,0.04904485716479263,0.0022177320854009737,0.3120738150575459,15.214723926380367,15.155047221105761,0.0013795016810433148,False,-0.4179557923793011,False,-1.043816328360888,False,0.02341444321132491,False,0,False,0.5684606458160284,39.78378378378378,32.88235294117647,False,0.09482758620689655,False,False,False
39.7928_32.3765,39.7927927927928,32.37647058823529,1.0042918454935623,0.2974205541353233,0.006225845853997151,0.8739612465708622,34.35622317596567,34.33118254582122,0.0009608255303268153,False,-0.37708660098403785,False,-1.0,False,0.1302261657525194,False,0,False,0.5564105738934705,39.7927927927928,32.37647058823529,False,0.1810344827586207,False,False,False
39.7928_32.3882,39.7927927927928,32.38823529411765,4.017167381974249,0.2974205541353233,0.006225845853997151,0.8739612465708622,34.35622317596567,34.33118254582122,0.0010290139597657223,False,-0.3746575945570098,False,-1.7435434366530125,False,0.3439942554283572,False,0,False,0.5564101688374624,39.7927927927928,32.38823529411765,False,0.1810344827586207,False,False,False
39.7928_32.4,39.7927927927928,32.4,2.0085836909871246,0.2974205541353233,0.006225845853997151,0.8739612465708622,34.35622317596567,34.33118254582122,0.0009824632705956423,False,-0.37358680383668486,False,-1.0,False,0.8551495717461998,False,0,False,0.5564104055653362,39.7927927927928,32.4,False,0.1810344827586207,False,False,False
39.7928_32.4118,39.7927927927928,32.411764705882355,2.01,0.13471994535519122,0.0071482240437158225,1.0657650273224042,12.845,12.839589045998887,0.0014388883053427896,False,-0.420082969369558,False,-0.9908086747076368,False,1.4251510544729165,False,0,False,0.5423245664225395,39.7927927927928,32.411764705882355,False,0.02586206896551724,False,False,False
39.7928_32.4235,39.7927927927928,32.423529411764704,1.0042918454935623,0.2974205541353233,0.006225845853997151,0.8739612465708622,34.35622317596567,34.33118254582122,0.0009608255303268153,False,-0.37708660098403785,False,-1.0,False,0.9976743714420756,False,0,False,0.5564105738934705,39.7927927927928,32.423529411764704,False,0.1810344827586207,False,False,False
39.7928_32.4471,39.7927927927928,32.44705882352941,12.051502145922747,1.6855039729207817,0.052262919805833155,6.3874472499114425,26.085836909871244,26.440164106090375,5.4478014942448804e-05,False,-0.41476496622154435,False,-1.2246465280435714,False,0.7977922418100682,False,0,False,0.2468621950330447,39.7927927927928,32.44705882352941,False,0.31896551724137934,False,False,False
39.7928_32.4588,39.7927927927928,32.45882352941177,1.0042918454935623,0.2974205541353233,0.006225845853997151,0.8739612465708622,34.35622317596567,34.33118254582122,0.0009608255303268153,False,-0.37708660098403785,False,-1.0,False,0.2886921027992294,False,0,False,0.5564105738934705,39.7927927927928,32.45882352941177,False,0.1810344827586207,False,False,False
39.7928_32.5412,39.7927927927928,32.54117647058823,1.0042918454935623,0.710568669527897,0.06955088902513792,9.732219497240955,7.244635193133047,7.218805007812345,0.0017406865994972255,False,-0.5140023693534399,False,-1.083489254579942,False,0.6105734902257334,False,0,False,0.23892467377517668,39.7927927927928,32.54117647058823,False,0.0,False,False,False
39.7928_32.5529,39.7927927927928,32.55294117647059,1.0042918454935623,0.710568669527897,0.06955088902513792,9.732219497240955,7.244635193133047,7.218805007812345,0.0017406865994972255,False,-0.5140023693534399,False,-1.083489254579942,False,1.6678028001288605,False,0,False,0.23892467377517668,39.7927927927928,32.55294117647059,False,0.0,False,False,False
39.7928_32.6,39.7927927927928,32.6,5.025,2.3251875,0.1421875,19.925250000000002,11.3625,11.381552966547444,0.005423373557401633,False,-0.541958660449162,False,-2.5593379819409194,True,0.07016409173164362,False,1,False,0.5473451456850814,39.7927927927928,32.6,False,0.02586206896551724,False,False,False
39.7928_32.6824,39.7927927927928,32.68235294117647,12.540772532188841,4.9714164907100145,0.05548623973217342,10.218917063468215,45.18938786535353,48.50399771670387,0.0010668997399583579,False,-0.38900071561811633,False,-0.9993916317223182,False,0.29046101280281106,False,0,False,0.35339844170233525,39.7927927927928,32.68235294117647,False,0.16810344827586207,False,False,False
39.7928_32.6941,39.7927927927928,32.694117647058825,18.88412017167382,1.4235907007692048,0.020309456762998696,3.1505557785990197,42.26781115879828,45.146284209711474,0.000778266307349343,False,-0.39368894464725546,False,-1.0685127935892282,False,0.5239996858132262,False,0,False,0.4032493777314242,39.7927927927928,32.694117647058825,False,0.1810344827586207,False,False,False
39.7928_32.7059,39.7927927927928,32.705882352941174,19.44206008583691,5.648390295966932,0.06108535774820349,11.0198607602697,52.734348210267505,51.17353923072799,0.008604916502512947,False,-0.40062080398072564,False,-1.146680318633633,False,0.24650584238769463,False,0,False,0.41291057376942747,39.7927927927928,32.705882352941174,False,0.28879310344827586,False,False,False
39.7928_32.7176,39.7927927927928,32.71764705882353,2.0085836909871246,1.3883760674306447,0.015712800318569916,2.222667138622185,60.4206008583691,60.49109597343944,0.004837566299312682,False,-0.43603358507928514,False,-1.01764191138965,False,1.1501204573657613,False,0,False,1.0053716198000135,39.7927927927928,32.71764705882353,True,0.2801724137931034,False,True,False
39.7928_32.7882,39.7927927927928,32.78823529411765,19.69098712446352,1.4515645414893144,0.04185679712197738,5.888342845941373,33.4175631235717,24.37248105803356,0.03452135486926275,False,-0.4100278321604923,False,-1.304220768381667,False,2.6734616627033887,False,0,False,0.5384146311624791,39.7927927927928,32.78823529411765,False,0.3275862068965517,False,False,False
39.7928_32.8,39.7927927927928,32.8,127.63090128755364,8.631019669964742,0.14155821990359557,18.502545200198533,34.88966376638265,46.13063965134646,0.014695831450284082,False,-0.4966209948663237,False,-1.368872206224647,False,1.0892293864239475,False,0,False,0.5652971227521862,39.7927927927928,32.8,False,0.2801724137931034,False,False,False
39.7928_32.8118,39.7927927927928,32.811764705882354,36.51502145922747,12.009777279191082,0.15108333672557517,19.186614395309377,50.062117322150655,64.46077777002019,0.037180056944224806,False,-0.43170684302075885,False,-1.094812720037152,False,2.2466055552458655,False,0,False,0.4627981586093806,39.7927927927928,32.811764705882354,False,0.17672413793103448,False,False,False
39.7928_32.8353,39.7927927927928,32.83529411764706,17.776824034334766,5.622647826466596,0.06428549321058986,8.251297062200498,54.17674576517177,70.22039816033673,0.051255081227867615,False,-0.4623513612431393,False,-1.1680040848409408,False,0.6121487778850108,False,0,False,0.4426290594349895,39.7927927927928,32.83529411764706,False,0.14655172413793102,False,False,False
39.7928_32.8471,39.7927927927928,32.84705882352941,35.25321888412017,5.738313887840359,0.06614084520272914,8.495468767994073,54.013424975638074,69.77523171159952,0.04482142726129884,False,-0.46883890379481885,False,-1.1647125299433576,False,1.4900064435738107,False,0,False,0.45928602040940286,39.7927927927928,32.84705882352941,False,0.15086206896551724,False,False,False
39.7928_32.8824,39.7927927927928,32.88235294117647,1.0061349693251533,0.04904485716479263,0.0022177320854009737,0.3120738150575459,15.214723926380367,15.155047221105761,0.001392515524431602,False,-0.4235373564958582,False,-1.0522534480010861,False,0.02341444321132491,False,0,False,0.5659460803722624,39.7927927927928,32.88235294117647,False,0.09482758620689655,False,False,False
39.8018_32.3765,39.8018018018018,32.37647058823529,9.03862660944206,0.7601150270638095,0.021571537171275797,2.7117899143510553,31.599427753934194,27.936888784347193,0.006724918440322632,False,-0.3879574619075561,False,-1.1116693015034627,False,0.46845477574767586,False,0,False,0.3094107570090234,39.8018018018018,32.37647058823529,False,0.24568965517241378,False,False,False
39.8018_32.3882,39.8018018018018,32.38823529411765,1.0042918454935623,0.2974205541353233,0.006225845853997151,0.8739612465708622,34.35622317596567,34.33118254582122,0.0009608255303268153,False,-0.37708660098403785,False,-1.0,False,0.4873016592706547,False,0,False,0.5564105738934705,39.8018018018018,32.38823529411765,False,0.1810344827586207,False,False,False
39.8018_32.4,39.8018018018018,32.4,6.03,0.13471994535519122,0.0071482240437158225,1.0657650273224042,12.845,12.839589045998887,0.0013689999815351286,False,-0.43474310663433957,False,-1.0777721608483701,False,1.2004230761000974,False,0,False,0.5518014671487117,39.8018018018018,32.4,False,0.02586206896551724,False,False,False
39.8018_32.4118,39.8018018018018,32.411764705882355,2.01,0.13471994535519122,0.0071482240437158225,1.0657650273224042,12.845,12.839589045998887,0.0014388883053427896,False,-0.420082969369558,False,-0.9908086747076368,False,0.9977597219170622,False,0,False,0.5423245664225395,39.8018018018018,32.411764705882355,False,0.02586206896551724,False,False,False
39.8018_32.4471,39.8018018018018,32.44705882352941,2.0085836909871246,0.2974205541353233,0.006225845853997151,0.8739612465708622,34.35622317596567,34.33118254582122,0.0009824632705956423,False,-0.37358680383668486,False,-1.0,False,0.26593074727002275,False,0,False,0.5564104055653362,39.8018018018018,32.44705882352941,False,0.1810344827586207,False,False,False
39.8018_32.5294,39.8018018018018,32.529411764705884,2.0085836909871246,0.710568669527897,0.06955088902513792,9.732219497240955,7.244635193133047,7.218805007812345,0.001693212651349066,False,-0.5053635583717737,False,-1.0812066380695633,False,0.6085323398829116,False,0,False,0.23898623300447233,39.8018018018018,32.529411764705884,False,0.0,False,False,False
39.8018_32.5412,39.8018018018018,32.54117647058823,21.090128755364805,2.6486491003040853,0.08212744540916644,10.037417107003694,26.085836909871244,26.440164106090375,0.00022058980932155813,False,-0.4313134334964036,False,-1.1860728924301898,False,1.4292790096823307,False,0,False,0.25605001778124936,39.8018018018018,32.54117647058823,False,0.3275862068965517,False,False,False
39.8018_32.5647,39.8018018018018,32.56470588235294,8.746781115879829,4.440359899225285,0.0763344253487323,10.454939066775204,41.52616833571769,41.848407330671016,0.0007855777963239663,False,-0.38792826601879987,False,-1.277267230125621,False,1.2070391753325025,False,0,False,0.3209391176896029,39.8018018018018,32.56470588235294,False,0.05172413793103448,False,False,False
39.8018_32.6941,39.8018018018018,32.694117647058825,44.05150214592275,4.180236696257198,0.04711223157860868,8.554940551339616,46.06737889762125,48.74884868481229,0.0008750460433060056,False,-0.41147350477361133,False,-1.0522115920713624,False,0.4075597467615036,False,0,False,0.3765253638554805,39.8018018018018,32.694117647058825,False,0.23706896551724138,False,False,False
39.8018_32.7059,39.8018018018018,32.705882352941174,11.622317596566523,6.034840004812356,0.06556527885024246,11.790024934699833,52.36141426527693,51.1370927798743,0.006828220913937093,False,-0.40049258574517743,False,-1.0484757864273226,False,0.4286169296592615,False,0,False,0.4036462887141256,39.8018018018018,32.705882352941174,False,0.2974137931034483,False,False,False
39.8018_32.7294,39.8018018018018,32.72941176470588,2.0122699386503067,0.1902326291535963,0.0031663798128972773,0.509414124309469,36.31901840490798,36.300722848073534,0.0011829169398260458,False,-0.3840581663841397,False,-2.1016803794200194,True,1.6457647436649687,False,1,False,1.0889638122925631,39.8018018018018,32.72941176470588,True,0.33189655172413796,False,True,False
39.8018_32.8,39.8018018018018,32.8,44.66094420600859,15.872541536020409,0.22898499861555888,32.17831969709317,47.04024697812516,50.821517176998675,0.00042350535499625593,False,-0.41835670600064667,False,-1.020859086403941,False,0.5842895937581872,False,0,False,0.5902167330055822,39.8018018018018,32.8,False,0.20689655172413793,False,False,False
39.8018_32.8353,39.8018018018018,32.83529411764706,2.9527896995708156,7.219939469821803,0.08622820910089454,11.10441045181102,57.63930615164521,67.86704031129331,0.015600354080171436,False,-0.4486922157752251,False,-1.0830137229575143,False,0.6214453248782328,False,0,False,0.5431187947913536,39.8018018018018,32.83529411764706,False,0.20689655172413793,False,False,False
39.8018_32.8588,39.8018018018018,32.858823529411765,2.0122699386503067,0.04904485716479263,0.0022177320854009737,0.3120738150575459,15.214723926380367,15.155047221105761,0.0013795016810433148,False,-0.4179557923793011,False,-1.043816328360888,False,4.376616033892191,False,0,False,0.5684606458160284,39.8018018018018,32.858823529411765,False,0.09482758620689655,False,False,False
39.8108_32.4471,39.81081081081081,32.44705882352941,2.0085836909871246,0.2974205541353233,0.006225845853997151,0.8739612465708622,34.35622317596567,34.33118254582122,0.0009824632705956423,False,-0.37358680383668486,False,-1.0,False,0.0,False,0,False,0.5564104055653362,39.81081081081081,32.44705882352941,False,0.1810344827586207,False,False,False
39.8108_32.5294,39.81081081081081,32.529411764705884,4.017167381974249,0.710568669527897,0.06955088902513792,9.732219497240955,7.244635193133047,7.218805007812345,0.0016015399636851873,False,-0.5055037495520243,False,-1.102643130192781,False,2.1727096203235723,False,0,False,0.23911142761041126,39.81081081081081,32.529411764705884,False,0.0,False,False,False
39.8108_32.5529,39.81081081081081,32.55294117647059,41.17596566523605,2.72476181766537,0.08526329039515769,10.248979021069111,26.58217313932796,26.622260297993982,0.0009786287275374017,False,-0.47235995676205833,False,-1.3144147859633368,False,1.1701520222405513,False,0,False,0.2559920527467076,39.81081081081081,32.55294117647059,False,0.34913793103448276,False,False,False
39.8108_32.5647,39.81081081081081,32.56470588235294,41.72532188841202,7.302525701187472,0.12312294762405478,17.3736259619232,37.92627691596493,41.363157235185724,0.000315809060857691,False,-0.42826638643442666,False,-1.027558467582277,False,0.7146994890681958,False,0,False,0.32351235836837,39.81081081081081,32.56470588235294,False,0.10344827586206896,False,False,False
39.8108_32.5765,39.81081081081081,32.576470588235296,2.0085836909871246,5.840057235116537,0.10072746760095966,13.850602872076605,44.082618025751074,41.70175686504204,0.005961194864803569,False,-0.39088356094624893,False,-1.3719145032512137,False,1.0341250586687183,False,0,False,0.30626710570893495,39.81081081081081,32.576470588235296,False,0.10344827586206896,False,False,False
39.8108_32.6471,39.81081081081081,32.64705882352941,3.0128755364806867,0.9016682818773363,0.012455870137062083,1.7510902672019937,51.96137339055794,51.94514028787481,0.0031608621602992036,False,-0.39668550144660286,False,-0.978006874923158,False,0.690039232515976,False,0,False,0.7220738307884282,39.81081081081081,32.64705882352941,False,0.3620689655172414,False,False,False
39.8108_32.7059,39.81081081081081,32.705882352941174,76.76394849785407,7.380653022479136,0.08596865031635309,14.885683859532216,48.258166423544196,49.042979910687656,0.005692671788091741,False,-0.43653660145502393,False,-1.0441042987006175,False,1.064098323510378,False,0,False,0.4206479304246361,39.81081081081081,32.705882352941174,False,0.3232758620689655,False,False,False
39.8108_32.7176,39.81081081081081,32.71764705882353,4.141630901287554,3.6428215453732844,0.05521028792867415,7.868492476222951,49.60085836909871,44.61592739616028,0.018397980850158844,False,-0.392553631918887,False,-1.1797772751800992,False,0.975632846572045,False,0,False,0.8681355087210664,39.81081081081081,32.71764705882353,False,0.4051724137931034,True,True,False
39.8108_32.7647,39.81081081081081,32.76470588235294,4.017167381974249,0.6297064952347035,0.012127324919963775,1.7014998167766817,30.90236051502146,37.00572766210247,0.010562855698044382,False,-0.3813464793651398,False,-1.450483769939611,False,0.24989975273114085,False,0,False,0.4389602033434195,39.81081081081081,32.76470588235294,False,0.25862068965517243,False,False,False
39.8108_32.8,39.81081081081081,32.8,43.63948497854077,23.599826053634974,0.33326990359530195,43.602323527011634,48.33088088696853,54.90206285272191,0.0037892212106245236,False,-0.424966681583539,False,-0.9743699239099757,False,0.9875228820708715,False,0,False,0.5887228973867926,39.81081081081081,32.8,False,0.15086206896551724,False,False,False
39.8108_32.8824,39.81081081081081,32.88235294117647,11.047210300429185,2.5154388313580345,0.03850651651769892,5.388707327637122,46.47424892703863,46.44014146687018,0.0023310422297616834,False,-0.3882195948099526,False,-0.9974890299022994,False,0.1636008544636362,False,0,False,0.4684832151260723,39.81081081081081,32.88235294117647,False,0.28448275862068967,False,False,False
39.8198_32.4,39.81981981981982,32.4,1.005,0.13471994535519122,0.0071482240437158225,1.0657650273224042,12.845,12.839589045998887,0.0014590935772487426,False,-0.4236578004683661,False,-0.9731636619989456,False,61.016353915953815,True,1,False,0.5399555561291749,39.81981981981982,32.4,False,0.02586206896551724,False,False,False
39.8198_32.4235,39.81981981981982,32.423529411764704,2.0085836909871246,0.2974205541353233,0.006225845853997151,0.8739612465708622,34.35622317596567,34.33118254582122,0.0009824632705956423,False,-0.37358680383668486,False,-1.0,False,61.016353915953815,True,1,False,0.5564104055653362,39.81981981981982,32.423529411764704,False,0.1810344827586207,False,False,False
39.8198_32.5294,39.81981981981982,32.529411764705884,2.0085836909871246,3.182722394772303,0.028358757441509404,4.728226776626494,66.99356223175965,66.75200620641782,0.00782040308470792,False,-0.4766154539863642,False,-1.0054891408262798,False,3.548009298121575,False,0,False,0.7298162685420715,39.81981981981982,32.529411764705884,False,0.11206896551724138,False,False,False
39.8198_32.5412,39.81981981981982,32.54117647058823,2.7296137339055795,1.5349232408891647,0.08546417429374148,11.845447024148095,26.173819742489272,16.69216208275433,0.02962157639502123,False,-0.4462067329992766,False,-3.5242074459435258,True,1.8948766416402156,False,1,False,0.7957614695170467,39.81981981981982,32.54117647058823,False,0.30603448275862066,False,False,False
39.8198_32.5529,39.81981981981982,32.55294117647059,9.03862660944206,5.18037867905558,0.04950957302914958,8.846141093567303,49.5793991416309,49.574632662977685,0.003425902929803801,False,-0.387006741260664,False,-1.047418319245137,False,1.431177103681387,False,0,False,1.0460422091011603,39.81981981981982,32.55294117647059,True,0.33620689655172414,False,True,False
39.8198_32.5647,39.81981981981982,32.56470588235294,8.034334763948499,24.82024324924528,0.4280917373040786,58.86506220632557,44.082618025751074,41.70175686504203,0.019456391947701813,False,-0.48287602312991995,False,-1.1632136322666595,False,1.073676994841412,False,0,False,0.38732476231666696,39.81981981981982,32.56470588235294,False,0.23275862068965517,False,False,False
39.8198_32.5765,39.81981981981982,32.576470588235296,5.03030303030303,0.6978983936986207,0.018051112716265864,2.527155780277233,27.493939393939392,27.464285714285715,0.000493636821149422,False,-0.38628795220225287,False,-1.0068076098467174,False,1.4479271076679598,False,0,False,0.8923826550306306,39.81981981981982,32.576470588235296,False,0.3146551724137931,False,False,False
39.8198_32.5882,39.81981981981982,32.588235294117645,2.01,2.3251875,0.1421875,19.925250000000002,11.3625,11.381552966547444,0.005591881678804359,False,-0.5413038183062148,False,-2.6344957807182188,True,2.312371268479488,False,1,False,0.540511301451409,39.81981981981982,32.588235294117645,False,0.02586206896551724,False,False,False
39.8198_32.6471,39.81981981981982,32.64705882352941,10.042918454935622,9.405581404150595,0.1384309016165074,19.53083501767197,49.981330472103004,47.81425598425979,0.008031455764754008,False,-0.3956826203178329,False,-1.0691094742785696,False,0.15594230010618138,False,0,False,0.4356983089205672,39.81981981981982,32.64705882352941,False,0.2672413793103448,False,False,False
39.8198_32.6588,39.81981981981982,32.65882352941176,13.055793991416309,11.79968147891715,0.17258561184781515,24.3487763378621,49.25008253549026,48.06499676758852,0.005436529033192664,False,-0.4052531302727842,False,-1.0437131563502888,False,0.30136312139115085,False,0,False,0.41125966522766216,39.81981981981982,32.65882352941176,False,0.22413793103448276,False,False,False
39.8198_32.6941,39.81981981981982,32.694117647058825,12.858369098712446,7.377935374434537,0.09019458754913856,15.177871941363595,46.45389331698345,47.87616999569568,0.0009401185838334008,False,-0.3922262020467612,False,-1.0044001627200614,False,0.6975687926359706,False,0,False,0.41527868266892637,39.81981981981982,32.694117647058825,False,0.16810344827586207,False,False,False
39.8198_32.7059,39.81981981981982,32.705882352941174,67.8969957081545,4.8869374592311425,0.058388207983026345,9.61867404454924,50.58021795454995,50.160005195852676,0.009291024766274589,False,-0.4422871481663073,False,-1.0874347520460153,False,0.900234797930013,False,0,False,0.4382392111428882,39.81981981981982,32.705882352941174,False,0.3017241379310345,False,False,False
39.8198_32.7176,39.81981981981982,32.71764705882353,46.472103004291846,10.765824950334842,0.13237284483835873,22.34781334656751,46.92133937158195,47.32830934249343,0.003667343038533765,False,-0.4078926319724822,False,-1.0230485818034136,False,0.4115161343121611,False,0,False,0.45952697130653597,39.81981981981982,32.71764705882353,False,0.22413793103448276,False,False,False
39.8198_32.7294,39.81981981981982,32.72941176470588,60.592274678111586,9.771078118144654,0.12071676412641834,20.504100242020574,45.112157428582194,46.80955779932897,0.0017707245841367923,False,-0.4221913184596539,False,-1.0252018434982642,False,0.8728893430481808,False,0,False,0.4604619224566864,39.81981981981982,32.72941176470588,False,0.19827586206896552,False,False,False
39.8198_32.7412,39.81981981981982,32.74117647058824,33.84549356223176,7.031264318617085,0.0848009858525307,14.409344064614592,45.7419403578833,47.760814489055235,0.0007789260040339022,False,-0.4018575616172774,False,-1.033573510094302,False,0.3371074280941386,False,0,False,0.4362837424981148,39.81981981981982,32.74117647058824,False,0.21982758620689655,False,False,False
39.8198_32.7529,39.81981981981982,32.752941176470586,5.424892703862661,0.8377033638688756,0.016108384413097775,2.3064442243198755,31.744635193133046,36.51501060180842,0.005944292146232805,False,-0.38447103118019915,False,-1.1896637782858468,False,0.953273067410111,False,0,False,0.43477181621015726,39.81981981981982,32.752941176470586,False,0.27586206896551724,False,False,False
39.8198_32.7647,39.81981981981982,32.76470588235294,18.07725321888412,0.603813029268637,0.011132913678270018,1.5614827028756482,34.92274678111588,38.631165616466255,0.002421054513982258,False,-0.4006549993704952,False,-1.2939064616143547,False,0.3831027260228494,False,0,False,0.49919468475635687,39.81981981981982,32.76470588235294,False,0.22844827586206898,False,False,False
39.8198_32.7882,39.81981981981982,32.78823529411765,12.678111587982833,21.955855821599272,0.3230725904906766,44.83247574307407,44.617042203147356,50.14783328448349,0.005849835393050507,False,-0.43512939968849945,False,-1.0205306953341093,False,0.5267491795868267,False,0,False,0.5282391162215683,39.81981981981982,32.78823529411765,False,0.1810344827586207,False,False,False
39.8198_32.8,39.81981981981982,32.8,11.931330472103005,17.23179428895405,0.2956591301649528,32.100766302811536,47.712395258532595,54.53250260696981,0.008885898543909199,False,-0.4310403804053042,False,-1.076233356742189,False,0.6233189354530809,False,0,False,0.7051033837320184,39.81981981981982,32.8,False,0.29310344827586204,False,False,False
39.8198_32.8118,39.81981981981982,32.811764705882354,2.0085836909871246,1.952842994154998,0.03476329591110892,6.528190659743447,31.987124463519315,31.95410302166175,0.0004947144228178627,False,-0.3861111426713328,False,-1.6781979470113235,False,1.8886389952204998,False,0,False,0.7507123306676331,39.81981981981982,32.811764705882354,False,0.3577586206896552,False,False,False
39.8198_32.8235,39.81981981981982,32.8235294117647,1.0042918454935623,2.5154388313580345,0.03850651651769892,5.388707327637123,46.47424892703863,46.44014146687018,0.0018657893869625222,False,-0.39254261317781947,False,-0.9902419447513114,False,0.994892443761271,False,0,False,0.4677920531238279,39.81981981981982,32.8235294117647,False,0.2672413793103448,False,False,False
39.8198_32.8706,39.81981981981982,32.870588235294115,4.017167381974249,2.5154388313580345,0.03850651651769892,5.388707327637123,46.47424892703863,46.44014146687018,0.001993902009588784,False,-0.3879265035029575,False,-0.9753856423276183,False,0.08180042723181813,False,0,False,0.4679950789708071,39.81981981981982,32.870588235294115,False,0.2672413793103448,False,False,False
39.8288_32.4471,39.828828828828826,32.44705882352941,4.017167381974249,0.2974205541353233,0.006225845853997151,0.8739612465708622,34.35622317596567,34.33118254582122,0.0010290139597657223,False,-0.3746575945570098,False,-1.7435434366530125,False,1.9966806465741513,False,0,False,0.5564101688374624,39.828828828828826,32.44705882352941,False,0.1810344827586207,False,False,False
39.8288_32.5294,39.828828828828826,32.529411764705884,21.82832618025751,6.1204103595592025,0.0714301644009784,10.987479832597568,58.44828326180258,55.295307815275834,0.017211886225336356,False,-0.42104181197875157,False,-1.2802922526400489,False,1.0319577487361615,False,0,False,0.44446273941062536,39.828828828828826,32.529411764705884,False,0.1896551724137931,False,False,False
39.8288_32.5529,39.828828828828826,32.55294117647059,36.47639484978541,12.217882279999287,0.1830924608548036,26.54293239519496,36.357262621643606,46.26778711334119,0.019202194208057435,False,-0.43156160711072394,False,-1.07297251749949,False,0.6787224621018122,False,0,False,0.29033616212126856,39.828828828828826,32.55294117647059,False,0.10344827586206896,False,False,False
39.8288_32.5647,39.828828828828826,32.56470588235294,6.03,43.39204751577287,0.5890171529968454,85.9089905362776,50.215,50.200402725250434,0.013685189116491608,False,-0.5397581304798263,False,-1.1885012463183178,False,1.890463152654369,False,0,False,1.565604223160818,39.828828828828826,32.56470588235294,True,0.39655172413793105,True,True,False
39.8288_32.5765,39.828828828828826,32.576470588235296,33.5793991416309,18.93766846310915,0.3308757236666396,45.753199566046696,35.011518771857475,41.008480765892855,0.01129842563164536,False,-0.4707473606261064,False,-1.0570151462539286,False,0.7012724125565308,False,0,False,0.28027685861414886,39.828828828828826,32.576470588235296,False,0.0,False,False,False
39.8288_32.6471,39.828828828828826,32.64705882352941,17.07296137339056,6.622007185359845,0.1009305853876145,14.250653154109676,49.36619540520071,46.32520092670275,0.011529182071373668,False,-0.39115060289880377,False,-1.0771714749618064,False,0.26549038548230725,False,0,False,0.4575799979556333,39.828828828828826,32.64705882352941,False,0.2672413793103448,False,False,False
39.8288_32.6588,39.828828828828826,32.65882352941176,23.098712446351932,10.863888860533466,0.1580371146142137,22.291619715371553,49.731946258630344,48.30582863454251,0.006941806323163837,False,-0.3991809576650023,False,-1.0111595130679145,False,0.27726318505280045,False,0,False,0.41446362935382014,39.828828828828826,32.65882352941176,False,0.23275862068965517,False,False,False
39.8288_32.6824,39.828828828828826,32.68235294117647,8.944206008583691,10.378600288401167,0.19028463046843488,26.801279732105538,35.23605150214592,39.651544972711704,0.005074120607100569,False,-0.43066496014921035,False,-1.3151448780689128,False,0.80325682494907,False,0,False,0.5332963524992899,39.828828828828826,32.68235294117647,False,0.21982758620689655,False,False,False
39.8288_32.6941,39.828828828828826,32.694117647058825,54.652360515021456,9.03653550333829,0.13232222075959704,20.288479816428836,41.987653953495084,44.21748685674544,0.00044326888064727296,False,-0.42870885744385084,False,-1.0072753410677115,False,0.8610695379346203,False,0,False,0.4699390288024806,39.828828828828826,32.694117647058825,False,0.15948275862068967,False,False,False
39.8288_32.7059,39.828828828828826,32.705882352941174,5.021459227467811,7.442092196237145,0.09450610343535433,13.605885536074465,54.87296137339056,54.02284064972333,0.005454801925474995,False,-0.4104260634732344,False,-1.1381031019943877,False,0.9875649913385622,False,0,False,0.5987479391895284,39.828828828828826,32.705882352941174,False,0.28879310344827586,False,False,False
39.8288_32.7176,39.828828828828826,32.71764705882353,17.07296137339056,3.2231405516974636,0.04200480469899327,6.053288651852218,44.53281999495077,52.86315029428355,0.011699758077178686,False,-0.4023009905222527,False,-1.107231157818682,False,0.49722893494774195,False,0,False,0.4905246897460851,39.828828828828826,32.71764705882353,False,0.33189655172413796,False,False,False
39.8288_32.7294,39.828828828828826,32.72941176470588,13.763948497854077,6.98849012420459,0.09687650643329312,13.813219493422922,45.65573267933783,49.346034719269504,0.0006413435432974257,False,-0.3888487746956099,False,-1.0768254047660537,False,0.3582010157070646,False,0,False,0.5167658460554259,39.828828828828826,32.72941176470588,False,0.23706896551724138,False,False,False
39.8288_32.7412,39.828828828828826,32.74117647058824,31.93991416309013,3.8680021697373363,0.05500858702334603,7.861936772300606,40.62142738618985,48.12429243844032,0.008413991858750558,False,-0.4028294552155879,False,-1.016592304290063,False,0.3494018900837746,False,0,False,0.47477312504365893,39.828828828828826,32.74117647058824,False,0.1724137931034483,False,False,False
39.8288_32.7529,39.828828828828826,32.752941176470586,48.918454935622314,5.722824701528654,0.06250084093347895,12.143292985460132,44.480502822810955,46.84432641290228,0.0010251466537133551,False,-0.41287861542146964,False,-1.0427471307408562,False,0.7063015075095176,False,0,False,0.4367117028217502,39.828828828828826,32.752941176470586,False,0.15948275862068967,False,False,False
39.8288_32.7647,39.828828828828826,32.76470588235294,26.085836909871244,8.095767146397353,0.09057356408114933,16.950430884137145,47.62090162865404,47.46646218939139,0.004141643947472989,False,-0.3932664473344694,False,-1.0774327287644438,False,0.618751776127321,False,0,False,0.42153846127948014,39.828828828828826,32.76470588235294,False,0.2025862068965517,False,False,False
39.8288_32.8118,39.828828828828826,32.811764705882354,19.673819742489272,29.148247161077474,0.38691432013437554,59.29194908596359,47.176869366249846,49.83877821701127,0.00453241184334872,False,-0.45088895010071284,False,-1.0279623948362147,False,1.1222271888471984,False,0,False,0.4968875247914805,39.828828828828826,32.811764705882354,False,0.1724137931034483,False,False,False
39.8288_32.8471,39.828828828828826,32.84705882352941,9.03862660944206,2.5154388313580345,0.03850651651769892,5.388707327637123,46.47424892703863,46.44014146687018,0.0022292577715153842,False,-0.3853204606290369,False,-0.9946070987500282,False,0.699170186775891,False,0,False,0.46834223776869033,39.828828828828826,32.84705882352941,False,0.27586206896551724,False,False,False
39.8288_32.8706,39.828828828828826,32.870588235294115,4.017167381974249,2.5154388313580345,0.03850651651769892,5.388707327637123,46.47424892703863,46.44014146687018,0.001993902009588784,False,-0.3879265035029575,False,-0.9753856423276183,False,0.0,False,0,False,0.4679950789708071,39.828828828828826,32.870588235294115,False,0.2672413793103448,False,False,False
39.8288_32.8941,39.828828828828826,32.89411764705882,1.0042918454935623,0.17786614666132244,0.004523776283613013,0.6326621601538399,27.909871244635195,27.896392945903287,0.0008006818074703125,False,-0.3825125667797733,False,-0.9905735999767827,False,61.016353915953815,True,1,False,0.34878045362858,39.828828828828826,32.89411764705882,False,0.23706896551724138,False,False,False
39.8288_32.9412,39.828828828828826,32.94117647058823,1.0042918454935623,4.558192119875985,0.0493910101708476,6.9397532732388,65.07081545064378,65.06469462445727,0.006196992060283603,False,-0.47105145543560906,False,-0.9860742386213703,False,61.016353915953815,True,1,False,0.65706176587977,39.828828828828826,32.94117647058823,False,0.14224137931034483,False,False,False
39.8378_32.4,39.83783783783784,32.4,1.005,0.13471994535519122,0.0071482240437158225,1.0657650273224042,12.845,12.839589045998887,0.0014590935772487426,False,-0.4236578004683661,False,-0.9731636619989456,False,0.023388030577214503,False,0,False,0.5399555561291749,39.83783783783784,32.4,False,0.02586206896551724,False,False,False
39.8378_32.4471,39.83783783783784,32.44705882352941,1.005,0.2694398907103825,0.01429644808743165,2.1315300546448084,12.845,12.839589045998887,0.001197996360897993,False,-0.4264584790517404,False,-0.974600602894555,False,0.9983403232870757,False,0,False,0.5404074771431014,39.83783783783784,32.44705882352941,False,0.02586206896551724,False,False,False
39.8378_32.5294,39.83783783783784,32.529411764705884,41.622317596566525,11.370874852638515,0.1423621964246765,21.653570509710732,48.91341664368686,51.89703154033621,0.00029008490199390163,False,-0.40546413766551936,False,-0.9723498028350127,False,0.35974892476382375,False,0,False,0.3806700051657639,39.83783783783784,32.529411764705884,False,0.17672413793103448,False,False,False
39.8378_32.5412,39.83783783783784,32.54117647058823,86.03862660944206,12.269681609195741,0.164695352975793,24.53307082663216,44.579052094254,49.79784807309446,0.0002877492623822187,False,-0.43773767274651165,False,-0.9984040707387536,False,1.4344396418960448,False,0,False,0.3028338860316,39.83783783783784,32.54117647058823,False,0.27586206896551724,False,False,False
39.8378_32.5529,39.83783783783784,32.55294117647059,20.240343347639485,9.161450227446185,0.11800757346889526,17.863912009168878,46.998518291436746,50.90724092082999,0.0006084947805467435,False,-0.39401463661951835,False,-1.0217381180238454,False,0.7369362616771432,False,0,False,0.3129029236237254,39.83783783783784,32.55294117647059,False,0.15086206896551724,False,False,False
39.8378_32.5765,39.83783783783784,32.576470588235296,9.476394849785407,22.03910022742796,0.3672166267206836,51.16883376015921,34.72321343415764,42.84772819214068,0.02305584980838821,False,-0.4770579496214868,False,-1.1546239236723543,False,0.4350460513643178,False,0,False,0.24805493154796043,39.83783783783784,32.576470588235296,False,0.0,False,False,False
39.8378_32.5882,39.83783783783784,32.588235294117645,9.476394849785407,22.03910022742796,0.3672166267206836,51.16883376015921,34.72321343415764,42.84772819214068,0.02305584980838821,False,-0.4770579496214868,False,-1.1546239236723543,False,0.38558263374584073,False,0,False,0.24805493154796043,39.83783783783784,32.588235294117645,False,0.0,False,False,False
39.8378_32.6588,39.83783783783784,32.65882352941176,10.042918454935622,10.794806566424919,0.1599176181773558,22.56644314734955,49.35107296137339,47.5165239638841,0.006951320636355111,False,-0.39751202668357705,False,-1.038235789024308,False,0.5771640339998257,False,0,False,0.4241769283728987,39.83783783783784,32.65882352941176,False,0.23275862068965517,False,False,False
39.8378_32.6706,39.83783783783784,32.67058823529412,10.042918454935622,7.475355272749871,0.10947066297342165,15.444572727673192,49.89206008583691,47.99552796848954,0.007093012964767931,False,-0.392470305171461,False,-1.095611637309523,False,0.789778819179009,False,0,False,0.40662962175488393,39.83783783783784,32.67058823529412,False,0.20689655172413793,False,False,False
39.8378_32.6824,39.83783783783784,32.68235294117647,7.536480686695279,9.3530177596684,0.1484796025201222,22.50911657263912,37.65605627086314,41.90494787829773,0.0032831727819176404,False,-0.41252356626006675,False,-1.363408883046501,False,0.5009362331183025,False,0,False,0.4454994115987557,39.83783783783784,32.68235294117647,False,0.22413793103448276,False,False,False
39.8378_32.7059,39.83783783783784,32.705882352941174,18.1931330472103,6.595870672363717,0.08789492725701376,12.570286198371033,44.898732211429866,51.915733337469824,0.006728514475007045,False,-0.39355629678389525,False,-1.0194681177703446,False,0.30386666394805023,False,0,False,0.4867838756837836,39.83783783783784,32.705882352941174,False,0.27155172413793105,False,False,False
39.8378_32.7176,39.83783783783784,32.71764705882353,30.836909871244636,5.335574879949282,0.07400076776848026,10.54457842085543,46.69172089159629,49.23881809888481,0.00035058816293860926,False,-0.3937761275596705,False,-1.053721629003515,False,0.36875052961574445,False,0,False,0.5237582356146528,39.83783783783784,32.71764705882353,False,0.2974137931034483,False,False,False
39.8378_32.7294,39.83783783783784,32.72941176470588,4.017167381974249,4.773887036658478,0.06945851110383601,9.825312194225306,46.69420600858369,46.04614802532774,0.00288654123057286,False,-0.3865951230616569,False,-0.989616928639602,False,0.6024129065800945,False,0,False,0.6324737260649066,39.83783783783784,32.72941176470588,False,0.3146551724137931,False,False,False
39.8378_32.7412,39.83783783783784,32.74117647058824,4.017167381974249,0.568529451824526,0.007258351689617368,1.1047721782518678,52.59603004291846,51.87653760337285,0.004851898344565963,False,-0.40337194295393486,False,-0.9707157670088481,False,0.7619050809755004,False,0,False,0.655314938816825,39.83783783783784,32.74117647058824,False,0.3146551724137931,False,False,False
39.8378_32.7647,39.83783783783784,32.76470588235294,17.69527896995708,8.33471191702598,0.09462797040516517,17.920058503429537,45.20699438573713,46.13361859691659,0.0018503617249354173,False,-0.3872501906904908,False,-1.0983615068799943,False,0.6032696832988584,False,0,False,0.4304648222183623,39.83783783783784,32.76470588235294,False,0.14224137931034483,False,False,False
39.8378_32.7765,39.83783783783784,32.77647058823529,29.433476394849784,7.302406849877096,0.08487524456278284,15.748067269871326,44.87012442745338,46.14415616534304,0.001445398676098707,False,-0.3934601120816177,False,-1.025273913274776,False,0.5509770989664541,False,0,False,0.4278204569065941,39.83783783783784,32.77647058823529,False,0.15086206896551724,False,False,False
39.8378_32.7882,39.83783783783784,32.78823529411765,24.742489270386265,8.704562996742712,0.11241030527920434,18.702635554131803,45.20722867207707,46.542960494826566,0.0010219763835199562,False,-0.3908356127458686,False,-1.0396710565538811,False,0.45628650246283514,False,0,False,0.4545369535450623,39.83783783783784,32.78823529411765,False,0.17672413793103448,False,False,False
39.8378_32.8,39.83783783783784,32.8,23.23175965665236,14.2605416746007,0.19667984645363748,25.328019680298414,48.68298354006509,56.525691648115895,0.0072640786237791665,False,-0.41552624160875756,False,-1.0173074621097624,False,0.9884292053163138,False,0,False,0.5446681127765458,39.83783783783784,32.8,False,0.19827586206896552,False,False,False
39.8378_32.8235,39.83783783783784,32.8235294117647,16.386266094420602,15.746597361163444,0.22602556217370212,29.879221907141336,44.76430238686846,52.95515005930011,0.010840646947469806,False,-0.4316149997429373,False,-1.1165959558954692,False,0.8373229468650458,False,0,False,0.4890586785266126,39.83783783783784,32.8235294117647,False,0.1896551724137931,False,False,False
39.8378_32.8471,39.83783783783784,32.84705882352941,5.021459227467811,9.607956591918128,0.18021429607065736,15.279001762166978,59.7755364806867,61.4616161438785,0.002738341452215374,False,-0.44802935180739334,False,-1.061830886315025,False,1.1068836538549867,False,0,False,0.7490673310491641,39.83783783783784,32.84705882352941,False,0.2413793103448276,False,False,False
39.8378_32.8588,39.83783783783784,32.858823529411765,4.017167381974249,2.5154388313580345,0.03850651651769892,5.388707327637123,46.47424892703863,46.44014146687018,0.001993902009588784,False,-0.3879265035029575,False,-0.9753856423276183,False,0.6575564575645537,False,0,False,0.4679950789708071,39.83783783783784,32.858823529411765,False,0.2672413793103448,False,False,False
39.8378_33.0118,39.83783783783784,33.01176470588235,1.0042918454935623,10.975203141698758,0.07102467104333118,18.423552562384433,59.34978540772532,59.35579820346596,0.009177738541785463,False,-0.4310301113504779,False,-1.0715426105387675,False,61.016353915953815,True,1,False,0.427033699607526,39.83783783783784,33.01176470588235,False,0.08620689655172414,False,False,False
39.8468_32.4118,39.84684684684685,32.411764705882355,2.01,0.13471994535519122,0.0071482240437158225,1.0657650273224042,12.845,12.839589045998887,0.0014388883053427896,False,-0.420082969369558,False,-0.9908086747076368,False,0.017634000734500756,False,0,False,0.5423245664225395,39.84684684684685,32.411764705882355,False,0.02586206896551724,False,False,False
39.8468_32.4235,39.84684684684685,32.423529411764704,2.0085836909871246,0.17420616550674373,0.00867588328063331,1.2477658080360297,13.120171673819742,13.076759293442667,0.0013283533928071948,False,-0.4198092404521297,False,-0.9992413606242729,False,0.027267519144306574,False,0,False,0.3815231290951803,39.84684684684685,32.423529411764704,False,0.017241379310344827,False,False,False
39.8468_32.4471,39.84684684684685,32.44705882352941,1.005,0.2694398907103825,0.01429644808743165,2.1315300546448084,12.845,12.839589045998887,0.001197996360897993,False,-0.4264584790517404,False,-0.974600602894555,False,0.0,False,0,False,0.5404074771431014,39.84684684684685,32.44705882352941,False,0.02586206896551724,False,False,False
39.8468_32.5529,39.84684684684685,32.55294117647059,6.5965665236051505,10.761464071762274,0.13748288653290927,20.936453783832725,45.85084815041897,51.07145002272665,0.0032693898796445076,False,-0.3977166054611322,False,-1.0810774777627568,False,0.9037931965955117,False,0,False,0.3019746283023384,39.84684684684685,32.55294117647059,False,0.14224137931034483,False,False,False
39.8468_32.5882,39.84684684684685,32.588235294117645,11.484978540772532,14.683649488202592,0.23555241669789168,32.72095233811154,41.170237785581136,44.50435343331975,0.002326182836850038,False,-0.43137736852680536,False,-1.1899720166407817,False,0.6799143699146474,False,0,False,0.36753016473187033,39.84684684684685,32.588235294117645,False,0.1810344827586207,False,False,False
39.8468_32.6,39.84684684684685,32.6,38.918454935622314,21.110704237112575,0.3559637764097815,49.603876396938624,33.84814163011423,42.33811762132638,0.01974640185449984,False,-0.48093746507831947,False,-1.0807433482160556,False,0.9322981563509803,False,0,False,0.2492270180062524,39.84684684684685,32.6,False,0.0,False,False,False
39.8468_32.6235,39.84684684684685,32.62352941176471,3.725321888412017,34.61592871014859,0.41534673928593174,63.24938620545947,47.22585836909871,54.40246423039313,0.010571180087755332,False,-0.4836857041272685,False,-1.1422268822996535,False,0.7619307855183703,False,0,False,0.4649115224138819,39.84684684684685,32.62352941176471,False,0.2413793103448276,False,False,False
39.8468_32.6353,39.84684684684685,32.63529411764706,14.180257510729614,34.32044125618489,0.4155032469634771,63.139739152805966,45.862611422911854,53.91766271574958,0.012405062017118815,False,-0.4809812874102283,False,-1.0817010091178951,False,0.645414155300738,False,0,False,0.47770288999414895,39.84684684684685,32.63529411764706,False,0.2629310344827586,False,False,False
39.8468_32.6471,39.84684684684685,32.64705882352941,7.733905579399142,6.894911595810133,0.13439847650563863,18.81660876813827,31.85997854077253,35.64777060155952,0.0034650953647151514,False,-0.42028753067455854,False,-1.3571309625790011,False,1.1694380825980843,False,0,False,0.46394456391936917,39.84684684684685,32.64705882352941,False,0.27155172413793105,False,False,False
39.8468_32.6588,39.84684684684685,32.65882352941176,21.090128755364805,8.305188938010263,0.16056503920746065,22.61476653005905,35.58583690987125,35.564774919536056,0.0018810129860870987,False,-0.4325649039499113,False,-1.164199373568424,False,0.7403027439372597,False,0,False,0.5230970600771564,39.84684684684685,32.65882352941176,False,0.2025862068965517,False,False,False
39.8468_32.6706,39.84684684684685,32.67058823529412,46.18025751072961,9.441694935285803,0.15341494329190627,21.27445436369365,43.25369634168538,43.95973198207382,0.0022691155765259476,False,-0.42002016751152793,False,-1.0335326761958783,False,0.7195136512786615,False,0,False,0.3478552261255985,39.84684684684685,32.67058823529412,False,0.23275862068965517,False,False,False
39.8468_32.6824,39.84684684684685,32.68235294117647,13.36480686695279,9.470344887903806,0.1764750362258538,24.83997315683362,33.73551502145923,38.99529823489133,0.006683556820253314,False,-0.43321016570630394,False,-1.099269822388955,False,0.8071348660757964,False,0,False,0.49207332453499,39.84684684684685,32.68235294117647,False,0.21982758620689655,False,False,False
39.8468_32.7059,39.84684684684685,32.705882352941174,19.7725321888412,11.336042040029364,0.16429743365535246,23.911747581176694,46.77445670686014,47.121574790464145,0.0021461766645946225,False,-0.39954884165715365,False,-1.0259709226952753,False,0.3452055014133587,False,0,False,0.4173792776175231,39.84684684684685,32.705882352941174,False,0.24568965517241378,False,False,False
39.8468_32.7176,39.84684684684685,32.71764705882353,41.6137339055794,9.661687575687173,0.1389970932087277,19.9288893960111,38.785275958135685,47.28228135750289,0.010999594995183118,False,-0.4218522775118063,False,-1.0344208285569512,False,0.8912975721417268,False,0,False,0.5180857152379683,39.84684684684685,32.71764705882353,False,0.21120689655172414,False,False,False
39.8468_32.7294,39.84684684684685,32.72941176470588,10.042918454935622,4.024105129725271,0.0673383912599331,7.107780489883315,41.61738197424893,54.8556443739839,0.04147667189918806,False,-0.4039487913946157,False,-1.1354663588688987,False,0.7211991838595401,False,0,False,0.5840364419340567,39.84684684684685,32.72941176470588,False,0.23706896551724138,False,False,False
39.8468_32.7412,39.84684684684685,32.74117647058824,5.021459227467811,17.04866197733036,0.31621414272312165,22.140168697915072,53.04377682403434,76.245981028657,0.14179537435774484,True,-0.5065196856925149,False,-1.2473393286648347,False,1.1765088028723931,False,1,False,0.7134985186291452,39.84684684684685,32.74117647058824,False,0.16379310344827586,False,False,False
39.8468_32.7529,39.84684684684685,32.752941176470586,11.047210300429185,17.04384858103934,0.3158438814699664,22.114108675779026,55.21927428794382,76.31428220025418,0.11130365638829846,True,-0.513896468589013,False,-1.2371507773501664,False,0.8062701571935754,False,1,False,0.7166453537978216,39.84684684684685,32.752941176470586,False,0.14655172413793102,False,False,False
39.8468_32.7882,39.84684684684685,32.78823529411765,1.0042918454935623,2.0127327016861307,0.06124551940852783,8.57984805098522,22.377682403433475,22.35663192315553,8.451027985907221e-05,False,-0.43242412471577135,False,-1.6559447461459325,False,2.679378206049838,False,0,False,0.43207735256699903,39.84684684684685,32.78823529411765,False,0.2672413793103448,False,False,False
39.8468_32.8,39.84684684684685,32.8,41.39055793991416,29.295708197935877,0.40057202715854795,57.71881670692154,45.99037941650379,50.94218152187401,0.0035188656583048246,False,-0.4450387266639647,False,-0.9771396694774295,False,1.0550856680493756,False,0,False,0.5210391558217756,39.84684684684685,32.8,False,0.1810344827586207,False,False,False
39.8468_32.8118,39.84684684684685,32.811764705882354,44.7038626609442,8.50383685299546,0.16795627838704413,17.088723239118863,40.86405942958744,49.18703830449641,0.01098507187112194,False,-0.4192480372052609,False,-1.0482296682931225,False,0.9077548002443904,False,0,False,0.5892944395994263,39.84684684684685,32.811764705882354,False,0.24568965517241378,False,False,False
39.8468_32.8235,39.84684684684685,32.8235294117647,59.0,37.40874942115901,0.5948757877578534,68.44268071066905,46.19732938496887,54.86625846435367,0.022416831226798103,False,-0.5005467626011733,False,-1.1195493312706015,False,1.315578399468159,False,0,False,0.576345793872945,39.84684684684685,32.8235294117647,False,0.38362068965517243,False,False,False
39.8468_32.8353,39.84684684684685,32.83529411764706,49.48927038626609,23.307222778051983,0.32648498292904493,44.82293765749522,43.86406144220197,52.030882144742485,0.008221431194280383,False,-0.42573964014707094,False,-0.9787623556135371,False,0.5986174865446432,False,0,False,0.46917323134262523,39.84684684684685,32.83529411764706,False,0.21120689655172414,False,False,False
39.8468_32.8471,39.84684684684685,32.84705882352941,28.755364806866954,20.02480416631004,0.3543676355234564,34.37190526957434,52.21642553544401,57.68183533915046,0.008882008275377199,False,-0.4416022124956304,False,-1.0526481955712361,False,0.780116588407467,False,0,False,0.6481341385004012,39.84684684684685,32.84705882352941,False,0.27586206896551724,False,False,False
39.8468_32.8588,39.84684684684685,32.858823529411765,16.78540772532189,4.544037133984741,0.07969136077174939,8.190988082960368,50.15816712951275,54.75672776931591,0.0009702945517230153,False,-0.40124393070848724,False,-1.0757479740102194,False,0.30749223989006874,False,0,False,0.5478067742762577,39.84684684684685,32.858823529411765,False,0.28448275862068967,False,False,False
39.8468_32.9412,39.84684684684685,32.94117647058823,20.085836909871244,4.558192119875985,0.04939101017084758,6.9397532732388,65.07081545064378,65.06469462445727,0.007882046603065858,False,-0.471862453392008,False,-1.0269964714473316,False,1.0916263968873197,False,0,False,0.6584174267581543,39.84684684684685,32.94117647058823,False,0.09482758620689655,False,False,False
39.8468_32.9529,39.84684684684685,32.95294117647059,26.124463519313306,5.644063798963477,0.051961845261708474,11.20865549734441,42.62782546494993,50.236059681666255,0.009448946196209063,False,-0.4022182704747742,False,-0.9980719484991907,False,0.7349470781559136,False,0,False,0.29381881566855816,39.84684684684685,32.95294117647059,False,0.21551724137931033,False,False,False
39.8468_32.9647,39.84684684684685,32.96470588235294,34.738197424892704,5.607708562533229,0.05122169733147073,11.320780766385354,40.9142089431789,49.4364469728248,0.012257102971573383,False,-0.40724795636932604,False,-1.0098324536264827,False,0.6686302454815054,False,0,False,0.3035248943835285,39.84684684684685,32.96470588235294,False,0.22413793103448276,False,False,False
39.8559_32.4235,39.85585585585586,32.423529411764704,1.005,0.13471994535519122,0.0071482240437158225,1.0657650273224042,12.845,12.839589045998887,0.0014590935772487426,False,-0.4236578004683661,False,-0.9731636619989456,False,0.026421841835197933,False,0,False,0.5399555561291749,39.85585585585586,32.423529411764704,False,0.02586206896551724,False,False,False
39.8559_32.4706,39.85585585585586,32.47058823529412,1.0042918454935623,0.2974205541353233,0.006225845853997151,0.8739612465708622,34.35622317596567,34.33118254582122,0.0009608255303268153,False,-0.37708660098403785,False,-1.0,False,61.016353915953815,True,1,False,0.5564105738934705,39.85585585585586,32.47058823529412,False,0.1810344827586207,False,False,False
39.8559_32.4941,39.85585585585586,32.49411764705882,1.0042918454935623,0.2974205541353233,0.006225845853997151,0.8739612465708622,34.35622317596567,34.33118254582122,0.0009608255303268153,False,-0.37708660098403785,False,-1.0,False,61.016353915953815,True,1,False,0.5564105738934705,39.85585585585586,32.49411764705882,False,0.1810344827586207,False,False,False
39.8559_32.5294,39.85585585585586,32.529411764705884,4.017167381974249,3.182722394772303,0.028358757441509404,4.728226776626494,66.99356223175965,66.75200620641782,0.007994827511616369,False,-0.47528304117676096,False,-1.0029349349174512,False,0.031162067516883052,False,0,False,0.7299473263150372,39.85585585585586,32.529411764705884,False,0.11206896551724138,False,False,False
39.8559_32.5412,39.85585585585586,32.54117647058823,2.0085836909871246,3.182722394772303,0.028358757441509404,4.728226776626494,66.99356223175965,66.75200620641782,0.00782040308470792,False,-0.4766154539863642,False,-1.0054891408262798,False,0.46515439983103274,False,0,False,0.7298162685420715,39.85585585585586,32.54117647058823,False,0.11206896551724138,False,False,False
39.8559_32.5765,39.85585585585586,32.576470588235296,5.021459227467811,0.7549485680683183,0.0574230558491597,8.104236677161188,15.711587982832619,9.332980449268788,0.00923735294210753,False,-0.4643150088939865,False,-3.272206274758458,True,3.1136217657120575,False,1,False,0.3098475301665769,39.85585585585586,32.576470588235296,False,0.0,False,False,False
39.8559_32.5882,39.85585585585586,32.588235294117645,1.0042918454935623,0.9324681622300044,0.008911723145246896,1.5923053968421146,49.5793991416309,49.574632662977685,0.002776572658845218,False,-0.3995887247550074,False,-0.9995359954952321,False,1.791242785789783,False,0,False,1.0340782439936431,39.85585585585586,32.588235294117645,True,0.33620689655172414,False,True,False
39.8559_32.6118,39.85585585585586,32.61176470588235,20.96137339055794,19.960577512349385,0.33251589267439463,46.33400804525602,34.68333008193523,42.83038215660155,0.019397256257894988,False,-0.467713772499579,False,-1.0865765505824876,False,0.6756524278867996,False,0,False,0.2553114457828036,39.85585585585586,32.61176470588235,False,0.0,False,False,False
39.8559_32.6353,39.85585585585586,32.63529411764706,21.463519313304722,35.28033417210357,0.43911775945364184,66.42165842327151,35.50917126507255,53.131209253470665,0.08425398197288696,True,-0.5216740323348477,False,-1.255533801433622,False,0.9481233201960314,False,1,False,0.41340814795041003,39.85585585585586,32.63529411764706,False,0.22844827586206898,False,False,False
39.8559_32.6471,39.85585585585586,32.64705882352941,19.793991416309012,27.30605587488839,0.3338711899019997,50.59138783032112,45.43690422407951,53.22196873678479,0.009767290074686153,False,-0.4431269294954028,False,-1.0294435742723886,False,0.8477969988571733,False,0,False,0.5071258438436451,39.85585585585586,32.64705882352941,False,0.2974137931034483,False,False,False
39.8559_32.6588,39.85585585585586,32.65882352941176,13.055793991416309,8.305188938010263,0.16056503920746065,22.614766530059054,35.58583690987125,35.56477491953605,0.0017393808711086796,False,-0.43194935919707894,False,-1.1856892059611384,False,0.7361413922005657,False,0,False,0.5226033457659132,39.85585585585586,32.65882352941176,False,0.1939655172413793,False,False,False
39.8559_32.6706,39.85585585585586,32.67058823529412,27.622317596566525,18.113081652957742,0.28676051640815076,40.39755428047741,43.768622662917466,44.425506507632925,0.004170150797476047,False,-0.43406492451617434,False,-1.050819204591214,False,0.426918758522691,False,0,False,0.3914857455726514,39.85585585585586,32.67058823529412,False,0.19827586206896552,False,False,False
39.8559_32.6824,39.85585585585586,32.68235294117647,32.566523605150216,18.458199624813002,0.28162304477636985,40.25613563470294,42.88703046164022,45.53007027938624,0.0021481910026741585,False,-0.4299817418169258,False,-1.0373739277808238,False,0.7921701259528996,False,0,False,0.41799535292922757,39.85585585585586,32.68235294117647,False,0.17672413793103448,False,False,False
39.8559_32.6941,39.85585585585586,32.694117647058825,26.034334763948497,16.51737073157381,0.250809729465492,36.0919146835311,40.90735997698222,45.71490545437948,0.00343152225489002,False,-0.4293490593186703,False,-1.0734606135059506,False,0.4651682675577004,False,0,False,0.42809466234254245,39.85585585585586,32.694117647058825,False,0.17672413793103448,False,False,False
39.8559_32.7059,39.85585585585586,32.705882352941174,21.34763948497854,20.68060985587569,0.3277959017111123,47.786598039957596,47.85121831449308,42.83403387392847,0.025811662377893247,False,-0.44723178757244314,False,-1.0432915593126961,False,0.9602716565251815,False,0,False,0.44094399636638876,39.85585585585586,32.705882352941174,False,0.16810344827586207,False,False,False
39.8559_32.7176,39.85585585585586,32.71764705882353,2.6738197424892705,19.6885326396323,0.36357011510410425,41.033832799886596,43.54797670141017,67.2005227584268,0.1590919629177607,True,-0.48323262409756573,False,-1.2838272716308734,False,5.501554779505099,False,1,False,0.7055677147194614,39.85585585585586,32.71764705882353,False,0.23275862068965517,False,False,False
39.8559_32.7294,39.85585585585586,32.72941176470588,3.5450643776824036,72.42205251930442,0.7364843174359684,102.61348697387936,38.236358062538315,47.43983209285207,0.022001962778603418,False,-0.619702841813317,True,-1.3501500377843798,False,3.0273635862302837,False,1,False,1.5573777173478045,39.85585585585586,32.72941176470588,True,0.3577586206896552,False,True,False
39.8559_32.7412,39.85585585585586,32.74117647058824,14.060085836909872,9.019993319323952,0.1583718700871071,14.049519780859962,37.93792152053955,62.774613902918375,0.17353223427160228,True,-0.4418919064512232,False,-1.4889836899115516,False,6.50564695029176,True,2,True,0.6185415899413428,39.85585585585586,32.74117647058824,False,0.27155172413793105,False,False,False
39.8559_32.7529,39.85585585585586,32.752941176470586,6.0257510729613735,17.06189881713066,0.3172323611692983,22.211833758789208,47.06115879828326,76.05899339443657,0.23822604872723033,True,-0.4994038352723224,False,-1.3832219054611885,False,0.6292157833028357,False,1,False,0.7101180401172386,39.85585585585586,32.752941176470586,False,0.1896551724137931,False,False,False
39.8559_32.7647,39.85585585585586,32.76470588235294,1.0042918454935623,16.99571461812917,0.3121412689384146,21.853508454418535,76.97424892703863,77.0064136486094,0.018139302843157328,False,-0.567001883009535,True,-1.8136296946086596,True,1.9922725556292935,False,2,True,0.79555702539653,39.85585585585586,32.76470588235294,False,0.034482758620689655,False,False,False
39.8559_32.8,39.85585585585586,32.8,77.34763948497854,29.553253727503456,0.39972464674425645,57.54090674593705,47.38933446882938,51.5597027778539,0.001968025554387569,False,-0.45507030018572564,False,-0.9969853435144719,False,1.436120304295262,False,0,False,0.5722307891719364,39.85585585585586,32.8,False,0.33189655172413796,False,False,False
39.8559_32.8118,39.85585585585586,32.811764705882354,71.70815450643777,11.717729884904521,0.24825560719247106,25.679197465926244,38.77912238933271,45.879819362533105,0.009716374337890047,False,-0.4625702775500339,False,-1.083250177042053,False,0.8671910249811476,False,0,False,0.5171805014239984,39.85585585585586,32.811764705882354,False,0.3103448275862069,False,False,False
39.8559_32.8235,39.85585585585586,32.8235294117647,56.05150214592275,27.16984014407329,0.4193542362849834,46.036481296913635,44.746330161099706,58.37753888905537,0.03803569435246535,False,-0.4471058250845045,False,-1.0473383466905846,False,0.7541516815402048,False,0,False,0.5731070126406882,39.85585585585586,32.8235294117647,False,0.28879310344827586,False,False,False
39.8559_32.8353,39.85585585585586,32.83529411764706,12.858369098712446,15.319981874464526,0.2336359797001863,27.61017635601263,42.13059472716125,56.663319049567356,0.050446986501717896,False,-0.43163538440698634,False,-1.128634708482688,False,0.8779892941813326,False,0,False,0.5044833736094824,39.85585585585586,32.83529411764706,False,0.25,False,False,False
39.8559_32.8471,39.85585585585586,32.84705882352941,47.527896995708154,12.144508574725519,0.20677381903589825,22.398058447033122,44.23068294400709,54.357924348001696,0.01618371377830018,False,-0.4218422251606695,False,-1.039183901386067,False,0.508525403572245,False,0,False,0.5006404194903922,39.85585585585586,32.84705882352941,False,0.22844827586206898,False,False,False
39.8559_32.8588,39.85585585585586,32.858823529411765,14.605150214592275,6.158680141282035,0.07741951648661818,12.345344271417256,42.990298060308795,49.50576322434007,0.006404302158519924,False,-0.38944187639088795,False,-1.019187174282306,False,0.5662184590031203,False,0,False,0.32433017118313245,39.85585585585586,32.858823529411765,False,0.1810344827586207,False,False,False
39.8559_32.8706,39.85585585585586,32.870588235294115,8.034334763948499,2.5154388313580345,0.03850651651769892,5.388707327637123,46.47424892703863,46.44014146687018,0.0021800031467084486,False,-0.3853204606290369,False,-1.0000792521116537,False,0.6261381858271398,False,0,False,0.46827213862978556,39.85585585585586,32.870588235294115,False,0.27586206896551724,False,False,False
39.8559_32.9529,39.85585585585586,32.95294117647059,2.0085836909871246,3.0732067510548524,0.031021712754205767,5.01835171402184,61.197424892703864,61.17599615808627,0.005396329708268707,False,-0.4378572423138781,False,-0.9933887018011707,False,1.3958876412530115,False,0,False,0.5886102780082489,39.85585585585586,32.95294117647059,False,0.12931034482758622,False,False,False
39.8559_32.9647,39.85585585585586,32.96470588235294,23.253218884120173,5.607411858415787,0.052026893679216694,11.388460112580052,38.83136623748212,49.11972947039153,0.023025721080347113,False,-0.4001843937966021,False,-1.0287728075710882,False,0.5424348496905057,False,0,False,0.2901566243805345,39.85585585585586,32.96470588235294,False,0.16379310344827586,False,False,False
39.8649_32.4471,39.86486486486486,32.44705882352941,2.0085836909871246,0.5948411082706466,0.012451691707994301,1.7479224931417243,34.35622317596567,34.33118254582122,0.0008485391699152115,False,-0.373876711495229,False,-1.2628669279814553,False,61.016353915953815,True,1,False,0.5565610519444507,39.86486486486486,32.44705882352941,False,0.1810344827586207,False,False,False
39.8649_32.5294,39.86486486486486,32.529411764705884,10.042918454935622,3.1827223947723025,0.028358757441509404,4.728226776626494,66.99356223175965,66.75200620641782,0.008544302461401117,False,-0.47871364401731287,False,-1.0201012329683083,False,0.15581033758441537,False,0,False,0.7303594429075246,39.86486486486486,32.529411764705884,False,0.11206896551724138,False,False,False
39.8649_32.5412,39.86486486486486,32.54117647058823,4.017167381974249,3.182722394772303,0.028358757441509404,4.728226776626494,66.99356223175965,66.75200620641782,0.007994827511616369,False,-0.47528304117676096,False,-1.0029349349174512,False,0.031162067516883052,False,0,False,0.7299473263150372,39.86486486486486,32.54117647058823,False,0.11206896551724138,False,False,False
39.8649_32.6,39.86486486486486,32.6,10.042918454935622,3.370591572451845,0.04745630812625298,7.7562391279033465,33.36695278969957,37.51683303866634,0.0035374204929223972,False,-0.3952120433569954,False,-1.0654973545383035,False,1.5320805652602787,False,0,False,0.6052620065399525,39.86486486486486,32.6,False,0.4051724137931034,True,True,False
39.8649_32.6235,39.86486486486486,32.62352941176471,2.0085836909871246,2.3311704055750107,0.022279307863117298,3.9807634921052863,49.5793991416309,49.574632662977685,0.0028995269698343235,False,-0.39196171458504697,False,-1.0158115556352378,False,1.8515656498726372,False,0,False,1.0364359294644994,39.86486486486486,32.62352941176471,True,0.33620689655172414,False,True,False
39.8649_32.6353,39.86486486486486,32.63529411764706,22.188841201716738,13.253709326058605,0.22456130453466489,31.513663838905593,25.260173957995217,42.1563967534041,0.08693174825137119,True,-0.4804481320540348,False,-1.3269770640571195,False,1.2033169945680622,False,1,False,0.24333491021182582,39.86486486486486,32.63529411764706,False,0.06896551724137931,False,False,False
39.8649_32.6471,39.86486486486486,32.64705882352941,16.1931330472103,22.26225982188218,0.2733508079785253,41.402916755664805,40.19598901792477,53.27203642370373,0.0402259645842287,False,-0.4416987643411035,False,-1.0692114056269733,False,0.715949874741221,False,0,False,0.42759823244677464,39.86486486486486,32.64705882352941,False,0.21982758620689655,False,False,False
39.8649_32.6588,39.86486486486486,32.65882352941176,14.30901287553648,40.788928843335235,0.4954090182244289,75.37647942574976,39.29911097486205,54.11343960873916,0.057785454764218445,False,-0.5225956665576467,False,-1.2682041386459604,False,1.384051783902243,False,0,False,0.43929817624269296,39.86486486486486,32.65882352941176,False,0.24568965517241378,False,False,False
39.8649_32.6706,39.86486486486486,32.67058823529412,9.03862660944206,5.607486289070477,0.10947118398957867,15.419173880232549,31.71506914639962,35.20976855730242,0.002519149820014071,False,-0.41388324114008646,False,-1.5371659292334106,False,1.4920573741310728,False,0,False,0.4435787674528684,39.86486486486486,32.67058823529412,False,0.24568965517241378,False,False,False
39.8649_32.6824,39.86486486486486,32.68235294117647,36.61802575107296,36.63251187321098,0.5481554687535112,77.98918306763228,45.12479981097755,46.45970871248527,0.013900530582634336,False,-0.5068248557128572,False,-1.0991571835513445,False,1.5058514823377644,False,0,False,0.47028430794841297,39.86486486486486,32.68235294117647,False,0.21120689655172414,False,False,False
39.8649_32.6941,39.86486486486486,32.694117647058825,1.8626609442060085,0.5810248406814931,0.0295236106455353,5.865058735819783,8.13412017167382,9.466766036019996,0.003546603537932694,False,-0.456176215347286,False,-0.9197910329038308,False,3.3266133039736943,False,0,False,0.5485676811405138,39.86486486486486,32.694117647058825,False,0.008620689655172414,False,False,False
39.8649_32.7059,39.86486486486486,32.705882352941174,18.703862660944207,16.685097442681247,0.25787873984229953,39.75184434870002,43.372927176668426,42.949650425564904,0.0059765498426189246,False,-0.4384726302070382,False,-1.1441257214379699,False,1.043203312625278,False,0,False,0.39733624673867235,39.86486486486486,32.705882352941174,False,0.1336206896551724,False,False,False
39.8649_32.7176,39.86486486486486,32.71764705882353,6.0,47.72759856630824,0.8016726403823178,220.10752688172042,21.29032258064516,21.268862556105404,0.6698739527535312,True,-0.7027335697213555,True,-2.3129495811702103,True,5.195701456821687,False,3,True,0.12309636139582046,39.86486486486486,32.71764705882353,False,0.04310344827586207,False,False,False
39.8649_32.7294,39.86486486486486,32.72941176470588,4.0,912.4064516129032,9.068817204301075,1264.4451612903224,80.7741935483871,80.82114277823796,0.2637867404231203,True,-0.7988143951739933,True,-19.390221158915573,True,39.94359567652605,True,4,True,1.6535445193486478,39.86486486486486,32.72941176470588,True,0.02586206896551724,False,True,True
39.8649_32.7412,39.86486486486486,32.74117647058824,15.064377682403434,8.158458660872824,0.17268072793823863,17.270253168321837,44.85264663805436,45.25322489217482,0.0027850256706247697,False,-0.40296102058458416,False,-1.1600011878534173,False,7.556270334286358,True,1,False,0.6678993461138858,39.86486486486486,32.74117647058824,False,0.3232758620689655,False,False,False
39.8649_32.7647,39.86486486486486,32.76470588235294,21.090128755364805,12.556425102663392,0.23433434462456398,17.103599991985863,44.062231759656655,72.7223349164222,0.22443613773112112,True,-0.47191921619659677,False,-1.2915578949319273,False,0.9539283288767909,False,1,False,0.6233840875164924,39.86486486486486,32.76470588235294,False,0.21982758620689655,False,False,False
39.8649_32.8,39.86486486486486,32.8,42.69098712446352,26.42931836119528,0.35961095988604297,51.8274158932098,45.952283374007685,51.02113908438557,0.0026210944570157053,False,-0.4362401712434528,False,-0.9837829273691293,False,0.5083555913789876,False,0,False,0.5243872364958828,39.86486486486486,32.8,False,0.1896551724137931,False,False,False
39.8649_32.8118,39.86486486486486,32.811764705882354,16.48068669527897,10.39567182666311,0.11491511979734145,19.16771660558019,37.14030127072288,53.987303006618305,0.07479357158271631,False,-0.41581101207592797,False,-1.150565511950592,False,1.4005358306854516,False,0,False,0.38910084787501925,39.86486486486486,32.811764705882354,False,0.22413793103448276,False,False,False
39.8649_32.8235,39.86486486486486,32.8235294117647,75.77682403433477,10.021021546191196,0.19225727764574108,18.605340633298734,41.65553066912229,54.173738219354185,0.026746172884120328,False,-0.4479502035379085,False,-1.0501998694874062,False,0.8843703767077187,False,0,False,0.4737190116691399,39.86486486486486,32.8235294117647,False,0.3103448275862069,False,False,False
39.8649_32.8353,39.86486486486486,32.83529411764706,21.72532188841202,19.108999400499528,0.31721392188203346,40.18166515207796,41.80253805475027,47.92419433531792,0.008138970081526099,False,-0.426937162380336,False,-1.0165963171437515,False,0.7372434324008187,False,0,False,0.442654485925193,39.86486486486486,32.83529411764706,False,0.19827586206896552,False,False,False
39.8649_32.8471,39.86486486486486,32.84705882352941,23.50214592274678,9.408579655115432,0.17482842437715188,15.641738119938363,57.69460430485108,59.070055718320525,0.0038855311568436915,False,-0.4376304572794583,False,-1.0913644796237718,False,1.101021286335836,False,0,False,0.7269318363211643,39.86486486486486,32.84705882352941,False,0.27586206896551724,False,False,False
39.8649_32.8588,39.86486486486486,32.858823529411765,50.69527896995708,8.543780445414436,0.13556596411100957,16.766642624752105,43.30696273126257,51.329961926480884,0.0071769233412919365,False,-0.4120430168707046,False,-1.0267332678462555,False,0.49885584540007183,False,0,False,0.520631891623218,39.86486486486486,32.858823529411765,False,0.21120689655172414,False,False,False
39.8649_32.8706,39.86486486486486,32.870588235294115,25.605150214592275,13.074201862775668,0.11114702616335785,27.39677469414116,38.36771504931705,47.661737320871104,0.021229536222576433,False,-0.42098052824519044,False,-1.0850809308859302,False,0.7133984474776801,False,0,False,0.3036309624910185,39.86486486486486,32.870588235294115,False,0.1810344827586207,False,False,False
39.8649_32.9412,39.86486486486486,32.94117647058823,12.489270386266094,4.723441111748008,0.03954689263656375,9.353503500623289,38.56885294009757,50.51847426238779,0.03541403142411222,False,-0.40383062352282884,False,-1.102147690466254,False,0.9303638978490251,False,0,False,0.24370279783451596,39.86486486486486,32.94117647058823,False,0.07758620689655173,False,False,False
39.8649_32.9529,39.86486486486486,32.95294117647059,15.50214592274678,5.607411858415787,0.052026893679216694,11.388460112580052,38.83136623748212,49.11972947039154,0.024488863170718213,False,-0.4012424155106754,False,-1.059730696435795,False,0.7944392807629905,False,0,False,0.2855914842719022,39.86486486486486,32.95294117647059,False,0.14655172413793102,False,False,False
39.8739_32.4824,39.87387387387388,32.48235294117647,1.8669527896995708,0.4404930948189321,0.013022457845946469,1.8800110968145642,24.824034334763947,23.861065535701602,0.0007568284513966928,False,-0.38971145091015247,False,-1.0486795968852574,False,0.0,False,0,False,0.4224606998127481,39.87387387387388,32.48235294117647,False,0.3879310344827586,True,True,False
39.8739_32.4941,39.87387387387388,32.49411764705882,1.8669527896995708,0.4404930948189321,0.013022457845946469,1.8800110968145642,24.824034334763947,23.861065535701602,0.0007568284513966928,False,-0.38971145091015247,False,-1.0486795968852574,False,0.0,False,0,False,0.4224606998127481,39.87387387387388,32.49411764705882,False,0.3879310344827586,True,True,False
39.8739_32.5882,39.87387387387388,32.588235294117645,1.015,46.02265626499376,0.6221322329910757,89.69005673639765,51.035,51.01007183999172,0.014072343397734553,False,-0.5526032390434128,True,-1.2187801329838204,False,3.0330412985339406,False,1,False,1.5979707225731365,39.87387387387388,32.588235294117645,True,0.4051724137931034,True,True,False
39.8739_32.6471,39.87387387387388,32.64705882352941,87.92274678111588,18.125674956849085,0.3127905766786817,43.45134567371828,30.13502957607797,41.59199610297213,0.02587188309702366,False,-0.5163185554420631,False,-1.2844164062525594,False,1.4960216819681784,False,0,False,0.28784923603701806,39.87387387387388,32.64705882352941,False,0.28448275862068967,False,False,False
39.8739_32.6588,39.87387387387388,32.65882352941176,26.703862660944207,12.124764939817009,0.23953046397697378,33.501783922481124,29.988457225755386,37.16609621109126,0.01536180948460857,False,-0.477992901649188,False,-1.185044812485923,False,0.5471811455861353,False,0,False,0.4367151331663428,39.87387387387388,32.65882352941176,False,0.2025862068965517,False,False,False
39.8739_32.6706,39.87387387387388,32.67058823529412,67.87124463519314,27.64854252354307,0.4170334027995629,60.86095776118258,32.83301135738965,46.116401241166116,0.040374658377958464,False,-0.5070959730938289,False,-1.195750080117235,False,0.6411775465849313,False,0,False,0.4476754273302134,39.87387387387388,32.67058823529412,False,0.3146551724137931,False,False,False
39.8739_32.6824,39.87387387387388,32.68235294117647,87.2618025751073,31.945063944257768,0.4942152310472074,70.285934308824,44.11352459195995,44.8522623744249,0.015135677975042325,False,-0.4999184546981756,False,-1.0308707871828477,False,1.8154586823590289,False,0,False,0.5222436524656109,39.87387387387388,32.68235294117647,False,0.2801724137931034,False,False,False
39.8739_32.6941,39.87387387387388,32.694117647058825,14.163090128755364,7.44272570343456,0.1435759642976871,20.25100709905045,35.943919885550784,36.15397656697435,0.0011887752103148664,False,-0.4256227486852656,False,-1.2234192820271719,False,1.1127878271799982,False,0,False,0.38459258595002277,39.87387387387388,32.694117647058825,False,0.14655172413793102,False,False,False
39.8739_32.7059,39.87387387387388,32.705882352941174,8.759656652360515,18.805570507461066,0.37456415339603144,63.402469381538495,23.149509503372162,30.997404839824444,0.04847573062063726,False,-0.559050062280667,True,-1.3271178461002642,False,0.48467076298852085,False,1,False,0.42861920835646494,39.87387387387388,32.705882352941174,False,0.3275862068965517,False,False,False
39.8739_32.7412,39.87387387387388,32.74117647058824,2.0085836909871246,17.06189881713066,0.3172323611692983,22.211833758789208,47.06115879828326,76.05899339443657,0.24018744304769593,True,-0.5069134024575389,False,-1.3850506878122049,False,13.51165915677143,True,2,True,0.7098832928153238,39.87387387387388,32.74117647058824,False,0.1896551724137931,False,False,False
39.8739_32.7529,39.87387387387388,32.752941176470586,24.103004291845494,8.112884059636995,0.1893972878988008,14.556104338766987,46.353004291845494,54.83557571116534,0.01412348866307627,False,-0.4187358656102719,False,-1.0355316429399817,False,0.8631685050244114,False,0,False,0.5999873934729052,39.87387387387388,32.752941176470586,False,0.27586206896551724,False,False,False
39.8739_32.7882,39.87387387387388,32.78823529411765,4.497854077253219,24.227539207059305,0.49234571726257725,34.75180273262094,60.92918454935622,70.3863846946091,0.04217220087620954,False,-0.5297123413791893,False,-1.310946758932778,False,1.5162241588440366,False,0,False,0.6268691276101005,39.87387387387388,32.78823529411765,False,0.05172413793103448,False,False,False
39.8739_32.8,39.87387387387388,32.8,88.85407725321889,29.2646869061788,0.4140048174258892,57.01063929103601,48.544241201203285,51.78004920570891,0.004171790814818352,False,-0.45905923850001834,False,-1.011902574861677,False,1.3718913830271324,False,0,False,0.5737340527475354,39.87387387387388,32.8,False,0.31896551724137934,False,False,False
39.8739_32.8118,39.87387387387388,32.811764705882354,85.9098712446352,19.829051554976104,0.2350790656717497,37.346888752983055,42.44984906577651,52.94754848450947,0.011527258628087211,False,-0.4493929184242733,False,-1.0278313427849535,False,0.9182725065281351,False,0,False,0.4212496014925242,39.87387387387388,32.811764705882354,False,0.31896551724137934,False,False,False
39.8739_32.8235,39.87387387387388,32.8235294117647,31.965665236051503,4.387956307896175,0.10487490997722718,9.23836443268979,37.340881622200996,47.655209892775844,0.02229541613388668,False,-0.4097240126532653,False,-1.0378892205250705,False,0.7355373870780709,False,0,False,0.3434939000963963,39.87387387387388,32.8235294117647,False,0.1724137931034483,False,False,False
39.8739_32.8353,39.87387387387388,32.83529411764706,26.51502145922747,20.321657297862053,0.3162521314522674,35.48243525516025,46.886609442060085,57.20802345484546,0.019692687579322996,False,-0.42663866921531846,False,-1.0351583927556827,False,0.6575037573362064,False,0,False,0.5716660480877098,39.87387387387388,32.83529411764706,False,0.2672413793103448,False,False,False
39.8739_32.8471,39.87387387387388,32.84705882352941,32.79399141630901,18.605608572145254,0.2674220943303052,34.2908578272148,50.67062191837216,53.91169160850041,0.0006738408288166116,False,-0.43328496570385583,False,-1.0182415818545092,False,0.49819366866961434,False,0,False,0.558128404049062,39.87387387387388,32.84705882352941,False,0.3017241379310345,False,False,False
39.8739_32.8588,39.87387387387388,32.858823529411765,55.94849785407725,10.226220435148562,0.15621176227681605,19.96770693607599,37.70808246952036,51.06684340592825,0.03480873886475372,False,-0.4357587910832163,False,-1.1097510124348178,False,0.8936975848981984,False,0,False,0.4720188762494286,39.87387387387388,32.858823529411765,False,0.20689655172413793,False,False,False
39.8739_32.8706,39.87387387387388,32.870588235294115,40.54077253218884,9.09846578834465,0.09350541777232893,16.88145453476638,49.61537565804459,53.47088734547841,0.0008824400962756342,False,-0.4066163816220342,False,-0.9787609053973156,False,0.3050388769195414,False,0,False,0.4790968150402419,39.87387387387388,32.870588235294115,False,0.2801724137931034,False,False,False
39.8739_32.8824,39.87387387387388,32.88235294117647,10.042918454935622,8.595043586223102,0.10175845098147891,14.266776868759997,61.24892703862661,58.240230758975606,0.016081909616805643,False,-0.43826455656948976,False,-1.0540818275078914,False,1.09135885773104,False,0,False,0.9982270453408538,39.87387387387388,32.88235294117647,True,0.28879310344827586,False,True,False
39.8739_32.8941,39.87387387387388,32.89411764705882,1.0050251256281406,0.18980679258360764,0.004256194766938132,0.5988996707676313,31.306532663316585,31.307729121799476,0.0008670083483465276,False,-0.3852277268398573,False,-1.0601026511957266,False,1.8091451266913445,False,0,False,1.2406110815732838,39.87387387387388,32.89411764705882,True,0.3706896551724138,False,True,False
39.8739_32.9294,39.87387387387388,32.92941176470588,10.759656652360515,19.446943449329254,0.19075896312384852,35.01312897683341,48.18751277334968,55.361015439796596,0.009931545407829489,False,-0.432698715594669,False,-1.1407550587595003,False,0.459420202924698,False,0,False,0.3340758277938984,39.87387387387388,32.92941176470588,False,0.25,False,False,False
39.8739_32.9412,39.87387387387388,32.94117647058823,4.017167381974249,4.368113063043533,0.053737355876317915,8.078739850224204,50.11641630901288,53.31791997197035,0.0006919144668737888,False,-0.39494783446022985,False,-1.012677168514737,False,0.43814787214522777,False,0,False,0.5616830320258734,39.87387387387388,32.94117647058823,False,0.22413793103448276,False,False,False
39.8739_32.9529,39.87387387387388,32.95294117647059,6.0257510729613735,5.014590334629755,0.05490498203256932,8.60890275856593,56.272532188841204,57.881746441220045,0.0017314588545317595,False,-0.41957625710781515,False,-1.156022705023133,False,0.6613041170523651,False,0,False,0.5125435690600011,39.87387387387388,32.95294117647059,False,0.1810344827586207,False,False,False
39.8739_32.9882,39.87387387387388,32.98823529411764,20.085836909871244,10.204116207996556,0.07923709848372346,18.44189645722418,47.94635193133047,54.77749069997848,0.008008343054522441,False,-0.40163215808781655,False,-1.0136973953115578,False,0.17948008150439182,False,0,False,0.4626152616083773,39.87387387387388,32.98823529411764,False,0.33620689655172414,False,False,False
39.8739_33.0,39.87387387387388,33.0,27.11587982832618,6.140517420683657,0.054050461637665574,11.72390588989763,46.59028771260531,51.66854782034327,0.002765641475854865,False,-0.3977152381147146,False,-1.0333940376953916,False,0.43363165470652587,False,0,False,0.5536975103475811,39.87387387387388,33.0,False,0.31896551724137934,False,False,False
39.8739_33.1765,39.87387387387388,33.1764705882353,2.2060085836909873,1.604399727955236,0.02598112999635876,3.6515483184169444,41.67167381974249,43.44706265892197,0.0004969518877152802,False,-0.3859896952553727,False,-0.9948674944614286,False,61.016353915953815,True,1,False,0.4393420056716889,39.87387387387388,33.1764705882353,False,0.22413793103448276,False,False,False
39.8829_32.5765,39.88288288288288,32.576470588235296,1.0042918454935623,0.2974205541353233,0.006225845853997151,0.8739612465708622,34.35622317596567,34.33118254582122,0.0009608255303268153,False,-0.37708660098403785,False,-1.0,False,1.591822468176866,False,0,False,0.5564105738934705,39.88288288288288,32.576470588235296,False,0.1810344827586207,False,False,False
39.8829_32.5882,39.88288288288288,32.588235294117645,3.4334763948497855,2.644043036680243,0.037177268424633314,6.031825481737281,30.501072961373392,39.055677851925445,0.021320617445387376,False,-0.398102812839192,False,-1.5723990384419833,False,0.9143546281948043,False,0,False,0.5324714186427143,39.88288288288288,32.588235294117645,False,0.375,False,False,False
39.8829_32.6,39.88288288288288,32.6,1.0042918454935623,0.9507227834809824,0.01549295056731872,3.0046486497507465,28.315450643776824,28.34018532080439,0.0006072084356826971,False,-0.3890259342300616,False,-1.0145026507334844,False,1.513575847444449,False,0,False,0.7713669632745119,39.88288288288288,32.6,False,0.3103448275862069,False,False,False
39.8829_32.6118,39.88288288288288,32.61176470588235,41.712446351931334,21.45707003389913,0.3060214412423079,44.74353059415854,40.20924863648816,47.92730579056004,0.00943211120393468,False,-0.4310288172791848,False,-1.0101092548996469,False,1.6806525442365845,False,0,False,0.33798494657742434,39.88288288288288,32.61176470588235,False,0.1853448275862069,False,False,False
39.8829_32.6235,39.88288288288288,32.62352941176471,23.510729613733904,8.622747490997243,0.15758896511094475,23.150978278064905,30.071929054493435,36.72672280318435,0.0106343780413397,False,-0.4450088049224936,False,-1.134388897322729,False,0.09955909608377622,False,0,False,0.41995007285307634,39.88288288288288,32.62352941176471,False,0.1810344827586207,False,False,False
39.8829_32.6353,39.88288288288288,32.63529411764706,11.459227467811159,3.1677039682969803,0.06909423149008108,9.954745914762082,27.807081545064378,31.566470764703933,0.0034834999972245453,False,-0.41441711763458583,False,-1.3323611945302163,False,0.8163679827140737,False,0,False,0.4743799105085426,39.88288288288288,32.63529411764706,False,0.29310344827586204,False,False,False
39.8829_32.6471,39.88288288288288,32.64705882352941,6.0257510729613735,6.904932178520886,0.12604899459683794,18.448089055475634,29.775751072961373,36.73732735563741,0.013785555514286762,False,-0.42224543968860234,False,-1.376161579451026,False,0.9680456868479731,False,0,False,0.43116097925743274,39.88288288288288,32.64705882352941,False,0.2413793103448276,False,False,False
39.8829_32.6588,39.88288288288288,32.65882352941176,75.12017167381974,16.3776789595049,0.29026173299615354,40.244975695075695,28.61237120856685,40.63125478431095,0.031898776603489415,False,-0.521004290145757,False,-1.3046465064370047,False,0.9145201650734073,False,0,False,0.2748384462033945,39.88288288288288,32.65882352941176,False,0.24568965517241378,False,False,False
39.8829_32.6706,39.88288288288288,32.67058823529412,17.781115879828327,14.821849739206304,0.25615875498540225,38.38175151603589,28.890487811719822,37.8384169788936,0.0253129559212244,False,-0.48949600934488685,False,-1.215513601844571,False,0.9583930221984348,False,0,False,0.48936910382691934,39.88288288288288,32.67058823529412,False,0.16810344827586207,False,False,False
39.8829_32.6824,39.88288288288288,32.68235294117647,98.43347639484979,28.345414322450555,0.4810306787296913,70.09449802734355,33.63130133370841,40.30232015868163,0.017257124606424454,False,-0.546502073777977,True,-1.3451609848382227,False,1.661091214047117,False,1,False,0.35309859926690135,39.88288288288288,32.68235294117647,False,0.21982758620689655,False,False,False
39.8829_32.6941,39.88288288288288,32.694117647058825,3.0128755364806867,23.936887178728234,0.4845354447239899,70.95572196734251,42.92346208869814,33.062368348152695,0.0787172071695118,False,-0.5339342750283251,False,-1.2749057021634504,False,0.968078877386698,False,0,False,0.588337143133539,39.88288288288288,32.694117647058825,False,0.16379310344827586,False,False,False
39.8829_32.7059,39.88288288288288,32.705882352941174,10.44206008583691,20.96018132587564,0.4208308077912005,59.960106166352205,40.88611753053814,34.89788557763974,0.041866421178307765,False,-0.5002808451285444,False,-1.2039860698023785,False,0.6907663770396592,False,0,False,0.5077938631881058,39.88288288288288,32.705882352941174,False,0.12931034482758622,False,False,False
39.8829_32.7176,39.88288288288288,32.71764705882353,5.214592274678112,4.4083377246446735,0.07667943850471086,20.677367710423177,4.797788048861011,5.485541073445228,0.005494205414335626,False,-0.5832071421016071,True,-1.687653230311406,False,9.062458942071535,True,2,True,0.20700008382826304,39.88288288288288,32.71764705882353,False,0.04310344827586207,False,False,False
39.8829_32.7294,39.88288288288288,32.72941176470588,2.0,912.4064516129032,9.068817204301075,1264.4451612903224,80.7741935483871,80.82114277823796,0.26328760160475123,True,-0.7982741110809585,True,-19.391316313717063,True,40.677569277302545,True,4,True,1.653508272977533,39.88288288288288,32.72941176470588,True,0.02586206896551724,False,True,True
39.8829_32.7412,39.88288288288288,32.74117647058824,2.0085836909871246,17.06189881713066,0.3172323611692983,22.211833758789208,47.06115879828326,76.05899339443657,0.24018744304769593,True,-0.5069134024575389,False,-1.3850506878122049,False,6.070182041200509,True,2,True,0.7098832928153238,39.88288288288288,32.74117647058824,False,0.1896551724137931,False,False,False
39.8829_32.7529,39.88288288288288,32.752941176470586,32.137339055793994,22.089367550373193,0.43157510049867764,33.77881741387222,46.19729077253219,64.29618916544383,0.09399070628261545,True,-0.4791490037212157,False,-1.1711642334059191,False,0.571936390562546,False,1,False,0.6339744842485944,39.88288288288288,32.752941176470586,False,0.25,False,False,False
39.8829_32.7647,39.88288288288288,32.76470588235294,9.763948497854077,16.74101194710429,0.1535120641788353,24.548139224107388,58.57513981011835,68.26515376531371,0.013781110819430975,False,-0.469967636681469,False,-1.1169562756230462,False,1.1508238404757536,False,0,False,0.5460637756631442,39.88288288288288,32.76470588235294,False,0.11206896551724138,False,False,False
39.8829_32.7765,39.88288288288288,32.77647058823529,25.07296137339056,15.185703620380758,0.15594582071349133,23.676071051489846,53.16470724461327,64.49995550714458,0.020031251784694577,False,-0.441953736550697,False,-1.0763113240018298,False,0.9578348253081646,False,0,False,0.4504155571498845,39.88288288288288,32.77647058823529,False,0.15086206896551724,False,False,False
39.8829_32.7882,39.88288288288288,32.78823529411765,18.206008583690988,22.601415907174164,0.4851865843900936,35.89372295244805,55.97587790480999,62.962844999109656,0.036089526269850215,False,-0.494491361752474,False,-1.1121701598884195,False,0.667393915531077,False,0,False,0.6152500521725293,39.88288288288288,32.78823529411765,False,0.13793103448275862,False,False,False
39.8829_32.8,39.88288288288288,32.8,58.75965665236051,26.86101323825159,0.40735200699546914,49.92634319270553,49.52838121283336,54.20876683488533,0.004482915955027304,False,-0.44493843681880585,False,-0.9897616692743186,False,0.3802293556862132,False,0,False,0.5237696514343257,39.88288288288288,32.8,False,0.2801724137931034,False,False,False
39.8829_32.8118,39.88288288288288,32.811764705882354,29.527896995708154,11.668679929893258,0.09644748688643914,20.932130264337896,42.85721438790108,55.271162414430584,0.03307541884223436,False,-0.408143802419121,False,-1.0539646874812143,False,0.9224663174849413,False,0,False,0.4625394689818697,39.88288288288288,32.811764705882354,False,0.23275862068965517,False,False,False
39.8829_32.8235,39.88288288288288,32.8235294117647,35.587982832618025,3.8870519778539534,0.08440902276695257,8.190240779220428,37.10999107393957,47.3529457093361,0.02106493427167881,False,-0.41397105505639814,False,-1.0204150808461177,False,0.9889532052290307,False,0,False,0.3170907972578877,39.88288288288288,32.8235294117647,False,0.1724137931034483,False,False,False
39.8829_32.8353,39.88288288288288,32.83529411764706,45.802575107296136,24.42478231569406,0.4246264629267803,48.36327930646319,43.4237660944206,50.911944774124066,0.015261743352785483,False,-0.4361433452577489,False,-0.9954197307552602,False,0.750085030103297,False,0,False,0.5411968935865987,39.88288288288288,32.83529411764706,False,0.27155172413793105,False,False,False
39.8829_32.8471,39.88288288288288,32.84705882352941,73.63948497854078,13.736503203907091,0.20752092136178457,26.077209604899604,41.68606534404488,53.062990681932575,0.01843062937040141,False,-0.4505400687278307,False,-1.0489408912540141,False,0.9016754244798971,False,0,False,0.5280982781769754,39.88288288288288,32.84705882352941,False,0.3620689655172414,False,False,False
39.8829_32.8588,39.88288288288288,32.858823529411765,9.158798283261802,9.034000333360439,0.07671978657476386,16.017509126528182,43.11339668914776,56.90021656771373,0.04649854626608674,False,-0.40279805938249513,False,-1.1438963656131693,False,1.0499407413816377,False,0,False,0.4214504777343463,39.88288288288288,32.858823529411765,False,0.29310344827586204,False,False,False
39.8829_32.8706,39.88288288288288,32.870588235294115,16.600858369098713,13.840346091316874,0.16616739971603822,21.921303209226775,57.22750017801772,61.89128256445748,0.0004549314165453059,False,-0.44150692809584496,False,-1.0574769233384123,False,0.5885545068082543,False,0,False,0.7571059243342632,39.88288288288288,32.870588235294115,False,0.27586206896551724,False,False,False
39.8829_32.8824,39.88288288288288,32.88235294117647,36.57510729613734,10.445567195363449,0.12457023995692161,17.46393331915601,59.086589225645014,57.96559518491698,0.010898423015396655,False,-0.4396440481868817,False,-1.1354312070819768,False,0.9051087588060567,False,0,False,0.9311882076539532,39.88288288288288,32.88235294117647,True,0.28448275862068967,False,True,False
39.8829_32.8941,39.88288288288288,32.89411764705882,3.725321888412017,0.7987179961521386,0.010279683502822427,1.4463704306644962,47.76824034334764,56.73078185487152,0.014892597610938153,False,-0.4091967442476659,False,-1.257246270843622,False,0.7865945550971484,False,0,False,0.9770624293571293,39.88288288288288,32.89411764705882,True,0.3448275862068966,False,True,False
39.8829_32.9059,39.88288288288288,32.90588235294118,2.0100502512562812,0.18980679258360764,0.004256194766938132,0.5988996707676313,31.306532663316585,31.307729121799476,0.0008826573462279328,False,-0.38277948360138236,False,-1.05460583769111,False,1.412416703934578,False,0,False,1.2430522338869796,39.88288288288288,32.90588235294118,True,0.3706896551724138,False,True,False
39.8829_32.9176,39.88288288288288,32.917647058823526,12.489270386266094,14.321761134913725,0.13283035054261844,24.06287711667866,54.27154176295807,59.358380954659346,0.003364146236087355,False,-0.4326504919157255,False,-1.0869586202339354,False,1.1792019188667666,False,0,False,0.42149535804594607,39.88288288288288,32.917647058823526,False,0.125,False,False,False
39.8829_32.9294,39.88288288288288,32.92941176470588,60.65665236051502,28.157194778223417,0.2535229518393867,52.32252813089979,49.30742541309769,53.4971169531537,0.007305189620958316,False,-0.44631095005237237,False,-0.9841911031436839,False,0.925119513280251,False,0,False,0.3246063500300496,39.88288288288288,32.92941176470588,False,0.1896551724137931,False,False,False
39.8829_32.9412,39.88288288288288,32.94117647058823,3.0128755364806867,8.19521800281294,0.08272456734454882,13.382271237391572,61.197424892703864,61.17599615808627,0.005734310972848595,False,-0.4457443490811933,False,-1.0237309678264637,False,0.7630777683493541,False,0,False,0.597313621462281,39.88288288288288,32.94117647058823,False,0.1206896551724138,False,False,False
39.8829_32.9529,39.88288288288288,32.95294117647059,4.017167381974249,2.394748422697336,0.026349360178793878,3.7006981665710725,63.85407725321888,63.872359906074216,0.0060170343567803285,False,-0.4674794913514082,False,-0.9957860294235333,False,1.0723345710152143,False,0,False,0.6524708993889964,39.88288288288288,32.95294117647059,False,0.15948275862068967,False,False,False
39.8829_32.9647,39.88288288288288,32.96470588235294,2.0085836909871246,0.28115139155226815,0.005336904798141152,0.7505216841350528,36.272532188841204,36.28190776807011,0.0011098957916914913,False,-0.3808592554360912,False,-2.0699754737105622,True,1.8041269191400975,False,1,False,0.7167735709731466,39.88288288288288,32.96470588235294,False,0.375,False,False,False
39.8829_32.9765,39.88288288288288,32.976470588235294,39.167381974248926,13.103953049513999,0.10159954975669831,23.66571459737192,46.83212281280951,54.82919831663963,0.010380373388021058,False,-0.41676591485330017,False,-0.9803588575372434,False,0.7026534195332966,False,0,False,0.46842797036395517,39.88288288288288,32.976470588235294,False,0.3275862068965517,False,False,False
39.8829_32.9882,39.88288288288288,32.98823529411764,10.042918454935622,14.012361430547614,0.10928068021968045,25.391135571098616,46.08583690987125,54.64359147415359,0.01726283532997639,False,-0.4158693138066448,False,-1.0813930945285337,False,0.4890269014781068,False,0,False,0.4568310628754075,39.88288288288288,32.98823529411764,False,0.33620689655172414,False,False,False
39.8919_32.4824,39.891891891891895,32.48235294117647,3.7339055793991416,0.4404930948189321,0.013022457845946469,1.8800110968145642,24.824034334763947,23.861065535701602,0.0007999479761764301,False,-0.3891429521260666,False,-1.0306994463987063,False,0.46224069166301335,False,0,False,0.42048504856380375,39.891891891891895,32.48235294117647,False,0.3879310344827586,True,True,False
39.8919_32.4941,39.891891891891895,32.49411764705882,3.7339055793991416,0.4404930948189321,0.013022457845946469,1.8800110968145642,24.824034334763947,23.861065535701602,0.0007999479761764301,False,-0.3891429521260666,False,-1.0306994463987063,False,0.0,False,0,False,0.42048504856380375,39.891891891891895,32.49411764705882,False,0.3879310344827586,True,True,False
39.8919_32.5529,39.891891891891895,32.55294117647059,41.896995708154506,2.93150059142502,0.026978839667948774,4.471580673818478,63.139827304312284,65.04905521301791,0.004550039871218429,False,-0.49607489966781027,False,-1.2520278180693754,False,61.016353915953815,True,1,False,0.6596365418411907,39.891891891891895,32.55294117647059,False,0.12931034482758622,False,False,False
39.8919_32.6118,39.891891891891895,32.61176470588235,2.7167381974248928,4.039684761154594,0.08223506137588972,12.205104547968576,25.61802575107296,33.837010895807346,0.022013766482935182,False,-0.41506667466028735,False,-1.656085298142978,False,0.6548069932512378,False,0,False,0.317999168899462,39.891891891891895,32.61176470588235,False,0.2413793103448276,False,False,False
39.8919_32.6235,39.891891891891895,32.62352941176471,26.935622317596568,5.037943912745918,0.10041667590241937,14.864488798353197,28.662247087676274,33.697372768045966,0.005121820918151695,False,-0.43850372803107424,False,-1.3102987336584504,False,0.3161398828599822,False,0,False,0.43221457602259933,39.891891891891895,32.62352941176471,False,0.2672413793103448,False,False,False
39.8919_32.6353,39.891891891891895,32.63529411764706,23.510729613733904,7.231249996919654,0.13705171108390007,20.574455564046968,30.966193588242945,34.66351406950678,0.0025973722397839493,False,-0.4440126955640346,False,-1.1523089771488226,False,0.06871947907781847,False,0,False,0.4521855618674799,39.891891891891895,32.63529411764706,False,0.25862068965517243,False,False,False
39.8919_32.6471,39.891891891891895,32.64705882352941,39.167381974248926,16.798325308157988,0.2944538035784143,44.61151049279135,33.52811709034885,37.08272516243894,0.006921660080952278,False,-0.4956721048682549,False,-1.160622548499282,False,0.515722910509852,False,0,False,0.3790605416798813,39.891891891891895,32.64705882352941,False,0.19827586206896552,False,False,False
39.8919_32.6588,39.891891891891895,32.65882352941176,29.240343347639485,21.660997481224875,0.3888107124994073,59.2103419657024,31.13042441583214,36.17246383708949,0.01931875955123789,False,-0.5254153208939704,False,-1.0654168539163222,False,0.48491904064279717,False,0,False,0.3744313101415914,39.891891891891895,32.65882352941176,False,0.11206896551724138,False,False,False
39.8919_32.6706,39.891891891891895,32.67058823529412,21.510729613733904,24.31186657717136,0.4295186364030084,65.98798759398453,29.65665236051502,36.37582070566614,0.03005471929114677,False,-0.5381579421510994,False,-1.0953128279632183,False,0.76462986045931,False,0,False,0.5010651072619887,39.891891891891895,32.67058823529412,False,0.1810344827586207,False,False,False
39.8919_32.6824,39.891891891891895,32.68235294117647,14.626609442060087,9.397553738598704,0.18847081968424487,25.54608616158549,28.446065111569403,36.7980350547445,0.020838625891189427,False,-0.45258540333656844,False,-1.1509982174580504,False,0.7134862704681373,False,0,False,0.19945175204187165,39.891891891891895,32.68235294117647,False,0.034482758620689655,False,False,False
39.8919_32.6941,39.891891891891895,32.694117647058825,19.819742489270386,21.802645722071944,0.47149908658780587,68.7693423618683,30.85350124237633,31.26171384616689,0.035212340760222886,False,-0.5519080025173432,True,-1.1558686811147714,False,0.5475761408529206,False,1,False,0.46009047148532817,39.891891891891895,32.694117647058825,False,0.23275862068965517,False,False,False
39.8919_32.7059,39.891891891891895,32.705882352941174,10.042918454935622,33.57760544620394,0.6915799911203198,101.08354003255882,40.122317596566525,32.64449477946671,0.10608114257953416,True,-0.5970029478759679,True,-1.214251698628442,False,1.4451846112944422,False,2,True,0.6342329874374046,39.891891891891895,32.705882352941174,False,0.15948275862068967,False,False,False
39.8919_32.7176,39.891891891891895,32.71764705882353,6.218884120171674,24.10116595964343,0.49019415689512913,52.12985583557873,42.54996934396076,53.86645940093807,0.04974677859911664,False,-0.4674823930701785,False,-1.139570617573344,False,5.831008770519231,False,0,False,0.6212177744856813,39.891891891891895,32.71764705882353,False,0.29310344827586204,False,False,False
39.8919_32.7294,39.891891891891895,32.72941176470588,20.23175965665236,40.569332790271496,0.5496761708746446,60.974491170959496,55.115183100161644,65.14185621501935,0.018644139455917,False,-0.5524255627505809,True,-1.1911824934004593,False,4.967480991234722,False,1,False,0.6222434795427945,39.891891891891895,32.72941176470588,False,0.14655172413793102,False,False,False
39.8919_32.7412,39.891891891891895,32.74117647058824,1.0042918454935623,4.655011967646089,0.1483369098712446,10.386472433146254,44.472103004291846,44.47376654901099,0.0037619053585997296,False,-0.4258469769981774,False,-1.3551737788440037,False,6.502734389691845,True,1,False,0.6461786495576436,39.891891891891895,32.74117647058824,False,0.33189655172413796,False,False,False
39.8919_32.7529,39.891891891891895,32.752941176470586,73.49356223175965,26.45271394007075,0.45579713959985996,52.36722071146133,53.23506641734895,52.44222194167835,0.0233939306088498,False,-0.47510786431570007,False,-1.0748834059344545,False,1.4594160569642576,False,0,False,0.7439391086077983,39.891891891891895,32.752941176470586,False,0.39655172413793105,True,True,False
39.8919_32.7647,39.891891891891895,32.76470588235294,8.034334763948499,26.772028133885513,0.5393587257312853,42.94424440482647,45.9093347639485,61.21823762026041,0.08825827457577946,True,-0.48587434293955195,False,-1.1208086959039436,False,0.8758231833571399,False,1,False,0.6374626838113708,39.891891891891895,32.76470588235294,False,0.25862068965517243,False,False,False
39.8919_32.7882,39.891891891891895,32.78823529411765,23.296137339055793,34.63825819771095,0.6800821492470253,58.13684372866194,54.64638372277857,59.8025010467519,0.05209339818924436,False,-0.5413274696058883,False,-1.1178704257142291,False,1.2887128400524281,False,0,False,0.6944615538313486,39.891891891891895,32.78823529411765,False,0.1724137931034483,False,False,False
39.8919_32.8,39.891891891891895,32.8,51.072961373390555,11.327818712341717,0.22283046622061747,18.214959415802703,48.13478739135139,63.09595078862217,0.04449986138642412,False,-0.44168275529446754,False,-1.2002750321326654,False,0.8844173913464516,False,0,False,0.4399957450256791,39.891891891891895,32.8,False,0.1810344827586207,False,False,False
39.8919_32.8118,39.891891891891895,32.811764705882354,133.07296137339057,24.606497256784195,0.3146943963175557,48.80825987816347,44.9267365534437,50.62794062783774,0.000474425068881224,False,-0.48236631011981923,False,-1.0720569220763942,False,2.0275509045849924,False,0,False,0.5687198262896779,39.891891891891895,32.811764705882354,False,0.02586206896551724,False,False,False
39.8919_32.8235,39.891891891891895,32.8235294117647,26.334763948497855,5.18581221748102,0.10261436475375262,10.631129958677999,39.13854904037307,48.85162310072189,0.018628009207652098,False,-0.4033928179099724,False,-1.0312856273342494,False,1.3782387806429888,False,0,False,0.33649098073482764,39.891891891891895,32.8235294117647,False,0.22413793103448276,False,False,False
39.8919_32.8353,39.891891891891895,32.83529411764706,50.54077253218884,29.82755431406946,0.5025732920726856,54.476532906704925,42.589229833143264,55.10593933630822,0.04075830375440087,False,-0.46299284874318175,False,-1.0626231455190454,False,0.666308545796887,False,0,False,0.45526774190624986,39.891891891891895,32.83529411764706,False,0.2543103448275862,False,False,False
39.8919_32.8471,39.891891891891895,32.84705882352941,51.39914163090129,12.527539556657356,0.22530862118118652,23.39462230215166,42.27711927301022,53.555809817918764,0.023129501811170673,False,-0.4299633094242082,False,-1.0944887041123836,False,0.6847161553235318,False,0,False,0.5106056249307029,39.891891891891895,32.84705882352941,False,0.23275862068965517,False,False,False
39.8919_32.8588,39.891891891891895,32.858823529411765,34.90987124463519,20.071552061245182,0.20988149799769773,31.996184994278945,56.11314021169454,61.97681498420797,0.0017076118394678448,False,-0.46446020610238714,False,-1.0543845634817073,False,0.6788221765420437,False,0,False,0.6442392275398754,39.891891891891895,32.858823529411765,False,0.25862068965517243,False,False,False
39.8919_32.8706,39.891891891891895,32.870588235294115,71.47210300429184,15.973280721984423,0.19595757517903306,24.716146044121388,58.95454535200696,62.97076885835646,0.001997588709550983,False,-0.4833107230619474,False,-1.2401947464372691,False,1.157604293980951,False,0,False,0.8598514527151293,39.891891891891895,32.870588235294115,False,0.2801724137931034,False,False,False
39.8919_32.8824,39.891891891891895,32.88235294117647,11.699570815450643,10.402777624677906,0.12375731393858197,17.41407429808954,54.832276628950446,57.90500377411817,0.00038830282032831427,False,-0.41887302666166143,False,-1.0955267687638715,False,0.6491808607080622,False,0,False,0.838095675588792,39.891891891891895,32.88235294117647,False,0.28448275862068967,False,False,False
39.8919_32.8941,39.891891891891895,32.89411764705882,2.0100502512562812,0.18980679258360764,0.004256194766938132,0.5988996707676313,31.306532663316585,31.307729121799476,0.0008826573462279328,False,-0.38277948360138236,False,-1.05460583769111,False,1.7903369582225688,False,0,False,1.2430522338869796,39.891891891891895,32.89411764705882,True,0.3706896551724138,False,True,False
39.8919_32.9059,39.891891891891895,32.90588235294118,12.051502145922747,0.916981333223286,0.013542698360294904,1.9177671398701444,46.42274678111588,46.41574690527813,0.0026284957545294804,False,-0.39748934689980286,False,-0.9995036651382044,False,0.9350002455136875,False,0,False,0.7396498889429088,39.891891891891895,32.90588235294118,False,0.27155172413793105,False,False,False
39.8919_32.9176,39.891891891891895,32.917647058823526,111.83690987124463,19.49404025060775,0.17926217310432238,33.98310489996048,50.36781703469888,57.14700430328644,0.0020379078369373734,False,-0.4548916897149633,False,-0.9952435272991476,False,1.2947530973500228,False,0,False,0.40002218933958,39.891891891891895,32.917647058823526,False,0.0603448275862069,False,False,False
39.8919_32.9294,39.891891891891895,32.92941176470588,92.34334763948497,17.843889180465187,0.152253823345679,32.89207486100185,49.646815905883074,54.207547442027625,0.003241443622786014,False,-0.44032783893242977,False,-0.9578553452365046,False,0.7984287750980238,False,0,False,0.35581064883518576,39.891891891891895,32.92941176470588,False,0.28879310344827586,False,False,False
39.8919_32.9529,39.891891891891895,32.95294117647059,2.0085836909871246,2.394748422697336,0.026349360178793878,3.7006981665710725,63.85407725321888,63.872359906074216,0.005861056967374163,False,-0.46879002761830557,False,-0.9957860294235333,False,1.2523248818132473,False,0,False,0.652471434044606,39.891891891891895,32.95294117647059,False,0.15948275862068967,False,False,False
39.8919_32.9647,39.891891891891895,32.96470588235294,18.07725321888412,4.4244023992076125,0.038086024036207144,8.78975453368145,40.73056747734859,49.83842173458424,0.017164669663920235,False,-0.39451574952134044,False,-1.0241747967391737,False,0.862395725532144,False,0,False,0.4610486307366231,39.891891891891895,32.96470588235294,False,0.1810344827586207,False,False,False
39.8919_32.9765,39.891891891891895,32.976470588235294,29.124463519313306,9.503923755205538,0.07372409150752118,17.11739454621091,46.9115731833654,54.976439691895266,0.010524848069645265,False,-0.40183973633372616,False,-1.004095126199959,False,0.2519455933462964,False,0,False,0.458144631107161,39.891891891891895,32.976470588235294,False,0.3448275862068966,False,False,False
39.8919_33.0118,39.891891891891895,33.01176470588235,2.0085836909871246,1.34029234933226,0.017734200509368588,2.494400938860403,52.836909871244636,52.80083685197387,0.0032849026527392994,False,-0.4055875306682492,False,-0.9698747639219795,False,0.13755636808564634,False,0,False,0.5713482641362112,39.891891891891895,33.01176470588235,False,0.33620689655172414,False,False,False
39.8919_33.0235,39.891891891891895,33.023529411764706,9.334763948497853,2.3223796553954967,0.03133711500099428,4.405260560770662,53.79935622317596,52.99423556223537,0.005570392975530643,False,-0.40007582875116865,False,-0.9821997535581695,False,0.13108346164174647,False,0,False,0.6045124707918549,39.891891891891895,33.023529411764706,False,0.3017241379310345,False,False,False
39.8919_33.0353,39.891891891891895,33.035294117647055,9.334763948497853,2.3223796553954967,0.03133711500099428,4.405260560770662,53.79935622317596,52.99423556223537,0.005570392975530643,False,-0.40007582875116865,False,-0.9821997535581695,False,0.10137659785139852,False,0,False,0.6045124707918549,39.891891891891895,33.035294117647055,False,0.3017241379310345,False,False,False
39.9009_32.4706,39.9009009009009,32.47058823529412,2.0085836909871246,0.2974205541353233,0.006225845853997151,0.8739612465708622,34.35622317596567,34.33118254582122,0.0009824632705956423,False,-0.37358680383668486,False,-1.0,False,0.9244813833260268,False,0,False,0.5564104055653362,39.9009009009009,32.47058823529412,False,0.1810344827586207,False,False,False
39.9009_32.6235,39.9009009009009,32.62352941176471,17.48497854077253,4.63860762486188,0.09060254491641552,13.75528310181285,29.05272412970911,33.50069222765063,0.004343288102893674,False,-0.4196469905164093,False,-1.2520348934872283,False,0.2757366006364101,False,0,False,0.41918532506366263,39.9009009009009,32.62352941176471,False,0.27586206896551724,False,False,False
39.9009_32.6353,39.9009009009009,32.63529411764706,20.49785407725322,4.509196626402065,0.07922476717191398,12.374664276646639,34.75883915798079,35.32735288374422,0.00033032559572833,False,-0.40874144450725136,False,-1.4426231862863743,False,0.3317178583381721,False,0,False,0.5282329601267968,39.9009009009009,32.63529411764706,False,0.3103448275862069,False,False,False
39.9009_32.6471,39.9009009009009,32.64705882352941,42.18025751072961,16.504426977503467,0.2724151426376323,42.60736374547347,32.36255875740854,37.75469808742321,0.008052062333231547,False,-0.49202640762709526,False,-1.1874553285758433,False,0.536245247707511,False,0,False,0.5650376173103618,39.9009009009009,32.64705882352941,False,0.20689655172413793,False,False,False
39.9009_32.6824,39.9009009009009,32.68235294117647,3.0128755364806867,4.503945682599446,0.09669354201231026,16.36048787304458,23.630185979971387,27.321876970285313,0.005757222805776949,False,-0.44572050258780777,False,-1.911785040688887,True,0.9557595704658771,False,1,False,0.32302035478171365,39.9009009009009,32.68235294117647,False,0.2672413793103448,False,False,False
39.9009_32.6941,39.9009009009009,32.694117647058825,12.892703862660944,4.3563333316094495,0.10192533915675807,16.65989259041919,20.844148412388755,26.429446441306062,0.01146186119956112,False,-0.4671968174105203,False,-2.0238496636630887,True,1.7228964265358502,False,1,False,0.2646226884560737,39.9009009009009,32.694117647058825,False,0.20689655172413793,False,False,False
39.9009_32.7059,39.9009009009009,32.705882352941174,55.38197424892704,28.736335875079757,0.42587511472789796,67.10679031838353,48.200584800515124,42.803195675264654,0.03933337227419654,False,-0.4853389620284291,False,-1.1048120791733722,False,1.227124230360084,False,0,False,0.43056589342113294,39.9009009009009,32.705882352941174,False,0.3448275862068966,False,False,False
39.9009_32.7294,39.9009009009009,32.72941176470588,17.446351931330472,44.6063755288777,0.40829400395435556,68.19379215406542,50.98135112804388,67.93336225566938,0.067919108753375,False,-0.542508929140034,False,-1.3636655460981448,False,1.4403351721244328,False,0,False,0.6961670999682695,39.9009009009009,32.72941176470588,False,0.125,False,False,False
39.9009_32.7412,39.9009009009009,32.74117647058824,29.390557939914164,31.377922622561385,0.4488708435089111,59.38914819467786,51.039704876702295,54.93571591443073,0.004003448097542395,False,-0.4711282446209465,False,-1.0402452030871212,False,0.7720764771882396,False,0,False,0.6371252378275407,39.9009009009009,32.74117647058824,False,0.27586206896551724,False,False,False
39.9009_32.7529,39.9009009009009,32.752941176470586,45.918454935622314,29.07929317873586,0.7406749606716234,74.3674636735379,47.920800915099626,41.24662405387296,0.12316324255552302,True,-0.5463424557665105,True,-1.2040592231916516,False,1.3621935487982684,False,2,True,0.82456867409656,39.9009009009009,32.752941176470586,False,0.2974137931034483,False,False,False
39.9009_32.7647,39.9009009009009,32.76470588235294,10.755364806866952,14.733892070960678,0.142553820089813,21.5898084418559,59.94935622317597,67.96505820361502,0.0070504415071797185,False,-0.45958685297831076,False,-1.103138038340194,False,2.8611413292229946,False,0,False,0.5490000018094491,39.9009009009009,32.76470588235294,False,0.09482758620689655,False,False,False
39.9009_32.7765,39.9009009009009,32.77647058823529,1.7167381974248928,5.432800063402263,0.37445945506567824,26.266751203017296,27.19527896995708,21.410630640271567,0.05565487987683871,False,-0.5232575417340563,False,-2.0443765129473417,True,1.9311370642961458,False,1,False,0.6434245718356384,39.9009009009009,32.77647058823529,False,0.3103448275862069,False,False,False
39.9009_32.7882,39.9009009009009,32.78823529411765,52.081545064377686,20.825762993156324,0.308926911133111,43.414802499932684,52.95300775134828,48.13878709194864,0.029801181054412273,False,-0.4426714420924164,False,-1.0610586399185895,False,0.8771444261505688,False,0,False,0.35762279165523064,39.9009009009009,32.78823529411765,False,0.22844827586206898,False,False,False
39.9009_32.8,39.9009009009009,32.8,52.09442060085837,23.611506938593134,0.43820073317375496,41.37010993390393,48.17009768468734,58.13993933803557,0.028059281712339346,False,-0.4510945181004684,False,-1.0420493421128074,False,0.7880219557886748,False,0,False,0.6153335506709784,39.9009009009009,32.8,False,0.19827586206896552,False,False,False
39.9009_32.8118,39.9009009009009,32.811764705882354,89.97854077253218,26.587984345014483,0.35283878202496616,50.79063179581572,44.26958508244167,52.19400908665783,0.0038531808626108446,False,-0.4461879553830113,False,-0.9997067123948223,False,0.5359705237769008,False,0,False,0.4863541661830183,39.9009009009009,32.811764705882354,False,0.3103448275862069,False,False,False
39.9009_32.8353,39.9009009009009,32.83529411764706,44.103004291845494,44.33770305164478,0.7975417752907558,90.21908554287543,41.601366022172144,49.4840233813435,0.05485654440379134,False,-0.5633059426976949,True,-1.1441879465840512,False,1.4743201374791297,False,1,False,0.43851869826540585,39.9009009009009,32.83529411764706,False,0.33189655172413796,False,False,False
39.9009_32.8471,39.9009009009009,32.84705882352941,81.19742489270386,31.72202518906619,0.4946162291573387,61.29410355079915,43.058573850741375,51.9703130580485,0.015298574172720797,False,-0.48032148206800773,False,-1.0149046009719118,False,0.8719608898086542,False,0,False,0.43447687359470816,39.9009009009009,32.84705882352941,False,0.1724137931034483,False,False,False
39.9009_32.8588,39.9009009009009,32.858823529411765,44.0343347639485,19.11302370408717,0.21895894446378547,30.203796567265908,54.6663979820329,61.444181621071884,0.00211043501792546,False,-0.4558319208136764,False,-1.0520717084944582,False,0.5675306571677898,False,0,False,0.8189213981498302,39.9009009009009,32.858823529411765,False,0.27586206896551724,False,False,False
39.9009_32.8706,39.9009009009009,32.870588235294115,41.716738197424895,11.755988479537812,0.1471598961455484,20.855524845819144,50.63221810378462,54.71566028917938,0.00014603396754628363,False,-0.4115566838687997,False,-0.9626624345557216,False,0.5221602342335084,False,0,False,0.7750731438448712,39.9009009009009,32.870588235294115,False,0.2974137931034483,False,False,False
39.9009_32.8824,39.9009009009009,32.88235294117647,28.8068669527897,6.755737414667378,0.08871663593818425,12.519595993793601,44.493571461534906,53.63338762280243,0.013068922865419419,False,-0.40146183361042564,False,-1.0183512300424826,False,0.6828790378141296,False,0,False,0.5782774917460262,39.9009009009009,32.88235294117647,False,0.3275862068965517,False,False,False
39.9009_32.8941,39.9009009009009,32.89411764705882,23.957081545064376,4.672849470863172,0.07096388930590498,9.986341918180306,40.49703769359955,46.405940241581185,0.004502380361451715,False,-0.3924373091290739,False,-1.015333696084343,False,1.2615533446763878,False,0,False,0.43115602455409846,39.9009009009009,32.89411764705882,False,0.1810344827586207,False,False,False
39.9009_32.9059,39.9009009009009,32.90588235294118,105.24034334763948,34.82801048368655,0.35124255201607785,60.82145984738748,52.33034856926708,56.98987456131309,0.002714166575433642,False,-0.49608087335233514,False,-1.0999479154623664,False,1.5374750971455418,False,0,False,0.6311228992593897,39.9009009009009,32.90588235294118,False,0.07758620689655173,False,False,False
39.9009_32.9176,39.9009009009009,32.917647058823526,93.03862660944206,16.291556715273963,0.15254432468130885,29.272057450433547,49.16888203934112,55.482230629583235,0.0017922340652196625,False,-0.4394189825676755,False,-0.9539578156550974,False,0.21921174772864296,False,0,False,0.3440169351547037,39.9009009009009,32.917647058823526,False,0.2629310344827586,False,False,False
39.9009_32.9294,39.9009009009009,32.92941176470588,97.71673819742489,13.990240804644086,0.11816837212202999,25.86181583412598,47.893944823444954,53.96756507446372,0.0022931262690433405,False,-0.44092353768447506,False,-0.9738208156006287,False,0.6856562143026761,False,0,False,0.35167418409192114,39.9009009009009,32.92941176470588,False,0.16810344827586207,False,False,False
39.9009_32.9412,39.9009009009009,32.94117647058823,35.467811158798284,36.07070887772433,0.33458365983892435,68.41596151790303,49.23323382511652,52.10871928767836,0.014439070761417554,False,-0.4847366083180891,False,-1.0332277841428674,False,1.2529446589229138,False,0,False,0.5062266323890128,39.9009009009009,32.94117647058823,False,0.28448275862068967,False,False,False
39.9009_32.9529,39.9009009009009,32.95294117647059,53.433476394849784,8.733783956341789,0.07652520100351233,15.407552126083928,51.769126581572934,56.08598308013124,0.0014816907167131143,False,-0.4193104399815052,False,-0.9782436159407961,False,0.6509461366629335,False,0,False,0.5305808034149542,39.9009009009009,32.95294117647059,False,0.28879310344827586,False,False,False
39.9009_32.9647,39.9009009009009,32.96470588235294,43.1931330472103,8.100790350556387,0.06634100940979643,13.750400604932487,52.38093757127159,58.52724528844569,0.0030467297769751467,False,-0.43601839787348073,False,-1.0021241951163238,False,0.4194112471137522,False,0,False,0.5895491808495563,39.9009009009009,32.96470588235294,False,0.2672413793103448,False,False,False
39.9009_32.9765,39.9009009009009,32.976470588235294,26.721030042918454,7.56085904356392,0.06051883986899242,12.7720295615892,50.62696885769255,59.019996021099395,0.009862256591201109,False,-0.4206896348266144,False,-1.1013679084116426,False,0.6006650481446995,False,0,False,0.5516480611462735,39.9009009009009,32.976470588235294,False,0.28448275862068967,False,False,False
39.9009_33.0,39.9009009009009,33.0,1.0042918454935623,7.935383881735814,0.06257112848913576,15.282585990503524,51.46995708154506,51.454254763149855,0.005256676153505881,False,-0.4095657840994675,False,-1.1290256681844322,False,0.3022572790914286,False,0,False,0.5300176865350925,39.9009009009009,33.0,False,0.33620689655172414,False,False,False
39.9009_33.0118,39.9009009009009,33.01176470588235,4.836909871244635,1.7094354842664652,0.02358892278858511,3.3164319239907676,50.90371959942775,51.29838498417511,0.0023083278710478382,False,-0.39081469716481354,False,-1.018038492923563,False,0.18569474757937254,False,0,False,0.5189737125286437,39.9009009009009,33.01176470588235,False,0.29310344827586204,False,False,False
39.9009_33.0235,39.9009009009009,33.023529411764706,3.7339055793991416,2.3223796553954967,0.03133711500099428,4.405260560770662,53.79935622317596,52.994235562235374,0.005131554275999818,False,-0.4012357564720834,False,-0.980306662773387,False,0.07351141108153415,False,0,False,0.5983498966113093,39.9009009009009,33.023529411764706,False,0.3017241379310345,False,False,False
39.9009_33.0353,39.9009009009009,33.035294117647055,1.8669527896995708,2.3223796553954967,0.03133711500099428,4.405260560770662,53.79935622317596,52.994235562235374,0.004992820322189167,False,-0.40411835653898126,False,-0.9782575960685197,False,0.44115932925397305,False,0,False,0.5963011068128851,39.9009009009009,33.035294117647055,False,0.3017241379310345,False,False,False
39.9099_32.5882,39.90990990990991,32.588235294117645,7.759656652360515,0.4431043628796109,0.007069895711579015,1.1302290516920475,40.312231759656655,39.52599200838059,0.0026759555328907045,False,-0.3900135327401197,False,-0.9913028136376584,False,0.09029009306173819,False,0,False,0.7304986201503673,39.90990990990991,32.588235294117645,False,0.30603448275862066,False,False,False
39.9099_32.6235,39.90990990990991,32.62352941176471,1.1030042918454936,1.604399727955236,0.02598112999635876,3.6515483184169444,41.67167381974249,43.44706265892197,0.0005022440196605681,False,-0.3882878552735435,False,-0.9963347922685131,False,0.7101307839869917,False,0,False,0.4393212073791244,39.90990990990991,32.62352941176471,False,0.22413793103448276,False,False,False
39.9099_32.6353,39.90990990990991,32.63529411764706,35.39914163090129,7.64336948485925,0.12908170304657995,20.271438916533086,30.869281104471415,37.16981770951742,0.007332298477944667,False,-0.4511973394291665,False,-1.150853934684807,False,0.6199286017844186,False,0,False,0.35884325271909273,39.90990990990991,32.63529411764706,False,0.13793103448275862,False,False,False
39.9099_32.6471,39.90990990990991,32.64705882352941,10.042918454935622,6.298708764429874,0.07517233633359365,13.210720334946886,34.6793991416309,41.51750558307031,0.010926561451867168,False,-0.3970225212643397,False,-1.527356369725179,False,0.47092607864004027,False,0,False,0.9379000408606794,39.90990990990991,32.64705882352941,True,0.5344827586206896,True,True,False
39.9099_32.7059,39.90990990990991,32.705882352941174,40.18025751072961,31.359790028152105,0.31791817065866357,57.461241802628855,48.45504877346865,54.45537265545077,0.006773159185970951,False,-0.44490234848103455,False,-0.9859980470861721,False,0.994870194646477,False,0,False,0.4882840722017993,39.90990990990991,32.705882352941174,False,0.27586206896551724,False,False,False
39.9099_32.7294,39.90990990990991,32.72941176470588,1.006060606060606,0.2617118976369827,0.0067691672685997115,0.9476834176039625,27.493939393939392,27.464285714285715,0.0007367385310021236,False,-0.3835133688894712,False,-1.018719232173392,False,2.6561091417935527,False,0,False,0.881864415069131,39.90990990990991,32.72941176470588,False,0.3146551724137931,False,False,False
39.9099_32.7412,39.90990990990991,32.74117647058824,8.047210300429185,25.546250862369803,0.32197054990219376,43.854332535107844,51.12920243204578,58.037419196963775,0.005521511642768602,False,-0.4544318336672297,False,-1.0838561200298522,False,1.2157718498515562,False,0,False,0.48981854882195297,39.90990990990991,32.74117647058824,False,0.22844827586206898,False,False,False
39.9099_32.7529,39.90990990990991,32.752941176470586,9.051502145922747,11.060965296116754,0.6522280210748127,45.72528685013518,24.68960419647115,22.97405270849563,0.1428062745649523,True,-0.583587077091303,True,-1.5400176668873145,False,2.272709168628897,False,2,True,0.6035830464449955,39.90990990990991,32.752941176470586,False,0.3103448275862069,False,False,False
39.9099_32.7647,39.90990990990991,32.76470588235294,6.0257510729613735,9.784594875796593,0.6184809468071271,43.320978020548836,21.34763948497854,21.355544079277333,0.13010749905094565,True,-0.5890928023300775,True,-1.7801480060436436,True,1.6111380641975783,False,3,True,0.5958553349736576,39.90990990990991,32.76470588235294,False,0.21551724137931033,False,False,False
39.9099_32.7765,39.90990990990991,32.77647058823529,27.532188841201716,4.038974686344242,0.20393842036815904,22.745672756934667,29.007373642634295,22.921850610538378,0.025563481280064873,False,-0.5058553890273086,False,-1.623006515111858,False,1.0522247774048579,False,0,False,0.7641314147160175,39.90990990990991,32.77647058823529,False,0.2672413793103448,False,False,False
39.9099_32.7882,39.90990990990991,32.78823529411765,58.2961373390558,9.976794861356714,0.27139480980411224,34.30900765276298,38.06298648666605,30.500665034449298,0.04651832981977185,False,-0.49994118721072583,False,-1.3692576164962684,False,0.7899807471348144,False,0,False,0.5495212497954344,39.90990990990991,32.78823529411765,False,0.04310344827586207,False,False,False
39.9099_32.8,39.90990990990991,32.8,70.97854077253218,19.61598031615374,0.2868277836288672,37.01752682516131,49.17938557179944,54.24608538883554,0.001348489246083366,False,-0.4351296276180768,False,-1.0107583147944315,False,0.9106394415389271,False,0,False,0.5693118428016352,39.90990990990991,32.8,False,0.34051724137931033,False,False,False
39.9099_32.8118,39.90990990990991,32.811764705882354,147.9656652360515,23.555215960192477,0.2955712212009552,46.003436499104936,45.84616334091299,51.32862499052652,0.001041630607308242,False,-0.5017960059624509,False,-1.0462316800590759,False,2.4524546514353167,False,0,False,0.5211596164834779,39.90990990990991,32.811764705882354,False,0.0,False,False,False
39.9099_32.8235,39.90990990990991,32.8235294117647,53.927038626609445,25.145983206564733,0.31110980480366257,46.87558046917177,46.58122165281931,53.56060772239393,0.0034213851535201084,False,-0.4294456616828825,False,-0.980210040204733,False,0.7575463700328032,False,0,False,0.3473713730596004,39.90990990990991,32.8235294117647,False,0.21551724137931033,False,False,False
39.9099_32.8353,39.90990990990991,32.83529411764706,73.52789699570816,39.86685759882423,0.49316274198148796,76.4604885508499,50.359189197775706,51.96640503840936,0.0069432245795054736,False,-0.5128874787347449,False,-1.0512776838058908,False,0.951399255246379,False,0,False,0.3964847347493943,39.90990990990991,32.83529411764706,False,0.35344827586206895,False,False,False
39.9099_32.8471,39.90990990990991,32.84705882352941,90.65236051502146,40.93271332559855,0.5825405044944302,75.07072304698907,47.742966186707065,54.32496610773215,0.008165905717439878,False,-0.5078918735388662,False,-1.1088249342714902,False,0.35816102384276544,False,0,False,0.49713079300085344,39.90990990990991,32.84705882352941,False,0.0,False,False,False
39.9099_32.8588,39.90990990990991,32.858823529411765,26.686695278969957,21.479702043862716,0.24225277777864507,34.37654324958371,53.237312793293384,60.8012339035771,0.005060864775285755,False,-0.44494461151505527,False,-1.0389940116001322,False,1.8806170151603054,False,0,False,0.7257347251823891,39.90990990990991,32.858823529411765,False,0.27586206896551724,False,False,False
39.9099_32.8706,39.90990990990991,32.870588235294115,23.682403433476395,4.126093846978242,0.060852390457735744,8.540199661468499,40.798607290023604,48.91147330714103,0.011280441230855207,False,-0.39440106721900425,False,-1.0123194719788309,False,1.6721050607454446,False,0,False,0.3764034997934517,39.90990990990991,32.870588235294115,False,0.1724137931034483,False,False,False
39.9099_32.8824,39.90990990990991,32.88235294117647,54.708154506437765,74.21989272547111,0.7498782904909272,115.85013025420831,47.895302294570754,64.38309803551965,0.052844634206154796,False,-0.6324536599418303,True,-1.4978279643895547,False,2.786071494460912,False,1,False,0.6639991296892181,39.90990990990991,32.88235294117647,False,0.14224137931034483,False,False,False
39.9099_32.8941,39.90990990990991,32.89411764705882,96.05579399141631,36.326932102583896,0.36802296356643344,60.75796393629137,47.13685880321731,60.02969136982413,0.01961030934924758,False,-0.49243373722544315,False,-1.0454018840612007,False,0.7862039258078182,False,0,False,0.537383437728083,39.90990990990991,32.89411764705882,False,0.15517241379310345,False,False,False
39.9099_32.9059,39.90990990990991,32.90588235294118,109.48068669527898,28.462219801948972,0.2594136075498532,51.793986695004115,47.730491253712415,54.69323041464309,0.004452841356868075,False,-0.46101157840300344,False,-1.0402287426781383,False,0.6920409152740277,False,0,False,0.42827608756312235,39.90990990990991,32.90588235294118,False,0.0,False,False,False
39.9099_32.9176,39.90990990990991,32.917647058823526,42.858369098712444,11.6341688396731,0.10618985586097783,19.706983791423536,56.34910038645363,58.63271166431773,0.003274787891505095,False,-0.437699417135013,False,-1.0531777364898893,False,1.5582642486036733,False,0,False,0.40060730739340444,39.90990990990991,32.917647058823526,False,0.13793103448275862,False,False,False
39.9099_32.9294,39.90990990990991,32.92941176470588,109.77682403433477,19.20001856514386,0.18902377266721812,34.679854584130986,48.20960808429542,55.10678777108589,0.0014934282555103603,False,-0.45035360439615335,False,-0.9810973791280349,False,1.1920428839513642,False,0,False,0.4508664344172725,39.90990990990991,32.92941176470588,False,0.04310344827586207,False,False,False
39.9099_32.9412,39.90990990990991,32.94117647058823,46.97424892703863,37.10183286729423,0.34730406042236606,70.25521049042804,46.01052832291056,52.292830345955245,0.015339907966325131,False,-0.4821036079494396,False,-1.039472735685394,False,1.081960633980529,False,0,False,0.4941631057171141,39.90990990990991,32.94117647058823,False,0.2974137931034483,False,False,False
39.9099_32.9529,39.90990990990991,32.95294117647059,106.80257510729614,33.13240963622326,0.30954895412133393,64.38168383193502,44.86834660348177,50.87779125857293,0.007669513827418738,False,-0.48020356671169445,False,-1.0337700987838936,False,1.8948964881560564,False,0,False,0.49598455279253106,39.90990990990991,32.95294117647059,False,0.0,False,False,False
39.9099_32.9647,39.90990990990991,32.96470588235294,46.94420600858369,9.9681941893988,0.10702386803720057,20.988214422260924,42.5613661920273,46.96195745871193,0.0013238718134268737,False,-0.4080793610319021,False,-1.019364223842487,False,0.26484074735227187,False,0,False,0.403255580113428,39.90990990990991,32.96470588235294,False,0.21551724137931033,False,False,False
39.9099_32.9765,39.90990990990991,32.976470588235294,53.261802575107296,5.032577368417799,0.058802319649699196,9.73937788347888,44.650883647753616,51.030171226577615,0.003101738533419777,False,-0.4133915108697784,False,-1.0443597610128337,False,0.7611809315613121,False,0,False,0.47604137475439656,39.90990990990991,32.976470588235294,False,0.34051724137931033,False,False,False
39.9099_32.9882,39.90990990990991,32.98823529411764,8.71244635193133,3.895935060421436,0.058050188902347345,8.155598464554998,46.66981402002862,47.10579666185823,0.0014658786649747798,False,-0.3830956589807751,False,-0.9992587176161102,False,0.28987923503097074,False,0,False,0.4996587918478744,39.90990990990991,32.98823529411764,False,0.33189655172413796,False,False,False
39.9099_33.0471,39.90990990990991,33.04705882352941,6.223175965665236,2.3387525207283986,0.04379397853325299,6.143957498253848,34.01216022889842,36.95521186867604,0.0014773443866289767,False,-0.38050522635207623,False,-1.0229085924584331,False,1.100324045745415,False,0,False,0.3901890524624938,39.90990990990991,33.04705882352941,False,0.17672413793103448,False,False,False
39.9189_32.5765,39.91891891891892,32.576470588235296,3.8798283261802573,0.4431043628796109,0.007069895711579015,1.1302290516920475,40.312231759656655,39.52599200838059,0.002470773624510672,False,-0.3847429355166834,False,-0.998799742804078,False,0.6473217602874126,False,0,False,0.7282082645317425,39.91891891891892,32.576470588235296,False,0.30603448275862066,False,False,False
39.9189_32.6235,39.91891891891892,32.62352941176471,1.1030042918454936,2.6739995465920603,0.04330188332726463,6.085913864028241,41.67167381974249,43.44706265892197,0.0003267621220168111,False,-0.39259985869521985,False,-1.0244723732156291,False,0.8714888247090874,False,0,False,0.44429879746771883,39.91891891891892,32.62352941176471,False,0.22413793103448276,False,False,False
39.9189_32.6353,39.91891891891892,32.63529411764706,17.781115879828327,6.719940352318103,0.09190522481987606,14.409283916984842,39.6426360484131,46.25693160473167,0.007212317604691674,False,-0.3938171862331548,False,-1.0550847702890929,False,0.38659025060588664,False,0,False,0.3703350478689586,39.91891891891892,32.63529411764706,False,0.1724137931034483,False,False,False
39.9189_32.6471,39.91891891891892,32.64705882352941,17.07296137339056,7.808918240296475,0.10116274216715204,18.485728190014886,34.663342590254985,39.31105613360778,0.004062345561015317,False,-0.4118841054871999,False,-1.1784086443928838,False,0.5606688353622387,False,0,False,0.7226848168255915,39.91891891891892,32.64705882352941,False,0.34913793103448276,False,False,False
39.9189_32.6824,39.91891891891892,32.68235294117647,4.017167381974249,5.948804380529706,0.06832487594085825,11.926957535363206,37.691523605150216,44.185430128757844,0.00944133779043632,False,-0.39125493170806863,False,-1.470314309674019,False,2.133058069881667,False,0,False,0.9072844829891967,39.91891891891892,32.68235294117647,True,0.4482758620689655,True,True,False
39.9189_32.6941,39.91891891891892,32.694117647058825,42.62660944206009,34.517114251482006,0.33622049286795797,62.5236309711042,53.89518977074532,55.454314683617994,0.00974587309469988,False,-0.47656333272031176,False,-1.0604886880460453,False,0.8173308556729982,False,0,False,0.530207827917903,39.91891891891892,32.694117647058825,False,0.22413793103448276,False,False,False
39.9189_32.7294,39.91891891891892,32.72941176470588,1.1030042918454936,1.604399727955236,0.02598112999635876,3.6515483184169444,41.67167381974249,43.44706265892197,0.0005022440196605681,False,-0.3882878552735435,False,-0.9963347922685131,False,0.6180787757130276,False,0,False,0.4393212073791244,39.91891891891892,32.72941176470588,False,0.22413793103448276,False,False,False
39.9189_32.7765,39.91891891891892,32.77647058823529,13.036363636363637,5.311864182272689,0.10694553972174294,14.752897160688539,38.736451696451695,35.92399172918167,0.006656446149832823,False,-0.4105142513988906,False,-1.3383229070645135,False,0.616111647019051,False,0,False,1.0584589734789185,39.91891891891892,32.77647058823529,True,0.28879310344827586,False,True,False
39.9189_32.7882,39.91891891891892,32.78823529411765,8.373390557939913,6.146230745204225,0.22413773897540876,32.23352457139729,31.384656652360515,19.449564885089007,0.0637464072771312,False,-0.49989566471715247,False,-1.4868878547693893,False,1.1783397121912347,False,0,False,0.34279630648868464,39.91891891891892,32.78823529411765,False,0.1896551724137931,False,False,False
39.9189_32.8,39.91891891891892,32.8,8.978540772532188,5.938425442851423,0.09142835404074152,16.890723157566985,33.2310280920796,35.479321749004775,0.0012967460860872726,False,-0.4012837057447423,False,-1.4562483988922108,False,1.4338102179903065,False,0,False,0.28027141930480215,39.91891891891892,32.8,False,0.034482758620689655,False,False,False
39.9189_32.8118,39.91891891891892,32.811764705882354,16.03862660944206,19.531881691302363,0.26074357461185843,43.51293477131018,50.54034738132886,47.25889959461333,0.016867726562355134,False,-0.43392454446519496,False,-1.153793114803155,False,1.3371665507417294,False,0,False,0.758286443217662,39.91891891891892,32.811764705882354,False,0.25862068965517243,False,False,False
39.9189_32.8235,39.91891891891892,32.8235294117647,19.896995708154506,9.335766138267873,0.5743082046089191,62.651196930006314,25.570350500715307,15.882184082678199,0.1473916086990138,True,-0.6003904753366243,True,-1.7239345465222091,False,3.093066751326547,False,2,True,0.610219631498016,39.91891891891892,32.8235294117647,False,0.1724137931034483,False,False,False
39.9189_32.8353,39.91891891891892,32.83529411764706,12.729613733905579,28.89969256935332,0.40882663973200467,67.2752690925715,47.744039103481164,44.127850761571665,0.025886133320131913,False,-0.48643978854175834,False,-1.1184760826719253,False,3.9853490911837035,False,0,False,0.601936346585817,39.91891891891892,32.83529411764706,False,0.1810344827586207,False,False,False
39.9189_32.8471,39.91891891891892,32.84705882352941,396.9184549356223,34.7605226729358,0.4306252671309788,66.65696055066743,45.779338737605364,51.97954480138594,0.037753912891701914,False,-0.609880576366712,True,-2.6804379512382974,True,5.675974298655927,False,2,True,0.6327863875450938,39.91891891891892,32.84705882352941,False,0.0,False,False,False
39.9189_32.8588,39.91891891891892,32.858823529411765,112.21459227467811,79.85467863769671,0.7389201123102528,150.63538358722693,48.884210017984735,52.83210903095413,0.055342708317358914,False,-0.6404707912117561,True,-1.6132416995077166,False,2.7094330868309835,False,1,False,0.5042306445869099,39.91891891891892,32.858823529411765,False,0.0,False,False,False
39.9189_32.8706,39.91891891891892,32.870588235294115,11.24892703862661,11.120570000271453,0.11220246862803472,20.13578625027172,45.37392271533903,56.26405833862298,0.024879536646955136,False,-0.3987924160779993,False,-1.051631431013605,False,3.176753048939458,False,0,False,0.4326060510968591,39.91891891891892,32.870588235294115,False,0.3017241379310345,False,False,False
39.9189_32.8824,39.91891891891892,32.88235294117647,108.63519313304721,24.75531179812011,0.2311819495247534,43.843117332844265,48.194305896777124,56.51949790164875,0.004271019367648962,False,-0.4588973379759443,False,-1.0111380428066625,False,0.9407498010232527,False,0,False,0.5168672267834987,39.91891891891892,32.88235294117647,False,0.16810344827586207,False,False,False
39.9189_32.8941,39.91891891891892,32.89411764705882,73.55793991416309,32.63078628672278,0.30567549366073904,57.789979582737395,50.412560285704856,56.40439952697463,0.005658809350147002,False,-0.47032677921573396,False,-1.0291628253489937,False,0.8181502496384062,False,0,False,0.43122230430383995,39.91891891891892,32.89411764705882,False,0.38362068965517243,False,False,False
39.9189_32.9059,39.91891891891892,32.90588235294118,51.97424892703863,18.57196743541669,0.16798008308264306,33.35087126236361,51.79769502777447,55.3332655465556,0.003324944209003797,False,-0.42220910086404867,False,-1.0029235236504248,False,0.9765805438667988,False,0,False,0.3772488314254315,39.91891891891892,32.90588235294118,False,0.1896551724137931,False,False,False
39.9189_32.9176,39.91891891891892,32.917647058823526,175.4549356223176,27.935060183457757,0.2769794062219625,50.78386427306916,46.888044790812906,54.64716796814442,0.0012443265530472723,False,-0.5130785078779525,False,-1.0973793640328338,False,2.6820251701490943,False,0,False,0.496207713990355,39.91891891891892,32.917647058823526,False,0.0,False,False,False
39.9189_32.9294,39.91891891891892,32.92941176470588,10.34763948497854,9.058041090226142,0.41573718365950335,48.348119691887355,31.342632331902717,22.74043467890276,0.07748754468732107,False,-0.5401550043601214,False,-1.4604356295168734,False,2.3522396453878556,False,0,False,0.6948589191319949,39.91891891891892,32.92941176470588,False,0.1896551724137931,False,False,False
39.9189_32.9412,39.91891891891892,32.94117647058823,23.70815450643777,8.933144312324933,0.3354922363000015,41.41672881512622,34.8593045009354,24.524643461340624,0.07215903678654542,False,-0.5133404224015066,False,-1.55022100075047,False,1.51283429701063,False,0,False,0.5519198311668305,39.91891891891892,32.94117647058823,False,0.1724137931034483,False,False,False
39.9189_32.9529,39.91891891891892,32.95294117647059,32.54077253218884,3.5807899019487097,0.09364052062502555,12.643929573108185,39.05859019378333,29.269122719165843,0.04742346814603297,False,-0.4336964268349014,False,-1.3654941102563953,False,1.1760318651188522,False,0,False,0.30966986787403705,39.91891891891892,32.95294117647059,False,0.05172413793103448,False,False,False
39.9189_32.9647,39.91891891891892,32.96470588235294,9.03862660944206,2.207895471366583,0.0472494389290058,5.658582506532524,39.4656652360515,39.48513142816098,0.0009533822893400879,False,-0.3814357200140052,False,-1.0142804384456312,False,1.0695559513580537,False,0,False,0.5333881650474007,39.91891891891892,32.96470588235294,False,0.1896551724137931,False,False,False
39.9189_32.9765,39.91891891891892,32.976470588235294,4.017167381974249,1.5315182403433476,0.026350041455325754,3.7089775165821304,40.46995708154506,40.43537097610381,0.0012608090955751293,False,-0.3789569874390935,False,-0.9978145380816267,False,0.6374384011660945,False,0,False,0.5665506783997108,39.91891891891892,32.976470588235294,False,0.2801724137931034,False,False,False
39.9189_32.9882,39.91891891891892,32.98823529411764,15.064377682403434,1.5315182403433476,0.026350041455325754,3.7089775165821304,40.46995708154506,40.43537097610381,0.001696617286764343,False,-0.3872778095320803,False,-1.1283123653637717,False,0.3347665804895482,False,0,False,0.5671521269731387,39.91891891891892,32.98823529411764,False,0.29310344827586204,False,False,False
39.9189_33.0588,39.91891891891892,33.05882352941176,1.0042918454935623,1.5315182403433476,0.026350041455325754,3.7089775165821304,40.46995708154506,40.43537097610381,0.0011648787765868639,False,-0.3830300253319845,False,-0.981931380394285,False,0.5175564863621205,False,0,False,0.5664882200054173,39.91891891891892,33.05882352941176,False,0.2801724137931034,False,False,False
39.9279_32.5647,39.927927927927925,32.56470588235294,15.34763948497854,7.273481694445329,0.06367302665197469,10.404010660788119,60.18223737993051,70.1243234969781,0.01268833951619546,False,-0.4708335181109592,False,-1.1130826416728814,False,1.2639110019250415,False,0,False,0.5275522995635342,39.927927927927925,32.56470588235294,False,0.05172413793103448,False,False,False
39.9279_32.5765,39.927927927927925,32.576470588235296,40.63519313304721,3.5834043921740295,0.030114054475565387,5.0449103115191285,48.52369947648918,71.70916362962504,0.12384095006058422,True,-0.489663266537492,False,-1.3496154088452907,False,1.193847028109112,False,1,False,0.5617216787550356,39.927927927927925,32.576470588235296,False,0.16810344827586207,False,False,False
39.9279_32.5882,39.927927927927925,32.588235294117645,1.0042918454935623,0.4849703875706067,0.022307160468058987,3.4791343256323626,13.890557939914164,13.907209521863107,0.0008874519710327598,False,-0.4281433195948876,False,-1.0420897792167683,False,4.248618217711861,False,0,False,0.4265569035056183,39.927927927927925,32.588235294117645,False,0.04310344827586207,False,False,False
39.9279_32.6,39.927927927927925,32.6,1.0046082949308757,0.7654388706249167,0.0065960807239509285,1.091702783621848,70.61751152073732,70.63448675538766,0.007902343452330093,False,-0.5148564441214329,False,-1.17198321352545,False,2.7269466692177318,False,0,False,1.5339980579009758,39.927927927927925,32.6,True,0.19827586206896552,False,True,False
39.9279_32.6118,39.927927927927925,32.61176470588235,71.42489270386267,11.635942805185271,0.12269648346273702,23.632383387493263,53.12372220054623,49.44056887606059,0.0256941056021035,False,-0.43706497866397,False,-1.1661765925420609,False,0.8769540652065931,False,0,False,0.7424181848876109,39.927927927927925,32.61176470588235,False,0.3577586206896552,False,False,False
39.9279_32.6235,39.927927927927925,32.62352941176471,38.467811158798284,4.990846349405169,0.05067403326601819,9.914688685187533,47.14536209752403,50.2342109409861,0.0008633113005800373,False,-0.4044684396637706,False,-1.0375749635485847,False,0.5718379400766336,False,0,False,0.4903450064560468,39.927927927927925,32.62352941176471,False,0.2543103448275862,False,False,False
39.9279_32.6353,39.927927927927925,32.63529411764706,50.472103004291846,5.586325050799939,0.061268257945279396,10.3820406516023,51.914405194233524,53.992080986487686,0.0023154542672066333,False,-0.42865591215120497,False,-0.995044442066486,False,0.6759359818917573,False,0,False,0.518885213466964,39.927927927927925,32.63529411764706,False,0.3103448275862069,False,False,False
39.9279_32.6471,39.927927927927925,32.64705882352941,109.52789699570816,7.37711978852918,0.09101556118162626,17.43129181162795,36.039811155693315,42.228725830992644,0.0013602901141690018,False,-0.4919414868771805,False,-1.341571651714388,False,1.352800127640453,False,0,False,0.34757522630860355,39.927927927927925,32.64705882352941,False,0.2801724137931034,False,False,False
39.9279_32.6588,39.927927927927925,32.65882352941176,8.034334763948499,3.0169729668205476,0.05042954134617548,9.862394464081449,29.31276824034335,30.448300713569978,0.0004862123215356618,False,-0.3991271921010937,False,-1.2420846913176877,False,1.9078038756820748,False,0,False,0.41775513008348447,39.927927927927925,32.65882352941176,False,0.27586206896551724,False,False,False
39.9279_32.6941,39.927927927927925,32.694117647058825,42.62660944206009,34.517114251482006,0.33622049286795797,62.5236309711042,53.89518977074532,55.454314683617994,0.00974587309469988,False,-0.47656333272031176,False,-1.0604886880460453,False,1.2599151385450413,False,0,False,0.530207827917903,39.927927927927925,32.694117647058825,False,0.22413793103448276,False,False,False
39.9279_32.7059,39.927927927927925,32.705882352941174,27.2274678111588,14.241643650622008,0.15055909678013615,25.05473157655254,55.40431878564926,56.9691794873737,0.0028404532816767073,False,-0.4313616081478679,False,-1.039832560206881,False,1.627706712740595,False,0,False,0.5974578354077921,39.927927927927925,32.705882352941174,False,0.2672413793103448,False,False,False
39.9279_32.7647,39.927927927927925,32.76470588235294,2.0,2.105431090145764,0.06789883827927305,5.368232532362967,37.722727272727276,38.77150538321536,0.0001956064322990781,False,-0.38916137095073217,False,-1.1098099365574636,False,1.699246377815718,False,0,False,1.149004772227902,39.927927927927925,32.76470588235294,True,0.3577586206896552,False,True,False
39.9279_32.7765,39.927927927927925,32.77647058823529,1.0061349693251533,0.22463658617667498,0.003464142162047743,0.35408292786122275,65.10736196319019,65.10358499227911,0.006162847204677507,False,-0.4856937696997381,False,-0.9810604299959831,False,2.3959527008551746,False,0,False,2.0141418020976225,39.927927927927925,32.77647058823529,True,0.33189655172413796,False,True,False
39.9279_32.7882,39.927927927927925,32.78823529411765,28.412017167381975,9.834003032284041,0.45003817813206964,62.0706257403798,31.481317295384383,16.614604506209414,0.15461875556241378,True,-0.5754878249691352,True,-1.5203105370391456,False,2.1948987755754095,False,2,True,1.0464183438983405,39.927927927927925,32.78823529411765,True,0.22844827586206898,False,True,True
39.9279_32.8,39.927927927927925,32.8,3.01840490797546,1.2253120372329172,0.04672096467103869,5.661053522318595,21.87730061349693,21.869340254979928,9.424073988166656e-05,False,-0.413181954107911,False,-1.2713837359190818,False,2.3432902555055817,False,0,False,0.7509214976770151,39.927927927927925,32.8,False,0.22413793103448276,False,False,False
39.9279_32.8118,39.927927927927925,32.811764705882354,90.33476394849785,66.47370595703343,0.6808639934233791,129.8740016801338,45.519695620854634,52.203747592344335,0.03238631951274043,False,-0.5956235585409119,True,-1.4173535378665723,False,2.96053386844329,False,1,False,0.7609110033113956,39.927927927927925,32.811764705882354,False,0.0,False,False,False
39.9279_32.8235,39.927927927927925,32.8235294117647,98.67381974248927,13.90546493585422,0.17947231210814069,30.76535239239718,55.148178814501875,45.705464579921916,0.07899526243746541,False,-0.4715892175054015,False,-1.2535911805263553,False,1.0469530553608943,False,0,False,1.1756954459769224,39.927927927927925,32.8235294117647,True,0.40948275862068967,True,True,False
39.9279_32.8353,39.927927927927925,32.83529411764706,145.04291845493563,36.4754021732466,0.35104459465392546,67.67374137890442,48.4407204573789,54.01616440409874,0.004678762440927357,False,-0.513091364940385,False,-1.147972061372677,False,2.3485454415907276,False,0,False,0.5665577246402492,39.927927927927925,32.83529411764706,False,0.0,False,False,False
39.9279_32.8471,39.927927927927925,32.84705882352941,589.8369098712446,51.639418128041584,0.6004069403809165,97.03337620620226,45.486185388155796,53.00049579264596,0.08628506104789208,True,-0.6656965979548062,True,-4.716559528617436,True,9.220395646225102,True,4,True,0.7402232857071691,39.927927927927925,32.84705882352941,False,0.0,False,False,False
39.9279_32.8588,39.927927927927925,32.858823529411765,185.1845493562232,75.06032024278124,0.7805243969227185,141.7365157160987,48.285253720238764,52.609016985966605,0.021944317804908253,False,-0.6628381539834288,True,-1.9375918618433736,True,2.038212108699716,False,2,True,0.543562154415347,39.927927927927925,32.858823529411765,False,0.0,False,False,False
39.9279_32.8706,39.927927927927925,32.870588235294115,193.35622317596565,70.52779832494883,0.6529420988849602,131.98600493503506,48.65349383120763,53.12226870335216,0.032276923736270606,False,-0.6539983987432058,True,-1.7168401047093311,False,2.2990326525510536,False,1,False,0.5576843661435875,39.927927927927925,32.870588235294115,False,0.0,False,False,False
39.9279_32.8824,39.927927927927925,32.88235294117647,235.32618025751074,53.85440477318112,0.5242371697570594,105.26035686266857,48.40353039377928,50.81264906798242,0.028282644508540566,False,-0.6311481375469656,True,-1.5215263060252449,False,3.5403824765528653,False,1,False,0.5078333320529097,39.927927927927925,32.88235294117647,False,0.0,False,False,False
39.9279_32.8941,39.927927927927925,32.89411764705882,80.3519313304721,52.60767563669763,0.5134420490544968,102.2806822063737,46.8129597583703,51.10284143252411,0.023087135516707893,False,-0.5510912867154012,True,-1.2056738233144846,False,1.4080703160372023,False,1,False,0.4485496654742703,39.927927927927925,32.89411764705882,False,0.0,False,False,False
39.9279_32.9059,39.927927927927925,32.90588235294118,101.14163090128756,24.176291591059357,0.23900902633291263,46.298194637798396,49.301731115347344,51.811320132298384,0.005598655848833678,False,-0.4574831590683984,False,-0.9905879268220487,False,1.006577102014162,False,0,False,0.43987959756715356,39.927927927927925,32.90588235294118,False,0.0,False,False,False
39.9279_32.9176,39.927927927927925,32.917647058823526,17.124463519313306,3.502459544245268,0.050932580584915774,8.509973910149881,40.790107971918125,40.36438264771078,0.0022430646742570806,False,-0.3853656870775649,False,-1.2544949792778595,False,1.4124418845738955,False,0,False,0.45150338579818994,39.927927927927925,32.917647058823526,False,0.15517241379310345,False,False,False
39.9279_33.0,39.927927927927925,33.0,5.021459227467811,1.5315182403433476,0.026350041455325754,3.7089775165821304,40.46995708154506,40.43537097610381,0.0012949693409928353,False,-0.37859723313014126,False,-0.9966421514819555,False,0.20678655077537625,False,0,False,0.5665820829052788,39.927927927927925,33.0,False,0.2801724137931034,False,False,False
39.9279_33.0118,39.927927927927925,33.01176470588235,27.622317596566525,3.3277118560910197,0.05570675894956549,7.821215275695122,37.21332107091764,41.617175492121525,0.002080933447031396,False,-0.3988970416395369,False,-1.2045661454046024,False,0.4797516653857799,False,0,False,0.39673407228780144,39.927927927927925,33.01176470588235,False,0.034482758620689655,False,False,False
39.9279_33.0235,39.927927927927925,33.023529411764706,8.231759656652361,3.106497073153532,0.056523393585647536,7.938946336466568,35.544206008583686,37.96844372640427,0.0006102520132375509,False,-0.3888827712654306,False,-0.9883892160995293,False,0.2937402576668269,False,0,False,0.40276591325675976,39.927927927927925,33.023529411764706,False,0.15948275862068967,False,False,False
39.9369_32.5412,39.93693693693694,32.54117647058823,20.523605150214593,9.640575612850386,0.07854790472103403,16.654555187957854,42.30013464613313,58.05863816300933,0.060175395990431015,False,-0.41044178857148084,False,-1.0934059977942334,False,0.2308067129346233,False,0,False,0.32375069074205404,39.93693693693694,32.54117647058823,False,0.2974137931034483,False,False,False
39.9369_32.5529,39.93693693693694,32.55294117647059,2.540772532188841,0.7723440998468786,0.023219704159681692,1.695747990838053,42.47854077253219,45.9136891629271,0.0013186432993797723,False,-0.38578264809710067,False,-1.0113044357705503,False,1.5773513796550476,False,0,False,0.5438205047578213,39.93693693693694,32.55294117647059,False,0.2025862068965517,False,False,False
39.9369_32.5647,39.93693693693694,32.56470588235294,105.14163090128756,14.696916937930325,0.13053155235153682,23.896750096995305,53.73114730282965,61.45295513992381,0.002815571792755144,False,-0.4693507854028336,False,-1.0341454780360326,False,1.3172042192117215,False,0,False,0.4797543903608518,39.93693693693694,32.56470588235294,False,0.0,False,False,False
39.9369_32.5765,39.93693693693694,32.576470588235296,55.73390557939914,9.18136858080193,0.07455064161474055,13.85601656155967,61.86957463705421,65.90723398724852,0.0026998525400378534,False,-0.478183757696423,False,-1.1773066685271263,False,0.980948642351941,False,0,False,0.48473474118044624,39.93693693693694,32.576470588235296,False,0.06896551724137931,False,False,False
39.9369_32.5882,39.93693693693694,32.588235294117645,121.25321888412017,11.972642440753706,0.09383906475388437,18.21125694774661,60.50895172276761,65.75246991927946,0.004970584523856107,False,-0.5142943501407286,False,-1.3267045914849374,False,1.5054383381428884,False,0,False,0.5207159832446231,39.93693693693694,32.588235294117645,False,0.017241379310344827,False,False,False
39.9369_32.6,39.93693693693694,32.6,49.21888412017167,11.055533406014113,0.09584655477630495,19.743663571555242,51.446486058766936,55.90688528629323,0.0019263780290872262,False,-0.4158217982836338,False,-0.9720596203446868,False,0.6397023754471608,False,0,False,0.5802028973864073,39.93693693693694,32.6,False,0.28879310344827586,False,False,False
39.9369_32.6118,39.93693693693694,32.61176470588235,95.45064377682404,15.533140288551769,0.14719809717615914,27.245373978559662,50.91339793406463,57.06332105126578,0.001491390222149007,False,-0.4450383413159086,False,-0.9807714956277458,False,0.8329243243537018,False,0,False,0.4673666663661909,39.93693693693694,32.61176470588235,False,0.14655172413793102,False,False,False
39.9369_32.6235,39.93693693693694,32.62352941176471,55.562231759656655,10.32525446345325,0.0941929213586478,17.34309682759056,49.48596844391153,59.4514084832993,0.011975870986981963,False,-0.4224129197669375,False,-1.0053863781678598,False,0.5202147126147361,False,0,False,0.4302371397209501,39.93693693693694,32.62352941176471,False,0.22844827586206898,False,False,False
39.9369_32.6353,39.93693693693694,32.63529411764706,128.47210300429185,11.420728157755027,0.10465602892346029,19.280312714728666,53.07906543650472,59.099039638079844,0.0025856659242416125,False,-0.4732095946256128,False,-1.1010870652695444,False,1.213702038176989,False,0,False,0.4237326989470289,39.93693693693694,32.63529411764706,False,0.0,False,False,False
39.9369_32.6471,39.93693693693694,32.64705882352941,82.99570815450643,7.79555991301586,0.07277702834276988,13.851152822274553,45.54913216106518,56.26886790044851,0.01295458235255508,False,-0.44324536283812743,False,-0.992833492391713,False,0.5309535525318336,False,0,False,0.41374156695084946,39.93693693693694,32.64705882352941,False,0.34051724137931033,False,False,False
39.9369_32.6588,39.93693693693694,32.65882352941176,78.5922746781116,5.638040494685933,0.078280433325742,14.781765275976829,36.26264064493679,37.70607587311934,0.0016458236363753045,False,-0.47809234164859216,False,-1.2677437803995166,False,1.1453990788231356,False,0,False,0.3673482688317574,39.93693693693694,32.65882352941176,False,0.125,False,False,False
39.9369_32.6706,39.93693693693694,32.67058823529412,41.92274678111588,34.37584677679556,0.3342535329126165,62.22223666756104,53.608550472368755,55.43888322760818,0.009217666026937845,False,-0.4721018112782659,False,-1.0563580602842113,False,2.061636445696936,False,0,False,0.52144730344222,39.93693693693694,32.67058823529412,False,0.22413793103448276,False,False,False
39.9369_32.6824,39.93693693693694,32.68235294117647,3.184549356223176,0.39200527752492675,0.010179794643965215,1.430097889376777,25.899141630901287,25.482824151638386,0.0007149187611133236,False,-0.3872761570894402,False,-1.009030357007489,False,3.7543882678258824,False,0,False,0.4068065345442593,39.93693693693694,32.68235294117647,False,0.2672413793103448,False,False,False
39.9369_32.7059,39.93693693693694,32.705882352941174,146.01716738197425,17.977972138889566,0.18080567593163685,30.88969737363381,51.628329869752775,58.374460445838984,0.0019450609373560838,False,-0.4948932428328307,False,-1.0353855401073895,False,1.533985239360669,False,0,False,0.5737490508386149,39.93693693693694,32.705882352941174,False,0.0,False,False,False
39.9369_32.7176,39.93693693693694,32.71764705882353,133.54077253218884,20.743582466949704,0.20304941895260026,35.162777651769495,50.055193113114775,59.10735436169647,0.0031741430817246244,False,-0.48302692317473483,False,-1.0335296945305672,False,1.7970559618695587,False,0,False,0.5138085730026465,39.93693693693694,32.71764705882353,False,0.0,False,False,False
39.9369_32.7294,39.93693693693694,32.72941176470588,90.94849785407726,20.89543537758604,0.20576325986825125,35.55391410453357,49.80588959561034,58.90980921570405,0.005583967794085885,False,-0.45195739755264597,False,-0.9774450436704164,False,0.9791405900442322,False,0,False,0.4756830986083763,39.93693693693694,32.72941176470588,False,0.3448275862068966,False,False,False
39.9369_32.7412,39.93693693693694,32.74117647058824,129.00429184549355,19.95727053027267,0.19602888889914882,33.77522497272556,50.50598544800174,59.14310482703195,0.002718085159951197,False,-0.47938923698703545,False,-1.033202625548633,False,1.6525749080252647,False,0,False,0.5144773637988799,39.93693693693694,32.74117647058824,False,0.0,False,False,False
39.9369_32.7529,39.93693693693694,32.752941176470586,140.77682403433477,21.05157121434517,0.21637469797933576,36.08165587927933,49.633647809486035,58.46171638910322,0.002384211710915932,False,-0.48597243664050915,False,-1.0453678563757542,False,2.346254107803387,False,0,False,0.5161299758084004,39.93693693693694,32.752941176470586,False,0.0,False,False,False
39.9369_32.7647,39.93693693693694,32.76470588235294,47.14592274678112,20.45897516506189,0.2119612457869901,35.234504966942744,49.17516822263427,58.25240362148953,0.009560938365628373,False,-0.42781582058239,False,-1.0070936415099456,False,0.5649875040125266,False,0,False,0.4189760200093581,39.93693693693694,32.76470588235294,False,0.2413793103448276,False,False,False
39.9369_32.7765,39.93693693693694,32.77647058823529,23.111587982832617,3.09548211732731,0.04383998990709568,6.2197626242083475,56.12539866336073,49.37558469589449,0.03637941443012648,False,-0.4179084336874806,False,-1.422289440390061,False,1.3754402161845252,False,0,False,0.5659310280398846,39.93693693693694,32.77647058823529,False,0.1939655172413793,False,False,False
39.9369_32.7882,39.93693693693694,32.78823529411765,31.008583690987123,2.5876501680629955,0.03654921485162044,5.106166687209036,53.68863742110862,50.73644100636483,0.015339104863736436,False,-0.41269683011359176,False,-1.3507181383754432,False,1.4268244950598388,False,0,False,0.48816514737524824,39.93693693693694,32.78823529411765,False,0.2629310344827586,False,False,False
39.9369_32.8,39.93693693693694,32.8,22.51502145922747,3.4877734329249703,0.07260865924943082,10.197357898152086,62.98961923085055,35.82311905264239,0.32229333466218774,True,-0.4419222691107892,False,-2.8435979891331242,True,2.3152851575139874,False,2,True,0.5759525249350489,39.93693693693694,32.8,False,0.25,False,False,False
39.9369_32.8118,39.93693693693694,32.811764705882354,134.07725321888412,15.441887554699731,0.15497864121346291,28.10387715283532,53.19136010769229,55.488283199555305,0.008988022805571571,False,-0.4748140669910004,False,-1.0777696225111586,False,1.2323327535660473,False,0,False,0.6507152758205675,39.93693693693694,32.811764705882354,False,0.1853448275862069,False,False,False
39.9369_32.8235,39.93693693693694,32.8235294117647,159.48497854077254,16.541969126301,0.20489731770063352,35.801120964966906,50.554529777455805,47.53569205067435,0.037465113379306504,False,-0.5123133284185405,False,-1.0518648247158926,False,0.932083109718818,False,0,False,0.7825694472973687,39.93693693693694,32.8235294117647,False,0.23706896551724138,False,False,False
39.9369_32.8353,39.93693693693694,32.83529411764706,246.81115879828326,27.34180948347543,0.2859102711658584,53.461301904276525,47.598549698113494,51.781417262964425,0.013164256899883061,False,-0.5639887283721341,True,-1.4758220367711494,False,0.5837339255854869,False,1,False,0.7169232465203532,39.93693693693694,32.83529411764706,False,0.0,False,False,False
39.9369_32.8471,39.93693693693694,32.84705882352941,412.38197424892707,41.18643439371842,0.47076431836718347,78.94844350390235,44.716667397986534,51.9319541376579,0.029032948905144195,False,-0.6338061702935635,True,-2.849224991598903,True,4.591690706007496,False,2,True,0.6054367889689102,39.93693693693694,32.84705882352941,False,0.0,False,False,False
39.9369_32.8588,39.93693693693694,32.858823529411765,42.772532188841204,25.892123379940415,0.2132584334694474,45.354240159172576,51.13675591632473,57.04997798567601,0.009362795635537907,False,-0.4422873890034374,False,-0.9918803592093395,False,4.86316851652607,False,0,False,0.45869047784049477,39.93693693693694,32.858823529411765,False,0.2413793103448276,False,False,False
39.9369_32.8706,39.93693693693694,32.870588235294115,132.10300429184548,35.920728903805426,0.3361709753004534,67.46327587357821,45.45687788528764,53.29448017826068,0.0064907140170246055,False,-0.5098673893409305,False,-1.1394001838773753,False,0.6584399796647983,False,0,False,0.5026225066494698,39.93693693693694,32.870588235294115,False,0.0,False,False,False
39.9369_32.8824,39.93693693693694,32.88235294117647,74.01287553648069,46.35724246432666,0.40758624308358404,85.14986114607075,46.09997545612405,54.514041693886014,0.024587203616969495,False,-0.5093119919759732,False,-1.0967898863091419,False,1.0325549308140503,False,0,False,0.4829338163412966,39.93693693693694,32.88235294117647,False,0.25862068965517243,False,False,False
39.9369_32.8941,39.93693693693694,32.89411764705882,47.896995708154506,6.087983596256516,0.07681055907341444,17.60803226398543,30.967609732283403,34.28228623229364,0.0011975183039102117,False,-0.4624279053067103,False,-1.155294185682856,False,2.2190750596253626,False,0,False,0.32052083641176776,39.93693693693694,32.89411764705882,False,0.15086206896551724,False,False,False
39.9369_32.9059,39.93693693693694,32.90588235294118,19.081545064377682,5.015747353140616,0.04655587599182113,9.931395825847376,42.71651231081997,50.037760680540906,0.00921073472000445,False,-0.39277613282869717,False,-1.0076617976484779,False,1.164972621533474,False,0,False,0.3618751107839238,39.93693693693694,32.90588235294118,False,0.1810344827586207,False,False,False
39.9369_32.9176,39.93693693693694,32.917647058823526,44.99570815450644,4.518053389683957,0.0523392855326441,10.430902211874713,42.24497616265357,42.832597133339256,0.0025677229298114094,False,-0.4231263628622472,False,-1.0914650143292657,False,0.36999477335866077,False,0,False,0.39597240249438687,39.93693693693694,32.917647058823526,False,0.21120689655172414,False,False,False
39.9369_33.0,39.93693693693694,33.0,2.0085836909871246,1.5315182403433476,0.026350041455325754,3.7089775165821304,40.46995708154506,40.43537097610381,0.0011957638133721438,False,-0.3803581941234811,False,-0.9854987199489585,False,0.4207675706803777,False,0,False,0.5665046026246834,39.93693693693694,33.0,False,0.2801724137931034,False,False,False
39.9369_33.0118,39.93693693693694,33.01176470588235,9.03862660944206,1.5315182403433476,0.026350041455325754,3.708977516582131,40.46995708154506,40.43537097610381,0.0014425276847717403,False,-0.3801380432005955,False,-1.0059186356557164,False,0.22467795067716695,False,0,False,0.566767692054398,39.93693693693694,33.01176470588235,False,0.27155172413793105,False,False,False
39.9369_33.0235,39.93693693693694,33.023529411764706,17.566523605150216,3.152169811995458,0.05774979044910583,8.109086289898617,34.72783502788552,37.71005513315031,0.0009085722199862629,False,-0.39725877164196494,False,-1.2830777011553436,False,0.23269630946988207,False,0,False,0.396753275555625,39.93693693693694,33.023529411764706,False,0.15086206896551724,False,False,False
39.9369_33.0941,39.93693693693694,33.09411764705882,1.1030042918454936,2.139199637273648,0.0346415066618117,4.868731091222592,41.67167381974249,43.447062658921986,0.00040742607492384253,False,-0.39059226633875244,False,-0.9961056262355348,False,0.6773099631458637,False,0,False,0.4415949331756744,39.93693693693694,33.09411764705882,False,0.22413793103448276,False,False,False
39.9459_32.5294,39.94594594594594,32.529411764705884,13.776824034334764,12.2985042418732,0.09799716883048222,21.013243020208506,42.72838749233599,58.73568185036897,0.06490411163144545,False,-0.4145579214898305,False,-1.130074332419325,False,0.2952046851835187,False,0,False,0.3619087389293977,39.94594594594594,32.529411764705884,False,0.27586206896551724,False,False,False
39.9459_32.5412,39.94594594594594,32.54117647058823,27.896995708154506,9.752411829722995,0.0788500412246951,16.492471834049045,46.51167096947473,59.39471246029375,0.03349970909005284,False,-0.4161287180460536,False,-1.039380154255809,False,0.3022759942942401,False,0,False,0.2880878197952365,39.94594594594594,32.54117647058823,False,0.16379310344827586,False,False,False
39.9459_32.5529,39.94594594594594,32.55294117647059,52.51931330472103,12.882288786069507,0.10166166838460164,21.75713708245977,46.83874369044727,59.36199167681565,0.026903709063802683,False,-0.4240511140534865,False,-0.9958160577536764,False,0.3111100457930813,False,0,False,0.3217632272921608,39.94594594594594,32.55294117647059,False,0.15517241379310345,False,False,False
39.9459_32.5647,39.94594594594594,32.56470588235294,41.17596566523605,12.39036151894521,0.0895648268306007,19.279647779469286,58.44420600858369,64.31686926916244,0.003959749101896302,False,-0.46137197312106987,False,-1.104166678755329,False,1.1399694258465443,False,0,False,0.3731071173161535,39.94594594594594,32.56470588235294,False,0.017241379310344827,False,False,False
39.9459_32.5765,39.94594594594594,32.576470588235296,141.3648068669528,17.638774338824774,0.1450290694296335,28.923820296678407,53.384981020851065,61.23018648127857,0.0034227462076297636,False,-0.5020807689882855,False,-1.0900157044381693,False,1.1442643051919519,False,0,False,0.433659737011249,39.94594594594594,32.576470588235296,False,0.0,False,False,False
39.9459_32.5882,39.94594594594594,32.588235294117645,100.12875536480686,14.011749462031673,0.11349407167267107,23.84222525324086,55.375133581124096,59.34768064807592,0.004346047934837901,False,-0.4667320868759029,False,-1.0361013736419056,False,0.4173583157755896,False,0,False,0.42724307778588055,39.94594594594594,32.588235294117645,False,0.3017241379310345,False,False,False
39.9459_32.6,39.94594594594594,32.6,165.25321888412017,12.900674401377074,0.12528351969783713,22.87311143604897,47.967430948790366,56.81604856408961,0.003180907333514201,False,-0.4919201810139354,False,-1.0796458812730854,False,1.8205764159592965,False,0,False,0.4771547923854587,39.94594594594594,32.6,False,0.0,False,False,False
39.9459_32.6118,39.94594594594594,32.61176470588235,41.78111587982833,5.048244474909856,0.05445362088786045,9.494175962986233,43.03928961192443,51.34062459512508,0.009487464111799218,False,-0.41218190981537084,False,-1.04726675258255,False,1.2434628440892581,False,0,False,0.4730976561280884,39.94594594594594,32.61176470588235,False,0.25,False,False,False
39.9459_32.6235,39.94594594594594,32.62352941176471,83.62231759656652,7.28626580657693,0.07228836574764545,12.68658108111793,48.7400594755745,57.62984337399526,0.006008002991067108,False,-0.45115250354507924,False,-0.9925577596562938,False,0.3074156579803995,False,0,False,0.477019142861409,39.94594594594594,32.62352941176471,False,0.3103448275862069,False,False,False
39.9459_32.6353,39.94594594594594,32.63529411764706,84.39484978540773,14.214853353486399,0.13679749702038127,23.786279869468476,52.880822944342256,60.06243474493324,0.002232224246254451,False,-0.4511257107767966,False,-1.014719223419354,False,0.22298487780385748,False,0,False,0.5029251494376057,39.94594594594594,32.63529411764706,False,0.2413793103448276,False,False,False
39.9459_32.6471,39.94594594594594,32.64705882352941,132.343347639485,17.447304361963756,0.16556957551397286,29.047379797986974,54.059283263997216,60.20547483598346,0.002453214578238908,False,-0.48602059891370075,False,-1.0897011299227755,False,0.6417540463539044,False,0,False,0.544294556868239,39.94594594594594,32.64705882352941,False,0.0,False,False,False
39.9459_32.6588,39.94594594594594,32.65882352941176,163.65236051502146,32.34840249707138,0.3125108188210513,58.13326885513648,54.52211036122413,55.823445892016245,0.017962738135752766,False,-0.5470195392436427,True,-1.120058721702769,False,1.9372006679575222,False,1,False,0.5880550269786519,39.94594594594594,32.65882352941176,False,0.0,False,False,False
39.9459_32.6941,39.94594594594594,32.694117647058825,216.84549356223175,21.970686417979632,0.2203167875920403,38.156337229114705,47.652565181621014,57.67319497087533,0.003680865300918088,False,-0.5469355508482211,True,-1.3062161077351573,False,3.4997176837289548,False,1,False,0.5678753950817723,39.94594594594594,32.694117647058825,False,0.0,False,False,False
39.9459_32.7059,39.94594594594594,32.705882352941174,16.180257510729614,27.09433356401259,0.5776003015774586,42.020390008544794,50.674199405744474,65.84724743221538,0.09533090884100454,True,-0.5097256880518315,False,-1.1085873859396265,False,1.8733428277117339,False,1,False,0.665012794305454,39.94594594594594,32.705882352941174,False,0.11206896551724138,False,False,False
39.9459_32.7176,39.94594594594594,32.71764705882353,58.42489270386266,25.066436763000493,0.33900300874500316,40.46198746110896,50.48695093508381,61.91953246386739,0.017413721282760426,False,-0.4618682029042345,False,-1.0686046099660456,False,0.5013063668103374,False,0,False,0.47025856004096406,39.94594594594594,32.71764705882353,False,0.20689655172413793,False,False,False
39.9459_32.7294,39.94594594594594,32.72941176470588,15.012875536480687,28.55727123420794,0.8122396881893338,61.15903453254361,37.36655583329403,46.662842062687304,0.15460225895455582,True,-0.526904256367298,False,-1.1846390562987446,False,1.6368431778930765,False,1,False,0.48208945653704033,39.94594594594594,32.72941176470588,False,0.19827586206896552,False,False,False
39.9459_32.7412,39.94594594594594,32.74117647058824,4.017167381974249,24.964680225756418,0.7361308879173184,54.80999099180404,34.3637339055794,44.69722947001107,0.1417655536420903,True,-0.5389920082262961,False,-1.21242360930449,False,1.7655114155591152,False,1,False,0.6127584758705221,39.94594594594594,32.74117647058824,False,0.25862068965517243,False,False,False
39.9459_32.7529,39.94594594594594,32.752941176470586,90.93562231759657,20.446104451312923,0.20419312782813445,34.76789995631347,50.000199200145545,58.912190072435024,0.004951187570611974,False,-0.45229666215772907,False,-0.9759516899744419,False,1.7071902670928247,False,0,False,0.47999711569620807,39.94594594594594,32.752941176470586,False,0.30603448275862066,False,False,False
39.9459_32.7647,39.94594594594594,32.76470588235294,2.482456140350877,22.952750737801747,0.7785854177156514,54.572497348548715,33.39546783625731,43.593572999167804,0.17694421512987382,True,-0.5566000054504454,True,-1.247486015648543,False,2.1947845923591554,False,2,True,0.7663960140028465,39.94594594594594,32.76470588235294,False,0.1853448275862069,False,False,False
39.9459_32.7765,39.94594594594594,32.77647058823529,182.3862660944206,22.484366763586618,0.28842489868736365,39.496783259655125,50.75144395854256,56.916582292506924,0.005783042874991442,False,-0.527301526234974,False,-1.1053283716217845,False,3.422747737140615,False,0,False,0.5745987201095095,39.94594594594594,32.77647058823529,False,0.0,False,False,False
39.9459_32.7882,39.94594594594594,32.78823529411765,209.33476394849785,18.631109421434154,0.20149179797910347,32.73456792029042,48.46570389730362,56.926148122750966,0.004009442783635574,False,-0.5361457109993052,False,-1.2525935449808112,False,3.495006715750734,False,0,False,0.5374140345641776,39.94594594594594,32.78823529411765,False,0.0,False,False,False
39.9459_32.8,39.94594594594594,32.8,198.2832618025751,18.602212926765915,0.1928674312685599,32.64149799308197,47.87168036231926,56.87979371560081,0.0032182538940574916,False,-0.5256334101177802,False,-1.1825065792348715,False,3.2240458025541283,False,0,False,0.4849371777420595,39.94594594594594,32.8,False,0.0,False,False,False
39.9459_32.8118,39.94594594594594,32.811764705882354,34.51502145922747,16.364267755839332,0.15409372444571157,28.184179382658005,50.75667474167705,57.797411651097555,0.005743122222477284,False,-0.42504262579845326,False,-1.01366077460577,False,1.8439893781056313,False,0,False,0.461024049984572,39.94594594594594,32.811764705882354,False,0.2672413793103448,False,False,False
39.9459_32.8235,39.94594594594594,32.8235294117647,129.99141630901286,17.703509390358665,0.20040158692247345,35.32127535291987,45.60094079342416,50.42920586244827,0.0008785356625896114,False,-0.4695404655129244,False,-1.0290187567349853,False,0.7348448777470286,False,0,False,0.5102084273392712,39.94594594594594,32.8235294117647,False,0.008620689655172414,False,False,False
39.9459_32.8353,39.94594594594594,32.83529411764706,138.76824034334763,19.140315989332493,0.381470087164856,42.581785893935525,42.43661465082216,45.379051821959415,0.01850211787432792,False,-0.5086096173242654,False,-1.1412024839358852,False,1.3337895412697627,False,0,False,0.4575839956440969,39.94594594594594,32.83529411764706,False,0.0,False,False,False
39.9459_32.8471,39.94594594594594,32.84705882352941,304.08583690987126,102.52396210016244,0.9998470114750242,192.22268137013455,44.28038178120699,53.3988946763738,0.0364650231126374,False,-0.731371485579312,True,-2.426604892453738,True,4.66926274251162,False,2,True,0.65172683133209,39.94594594594594,32.84705882352941,False,0.0,False,False,False
39.9459_32.8588,39.94594594594594,32.858823529411765,72.20171673819742,45.7546082872284,0.4324317671972899,91.58240465587093,42.621281484385534,49.922092639492774,0.027424454508775172,False,-0.5200377203434394,False,-1.1307934599428928,False,2.0126056945310884,False,0,False,0.35455025873428525,39.94594594594594,32.858823529411765,False,0.16379310344827586,False,False,False
39.9459_32.8706,39.94594594594594,32.870588235294115,25.27038626609442,6.2607692388779785,0.090579560682421,12.7074010115736,37.2014021558682,48.16268845191825,0.026264231304772786,False,-0.40367579181471713,False,-1.0336994201871035,False,2.3101333123535963,False,0,False,0.3470308374624759,39.94594594594594,32.870588235294115,False,0.1896551724137931,False,False,False
39.9459_32.8824,39.94594594594594,32.88235294117647,78.99141630901288,38.01362596420256,0.3567947473250136,70.51949125386476,44.29188509550907,53.99008587818813,0.01791142297509771,False,-0.4825035506696185,False,-1.0153886814472706,False,0.5936844239803842,False,0,False,0.42220086221337777,39.94594594594594,32.88235294117647,False,0.28448275862068967,False,False,False
39.9459_32.8941,39.94594594594594,32.89411764705882,118.34763948497854,47.688029633051514,0.42485573378818225,86.65251644538228,45.92819458323719,55.12446995114679,0.017667544302200265,False,-0.5387157836068354,False,-1.2454198615922984,False,1.9712521728784924,False,0,False,0.5365028650297728,39.94594594594594,32.89411764705882,False,0.0,False,False,False
39.9459_32.9059,39.94594594594594,32.90588235294118,34.66094420600859,3.393020427369435,0.05176134845230607,7.949062548094821,40.795825081786994,41.68226115919853,0.0012511078323856138,False,-0.4057221149183762,False,-1.111951012686938,False,1.0626460241610338,False,0,False,0.47623798885736973,39.94594594594594,32.90588235294118,False,0.2025862068965517,False,False,False
39.9459_32.9176,39.94594594594594,32.917647058823526,12.729613733905579,5.5970293657206485,0.06653824681133323,11.344670648167376,44.566523605150216,49.84596954194529,0.0034565657612904443,False,-0.39360307141194323,False,-1.094682762336706,False,0.8138511692935526,False,0,False,0.439413208427248,39.94594594594594,32.917647058823526,False,0.1896551724137931,False,False,False
39.9459_32.9882,39.94594594594594,32.98823529411764,7.030042918454936,0.19246744550636005,0.004886602037598124,0.6850841229140672,26.959227467811157,26.95275458242963,0.0008524134429066925,False,-0.38921217655799495,False,-1.031817221172348,False,1.9395869650051927,False,0,False,0.4549909018550106,39.94594594594594,32.98823529411764,False,0.3620689655172414,False,False,False
39.9459_33.0353,39.94594594594594,33.035294117647055,23.493562231759658,2.294583823799127,0.041502408397981326,5.830313629482698,36.98390039601087,38.186693880232276,0.0004225385222573462,False,-0.3986988872235942,False,-1.235312833739735,False,0.3319651978565629,False,0,False,0.42263393247471426,39.94594594594594,33.035294117647055,False,0.09913793103448276,False,False,False
39.9459_33.0471,39.94594594594594,33.04705882352941,6.223175965665236,2.3387525207283986,0.04379397853325299,6.143957498253848,34.01216022889842,36.95521186867604,0.0014773443866289767,False,-0.38050522635207623,False,-1.0229085924584331,False,0.22930052680753427,False,0,False,0.3901890524624938,39.94594594594594,33.04705882352941,False,0.17672413793103448,False,False,False
39.9459_33.0588,39.94594594594594,33.05882352941176,6.223175965665236,2.3387525207283986,0.04379397853325299,6.143957498253848,34.01216022889842,36.95521186867604,0.0014773443866289767,False,-0.38050522635207623,False,-1.0229085924584331,False,0.0,False,0,False,0.3901890524624938,39.94594594594594,33.05882352941176,False,0.17672413793103448,False,False,False
39.9459_33.0706,39.94594594594594,33.07058823529412,6.223175965665236,2.3387525207283986,0.04379397853325299,6.143957498253848,34.01216022889842,36.95521186867604,0.0014773443866289767,False,-0.38050522635207623,False,-1.0229085924584331,False,0.0,False,0,False,0.3901890524624938,39.94594594594594,33.07058823529412,False,0.17672413793103448,False,False,False
39.9459_33.0941,39.94594594594594,33.09411764705882,6.223175965665236,2.3387525207283986,0.04379397853325299,6.143957498253848,34.01216022889842,36.95521186867604,0.0014773443866289767,False,-0.38050522635207623,False,-1.0229085924584331,False,0.33865498157293183,False,0,False,0.3901890524624938,39.94594594594594,33.09411764705882,False,0.17672413793103448,False,False,False
39.9459_33.1882,39.94594594594594,33.188235294117646,2.2060085836909873,1.604399727955236,0.02598112999635876,3.6515483184169444,41.67167381974249,43.44706265892197,0.0004969518877152802,False,-0.3859896952553727,False,-0.9948674944614286,False,0.9963074742866141,False,0,False,0.4393420056716889,39.94594594594594,33.188235294117646,False,0.22413793103448276,False,False,False
39.955_32.5529,39.95495495495496,32.55294117647059,44.05150214592275,10.848940284131482,0.09409451695566415,19.294685490002067,44.270574048595286,56.16703345076871,0.025543116069699126,False,-0.41217436159553217,False,-1.0127053683711034,False,0.49863981451024403,False,0,False,0.310235709215964,39.95495495495496,32.55294117647059,False,0.28448275862068967,False,False,False
39.955_32.5647,39.95495495495496,32.56470588235294,57.832618025751074,7.362775279779043,0.06514654259976019,13.05032252598518,47.51681279170626,56.446154880252635,0.008832236721074721,False,-0.43106703853314055,False,-0.9847251806052556,False,0.5663063554075743,False,0,False,0.3043188347688758,39.95495495495496,32.56470588235294,False,0.23275862068965517,False,False,False
39.955_32.5765,39.95495495495496,32.576470588235296,173.31330472103005,12.885577620272745,0.11573466894615463,22.55834628999495,47.800301804660954,57.35156839801253,0.004132275773081289,False,-0.5002256617484719,False,-1.12025473412301,False,2.2645979435860935,False,0,False,0.5768761401139465,39.95495495495496,32.576470588235296,False,0.0,False,False,False
39.955_32.5882,39.95495495495496,32.588235294117645,96.78969957081546,8.454875331059629,0.0764830008168055,15.171054981173164,51.456636390412584,56.00180084914945,0.0020341557131560947,False,-0.4557941970373597,False,-1.0023465624803747,False,0.4767090545481443,False,0,False,0.5585884895950486,39.95495495495496,32.588235294117645,False,0.35344827586206895,False,False,False
39.955_32.6,39.95495495495496,32.6,122.61802575107296,10.238434440820814,0.10609666280059955,17.50764740154785,47.889770622323006,58.937290479943876,0.009346378787980539,False,-0.4680874959962981,False,-1.0504657180087291,False,0.7920317518392814,False,0,False,0.5483946625839483,39.95495495495496,32.6,False,0.008620689655172414,False,False,False
39.955_32.6118,39.95495495495496,32.61176470588235,75.931330472103,12.619362144652012,0.12801129272051842,21.04451473038462,50.36077300728415,60.271971438427336,0.008816565176770985,False,-0.43814330343389934,False,-1.007259464695387,False,0.4725341200713798,False,0,False,0.5344408719419987,39.95495495495496,32.61176470588235,False,0.3017241379310345,False,False,False
39.955_32.6235,39.95495495495496,32.62352941176471,41.433476394849784,11.05375739619918,0.11371727668955103,19.029495746740707,52.072744104970816,58.09452327876093,0.002140094778809018,False,-0.4149783228257666,False,-0.9896350309524233,False,1.3834729055264008,False,0,False,0.5767704254008533,39.95495495495496,32.62352941176471,False,0.29310344827586204,False,False,False
39.955_32.6471,39.95495495495496,32.64705882352941,75.92274678111588,20.104244288548973,0.1927492586246952,34.781806794667666,50.07567440924826,57.761854056412105,0.004048414965820729,False,-0.4421867804514859,False,-1.001843914880014,False,1.4081750214617312,False,0,False,0.4879605210057845,39.95495495495496,32.64705882352941,False,0.3620689655172414,False,False,False
39.955_32.6588,39.95495495495496,32.65882352941176,186.30042918454936,19.498840095193817,0.18545991872579182,33.63992205262997,49.852720673514476,57.955879588008884,0.0029922803088294173,False,-0.5213623001921897,False,-1.1320346444123763,False,2.397498295736465,False,0,False,0.5672779911230512,39.95495495495496,32.65882352941176,False,0.0,False,False,False
39.955_32.6706,39.95495495495496,32.67058823529412,27.888412017167383,13.637367832669122,0.1255577541953068,23.209053590983405,51.087289330739054,58.72661206123961,0.007527142940095326,False,-0.41894093806868055,False,-1.0127504343417406,False,1.911853607914481,False,0,False,0.48076118435568954,39.95495495495496,32.67058823529412,False,0.25862068965517243,False,False,False
39.955_32.6824,39.95495495495496,32.68235294117647,216.08154506437768,21.477654105474286,0.21948662340007605,37.12155777911871,48.09421358702025,57.90343542587431,0.0038019202270259396,False,-0.5481066685313796,True,-1.2991626991239547,False,3.8551195706549555,False,1,False,0.5658657353607615,39.95495495495496,32.68235294117647,False,0.0,False,False,False
39.955_32.6941,39.95495495495496,32.694117647058825,12.085836909871245,14.922189327327322,0.3517212126702145,24.697473206857318,45.90007703312424,59.64496810543031,0.05944860243287455,False,-0.4473262759259898,False,-1.1892375140187652,False,1.5306480909259488,False,0,False,0.5106799159689116,39.95495495495496,32.694117647058825,False,0.2801724137931034,False,False,False
39.955_32.7059,39.95495495495496,32.705882352941174,10.042918454935622,17.111954697935186,0.3723665276482818,26.12206045952029,52.65021459227468,64.8172293583543,0.04535024373452585,False,-0.4696118188254066,False,-1.1289459988877266,False,1.4737049516257121,False,0,False,0.5454039379941368,39.95495495495496,32.705882352941174,False,0.1939655172413793,False,False,False
39.955_32.7176,39.95495495495496,32.71764705882353,40.40343347639485,20.4563748663183,0.5065234847256777,37.417492928267016,48.143143673638086,54.80837547597725,0.04799711720739741,False,-0.4529282912695232,False,-1.0536211663274686,False,0.6112935910934275,False,0,False,0.43532752257457275,39.95495495495496,32.71764705882353,False,0.25862068965517243,False,False,False
39.955_32.7294,39.95495495495496,32.72941176470588,26.399141630901287,20.152100394225407,0.6339561700069678,48.757152507456915,36.11237026921576,41.42783582282349,0.09180685333830868,True,-0.5190990309092759,False,-1.0779273900205202,False,0.8000803678620871,False,1,False,0.4542406310098269,39.95495495495496,32.72941176470588,False,0.14655172413793102,False,False,False
39.955_32.7412,39.95495495495496,32.74117647058824,16.090128755364805,20.426426438208157,0.6650663925429686,49.67978678172316,33.73199521224799,40.558211867574876,0.11083590939743503,True,-0.5288446641417315,False,-1.1077843925534747,False,0.5103429153208145,False,1,False,0.5081726637500711,39.95495495495496,32.74117647058824,False,0.16379310344827586,False,False,False
39.955_32.7529,39.95495495495496,32.752941176470586,11.025,5.776892987360234,0.31761090179873597,22.173964389888187,21.766136363636363,25.332980256997185,0.033015416989452574,False,-0.5236609042587108,False,-2.299273905908536,True,2.2368569249203905,False,1,False,0.7832479343459376,39.95495495495496,32.752941176470586,False,0.31896551724137934,False,False,False
39.955_32.7647,39.95495495495496,32.76470588235294,12.63519313304721,4.04013731706362,0.18411302789108944,13.16260747132868,26.24179466907612,30.871816102192906,0.01291350937598202,False,-0.45550943191170556,False,-1.570021058834969,False,2.2366097014626707,False,0,False,0.5503726145374258,39.95495495495496,32.76470588235294,False,0.29310344827586204,False,False,False
39.955_32.7765,39.95495495495496,32.77647058823529,22.600858369098713,12.14587472486729,0.4646747525436707,34.60348879276286,29.382592014566264,36.23315646782843,0.06405036304572401,False,-0.5157964647862016,False,-1.113872110346104,False,1.4898902856487755,False,0,False,0.6101768829203926,39.95495495495496,32.77647058823529,False,0.27155172413793105,False,False,False
39.955_32.7882,39.95495495495496,32.78823529411765,2.0085836909871246,22.21394574667107,1.217536040497414,85.53565533179267,25.65236051502146,25.639580529768548,0.5071111191557472,True,-0.6549790896389087,True,-1.586623232090591,False,3.4822745924783103,False,2,True,0.6556422823799658,39.95495495495496,32.78823529411765,False,0.31896551724137934,False,False,False
39.955_32.8,39.95495495495496,32.8,39.0,48.20813789379583,0.7896978210598129,121.05463986941382,35.586336970934084,39.443645305370765,0.06348617284956479,False,-0.612124265737736,True,-1.2661222971355008,False,1.868534482801363,False,1,False,0.5224903312835991,39.95495495495496,32.8,False,0.21982758620689655,False,False,False
39.955_32.8118,39.95495495495496,32.811764705882354,58.06866952789699,38.29223448244487,0.6299984280936366,97.53114290208273,37.89003629664233,38.95373222947974,0.038857823918032504,False,-0.560880794618877,True,-1.196844219095255,False,1.34035795639821,False,1,False,0.4796121068621949,39.95495495495496,32.811764705882354,False,0.2974137931034483,False,False,False
39.955_32.8235,39.95495495495496,32.8235294117647,62.24463519313305,18.716167267997307,0.36457718650351767,46.41387541924319,38.22340738522728,40.457020736170655,0.010281143532533408,False,-0.47472566172878183,False,-1.0793679157757745,False,1.1046921616466492,False,0,False,0.4149896074086106,39.95495495495496,32.8235294117647,False,0.19827586206896552,False,False,False
39.955_32.8353,39.95495495495496,32.83529411764706,48.55364806866953,46.04600176052525,0.6944109723213661,92.63987433180905,41.86676177872156,50.06064608513511,0.026068179322999176,False,-0.5439456961864179,False,-1.1508430986215639,False,1.689246899513208,False,0,False,0.5167360641964434,39.95495495495496,32.83529411764706,False,0.34913793103448276,False,False,False
39.955_32.8471,39.95495495495496,32.84705882352941,38.84978540772532,60.532437859823574,0.6025705054802701,112.67793422471784,46.35665511390996,54.34333574020039,0.031931242338407106,False,-0.5728039657797405,True,-1.24625134864699,False,2.0941786495641557,False,1,False,0.5466876172765235,39.95495495495496,32.84705882352941,False,0.3275862068965517,False,False,False
39.955_32.8588,39.95495495495496,32.858823529411765,198.3519313304721,66.03580125483353,0.7624110715711748,134.59275494875774,44.18585762396596,48.75699755373339,0.020407816649377707,False,-0.673969961437924,True,-1.812692149566423,True,2.6225042880401572,False,2,True,0.5325159320371694,39.95495495495496,32.858823529411765,False,0.0,False,False,False
39.955_32.8706,39.95495495495496,32.870588235294115,110.03004291845494,25.700849465161188,0.29648331968220926,49.186612978049816,45.414528867464,52.218507652319474,0.0006065882326662116,False,-0.46170919185353776,False,-1.0133224949718083,False,0.6992206120963371,False,0,False,0.39760014933597065,39.95495495495496,32.870588235294115,False,0.0,False,False,False
39.955_32.8824,39.95495495495496,32.88235294117647,24.540772532188843,9.976372660214304,0.09299721425753131,13.583592299023447,54.27319844676068,72.31212326025847,0.06717832438391842,False,-0.45477750887067436,False,-1.1618857311285402,False,2.1743759629476487,False,0,False,0.6111612702924761,39.95495495495496,32.88235294117647,False,0.16379310344827586,False,False,False
39.955_32.8941,39.95495495495496,32.89411764705882,116.59656652360515,32.41299352587067,0.2679690133753587,56.621816983341354,51.45672580518895,57.29123102239565,0.00797982531881123,False,-0.5000831691691991,False,-1.0797241201213672,False,1.5506009571050003,False,0,False,0.5626390465168174,39.95495495495496,32.89411764705882,False,0.017241379310344827,False,False,False
39.955_32.9059,39.95495495495496,32.90588235294118,76.24034334763948,12.016854755504408,0.105097122088741,21.94671660524583,48.11269377202421,55.14821045651019,0.00340086308077071,False,-0.42845359289305773,False,-0.9803492823407909,False,0.393207689337211,False,0,False,0.5181119648140611,39.95495495495496,32.90588235294118,False,0.3103448275862069,False,False,False
39.955_32.9176,39.95495495495496,32.917647058823526,71.64377682403433,14.360554591315482,0.11900636927342428,25.781657346984755,49.67867936293705,56.6240290045168,0.00416363704236732,False,-0.4345239901968146,False,-0.9858552112059771,False,0.683020820804743,False,0,False,0.5541073501583603,39.95495495495496,32.917647058823526,False,0.3620689655172414,False,False,False
39.955_32.9294,39.95495495495496,32.92941176470588,36.33905579399141,12.786662373883317,0.11623847539490145,23.514547976684646,47.21652184280333,54.82979191335811,0.007955692748870704,False,-0.41174575516856654,False,-0.9941011820963327,False,0.5502506018317839,False,0,False,0.48305620568275176,39.95495495495496,32.92941176470588,False,0.3017241379310345,False,False,False
39.955_32.9412,39.95495495495496,32.94117647058823,53.433476394849784,11.677073214672822,0.11877974563807893,22.401832591039923,46.84948871625417,52.46449915152759,0.0019622737061624983,False,-0.4058626222663461,False,-0.9853798370943633,False,0.2290476360750962,False,0,False,0.4937719632871253,39.95495495495496,32.94117647058823,False,0.28879310344827586,False,False,False
39.955_32.9529,39.95495495495496,32.95294117647059,12.952789699570815,7.164695649426283,0.054862788438469,13.115249346942266,49.17251535807456,54.99879156775374,0.005271108420806021,False,-0.4095559155766307,False,-1.0628095980686258,False,1.114808772360544,False,0,False,0.43213912868543813,39.95495495495496,32.95294117647059,False,0.28879310344827586,False,False,False
39.955_32.9647,39.95495495495496,32.96470588235294,11.124463519313304,7.1191753287055795,0.050170860703594555,12.532144544644819,46.74663805436338,56.28339538439801,0.01855809492387733,False,-0.40922072204822907,False,-1.12474278261042,False,0.9409430469598892,False,0,False,0.3911440377431722,39.95495495495496,32.96470588235294,False,0.3275862068965517,False,False,False
39.955_32.9765,39.95495495495496,32.976470588235294,48.84978540772532,24.644821508433683,0.19075766129563593,44.10105166191007,48.34215176922361,56.25551106096141,0.014763014592114779,False,-0.4302610671594827,False,-0.9939337232216532,False,1.1329638981847967,False,0,False,0.5035875815660037,39.95495495495496,32.976470588235294,False,0.2801724137931034,False,False,False
39.955_33.0941,39.95495495495496,33.09411764705882,6.223175965665236,2.3387525207283986,0.04379397853325299,6.143957498253848,34.01216022889842,36.95521186867604,0.0014773443866289767,False,-0.38050522635207623,False,-1.0229085924584331,False,0.01928533568774188,False,0,False,0.3901890524624938,39.95495495495496,33.09411764705882,False,0.17672413793103448,False,False,False
39.955_33.1765,39.95495495495496,33.1764705882353,12.643776824034335,1.704942894370484,0.029880873061265852,4.19734285963216,34.27038626609442,39.993017144537966,0.0070168821488732136,False,-0.38661757404360914,False,-1.2822228552122656,False,0.3651132304448165,False,0,False,0.38545278599047933,39.95495495495496,33.1764705882353,False,0.0603448275862069,False,False,False
39.955_33.1882,39.95495495495496,33.188235294117646,5.021459227467811,0.19246744550636005,0.004886602037598124,0.6850841229140672,26.959227467811157,26.95275458242963,0.0008276134967854274,False,-0.38690445722016414,False,-0.99180119894715,False,1.1906239234233327,False,0,False,0.45499105864810685,39.95495495495496,33.188235294117646,False,0.3620689655172414,False,False,False
39.964_32.5176,39.96396396396396,32.51764705882353,8.008583690987125,9.44822250656204,0.08012171398234327,16.773298210753936,45.90403126916002,57.146818498695346,0.028087949531123712,False,-0.40308484705038417,False,-1.206360436115896,False,3.5631532314500785,False,0,False,0.3872210381469868,39.96396396396396,32.51764705882353,False,0.3017241379310345,False,False,False
39.964_32.5294,39.96396396396396,32.529411764705884,2.0085836909871246,0.17420616550674373,0.00867588328063331,1.2477658080360297,13.120171673819742,13.076759293442667,0.0013283533928071948,False,-0.4198092404521297,False,-0.9992413606242729,False,1.7815766157250392,False,0,False,0.3815231290951803,39.96396396396396,32.529411764705884,False,0.017241379310344827,False,False,False
39.964_32.5412,39.96396396396396,32.54117647058823,2.0085836909871246,0.17420616550674373,0.00867588328063331,1.2477658080360297,13.120171673819742,13.076759293442667,0.0013283533928071948,False,-0.4198092404521297,False,-0.9992413606242729,False,1.1958757106333386,False,0,False,0.3815231290951803,39.96396396396396,32.54117647058823,False,0.017241379310344827,False,False,False
39.964_32.5647,39.96396396396396,32.56470588235294,14.489270386266094,2.269485616350724,0.025995553706530485,4.819571382103798,50.52691600245248,46.785969933977796,0.015143045515265264,False,-0.39904047341183313,False,-1.2603804002691463,False,1.671955753788702,False,0,False,0.5164777304155699,39.96396396396396,32.56470588235294,False,0.3017241379310345,False,False,False
39.964_32.5765,39.96396396396396,32.576470588235296,84.34763948497854,10.971688550319639,0.10008125092632351,18.449169092625713,52.59827100323795,59.11394774908641,0.0019050582187103498,False,-0.4474090193089101,False,-1.019565380528105,False,0.35810880719245164,False,0,False,0.5466131200999685,39.96396396396396,32.576470588235296,False,0.3706896551724138,False,False,False
39.964_32.5882,39.96396396396396,32.588235294117645,84.45493562231759,3.415634966555142,0.030676219608031415,5.149577514432033,53.91736868035521,65.92455075567831,0.01487313766893541,False,-0.5072273794673774,False,-1.1835663455488228,False,0.8724021495491769,False,0,False,0.6424151195416125,39.96396396396396,32.588235294117645,False,0.1896551724137931,False,False,False
39.964_32.6,39.96396396396396,32.6,50.02575107296137,6.232685979875008,0.0741816115133845,12.118803696470335,47.86883815934786,51.22361971039034,0.0005759191267749456,False,-0.41151547923193976,False,-0.9970172874117299,False,0.9175179264051581,False,0,False,0.5151014090870925,39.96396396396396,32.6,False,0.30603448275862066,False,False,False
39.964_32.6118,39.96396396396396,32.61176470588235,101.9098712446352,7.4121039476028265,0.07648888462630642,13.962818919596167,44.9362801387356,53.09436370671626,0.004037153498556468,False,-0.4586217979708902,False,-1.0207095865542761,False,1.0021476220923926,False,0,False,0.45806060129388615,39.96396396396396,32.61176470588235,False,0.2801724137931034,False,False,False
39.964_32.6235,39.96396396396396,32.62352941176471,95.22317596566523,15.348031687622148,0.15259921874935045,27.93269294262049,49.21598798876204,54.939255979461265,0.001036672345025381,False,-0.43858780993837854,False,-0.9542486644542715,False,0.5746816986144235,False,0,False,0.4885741331423244,39.96396396396396,32.62352941176471,False,0.2672413793103448,False,False,False
39.964_32.6353,39.96396396396396,32.63529411764706,215.41630901287553,14.315439337251524,0.1388817753948726,24.73686523228135,50.36292474262273,58.03629602407135,0.006209850752147493,False,-0.5504130533778759,True,-1.2994960524090575,False,3.21607167251464,False,1,False,0.631247109433927,39.96396396396396,32.63529411764706,False,0.0,False,False,False
39.964_32.6471,39.96396396396396,32.64705882352941,126.22317596566523,14.741935801142612,0.15524945720846836,26.496460629631454,46.51628708290698,55.56431384148693,0.003708333674818489,False,-0.46398810176965455,False,-1.041136170269175,False,0.5976435323029856,False,0,False,0.528518432324472,39.96396396396396,32.64705882352941,False,0.008620689655172414,False,False,False
39.964_32.6588,39.96396396396396,32.65882352941176,43.23175965665236,4.57125651942368,0.06732834269389507,9.814554897342454,40.06933328006575,46.251838402595226,0.003943369945628108,False,-0.41020564092333583,False,-1.0360642429238947,False,1.0554548754838122,False,0,False,0.4926495567799249,39.96396396396396,32.65882352941176,False,0.17672413793103448,False,False,False
39.964_32.6706,39.96396396396396,32.67058823529412,20.78540772532189,2.197503793424124,0.038498039520877346,5.099892173088945,41.087834991790835,43.4883560521015,0.0003636467910871427,False,-0.39217402443656274,False,-1.1183985896309723,False,1.4235685615987312,False,0,False,0.4590682009727713,39.96396396396396,32.67058823529412,False,0.21120689655172414,False,False,False
39.964_32.6824,39.96396396396396,32.68235294117647,4.060085836909871,10.725485027100822,0.2991933212621638,21.00470168183118,37.304077253218885,50.15124765239591,0.057877341876692,False,-0.4360700590307019,False,-1.5137696663152078,False,1.1294630597170514,False,0,False,0.5524391359383707,39.96396396396396,32.68235294117647,False,0.2413793103448276,False,False,False
39.964_32.6941,39.96396396396396,32.694117647058825,29.399141630901287,14.347881800976273,0.3821166705202407,27.168179851356047,44.26615459727048,52.053690041675985,0.03433586994236117,False,-0.4380163745510163,False,-1.076043849263208,False,0.5365567929033664,False,0,False,0.5752781993873064,39.96396396396396,32.694117647058825,False,0.22413793103448276,False,False,False
39.964_32.7059,39.96396396396396,32.705882352941174,44.3862660944206,27.33672073997156,0.6875140341155176,49.007727401144194,46.193684720828315,55.69885704834129,0.10246156591844253,True,-0.4948089379156301,False,-1.2619482064271257,False,0.4491812933268692,False,1,False,0.5503050054729068,39.96396396396396,32.705882352941174,False,0.28879310344827586,False,False,False
39.964_32.7176,39.96396396396396,32.71764705882353,89.33905579399142,56.49070225210807,1.3057191756853552,93.72044367652956,50.22949180215706,60.290523081487784,0.3338342056399701,True,-0.6478084448753316,True,-1.7501624319484346,False,2.462719795900645,False,2,True,0.5786024579624303,39.96396396396396,32.71764705882353,False,0.0,False,False,False
39.964_32.7294,39.96396396396396,32.72941176470588,26.94420600858369,23.611247751057824,0.6719783907629123,52.467987911714886,34.30504393580053,45.22334636777643,0.11717705186386568,True,-0.5259406681398785,False,-1.1352457882942117,False,1.138291087492632,False,1,False,0.40403474229679637,39.96396396396396,32.72941176470588,False,0.1206896551724138,False,False,False
39.964_32.7412,39.96396396396396,32.74117647058824,28.909871244635195,43.964800901678665,1.262182890421305,107.41604015906779,29.98794420153622,40.68067323465222,0.35796500397310865,True,-0.6583674259308862,True,-1.4195100647545256,False,2.155152338446101,False,2,True,0.5644236296151461,39.96396396396396,32.74117647058824,False,0.27155172413793105,False,False,False
39.964_32.7529,39.96396396396396,32.752941176470586,9.476394849785407,45.78464565498459,1.0512144811580315,73.75287141368923,50.1173104434907,61.79404185788454,0.2212294698702277,True,-0.6145260811311777,True,-1.3852773115913368,False,1.9257117749401822,False,2,True,0.7517469061154567,39.96396396396396,32.752941176470586,False,0.22844827586206898,False,False,False
39.964_32.7647,39.96396396396396,32.76470588235294,50.918454935622314,50.55281904361034,0.8787168322889397,104.56594949403494,42.155944377921585,48.48180853681542,0.05592070711117857,False,-0.5950946491957891,True,-1.1812522596602533,False,1.7656767456566476,False,1,False,0.4633745873992281,39.96396396396396,32.76470588235294,False,0.27586206896551724,False,False,False
39.964_32.7765,39.96396396396396,32.77647058823529,63.90987124463519,41.468271836112436,0.6834852301614917,91.25554674947489,42.91076049441123,45.43044389704656,0.02817711587483557,False,-0.5401867720210808,False,-1.1279249360121713,False,1.4199382168551995,False,0,False,0.5043241330259408,39.96396396396396,32.77647058823529,False,0.27586206896551724,False,False,False
39.964_32.7882,39.96396396396396,32.78823529411765,30.71244635193133,25.30693098051246,0.4863244073602942,57.941864288621026,33.15537383599492,43.11661999715456,0.04039708122182242,False,-0.5219567531848577,False,-1.0716941158726496,False,0.5916482388258147,False,0,False,0.4090974580004968,39.96396396396396,32.78823529411765,False,0.08620689655172414,False,False,False
39.964_32.8,39.96396396396396,32.8,45.072961373390555,26.72066713717287,0.49115693933248006,62.79911340563413,38.713651080490926,42.09264553915889,0.017852306569097528,False,-0.49607342777727753,False,-1.1007228023821547,False,0.5600694377539793,False,0,False,0.43027301144534874,39.96396396396396,32.8,False,0.1724137931034483,False,False,False
39.964_32.8118,39.96396396396396,32.811764705882354,61.60944206008584,40.299481240624885,0.4977686819960379,85.59248628493046,43.384732216086086,46.89757790298381,0.011968848350114409,False,-0.5127419155514493,False,-1.0734714134346957,False,0.4198240162520055,False,0,False,0.40986811058358247,39.96396396396396,32.811764705882354,False,0.3275862068965517,False,False,False
39.964_32.8235,39.96396396396396,32.8235294117647,76.92703862660944,29.1170221496052,0.31492177581904957,57.88198635411868,47.40791909993426,50.203671034220086,0.004915675172041513,False,-0.45188065755951495,False,-0.9969338325076649,False,0.6934758404073331,False,0,False,0.5563959110256781,39.96396396396396,32.8235294117647,False,0.27586206896551724,False,False,False
39.964_32.8353,39.96396396396396,32.83529411764706,127.09442060085837,72.4897719846043,0.6760073928241396,129.90570773130113,47.37574901513383,55.807448492161164,0.02700145435154579,False,-0.6255734116121872,True,-1.790209585624505,True,2.4938915177419325,False,2,True,0.5988821832373593,39.96396396396396,32.83529411764706,False,0.0,False,False,False
39.964_32.8471,39.96396396396396,32.84705882352941,46.17167381974249,16.662592261559887,0.2025422851693978,41.399506950792414,42.41519548222427,40.48888222882809,0.013357385809974436,False,-0.4548423744035714,False,-1.0646263700473801,False,1.8001356904214356,False,0,False,0.5127426978845975,39.96396396396396,32.84705882352941,False,0.21551724137931033,False,False,False
39.964_32.8588,39.96396396396396,32.858823529411765,66.20171673819742,25.464525697792578,0.2213715864547744,50.60965091643352,39.546778024854945,50.74325691467769,0.027522542295760677,False,-0.45838437615116384,False,-1.0716903853916349,False,0.9553915536328661,False,0,False,0.3784283160680393,39.96396396396396,32.858823529411765,False,0.27155172413793105,False,False,False
39.964_32.8706,39.96396396396396,32.870588235294115,177.32188841201716,50.48212817978118,0.5944665809851654,107.30704958620879,42.35455375684667,47.007936768931316,0.013828745953708928,False,-0.6067312735671078,True,-1.672827697748725,False,2.549838862502301,False,1,False,0.4663369270916281,39.96396396396396,32.870588235294115,False,0.0,False,False,False
39.964_32.8824,39.96396396396396,32.88235294117647,28.832618025751074,3.920494663892014,0.03258207303578768,7.271764162939789,34.4160447366752,53.61248673779721,0.09876837594321863,True,-0.44374701985770615,False,-1.3632165767548527,False,2.0466349903275574,False,1,False,0.42234393974723505,39.96396396396396,32.88235294117647,False,0.16379310344827586,False,False,False
39.964_32.8941,39.96396396396396,32.89411764705882,41.141630901287556,17.001656076578705,0.12889056769107543,24.7302335486018,56.31332690111011,68.10360824900276,0.021397980395824596,False,-0.4727867019582993,False,-1.1324353446931112,False,0.9068814821657296,False,0,False,0.6480424306429159,39.96396396396396,32.89411764705882,False,0.2025862068965517,False,False,False
39.964_32.9059,39.96396396396396,32.90588235294118,64.39484978540773,9.095131958124648,0.09059470740289452,16.334205674789047,51.193589055477496,55.79226287986208,0.0009676575702488513,False,-0.43500275228894236,False,-1.0072320608279437,False,0.8094279441206704,False,0,False,0.4795755531168552,39.96396396396396,32.90588235294118,False,0.2801724137931034,False,False,False
39.964_32.9176,39.96396396396396,32.917647058823526,48.15450643776824,9.130457925533213,0.08118843126613469,16.803156465035748,49.280737974471876,54.40501438030615,0.0019386873560833303,False,-0.4125790553788096,False,-0.9693060028125343,False,0.9146998015332894,False,0,False,0.4622236607391864,39.96396396396396,32.917647058823526,False,0.3146551724137931,False,False,False
39.964_32.9294,39.96396396396396,32.92941176470588,50.60515021459227,26.28235858984834,0.2467470725026267,47.09658839601783,48.09100512572046,55.81025569919396,0.009039877769433552,False,-0.43415828545583357,False,-0.9713443410973388,False,0.9599848319452154,False,0,False,0.4830226378657036,39.96396396396396,32.92941176470588,False,0.27155172413793105,False,False,False
39.964_32.9412,39.96396396396396,32.94117647058823,121.85836909871244,15.483550785307653,0.13284200428411347,28.50069207748312,47.78369490065582,55.02207389726264,0.002470530992146664,False,-0.4569067325370658,False,-1.037761038370252,False,2.0653363743894406,False,0,False,0.5627486163127805,39.96396396396396,32.94117647058823,False,0.2672413793103448,False,False,False
39.964_32.9529,39.96396396396396,32.95294117647059,54.21459227467811,13.519461378149375,0.11782336080180854,24.96999891208759,47.43739649045866,54.873176318647296,0.006219188832534399,False,-0.4172086379860702,False,-0.9840274079610344,False,0.29779668572332724,False,0,False,0.5043815728405979,39.96396396396396,32.95294117647059,False,0.30603448275862066,False,False,False
39.964_32.9647,39.96396396396396,32.96470588235294,56.283261802575105,13.72462519841696,0.10590621537816668,24.14543430144475,50.861115413844544,57.64666555329306,0.005242907320521861,False,-0.42655473545039585,False,-0.9832565188040142,False,0.5588440489738925,False,0,False,0.57717487591373,39.96396396396396,32.96470588235294,False,0.2801724137931034,False,False,False
39.964_32.9765,39.96396396396396,32.976470588235294,53.527896995708154,25.380257700508405,0.19438686364493324,45.012358918582265,50.38856955676022,56.71290181390295,0.011371243666749095,False,-0.4403332353061685,False,-1.0108975867563381,False,0.8376708176466986,False,0,False,0.5357642300317548,39.96396396396396,32.976470588235294,False,0.2801724137931034,False,False,False
39.964_32.9882,39.96396396396396,32.98823529411764,1.8669527896995708,1.4338697730360188,0.02883430000950825,4.065295177766775,39.1244635193133,35.83678811657686,0.007207142400411951,False,-0.3825195719025017,False,-1.0326639697327264,False,1.4508514169664681,False,0,False,0.44923648127229854,39.96396396396396,32.98823529411764,False,0.15948275862068967,False,False,False
39.964_33.0,39.96396396396396,33.0,5.459227467811159,1.0911683147703093,0.02205089995420715,3.1097043577477814,40.33190271816881,35.98439253578172,0.011719332259872756,False,-0.37816666937471,False,-1.0962848562594754,False,0.12203090561945752,False,0,False,0.49346525491249293,39.96396396396396,33.0,False,0.15948275862068967,False,False,False
39.964_33.0941,39.96396396396396,33.09411764705882,3.111587982832618,2.0464084556373487,0.03831973121659639,5.375962810972117,34.01216022889842,36.95521186867604,0.0016703596565045995,False,-0.3813392498455672,False,-1.0823559962579439,False,0.10867795697644915,False,0,False,0.3884484907076036,39.96396396396396,33.09411764705882,False,0.17672413793103448,False,False,False
39.964_33.1059,39.96396396396396,33.10588235294117,9.334763948497853,1.8515124122433155,0.03467023300549195,4.8639663527842965,34.01216022889842,36.95521186867604,0.0014597188853023191,False,-0.38271922176830214,False,-1.0223015945102505,False,0.11152811472368157,False,0,False,0.38817571878370977,39.96396396396396,33.10588235294117,False,0.17672413793103448,False,False,False
39.964_33.1294,39.96396396396396,33.12941176470588,6.223175965665236,1.754064390546299,0.032845483899939736,4.607968123690386,34.01216022889842,36.95521186867604,0.0016049398651104864,False,-0.37842914511786657,False,-1.0778375174316286,False,0.0,False,0,False,0.3874503057361705,39.96396396396396,33.12941176470588,False,0.17672413793103448,False,False,False
39.964_33.1412,39.96396396396396,33.141176470588235,6.223175965665236,1.754064390546299,0.032845483899939736,4.607968123690386,34.01216022889842,36.95521186867604,0.0016049398651104864,False,-0.37842914511786657,False,-1.0778375174316286,False,0.09646276074811588,False,0,False,0.3874503057361705,39.96396396396396,33.141176470588235,False,0.17672413793103448,False,False,False
39.964_33.1529,39.96396396396396,33.15294117647059,15.656652360515022,1.7746051321192597,0.03307686711846858,4.642375185589699,34.10711220110362,37.29416887548091,0.0015397418737504258,False,-0.38966160507586095,False,-1.2159445633892338,False,0.2694574851546198,False,0,False,0.3805059879352069,39.96396396396396,33.15294117647059,False,0.1336206896551724,False,False,False
39.973_32.5529,39.972972972972975,32.55294117647059,2.0085836909871246,0.17420616550674373,0.00867588328063331,1.2477658080360297,13.120171673819742,13.076759293442667,0.0013283533928071948,False,-0.4198092404521297,False,-0.9992413606242729,False,3.170303124870638,False,0,False,0.3815231290951803,39.972972972972975,32.55294117647059,False,0.017241379310344827,False,False,False
39.973_32.5647,39.972972972972975,32.56470588235294,26.660944206008583,11.66227855091911,0.10065051323053077,22.500287008266593,42.02503172792872,52.37230844135203,0.022593850000879507,False,-0.4048431597727138,False,-1.0695296651072248,False,2.1365612353034296,False,0,False,0.4469025025792903,39.972972972972975,32.56470588235294,False,0.22413793103448276,False,False,False
39.973_32.5765,39.972972972972975,32.576470588235296,168.58369098712447,21.872242223256855,0.19043555111239818,37.147201489269214,52.04245810555453,58.535705466605435,0.004167814878221882,False,-0.5082315881894357,False,-1.0690338391185537,False,1.8833864186730793,False,0,False,0.5752710928802652,39.972972972972975,32.576470588235296,False,0.0,False,False,False
39.973_32.5882,39.972972972972975,32.588235294117645,74.96995708154506,7.528230018294526,0.07595931693710305,14.80788184245248,44.67551244708831,50.95007948395544,0.002075915116154849,False,-0.4318435214791671,False,-1.0317562999527738,False,1.1184628276075412,False,0,False,0.4535172829348569,39.972972972972975,32.588235294117645,False,0.41379310344827586,True,True,False
39.973_32.6,39.972972972972975,32.6,84.7381974248927,7.8965287620086055,0.1018454875673606,12.142290938947509,58.704009209875736,65.46026348362223,0.0016946626907309505,False,-0.49376879130213236,False,-1.1888540870823294,False,0.8070195097658912,False,0,False,0.6674783502101552,39.972972972972975,32.6,False,0.25862068965517243,False,False,False
39.973_32.6118,39.972972972972975,32.61176470588235,36.128755364806864,7.570709638091454,0.08992980321231013,15.097764434512081,52.60243162569197,49.86107522531864,0.014608870295974944,False,-0.40735698921104,False,-1.0574960804789182,False,0.9290701951890233,False,0,False,0.47536460236134304,39.972972972972975,32.61176470588235,False,0.28448275862068967,False,False,False
39.973_32.6235,39.972972972972975,32.62352941176471,31.76824034334764,4.515211147477578,0.04554539309318817,7.609555636537055,61.233282126730316,59.36480492607086,0.014616545430825648,False,-0.45365652275772106,False,-1.2010572269630386,False,1.2873292348361767,False,0,False,0.5396261959767721,39.972972972972975,32.62352941176471,False,0.15948275862068967,False,False,False
39.973_32.6353,39.972972972972975,32.63529411764706,44.40343347639485,4.170042408921586,0.05332550985355343,6.8217022043216105,53.186190587162564,62.319867492256115,0.008387285744525306,False,-0.45186547684913675,False,-1.1088285541500267,False,1.310609652814887,False,0,False,0.5970870922871337,39.972972972972975,32.63529411764706,False,0.22413793103448276,False,False,False
39.973_32.6471,39.972972972972975,32.64705882352941,126.6480686695279,9.830700783948108,0.1574693806469819,20.485032011381296,41.74548483627216,47.50020379533074,0.002263920946248879,False,-0.46242659239527295,False,-1.1857958656163832,False,1.2648589469673717,False,0,False,0.5784679485080746,39.972972972972975,32.64705882352941,False,0.16379310344827586,False,False,False
39.973_32.6588,39.972972972972975,32.65882352941176,26.399141630901287,4.86820054323241,0.1530370751029969,12.57330849215821,42.28407492999768,39.5582024670489,0.011748293009550277,False,-0.42356101933186596,False,-1.2643446793753013,False,1.1743821249475561,False,0,False,0.6242974911925381,39.972972972972975,32.65882352941176,False,0.2629310344827586,False,False,False
39.973_32.6706,39.972972972972975,32.67058823529412,3.0128755364806867,24.903299356223176,1.0339994635193133,69.10233369098712,39.05793991416309,39.013921476991705,0.3167688283952545,True,-0.5853962807214907,True,-1.27113404287989,False,1.7978120812813732,False,2,True,1.3081834100246426,39.972972972972975,32.67058823529412,True,0.34051724137931033,False,True,True
39.973_32.6824,39.972972972972975,32.68235294117647,22.49785407725322,10.949693167336946,0.32980313025751024,23.27858222193753,35.894494353068715,46.33779796137239,0.04562575636884373,False,-0.45508661554574964,False,-1.246460939689371,False,0.8343554102482632,False,0,False,0.5896928336954503,39.972972972972975,32.68235294117647,False,0.3146551724137931,False,False,False
39.973_32.6941,39.972972972972975,32.694117647058825,45.502145922746784,16.28233011628533,0.4448178132963808,31.630784019845212,43.66479586222076,51.232388229401025,0.045200854826433094,False,-0.44316027754202586,False,-1.0946121474229427,False,0.7746601025807205,False,0,False,0.5699728929387834,39.972972972972975,32.694117647058825,False,0.21120689655172414,False,False,False
39.973_32.7059,39.972972972972975,32.705882352941174,15.768240343347639,39.68416257963472,0.9584827475240053,67.54440213949988,54.31449391988555,57.85522405075426,0.17047369790584177,True,-0.5932181148705039,True,-1.3490588420456737,False,0.8184979116752461,False,2,True,0.7346839513281413,39.972972972972975,32.705882352941174,False,0.2413793103448276,False,False,False
39.973_32.7176,39.972972972972975,32.71764705882353,22.901287553648068,59.56431202566307,1.2277564867528974,86.54464426445668,66.13866237482117,68.05103513655042,0.2461476304042153,True,-0.6860017181206869,True,-1.8299872727726545,True,1.809380492655431,False,3,True,0.7365917345220123,39.972972972972975,32.71764705882353,False,0.09482758620689655,False,False,False
39.973_32.7294,39.972972972972975,32.72941176470588,10.622317596566523,21.911267178219966,0.49196687909134257,36.48908830797242,58.20776433866562,59.48894937986542,0.03650639282963456,False,-0.49445394897889344,False,-1.108018234737943,False,1.4194080262276212,False,0,False,0.6536479001491445,39.972972972972975,32.72941176470588,False,0.22413793103448276,False,False,False
39.973_32.7412,39.972972972972975,32.74117647058824,27.82832618025751,33.23739938949375,0.6482397923152202,60.789005430112034,50.961128142244014,53.5372635889453,0.04168150851485821,False,-0.5082600989615972,False,-1.130694514564491,False,0.39835831470143895,False,0,False,0.7452727249064754,39.972972972972975,32.74117647058824,False,0.27586206896551724,False,False,False
39.973_32.7529,39.972972972972975,32.752941176470586,38.78969957081545,39.98491532990956,0.8806905538194322,62.77023424667397,48.64675459972537,63.13430167457478,0.1703614695675252,True,-0.5787697507063562,True,-1.3431247834285898,False,0.8766885440349218,False,2,True,0.6867994890172597,39.972972972972975,32.752941176470586,False,0.27155172413793105,False,False,False
39.973_32.7647,39.972972972972975,32.76470588235294,39.06866952789699,14.365968567443709,0.23567037821382086,30.453551588909765,48.20916983083214,46.82467414654178,0.009108982634970501,False,-0.42218574910376366,False,-1.106439870679284,False,1.286398295680043,False,0,False,0.5646972758372688,39.972972972972975,32.76470588235294,False,0.19827586206896552,False,False,False
39.973_32.7765,39.972972972972975,32.77647058823529,42.48068669527897,13.393377780066555,0.2614424793375959,33.72491387039416,45.51054820897464,39.57879468380382,0.03196200914116392,False,-0.4555057235188778,False,-1.104269660791641,False,1.040013486958524,False,0,False,0.5815547778955641,39.972972972972975,32.77647058823529,False,0.2025862068965517,False,False,False
39.973_32.7882,39.972972972972975,32.78823529411765,27.184549356223176,26.43023638109295,0.33579213513590567,54.46789881146822,47.7317981766321,48.15225208929525,0.006294209551404994,False,-0.442183823381761,False,-0.9971141447440866,False,0.5013694109433695,False,0,False,0.465739714719488,39.972972972972975,32.78823529411765,False,0.2672413793103448,False,False,False
39.973_32.8,39.972972972972975,32.8,32.927038626609445,39.603075369786104,0.5340291297246663,90.47585118411261,44.131872062129574,43.893649584452035,0.025326536664947857,False,-0.5292649731394381,False,-1.1548127753838187,False,0.7639676320146446,False,0,False,0.4803460308119407,39.972972972972975,32.8,False,0.2025862068965517,False,False,False
39.973_32.8118,39.972972972972975,32.811764705882354,42.90128755364807,33.86615496114002,0.3983467966481646,67.73001742316127,45.83813611281422,49.861327839402975,0.005821162243993889,False,-0.46781968850053673,False,-1.008606359599316,False,0.5709900104633197,False,0,False,0.3459019105903109,39.972972972972975,32.811764705882354,False,0.14655172413793102,False,False,False
39.973_32.8235,39.972972972972975,32.8235294117647,67.50214592274678,22.10648739876305,0.21841315125363006,39.770830054246986,47.32378312555351,55.22743955560439,0.005785525275307416,False,-0.43456785861006,False,-1.0203754486610985,False,0.6457097032393136,False,0,False,0.39581017628212456,39.972972972972975,32.8235294117647,False,0.31896551724137934,False,False,False
39.973_32.8353,39.972972972972975,32.83529411764706,75.23175965665236,34.902337256643264,0.291645420274283,62.42933043549444,47.536962475253986,56.53074890805764,0.017814184432769893,False,-0.47461716774016693,False,-1.0267214477865518,False,0.5432969916755797,False,0,False,0.5400799041588391,39.972972972972975,32.83529411764706,False,0.3146551724137931,False,False,False
39.973_32.8471,39.972972972972975,32.84705882352941,49.93991416309013,25.257495282777597,0.23673867337104354,54.61701799434465,43.06293278578812,46.626391620235474,0.012062204912775541,False,-0.43846910954564305,False,-1.0154638633203235,False,0.6499786060136555,False,0,False,0.5410423710777793,39.972972972972975,32.84705882352941,False,0.19827586206896552,False,False,False
39.973_32.8588,39.972972972972975,32.858823529411765,85.1716738197425,34.538714915038035,0.2832751556912642,66.1043021925565,44.33860206022333,52.26693375501636,0.019412055129798336,False,-0.47571601318927875,False,-1.0108453488835518,False,0.5610953145180024,False,0,False,0.39866079415285843,39.972972972972975,32.858823529411765,False,0.16810344827586207,False,False,False
39.973_32.8706,39.972972972972975,32.870588235294115,33.506437768240346,12.03318372091576,0.13891489151577815,24.048663461631715,36.93091677893496,50.12213204036145,0.03941787697840309,False,-0.4294386822444114,False,-1.1257612481944375,False,1.678539368109217,False,0,False,0.41759306679923985,39.972972972972975,32.870588235294115,False,0.16379310344827586,False,False,False
39.973_32.8824,39.972972972972975,32.88235294117647,142.52789699570815,49.37929049779134,0.5933709542346772,104.67625500695749,43.58018187144746,46.80835596549245,0.015965701815167006,False,-0.5790766192896404,True,-1.585061127858228,False,2.3226158813177773,False,1,False,0.4837847540299593,39.972972972972975,32.88235294117647,False,0.0,False,False,False
39.973_32.8941,39.972972972972975,32.89411764705882,59.66523605150215,9.039261929447001,0.08310278345428085,15.141691924079955,52.323018477777374,59.307818315239096,0.0030692911954529147,False,-0.4451397621545105,False,-1.024893130503096,False,0.8509692048336618,False,0,False,0.5358533101851976,39.972972972972975,32.89411764705882,False,0.25,False,False,False
39.973_32.9059,39.972972972972975,32.90588235294118,19.28755364806867,10.742045487300803,0.09862715061920144,14.451677330454759,69.90844062947068,73.88520494106152,0.0021055571615094314,False,-0.5021897491645366,False,-1.2845577830879704,False,0.9577998209686014,False,0,False,0.6469665812365915,39.972972972972975,32.90588235294118,False,0.017241379310344827,False,False,False
39.973_32.9176,39.972972972972975,32.917647058823526,1.0042918454935623,14.586316230228034,0.10683334527043029,15.698292627832535,91.24248927038627,91.23575930929934,0.019513919472204908,False,-0.5768121773477952,True,-2.8713302509296583,True,2.628357212777828,False,2,True,0.9838499870789386,39.972972972972975,32.917647058823526,True,0.008620689655172414,False,True,True
39.973_32.9294,39.972972972972975,32.92941176470588,28.120171673819744,13.735431369277407,0.1146166420539709,19.802267930789288,64.67037093807481,68.30733547841687,0.003198870443223987,False,-0.47732729365555565,False,-1.1681769524509467,False,0.2526620828360183,False,0,False,0.6484133359177808,39.972972972972975,32.92941176470588,False,0.09482758620689655,False,False,False
39.973_32.9412,39.972972972972975,32.94117647058823,18.55793991416309,9.55211101627759,0.07213900497887395,16.893815420763698,51.56155221745351,55.94166736006342,0.0034278029966056736,False,-0.40527845257242306,False,-1.1234072896265956,False,0.5743637286990468,False,0,False,0.4298437478367323,39.972972972972975,32.94117647058823,False,0.30603448275862066,False,False,False
39.973_32.9529,39.972972972972975,32.95294117647059,13.553648068669528,10.260920205839424,0.09157152031506335,19.93811425208511,41.33361051502146,52.11326807432005,0.027281800552944546,False,-0.39888844060525847,False,-1.0707587303659387,False,0.8689263948882499,False,0,False,0.3468932301611413,39.972972972972975,32.95294117647059,False,0.16810344827586207,False,False,False
39.973_32.9647,39.972972972972975,32.96470588235294,53.94849785407725,14.23405093373558,0.11760848755534035,25.83746398184001,49.435977565041554,55.856432686211335,0.004680161626608209,False,-0.41836649050430863,False,-0.9766372406929958,False,0.5925580639179238,False,0,False,0.5526696707187647,39.972972972972975,32.96470588235294,False,0.28879310344827586,False,False,False
39.973_33.0235,39.972972972972975,33.023529411764706,2.7296137339055795,1.0911683147703093,0.02205089995420715,3.1097043577477814,40.33190271816881,35.98439253578172,0.011379381352848135,False,-0.3793598031067353,False,-1.0881126661032918,False,0.19056802827632352,False,0,False,0.49015147634612005,39.972972972972975,33.023529411764706,False,0.15948275862068967,False,False,False
39.973_33.1529,39.972972972972975,33.15294117647059,6.0257510729613735,0.5720641080608019,0.01130642716017727,1.5778079321791172,33.787553648068666,33.76909621846747,0.0009436217620840964,False,-0.37503553465549755,False,-1.8115971205238413,True,0.12735082595525338,False,1,False,0.5913226269323711,39.972972972972975,33.15294117647059,False,0.25862068965517243,False,False,False
39.973_33.1647,39.972972972972975,33.16470588235294,7.030042918454936,0.5312023860564589,0.010498825220164631,1.4651073655948945,33.787553648068666,33.76909621846747,0.0009855498911116773,False,-0.3753123540955775,False,-1.7847222663167404,True,0.04651493300949446,False,1,False,0.5912842918124225,39.972972972972975,33.16470588235294,False,0.25862068965517243,False,False,False
39.973_33.1765,39.972972972972975,33.1764705882353,6.0257510729613735,0.4290480810456014,0.008479820370132965,1.1833559491343377,33.787553648068666,33.76909621846747,0.0010025789346712625,False,-0.3757155004896575,False,-1.845319286015751,True,0.03206950676307813,False,1,False,0.5912029434660296,39.972972972972975,33.1764705882353,False,0.25862068965517243,False,False,False
39.982_32.5059,39.98198198198198,32.50588235294118,2.0085836909871246,3.184059526030976,0.042950110628315497,10.866672886732598,28.63519313304721,28.621043696154583,0.001030937273026097,False,-0.4101985523742154,False,-1.644129518772759,False,2.200632963121704,False,0,False,0.573383769764215,39.98198198198198,32.50588235294118,False,0.25862068965517243,False,False,False
39.982_32.5176,39.98198198198198,32.51764705882353,3.424892703862661,20.42027086637137,0.13698510560633684,35.2188988157852,56.272532188841204,59.77865039235391,0.012437735803021195,False,-0.46350416360659263,False,-1.1758591190563201,False,1.6983856454429418,False,0,False,0.5869632737913902,39.98198198198198,32.51764705882353,False,0.1939655172413793,False,False,False
39.982_32.5412,39.98198198198198,32.54117647058823,27.467811158798284,19.137446459963385,0.18957082745991188,44.665089225625444,43.05021180536202,43.3432691464287,0.011918090601332816,False,-0.43592852017123773,False,-1.08200911268626,False,1.3213101176181903,False,0,False,0.48398171082456704,39.98198198198198,32.54117647058823,False,0.1896551724137931,False,False,False
39.982_32.5529,39.98198198198198,32.55294117647059,198.33476394849785,10.381282722232218,0.1002191888399226,19.615464450745698,45.884571406556354,52.77874227208133,0.004832503226491235,False,-0.5365386296035127,False,-1.2061559253679865,False,3.369001255846045,False,0,False,0.6071324322463172,39.98198198198198,32.55294117647059,False,0.0,False,False,False
39.982_32.5647,39.98198198198198,32.56470588235294,155.92274678111588,10.213602064437241,0.10043686272021556,17.8624521968903,48.72120226560719,56.7548402279515,0.003099686744295682,False,-0.48899613118000296,False,-1.0348972851546954,False,1.462833479953842,False,0,False,0.5755913868424136,39.98198198198198,32.56470588235294,False,0.0,False,False,False
39.982_32.5765,39.98198198198198,32.576470588235296,199.87982832618025,15.68303666260055,0.14479455896567262,25.701246264160073,52.27235984071735,60.4577304620481,0.005257102389805718,False,-0.5456292415474565,False,-1.2037082518441606,False,2.5644136396148687,False,0,False,0.6505143791948649,39.98198198198198,32.576470588235296,False,0.0,False,False,False
39.982_32.5882,39.98198198198198,32.588235294117645,98.39055793991416,10.689176361643549,0.10653259688914443,18.358530214703396,51.45544641145801,58.28768032531671,0.0016957192097202872,False,-0.44844825873110544,False,-1.0012469724619608,False,0.3945977353177449,False,0,False,0.5459581445099498,39.98198198198198,32.588235294117645,False,0.36637931034482757,False,False,False
39.982_32.6,39.98198198198198,32.6,67.34763948497854,7.902707413686547,0.09615875567750447,11.267980296025932,57.276878339318564,71.00332493934465,0.023365987588272852,False,-0.4971569873827042,False,-1.214696503208213,False,0.5616916149791708,False,0,False,0.698494517230691,39.98198198198198,32.6,False,0.14655172413793102,False,False,False
39.982_32.6118,39.98198198198198,32.61176470588235,49.141630901287556,3.8762412535274127,0.038994626484440006,6.268667721136473,52.51705594189815,62.43780890578848,0.011085003637657203,False,-0.4647767245541244,False,-1.1207736028829804,False,0.6270341722440349,False,0,False,0.556504867277485,39.98198198198198,32.61176470588235,False,0.21551724137931033,False,False,False
39.982_32.6235,39.98198198198198,32.62352941176471,27.021459227467812,2.1482526055909372,0.01857819216953944,3.1976465959812,68.11602782299838,66.93587909605566,0.014239387317753455,False,-0.5030160826524518,False,-1.2107478610439142,False,1.2723369989290918,False,0,False,0.6933147848673028,39.98198198198198,32.62352941176471,False,0.10344827586206896,False,False,False
39.982_32.6353,39.98198198198198,32.63529411764706,71.66523605150215,10.24114621724094,0.12708194368519857,15.93586184373279,50.73434546719101,64.37331528808652,0.025688525995359635,False,-0.45699968256758067,False,-1.0932812858712473,False,0.6617824462241808,False,0,False,0.6233307812058321,39.98198198198198,32.63529411764706,False,0.2543103448275862,False,False,False
39.982_32.6471,39.98198198198198,32.64705882352941,69.61802575107296,11.135811653949053,0.341979360278492,27.434434812813688,39.92867176704122,41.4412697556456,0.025553950373127732,False,-0.4733546323853683,False,-1.2214267915984585,False,0.738169885116622,False,0,False,0.6286721271415985,39.98198198198198,32.64705882352941,False,0.34913793103448276,False,False,False
39.982_32.6588,39.98198198198198,32.65882352941176,6.0257510729613735,24.903299356223176,1.0339994635193133,69.10233369098712,39.05793991416309,39.013921476991705,0.3173918143209485,True,-0.5847759655067528,True,-1.2153054948649917,False,1.5653307426422625,False,2,True,1.3083391550052537,39.98198198198198,32.65882352941176,True,0.33620689655172414,False,True,True
39.982_32.6706,39.98198198198198,32.67058823529412,1.0042918454935623,24.903299356223176,1.0339994635193133,69.10233369098712,39.05793991416309,39.013921476991705,0.31635896312584577,True,-0.5876449665401869,True,-1.2795786158877065,False,1.1935734379785323,False,2,True,1.3080803509238592,39.98198198198198,32.67058823529412,True,0.34051724137931033,False,True,True
39.982_32.6824,39.98198198198198,32.68235294117647,28.326180257510728,21.330782441656826,0.5625154258428984,39.90328236321703,50.99567238912733,53.32578434609975,0.06094465590796418,False,-0.4792821577357526,False,-1.1357422011319296,False,0.520137931897817,False,0,False,0.5984628749228288,39.98198198198198,32.68235294117647,False,0.2801724137931034,False,False,False
39.982_32.6941,39.98198198198198,32.694117647058825,14.866952789699571,18.023975033934203,0.47311901205765866,33.491975875098724,55.738420958512165,53.901793283467555,0.049289974366851334,False,-0.4736644903836853,False,-1.1667368199825747,False,0.43043162859660494,False,0,False,0.5788899138877588,39.98198198198198,32.694117647058825,False,0.27586206896551724,False,False,False
39.982_32.7059,39.98198198198198,32.705882352941174,20.892703862660944,37.305016547551816,0.7404974272825752,52.17116711892716,66.31716304677678,70.75399170835004,0.07994866558387133,False,-0.6177429355738622,True,-1.334010466852948,False,0.7738078486652123,False,1,False,0.6694097427955594,39.98198198198198,32.705882352941174,False,0.09482758620689655,False,False,False
39.982_32.7176,39.98198198198198,32.71764705882353,12.755364806866952,30.12231984196786,0.6245782478164627,43.871736987011815,63.67871684824475,67.79106577195348,0.05714494088982964,False,-0.5734002294428294,True,-1.2500430745942845,False,0.41784917818548906,False,1,False,0.7068319106910036,39.98198198198198,32.71764705882353,False,0.1206896551724138,False,False,False
39.982_32.7294,39.98198198198198,32.72941176470588,8.188841201716738,37.3307340512902,0.6967413765697027,69.55323213055688,54.53028135431568,52.60614116076175,0.04864709436541994,False,-0.556728665413552,True,-1.2149382156523951,False,0.706826906802558,False,1,False,0.7507643237831183,39.98198198198198,32.72941176470588,False,0.22844827586206898,False,False,False
39.982_32.7412,39.98198198198198,32.74117647058824,17.96137339055794,19.334721868014693,0.3935760949263753,37.49571114093672,52.23015021459227,50.60757841971032,0.021501126601958215,False,-0.45141821350468087,False,-1.0612112323650433,False,0.590816051957698,False,0,False,0.6953897865790821,39.98198198198198,32.74117647058824,False,0.2974137931034483,False,False,False
39.982_32.7529,39.98198198198198,32.752941176470586,25.167381974248926,26.677159310762406,0.5513814333451437,38.965636077450405,53.63154411227746,67.92694514474495,0.08093647355557657,False,-0.518636848182396,False,-1.14988611562094,False,1.0396382503963673,False,0,False,0.717567957257353,39.98198198198198,32.752941176470586,False,0.23275862068965517,False,False,False
39.982_32.7647,39.98198198198198,32.76470588235294,47.90987124463519,17.248676157022278,0.3234533693264202,31.044942128527115,53.44355189785871,55.47728420134972,0.009924945241429907,False,-0.4379960973783545,False,-1.0558739513843631,False,0.5659331419138691,False,0,False,0.6465742888722484,39.98198198198198,32.76470588235294,False,0.27155172413793105,False,False,False
39.982_32.7765,39.98198198198198,32.77647058823529,29.56223175965665,18.941097396795,0.2807230029421667,39.1571842630707,51.72569557150471,48.318045861359536,0.0174705925703988,False,-0.4355457506922665,False,-1.09876979966377,False,0.6039552609244467,False,0,False,0.5200675336447977,39.98198198198198,32.77647058823529,False,0.28448275862068967,False,False,False
39.982_32.7882,39.98198198198198,32.78823529411765,38.88412017167382,47.46032749435687,0.5588777993691738,100.78967210519373,47.0040286242003,46.845151219395106,0.02785437550788609,False,-0.537061700691283,False,-1.1687495010395996,False,0.9858719035487736,False,0,False,0.5358359567162015,39.98198198198198,32.78823529411765,False,0.3103448275862069,False,False,False
39.982_32.8,39.98198198198198,32.8,33.72103004291846,16.988323956856288,0.20551273677614168,34.04843084958408,61.12091994488505,49.76629676968506,0.08436780101052878,True,-0.4653152741252003,False,-1.3670551984064796,False,1.5347943822574819,False,1,False,0.42535399397063917,39.98198198198198,32.8,False,0.16379310344827586,False,False,False
39.982_32.8118,39.98198198198198,32.811764705882354,85.75536480686695,25.355031851747153,0.281134191953798,46.68317586888562,52.11303899053786,54.34643175966146,0.004023732608092784,False,-0.45290164686190315,False,-1.0119143493339184,False,0.56989269449696,False,0,False,0.455109946429568,39.98198198198198,32.811764705882354,False,0.3620689655172414,False,False,False
39.982_32.8235,39.98198198198198,32.8235294117647,83.1931330472103,10.444728335962447,0.11113934165300303,21.27354591415333,48.19279774678112,50.06497379818372,0.003736154103779657,False,-0.427112157341527,False,-0.9969388532561704,False,0.6621387430195145,False,0,False,0.5554810558545974,39.98198198198198,32.8235294117647,False,0.3146551724137931,False,False,False
39.982_32.8353,39.98198198198198,32.83529411764706,55.65665236051502,13.147136094583193,0.11457441914442669,24.191776622151767,44.45495915624671,54.57386698411773,0.015386401336844657,False,-0.4215807770284455,False,-1.02664455792477,False,0.7341913849367432,False,0,False,0.45095689453863114,39.98198198198198,32.83529411764706,False,0.28879310344827586,False,False,False
39.982_32.8471,39.98198198198198,32.84705882352941,56.66094420600859,20.813679995790086,0.19412691832434503,44.42219645757506,43.990968215604504,47.07084429289717,0.007173187970151966,False,-0.42992879153782637,False,-1.051510195775133,False,0.5097502684022801,False,0,False,0.5413431796760844,39.98198198198198,32.84705882352941,False,0.21982758620689655,False,False,False
39.982_32.8588,39.98198198198198,32.858823529411765,68.96995708154506,31.840158516031654,0.23708134287972701,59.62855483928011,47.390447277732584,53.43271127903807,0.019460830431007492,False,-0.4635247573476948,False,-1.0056338123610276,False,0.4594840558516965,False,0,False,0.4060305739511212,39.98198198198198,32.858823529411765,False,0.36637931034482757,False,False,False
39.982_32.8706,39.98198198198198,32.870588235294115,68.07725321888412,21.17509736323675,0.2605228270088229,41.4420834668412,42.64522729945667,51.26764222457726,0.007293154048400724,False,-0.44052763308393705,False,-1.037530810897296,False,0.5339038872811133,False,0,False,0.5518362443419079,39.98198198198198,32.870588235294115,False,0.3146551724137931,False,False,False
39.982_32.8824,39.98198198198198,32.88235294117647,76.90128755364807,29.818243588511613,0.36977454411626914,63.81733779351864,40.81232557058684,46.70286563334049,0.00555386160458797,False,-0.46854607758083106,False,-1.0095720511042823,False,0.367552171058536,False,0,False,0.4019487818433508,39.98198198198198,32.88235294117647,False,0.2672413793103448,False,False,False
39.982_32.8941,39.98198198198198,32.89411764705882,93.52360515021459,33.922781767822315,0.4192693315407466,72.71180150852443,43.82233553156548,46.59121684101558,0.007454280914960661,False,-0.4871262629834102,False,-1.021778352392169,False,1.093607580726309,False,0,False,0.4126133988388292,39.98198198198198,32.89411764705882,False,0.04310344827586207,False,False,False
39.982_32.9176,39.98198198198198,32.917647058823526,8.034334763948499,14.586316230228034,0.10683334527043029,15.698292627832535,91.24248927038627,91.23575930929934,0.020505226465594616,False,-0.5701236247141354,True,-2.85335769248052,True,2.1940724154346753,False,2,True,0.9840093700978016,39.98198198198198,32.917647058823526,True,0.0,False,True,True
39.982_32.9294,39.98198198198198,32.92941176470588,9.03862660944206,15.653035922173988,0.13155672250934713,23.55548259077162,62.3934191702432,65.56410211733667,0.0036271861382034653,False,-0.4745413164545392,False,-1.0855412615572415,False,0.34461742912159304,False,0,False,0.6131850222591487,39.98198198198198,32.92941176470588,False,0.13793103448275862,False,False,False
39.982_32.9412,39.98198198198198,32.94117647058823,2.0085836909871246,4.803018549665546,0.0406927850597378,8.44601844333604,56.62660944206009,56.605313204886706,0.004897437830721148,False,-0.4238891406946535,False,-1.1314732933612937,False,0.5483964037771122,False,0,False,0.6237321175741909,39.98198198198198,32.94117647058823,False,0.2629310344827586,False,False,False
39.982_32.9647,39.98198198198198,32.96470588235294,2.7296137339055795,1.0903279955759129,0.022402255322729877,3.158861855471802,34.92989985693848,35.21747447465424,0.0005613352217010153,False,-0.37934443614847246,False,-3.0905282754869705,True,1.6261958743863438,False,1,False,0.40212785132482787,39.98198198198198,32.96470588235294,False,0.14224137931034483,False,False,False
39.982_33.0235,39.98198198198198,33.023529411764706,10.918454935622318,1.0911683147703093,0.02205089995420715,3.1097043577477814,40.33190271816881,35.98439253578172,0.012423428843280267,False,-0.38518186402995214,False,-1.1157272204752346,False,0.03176133804605391,False,0,False,0.500309116445348,39.98198198198198,33.023529411764706,False,0.17672413793103448,False,False,False
39.982_33.1647,39.98198198198198,33.16470588235294,6.0257510729613735,0.47672009005066823,0.009422022633481034,1.3148399434825975,33.787553648068666,33.76909621846747,0.000982634496912814,False,-0.3739354432734575,False,-1.8033441535538022,True,0.04681284084603251,False,1,False,0.591238330932327,39.98198198198198,33.16470588235294,False,0.25862068965517243,False,False,False
39.982_33.1765,39.98198198198198,33.1764705882353,1.0042918454935623,0.5720641080608019,0.01130642716017727,1.5778079321791172,33.787553648068666,33.76909621846747,0.0008338319718898655,False,-0.3777388854946423,False,-2.226801859405445,True,0.08445306956129721,False,1,False,0.5913227881349878,39.98198198198198,33.1764705882353,False,0.25862068965517243,False,False,False
39.991_32.5059,39.990990990990994,32.50588235294118,11.450643776824034,11.287769581628375,0.09161335594903183,23.321913645496597,44.60786838340486,48.10642648005581,0.005066884418684106,False,-0.3942377475119352,False,-1.0839100963607047,False,0.8221138664826119,False,0,False,0.6399300812133765,39.990990990990994,32.50588235294118,False,0.24568965517241378,False,False,False
39.991_32.5176,39.990990990990994,32.51764705882353,92.07296137339056,10.386994612123443,0.08621576291885243,21.099760040735408,44.72316760492726,49.103703873139835,0.0018776059227371743,False,-0.44188885888103885,False,-1.0120469960561351,False,1.4403550304906476,False,0,False,0.6318912836931407,39.990990990990994,32.51764705882353,False,0.27586206896551724,False,False,False
39.991_32.5294,39.990990990990994,32.529411764705884,13.733905579399142,18.357422751538927,0.1812381863992597,42.726751950355776,43.05021180536202,43.462798387328654,0.011420064260707295,False,-0.4387630510465442,False,-1.1880725325775787,False,1.0900469431652715,False,0,False,0.4715404982879537,39.990990990990994,32.529411764705884,False,0.19827586206896552,False,False,False
39.991_32.5529,39.990990990990994,32.55294117647059,73.27896995708154,5.242600201832621,0.05551135504329184,11.22298876873349,43.5859092433754,46.361742729770505,0.0014495300095543476,False,-0.4393321601231269,False,-1.0835843317314253,False,0.9801796737509094,False,0,False,0.4839076073465203,39.990990990990994,32.55294117647059,False,0.25,False,False,False
39.991_32.5647,39.990990990990994,32.56470588235294,51.63948497854077,5.811176399094764,0.06578340283262563,10.688843832691415,53.21743142574563,54.29963884652809,0.0043754910610552,False,-0.42948872438586344,False,-0.9956812477146417,False,2.0137423227589903,False,0,False,0.574472263976024,39.990990990990994,32.56470588235294,False,0.2801724137931034,False,False,False
39.991_32.5765,39.990990990990994,32.576470588235296,57.081545064377686,7.5598248939471775,0.07238565187205875,12.743406237113657,55.05873496095124,59.10742690753563,0.0013480958345245774,False,-0.4481889984846164,False,-1.0502550804199837,False,1.0256423254217988,False,0,False,0.5305044701581493,39.990990990990994,32.576470588235296,False,0.21551724137931033,False,False,False
39.991_32.5882,39.990990990990994,32.588235294117645,93.04721030042919,7.203943234485776,0.07622837374802681,11.749192955916282,57.11022707366209,61.08271531813269,0.0032572722722604454,False,-0.4864412742096602,False,-1.1558323778001018,False,0.6830606482975807,False,0,False,0.5866885829362322,39.990990990990994,32.588235294117645,False,0.28879310344827586,False,False,False
39.991_32.6,39.990990990990994,32.6,50.67811158798283,7.219024464058692,0.08864257598525534,9.595905420235878,66.57807213252492,75.74195196367597,0.004499475153445909,False,-0.5361387665306664,False,-1.3546583707346374,False,0.8573457923782294,False,0,False,0.7654037890584984,39.990990990990994,32.6,False,0.08189655172413793,False,False,False
39.991_32.6118,39.990990990990994,32.61176470588235,58.82403433476395,7.4966210826595,0.08611331544049539,10.386069972134104,59.88676020640609,72.87499144470421,0.01950417250321723,False,-0.5113625323966936,False,-1.229150021709293,False,0.6172458390688215,False,0,False,0.6707395444965546,39.990990990990994,32.61176470588235,False,0.10775862068965517,False,False,False
39.991_32.6235,39.990990990990994,32.62352941176471,87.73390557939913,9.717455836837969,0.11633299218254654,13.463955753282475,55.866796074534946,73.38744460654326,0.04503717113690539,False,-0.5078053565700615,False,-1.3281026906047726,False,1.6420080734396072,False,0,False,0.6950743010570688,39.990990990990994,32.62352941176471,False,0.23275862068965517,False,False,False
39.991_32.6353,39.990990990990994,32.63529411764706,29.218884120171673,16.98737777327329,0.2527331792488606,38.41840869368842,40.729686890362856,44.35289272715931,0.0024638804750930833,False,-0.43879173089156825,False,-1.058477771245466,False,1.0595432390479056,False,0,False,0.5368818488064895,39.990990990990994,32.63529411764706,False,0.2543103448275862,False,False,False
39.991_32.6471,39.990990990990994,32.64705882352941,52.74678111587983,11.03577185728039,0.19483107467595737,25.257951756881774,40.533698584299096,43.50443812565376,0.0010616232187952467,False,-0.43211903470424823,False,-1.0472189995837642,False,0.8310439786772748,False,0,False,0.4779242392323805,39.990990990990994,32.64705882352941,False,0.21120689655172414,False,False,False
39.991_32.6588,39.990990990990994,32.65882352941176,2.0085836909871246,24.903299356223176,1.0339994635193133,69.10233369098712,39.05793991416309,39.013921476991705,0.31656334989244467,True,-0.5846046742075558,True,-1.2752875461267985,False,1.5470233324828335,False,2,True,1.3081318025070896,39.990990990990994,32.65882352941176,True,0.34051724137931033,False,True,True
39.991_32.6824,39.990990990990994,32.68235294117647,2.0085836909871246,14.841977223473421,0.41936854629668974,29.413249479454382,49.667381974248926,49.644313699635106,0.03424560081411843,False,-0.4540209332782333,False,-1.3862579988736512,False,0.8487438827595744,False,0,False,0.7532286170636193,39.990990990990994,32.68235294117647,False,0.22844827586206898,False,False,False
39.991_32.6941,39.990990990990994,32.694117647058825,21.296137339055793,18.99535330975959,0.41008512851525003,29.167735603411582,61.14551661306433,64.7941707667209,0.023825101377275604,False,-0.5072387353198495,False,-1.2657492408116193,False,0.6876359931257336,False,0,False,0.5691493720896941,39.990990990990994,32.694117647058825,False,0.17672413793103448,False,False,False
39.991_32.7059,39.990990990990994,32.705882352941174,20.489270386266096,22.234861606144413,0.4007059115789788,28.342658573361145,68.88347478137403,77.20236583800641,0.02167067345773804,False,-0.5879597262543866,True,-1.3792386722507908,False,0.9781259842897587,False,1,False,0.636604333909004,39.990990990990994,32.705882352941174,False,0.02586206896551724,False,False,False
39.991_32.7176,39.990990990990994,32.71764705882353,6.0257510729613735,24.98171556279121,0.5648078475331695,39.58874845945661,62.708154506437765,62.28138971482983,0.05603651479203745,False,-0.5390860789122852,False,-1.225862174522046,False,0.6305770340675667,False,0,False,0.7015537415925571,39.990990990990994,32.71764705882353,False,0.1939655172413793,False,False,False
39.991_32.7294,39.990990990990994,32.72941176470588,13.472103004291846,11.642502586899619,0.20642085565111942,21.34103845026274,51.83859359524595,53.98594333932014,0.001632165127066999,False,-0.42292226578363246,False,-1.1101689782747353,False,0.6245649342677241,False,0,False,0.5944937820014552,39.990990990990994,32.72941176470588,False,0.2974137931034483,False,False,False
39.991_32.7412,39.990990990990994,32.74117647058824,12.218884120171674,28.80865547248998,0.48171545301357493,55.20618264205716,54.81269160024525,48.68534754974615,0.03986109240511914,False,-0.4985429972078126,False,-1.1113715436100535,False,0.7406152711086778,False,0,False,1.2042977706988864,39.990990990990994,32.74117647058824,True,0.29310344827586204,False,True,False
39.991_32.7529,39.990990990990994,32.752941176470586,19.545064377682404,20.380858590541038,0.3407601093933364,38.75962069627367,57.07666796722591,49.106040330064815,0.049218381568909834,False,-0.46703074452294796,False,-1.1818310459441403,False,0.3688960814146742,False,0,False,1.1113598118722345,39.990990990990994,32.752941176470586,True,0.29310344827586204,False,True,False
39.991_32.7647,39.990990990990994,32.76470588235294,18.450643776824034,11.563872890376405,0.19652645137729935,24.51788285107243,52.098264601604775,47.352257404450455,0.021470344455545548,False,-0.41912401906508684,False,-1.0418512070145,False,0.4327363555675244,False,0,False,0.5715245340624253,39.990990990990994,32.76470588235294,False,0.23275862068965517,False,False,False
39.991_32.7765,39.990990990990994,32.77647058823529,13.532188841201716,8.533617807027065,0.14568040086906456,17.797170847608434,51.99359203624225,48.061398950042694,0.01605826240254073,False,-0.4035663711850817,False,-1.0387666313099209,False,1.1579459132844463,False,0,False,0.5701251273902126,39.990990990990994,32.77647058823529,False,0.1896551724137931,False,False,False
39.991_32.7882,39.990990990990994,32.78823529411765,44.34334763948498,91.29366286306019,1.079216747569416,194.90577849573356,48.44905542716702,46.530324913489395,0.11331061925769854,True,-0.6924705086743896,True,-1.8771711184094328,True,4.190073589480617,False,3,True,0.779431159754443,39.990990990990994,32.78823529411765,False,0.034482758620689655,False,False,False
39.991_32.8,39.990990990990994,32.8,80.32618025751073,26.339667569242234,0.31373412274957396,47.73403021392433,60.282543951257125,54.913379625677166,0.043161950961046934,False,-0.49998221303980667,False,-1.3779329364284187,False,1.0344219387038738,False,0,False,0.4426735849549055,39.990990990990994,32.8,False,0.28448275862068967,False,False,False
39.991_32.8118,39.990990990990994,32.811764705882354,60.52360515021459,18.052228534051558,0.1940356107922614,33.88308744835622,49.747739873575746,53.369129729763365,0.0011163598874230024,False,-0.42983170891443684,False,-0.9849448117372497,False,0.2564846432885418,False,0,False,0.44679295932624613,39.990990990990994,32.811764705882354,False,0.27155172413793105,False,False,False
39.991_32.8235,39.990990990990994,32.8235294117647,101.8412017167382,11.016697250872692,0.11876644039724214,19.087316766285255,51.00628474306721,57.84205528006027,0.0015029807153349786,False,-0.4471297065809001,False,-0.9895746397265099,False,1.0325813171003126,False,0,False,0.505020927104311,39.990990990990994,32.8235294117647,False,0.29310344827586204,False,False,False
39.991_32.8353,39.990990990990994,32.83529411764706,79.0343347639485,13.88254934923599,0.16171015673376188,27.58183509271753,47.74551231392788,50.46762487409883,0.001624126940447144,False,-0.4377917102878239,False,-0.9942009191638965,False,0.23221451261426387,False,0,False,0.4950064552386742,39.990990990990994,32.83529411764706,False,0.34051724137931033,False,False,False
39.991_32.8471,39.990990990990994,32.84705882352941,116.27038626609442,25.069252489206796,0.32982020313417204,52.56368961112179,45.70606642949884,47.89542609096516,0.005280020950981726,False,-0.4790725755118397,False,-1.0524194812556014,False,1.2509856144011748,False,0,False,0.5242637415022756,39.990990990990994,32.84705882352941,False,0.08189655172413793,False,False,False
39.991_32.8588,39.990990990990994,32.858823529411765,48.38197424892704,22.074218097723247,0.2422480535182681,43.09500753025938,46.19992770152259,51.36005597569533,0.002766472249857372,False,-0.4290554540438524,False,-0.9771255353980883,False,0.8114628838927828,False,0,False,0.42321484663260106,39.990990990990994,32.858823529411765,False,0.3146551724137931,False,False,False
39.991_32.8706,39.990990990990994,32.870588235294115,93.64377682403433,31.950678672155444,0.47083351186076716,63.91276139182533,47.098893385167464,50.63585745192103,0.006608956549119011,False,-0.48058388465018903,False,-1.0185529245852902,False,0.7133362815513178,False,0,False,0.6614483404541566,39.990990990990994,32.870588235294115,False,0.23275862068965517,False,False,False
39.991_32.8824,39.990990990990994,32.88235294117647,78.57510729613733,21.996357127283055,0.5028087201284991,46.36571047641037,41.75423865359954,47.22896362742794,0.035927500759103795,False,-0.4721115424332809,False,-1.0704310375725945,False,0.3289673422894359,False,0,False,0.49520135830172174,39.990990990990994,32.88235294117647,False,0.27586206896551724,False,False,False
39.991_32.8941,39.990990990990994,32.89411764705882,56.377682403433475,27.603834182662336,0.327901140034435,59.71735299088524,43.41958848859131,46.01132940112667,0.006343776005407445,False,-0.44862671244715036,False,-1.0218967671522448,False,0.4716247616612633,False,0,False,0.40923930103488204,39.990990990990994,32.89411764705882,False,0.22844827586206898,False,False,False
39.991_32.9059,39.990990990990994,32.90588235294118,15.064377682403434,2.6442202265033026,0.04543032029604217,5.539059982168523,44.65207439198855,46.90152435673582,0.0002862777663013635,False,-0.3953265135565742,False,-1.0189702167787558,False,1.4872791144236917,False,0,False,0.5294971787949154,39.990990990990994,32.90588235294118,False,0.1810344827586207,False,False,False
39.991_32.9412,39.990990990990994,32.94117647058823,1.8669527896995708,1.4330294538416224,0.029185655378030997,4.114452675490797,35.072961373390555,35.30454874922124,0.00048006197632530836,False,-0.38130003890083436,False,-4.187121882138411,True,2.3515532093910694,False,1,False,0.376302542484718,39.990990990990994,32.94117647058823,False,0.1336206896551724,False,False,False
39.991_32.9882,39.990990990990994,32.98823529411764,7.32618025751073,1.1764235197395383,0.023922427652293805,3.37318081161454,38.00429184549356,35.58488076253962,0.005090982039900335,False,-0.3799744837425306,False,-1.0368873369246165,False,0.26837013556229544,False,0,False,0.3938304010420691,39.990990990990994,32.98823529411764,False,0.11637931034482758,False,False,False
39.991_33.0,39.990990990990994,33.0,1.0042918454935623,0.4290480810456014,0.008479820370132965,1.1833559491343377,33.787553648068666,33.76909621846747,0.000890719555347879,False,-0.3788921865070581,False,-2.166799679245906,True,0.25203894471576577,False,1,False,0.5912030547234624,39.990990990990994,33.0,False,0.25862068965517243,False,False,False
39.991_33.0353,39.990990990990994,33.035294117647055,16.377682403433475,1.0911683147703093,0.02205089995420716,3.1097043577477814,40.33190271816881,35.98439253578172,0.013159785119165462,False,-0.3901726263069125,False,-1.3022811618412033,False,0.19056802827632352,False,0,False,0.5073923196788217,39.990990990990994,33.035294117647055,False,0.16810344827586207,False,False,False
39.991_33.0588,39.990990990990994,33.05882352941176,7.030042918454936,1.189102679698489,0.02389668313677397,3.368329305971315,35.502145922746784,35.52067052296272,0.0008169372694680791,False,-0.37557963975614395,False,-1.3222109577271834,False,0.3014390678738195,False,0,False,0.42025798583883833,39.990990990990994,33.05882352941176,False,0.16810344827586207,False,False,False
39.991_33.1647,39.990990990990994,33.16470588235294,1.0042918454935623,0.4290480810456014,0.008479820370132965,1.1833559491343377,33.787553648068666,33.76909621846747,0.000890719555347879,False,-0.3788921865070581,False,-2.166799679245906,True,0.055033231519839805,False,1,False,0.5912030547234624,39.990990990990994,33.16470588235294,False,0.25862068965517243,False,False,False
39.991_33.1765,39.990990990990994,33.1764705882353,3.0128755364806867,0.524392099055735,0.010364224896829166,1.4463239378308572,33.787553648068666,33.76909621846747,0.0008934191054756334,False,-0.37414726756534655,False,-1.8924259427017662,True,0.008171566160911284,False,1,False,0.5912783171334761,39.990990990990994,33.1764705882353,False,0.25862068965517243,False,False,False
40.009_32.3176,40.009009009009006,32.31764705882353,6.03,0.20377331697054696,0.005012798036465588,1.132100280504909,19.2275,19.242887404961984,0.000962869613658283,False,-0.41459428598691367,False,-1.518370165442051,False,1.4379702158364984,False,0,False,0.8044748630567413,40.009009009009006,32.31764705882353,False,0.15517241379310345,False,False,False
40.009_32.3294,40.009009009009006,32.32941176470588,1.005,0.22641479663394104,0.00556977559607287,1.2578892005610098,19.2275,19.242887404961984,0.0009793117930295297,False,-0.4092184677322216,False,-1.542111067140384,False,1.2728304729957587,False,0,False,0.7926566804146609,40.009009009009006,32.32941176470588,False,0.15517241379310345,False,False,False
40.009_32.4941,40.009009009009006,32.49411764705882,2.7124463519313307,10.940022871389376,0.07024447019549293,18.127048111479496,61.62804005722461,61.038506367969184,0.011369212782140696,False,-0.4430143207617071,False,-1.0344643252389591,False,1.7563069957579533,False,0,False,0.6845934702237634,40.009009009009006,32.49411764705882,False,0.1939655172413793,False,False,False
40.009_32.5059,40.009009009009006,32.50588235294118,11.450643776824034,12.107511716010304,0.09570067060074205,24.3711377033545,44.60786838340486,49.72448418741403,0.007653565722264547,False,-0.4044968009328694,False,-1.065362373743549,False,0.9361161476917362,False,0,False,0.6210610124425147,40.009009009009006,32.50588235294118,False,0.25862068965517243,False,False,False
40.009_32.5176,40.009009009009006,32.51764705882353,80.35622317596567,9.675316310735434,0.08138237312642702,20.671947305328903,46.07759569514149,47.286548570428664,0.005649227326904551,False,-0.4331869879588285,False,-1.013445967577208,False,0.43699303402302786,False,0,False,0.639211523650756,40.009009009009006,32.51764705882353,False,0.3448275862068966,False,False,False
40.009_32.5294,40.009009009009006,32.529411764705884,131.59227467811158,10.195645121101792,0.1054922374401243,26.592591103915925,39.71336172769504,38.58718890856991,0.015576816520968562,False,-0.5074253736162275,False,-1.3621402927121398,False,1.7651932343306826,False,0,False,0.6718469492804041,40.009009009009006,32.529411764705884,False,0.25,False,False,False
40.009_32.5412,40.009009009009006,32.54117647058823,25.957081545064376,9.535737780190555,0.10738024885613093,27.215805680958145,40.00167586347844,36.6255534842909,0.014579304581457607,False,-0.4281787620868965,False,-1.2349806495509892,False,0.6245301842707324,False,0,False,0.6707411072308535,40.009009009009006,32.54117647058823,False,0.4051724137931034,True,True,False
40.009_32.6118,40.009009009009006,32.61176470588235,12.051502145922747,48.92858808706344,0.690747155535597,113.01866242078655,37.892703862660944,43.161990192574976,0.04467815255592034,False,-0.5899655766813048,True,-1.143051698708562,False,2.9140231080890686,False,1,False,0.5269483522902128,40.009009009009006,32.61176470588235,False,0.2629310344827586,False,False,False
40.009_32.6353,40.009009009009006,32.63529411764706,2.721030042918455,8.600563434709427,0.13400487432244482,18.23754038501859,43.61802575107296,46.65267372595362,0.0005921870582688572,False,-0.397451136075212,False,-1.1546918555211767,False,0.6213318348156552,False,0,False,0.6873205039809381,40.009009009009006,32.63529411764706,False,0.3620689655172414,False,False,False
40.009_32.6471,40.009009009009006,32.64705882352941,41.5450643776824,3.506768769012123,0.1266396466390922,12.491793495540211,33.95255527103545,28.046736739465114,0.022590831837556752,False,-0.47286610322468875,False,-1.187568978207986,False,1.5931653125589782,False,0,False,0.4109003956636972,40.009009009009006,32.64705882352941,False,0.27586206896551724,False,False,False
40.009_32.6588,40.009009009009006,32.65882352941176,7.450643776824034,7.7450804562248665,0.10552049915959416,10.226727113643506,60.46798998569385,77.02705132292395,0.05241054680596296,False,-0.4865349106229151,False,-1.3328117323634658,False,2.846919221515999,False,0,False,0.827278313540161,40.009009009009006,32.65882352941176,False,0.125,False,False,False
40.009_32.7059,40.009009009009006,32.705882352941174,3.7339055793991416,0.692335238391331,0.01962833152381156,1.3771456191357527,52.952789699570815,49.82478712396489,0.01194194353975607,False,-0.39993841728177476,False,-0.9967400691237366,False,0.7977097442733737,False,0,False,1.038549626650652,40.009009009009006,32.705882352941174,True,0.3922413793103448,True,True,False
40.009_32.7176,40.009009009009006,32.71764705882353,19.356223175965667,2.5805990024848207,0.05817419177726157,4.265269323321702,54.37004724061421,60.866486233426,0.0031270131274552075,False,-0.4309105371308718,False,-1.375086353990281,False,0.5130900406486016,False,0,False,0.7639088707820245,40.009009009009006,32.71764705882353,False,0.29310344827586204,False,False,False
40.009_32.7294,40.009009009009006,32.72941176470588,9.193133047210301,0.6178830134082727,0.017354406367573346,1.2177600307011471,54.831330472103005,50.791922907632966,0.017481813860169237,False,-0.41507132966921934,False,-1.0108579336414336,False,0.25638689383731234,False,0,False,1.1027811452393572,40.009009009009006,32.72941176470588,True,0.3879310344827586,True,True,False
40.009_32.7647,40.009009009009006,32.76470588235294,24.746781115879827,13.87890984240714,0.21740109553029358,29.36780342728861,53.58226037195994,47.609138266009616,0.03056532946978781,False,-0.4306168755256821,False,-1.1081450545093632,False,0.46131800443557786,False,0,False,0.5844505279619091,40.009009009009006,32.76470588235294,False,0.3017241379310345,False,False,False
40.009_32.7765,40.009009009009006,32.77647058823529,1.005,0.6036807304785894,0.0066687657430729705,0.9036523929471033,65.8475,65.85056972789116,0.006395962249216724,False,-0.48159578450116625,False,-0.9953642023716209,False,1.5617465894471996,False,0,False,2.262567525077264,40.009009009009006,32.77647058823529,True,0.39655172413793105,True,True,False
40.009_32.8,40.009009009009006,32.8,4.017167381974249,1.1212373361361712,0.014633149397097853,2.1935417944001636,51.163090128755364,51.15407475554625,0.003060333289953496,False,-0.3992526230822581,False,-0.9922885862771021,False,1.1706112945764642,False,0,False,0.6866369964561739,40.009009009009006,32.8,False,0.3146551724137931,False,False,False
40.009_32.8118,40.009009009009006,32.811764705882354,56.892703862660944,34.054461923067734,0.36281169881407405,62.923772720911856,50.55755278239569,54.79540803907787,0.0037456990908060917,False,-0.4699498227234688,False,-1.026784265413366,False,1.4093465950809743,False,0,False,0.5348618334111986,40.009009009009006,32.811764705882354,False,0.2672413793103448,False,False,False
40.009_32.8235,40.009009009009006,32.8235294117647,30.84978540772532,12.803003331439243,0.12700572807693059,24.128533183120172,48.57710354528077,53.881723730357386,0.002925616932039045,False,-0.4108426331243806,False,-0.9921768430735705,False,0.2931503544421028,False,0,False,0.45202401158191396,40.009009009009006,32.8235294117647,False,0.25862068965517243,False,False,False
40.009_32.8353,40.009009009009006,32.83529411764706,52.06866952789699,7.511260032671217,0.08171251444163798,13.358431444408797,50.01780965605126,57.15129872201782,0.003532274703373892,False,-0.4227697021264244,False,-0.9901839427488506,False,0.6075171215551505,False,0,False,0.5179373419581892,40.009009009009006,32.83529411764706,False,0.2413793103448276,False,False,False
40.009_32.8471,40.009009009009006,32.84705882352941,98.34763948497854,25.2519677165288,0.2572373536355079,51.02615091298919,50.022820816576804,50.03731178891075,0.013780557907686135,False,-0.4548957253579324,False,-1.0162839682249234,False,0.9207607610914623,False,0,False,0.5447723008269609,40.009009009009006,32.84705882352941,False,0.27586206896551724,False,False,False
40.009_32.8588,40.009009009009006,32.858823529411765,82.18454935622317,23.668722660406242,0.4264400862688396,49.32457179069217,43.69348665023999,48.56227117851093,0.011872210188761924,False,-0.4599941839698947,False,-1.0215806952716933,False,0.6268993252852616,False,0,False,0.5500588106250879,40.009009009009006,32.858823529411765,False,0.28448275862068967,False,False,False
40.009_32.8706,40.009009009009006,32.870588235294115,47.51072961373391,19.71608426950732,0.4658543003427512,45.67174479148923,41.91462028672329,44.450563313602,0.02839423671448099,False,-0.4551937638766294,False,-1.0630449019901516,False,0.5095844400344426,False,0,False,0.5945125323725162,40.009009009009006,32.870588235294115,False,0.16379310344827586,False,False,False
40.009_32.8824,40.009009009009006,32.88235294117647,8.034334763948499,4.341552278663764,0.07420616746989439,7.913674816960607,53.74034334763949,53.97586117888341,0.0027303270910611407,False,-0.400815123519272,False,-1.0159400771058098,False,1.6343774303970788,False,0,False,0.5101114847170884,40.009009009009006,32.88235294117647,False,0.3103448275862069,False,False,False
40.009_32.8941,40.009009009009006,32.89411764705882,84.91416309012875,10.94821134546191,0.1429972168884453,23.289490010733466,47.167942877864604,46.618052460169515,0.009750920962608519,False,-0.43641044589027955,False,-1.0272508941220662,False,1.336990198135631,False,0,False,0.407496321918001,40.009009009009006,32.89411764705882,False,0.38362068965517243,False,False,False
40.009_32.9059,40.009009009009006,32.90588235294118,23.098712446351932,4.328020374120119,0.07432017399033947,8.796842249119003,47.717484605336814,48.31327163114964,0.001921992645982165,False,-0.3874593204180184,False,-1.068490914886446,False,0.6013370963403843,False,0,False,0.5208770337463766,40.009009009009006,32.90588235294118,False,0.1724137931034483,False,False,False
40.009_32.9647,40.009009009009006,32.96470588235294,9.618025751072961,1.4779981515909273,0.030746282046639543,4.3325939729939,31.10484365419988,34.35121764803572,0.002317208254487763,False,-0.3864303414143965,False,-1.48504248569574,False,0.21888570028087292,False,0,False,0.40291781374935676,40.009009009009006,32.96470588235294,False,0.20689655172413793,False,False,False
40.009_32.9765,40.009009009009006,32.976470588235294,8.6137339055794,1.595306297790295,0.03293891539838105,4.642078226641494,32.86790653314258,34.65626917887075,0.0005345761243923313,False,-0.3837028995248002,False,-1.3417037200690947,False,0.15859166722941076,False,0,False,0.3765737436506967,40.009009009009006,32.976470588235294,False,0.14224137931034483,False,False,False
40.009_32.9882,40.009009009009006,32.98823529411764,4.879828326180258,1.4318137824506578,0.02970673372897483,4.1860319551576906,31.40772532188841,34.373356645439785,0.002077153975738108,False,-0.3821685586458561,False,-1.5074709325219247,False,0.09999702315161839,False,0,False,0.3830191240554036,40.009009009009006,32.98823529411764,False,0.1724137931034483,False,False,False
40.009_33.0,40.009009009009006,33.0,8.6137339055794,1.7455874423892885,0.03598473916422501,5.071375365811897,32.86790653314258,34.71109374723749,0.0005264337311001417,False,-0.3828328308774439,False,-1.2242608507984305,False,0.2506943495933338,False,0,False,0.3768952404758854,40.009009009009006,33.0,False,0.1336206896551724,False,False,False
40.009_33.0353,40.009009009009006,33.035294117647055,7.030042918454936,1.189102679698489,0.02389668313677397,3.368329305971315,35.502145922746784,35.52067052296272,0.0008169372694680791,False,-0.37557963975614395,False,-1.3222109577271834,False,0.2559914650685601,False,0,False,0.42025798583883833,40.009009009009006,33.035294117647055,False,0.16810344827586207,False,False,False
40.009_33.0471,40.009009009009006,33.04705882352941,5.600858369098712,1.4338697730360188,0.02883430000950826,4.065295177766775,39.1244635193133,35.83678811657686,0.007574622801387536,False,-0.3807772118513554,False,-1.0378386247613816,False,0.06488264440287451,False,0,False,0.4525498382984855,40.009009009009006,33.04705882352941,False,0.15086206896551724,False,False,False
40.018_32.2941,40.01801801801802,32.294117647058826,1.0042918454935623,0.352046724431128,0.010531217102599364,0.7544092639080087,47.18669527896996,47.16562132696984,0.0021282219816828453,False,-0.3978593404473262,False,-0.9887024699960613,False,1.5673653378754913,False,0,False,0.6756697722164343,40.01801801801802,32.294117647058826,False,0.38362068965517243,False,False,False
40.018_32.3059,40.01801801801802,32.305882352941175,19.30901287553648,1.0024287004248713,0.029303462001469577,2.4187756101891726,39.46926855018246,41.92256980504541,0.000532426269830264,False,-0.3968746449247772,False,-1.2296522519236481,False,0.9123748705402928,False,0,False,0.49275828329837074,40.01801801801802,32.305882352941175,False,0.14224137931034483,False,False,False
40.018_32.3176,40.01801801801802,32.31764705882353,17.630901287553648,1.0802357432703316,0.031392383488970305,2.682083778827171,38.147567954220314,40.8238826845535,0.0006789498449358023,False,-0.39565773331737303,False,-1.1766574588005985,False,0.8911141110529324,False,0,False,0.4999483426990135,40.01801801801802,32.31764705882353,False,0.11206896551724138,False,False,False
40.018_32.3294,40.01801801801802,32.32941176470588,13.223175965665236,1.0538885300198357,0.030626715598995418,2.616667101294801,38.147567954220314,40.8238826845535,0.0007294039383257574,False,-0.394633425690353,False,-1.0936121232589695,False,1.2508432060266557,False,0,False,0.500941403036178,40.01801801801802,32.32941176470588,False,0.11206896551724138,False,False,False
40.018_32.4941,40.01801801801802,32.49411764705882,22.42489270386266,7.511597879120217,0.07738688194563903,19.511235915870138,38.98594654282577,38.56313224156854,0.004227445156173339,False,-0.41642900413149436,False,-1.1389219871840335,False,0.829463014890042,False,0,False,0.6067301409720762,40.01801801801802,32.49411764705882,False,0.3922413793103448,True,True,False
40.018_32.5059,40.01801801801802,32.50588235294118,63.20600858369099,7.803132828079711,0.08003740171161162,19.226714996683874,42.54158558209792,40.858094324167084,0.010478547492990662,False,-0.4467984288105041,False,-1.115526638965511,False,1.0363859747235282,False,0,False,0.5961939358929602,40.01801801801802,32.50588235294118,False,0.23275862068965517,False,False,False
40.018_32.5412,40.01801801801802,32.54117647058823,19.59227467811159,9.860690802777812,0.10777195294148323,27.246242911245872,39.62406263264632,37.40630670955432,0.01043577660522388,False,-0.43144577987230504,False,-1.2920289756115915,False,0.8168341918923838,False,0,False,0.6329504742468537,40.01801801801802,32.54117647058823,False,0.375,False,False,False
40.018_32.5529,40.01801801801802,32.55294117647059,6.489270386266094,9.535737780190555,0.10738024885613093,27.215805680958145,40.00167586347844,36.6255534842909,0.013592656466744459,False,-0.4201191779972425,False,-1.3518031384858535,False,0.3799941398621333,False,0,False,0.648503892709795,40.01801801801802,32.55294117647059,False,0.39655172413793105,True,True,False
40.018_32.6353,40.01801801801802,32.63529411764706,14.197424892703863,1.682404635729323,0.06835563662066753,5.948870218890543,33.553176306287895,28.590611061196235,0.012332301815952795,False,-0.40168160739644937,False,-1.1207845484458225,False,0.5967222677166163,False,0,False,0.455595518162826,40.01801801801802,32.63529411764706,False,0.27586206896551724,False,False,False
40.018_32.6471,40.01801801801802,32.64705882352941,2.721030042918455,8.600563434709427,0.13400487432244482,18.23754038501859,43.61802575107296,46.65267372595362,0.0005921870582688572,False,-0.397451136075212,False,-1.1546918555211767,False,0.5452526656654181,False,0,False,0.6873205039809381,40.01801801801802,32.64705882352941,False,0.3620689655172414,False,False,False
40.018_32.6941,40.01801801801802,32.694117647058825,7.150214592274678,5.291508881213692,0.11336406702170758,8.438472853914472,55.294706723891274,63.31185516371236,0.00793334752202955,False,-0.442333791761034,False,-1.0797059983421637,False,0.5697580353873173,False,0,False,0.6401317081898947,40.01801801801802,32.694117647058825,False,0.27155172413793105,False,False,False
40.018_32.7176,40.01801801801802,32.71764705882353,3.7339055793991416,0.692335238391331,0.01962833152381156,1.3771456191357527,52.952789699570815,49.82478712396489,0.01194194353975607,False,-0.39993841728177476,False,-0.9967400691237366,False,0.19834967238355208,False,0,False,1.038549626650652,40.01801801801802,32.71764705882353,True,0.3922413793103448,True,True,False
40.018_32.7529,40.01801801801802,32.752941176470586,18.570815450643778,1.096369191953744,0.01830982254291352,1.893396872570273,64.00160166697768,56.39110850204273,0.047787326478005154,False,-0.4677901836539507,False,-1.348756723681798,False,0.43908481208886657,False,0,False,0.8274077067137642,40.01801801801802,32.752941176470586,False,0.25,False,False,False
40.018_32.7647,40.01801801801802,32.76470588235294,16.339055793991417,13.100954550048677,0.20467976092842405,27.737370154937288,52.952713059472714,47.54613499262962,0.02510804642876535,False,-0.428808212872481,False,-1.0429273529225118,False,0.7649184422658157,False,0,False,0.5699105854588573,40.01801801801802,32.76470588235294,False,0.2672413793103448,False,False,False
40.018_32.7765,40.01801801801802,32.77647058823529,5.871244635193133,10.109502422647065,0.16227382586476638,22.738405360390246,49.74463519313305,45.9727454274921,0.013720487654837306,False,-0.40130246608638587,False,-1.1094783376675976,False,0.4335209279057098,False,0,False,0.6004930361405761,40.01801801801802,32.77647058823529,False,0.1810344827586207,False,False,False
40.018_32.7882,40.01801801801802,32.78823529411765,1.9570815450643777,10.109502422647065,0.16227382586476638,22.738405360390246,49.74463519313305,45.9727454274921,0.013269978933182408,False,-0.40415723878838083,False,-1.2120415896600139,False,0.43844523679050873,False,0,False,0.596249771015591,40.01801801801802,32.78823529411765,False,0.1810344827586207,False,False,False
40.018_32.8235,40.01801801801802,32.8235294117647,7.656652360515022,3.993151509530851,0.08110729270248866,6.959786489703178,55.57188841201717,57.175337448924,0.001048502037946517,False,-0.4170184187865168,False,-1.1299280040953885,False,0.724990155625496,False,0,False,0.6707059082969737,40.01801801801802,32.8235294117647,False,0.22413793103448276,False,False,False
40.018_32.8353,40.01801801801802,32.83529411764706,18.30901287553648,8.147790504161549,0.1379575267808925,15.702740570279259,56.99426888003444,52.47351869328659,0.022292515474471666,False,-0.42755892188872685,False,-1.2213020741604643,False,0.7578072281113608,False,0,False,0.5664565085829388,40.01801801801802,32.83529411764706,False,0.21982758620689655,False,False,False
40.018_32.8471,40.01801801801802,32.84705882352941,76.79828326180258,23.569314825686714,0.25153565152593865,45.628163393055985,55.30715057170712,52.27801084213972,0.025571866138298493,False,-0.4687760103493469,False,-1.1160450535301871,False,0.7052080408499263,False,0,False,0.6020181598165777,40.01801801801802,32.84705882352941,False,0.375,False,False,False
40.018_32.8588,40.01801801801802,32.858823529411765,40.36480686695279,38.47394488660078,0.39280819820373153,75.3619127661153,54.463716728475475,52.164918034223405,0.02725810901447555,False,-0.5169322247358589,False,-1.1357539420202918,False,1.0863781527716452,False,0,False,0.6294622025974923,40.01801801801802,32.858823529411765,False,0.19827586206896552,False,False,False
40.018_32.8706,40.01801801801802,32.870588235294115,6.0257510729613735,4.341552278663764,0.07420616746989439,7.913674816960607,53.74034334763949,53.97586117888341,0.0026027442872029612,False,-0.40062958450494895,False,-1.0084478628155855,False,1.2730139506722422,False,0,False,0.5101154926272895,40.01801801801802,32.870588235294115,False,0.3103448275862069,False,False,False
40.018_32.8824,40.01801801801802,32.88235294117647,5.570815450643777,7.339543969289928,0.07669493093425156,18.526522719685236,36.05758226037196,37.39183373633404,0.0024273157862207324,False,-0.41168526668092326,False,-1.081929235113856,False,1.1705711575083344,False,0,False,0.4275459882636237,40.01801801801802,32.88235294117647,False,0.21551724137931033,False,False,False
40.018_32.8941,40.01801801801802,32.89411764705882,38.0,32.58243202561498,0.3643828567431594,72.31269137220576,41.97794601730344,45.00973883454981,0.015794415220291593,False,-0.4819635817844147,False,-1.0537414829811267,False,1.4287662628153426,False,0,False,0.4122433681553525,40.01801801801802,32.89411764705882,False,0.1810344827586207,False,False,False
40.018_32.9059,40.01801801801802,32.90588235294118,2.0085836909871246,4.955144352977844,0.06856230324275943,9.974208896501045,49.371244635193136,49.35201759016494,0.0022910069828969656,False,-0.3890047606362447,False,-1.0936086324232184,False,1.0877016244035476,False,0,False,0.46718056766189936,40.01801801801802,32.90588235294118,False,0.3275862068965517,False,False,False
40.018_32.9176,40.01801801801802,32.917647058823526,4.017167381974249,5.912911812719326,0.08311635661982418,12.063741681042217,46.98175965665236,48.66855641102562,0.00035931792075840713,False,-0.38550980478597224,False,-1.066747550105109,False,0.5753268307210333,False,0,False,0.4560235708095861,40.01801801801802,32.917647058823526,False,0.3275862068965517,False,False,False
40.018_32.9882,40.01801801801802,32.98823529411764,1.0042918454935623,0.22488363658344918,0.0057476475447822166,0.8089020532350037,26.454935622317596,26.48221949724096,0.0007700913753932846,False,-0.38591039655249565,False,-0.9755052156405981,False,0.5041684979721675,False,0,False,0.692913261513363,40.01801801801802,32.98823529411764,False,0.3706896551724138,False,False,False
40.018_33.0471,40.01801801801802,33.04705882352941,5.742489270386266,1.3254476911066158,0.02659734722345168,3.7493804128492334,37.91702432045779,35.73464048363527,0.004351893735147432,False,-0.38104393874355386,False,-1.015571228821213,False,0.02721407898715598,False,0,False,0.42185512336716185,40.01801801801802,33.04705882352941,False,0.15948275862068967,False,False,False
40.027_32.2941,40.02702702702703,32.294117647058826,1.005,0.22641479663394104,0.00556977559607287,1.2578892005610098,19.2275,19.242887404961984,0.0009793117930295297,False,-0.4092184677322216,False,-1.542111067140384,False,1.9187579538437511,False,0,False,0.7926566804146609,40.02702702702703,32.294117647058826,False,0.15517241379310345,False,False,False
40.027_32.3059,40.02702702702703,32.305882352941175,3.592274678111588,0.780223902782073,0.02217237809172384,2.2441048198847975,28.459227467811157,35.71264666098777,0.016049853607943403,False,-0.386732341836772,False,-1.666269044290838,False,0.5546337708236266,False,0,False,0.6957148094674789,40.02702702702703,32.305882352941175,False,0.44396551724137934,True,True,False
40.027_32.5059,40.02702702702703,32.50588235294118,2.540772532188841,0.259088007256353,0.0072949767487343236,0.6491019037870999,40.75894134477826,40.468310489863384,0.0017546937629600997,False,-0.38500929173301557,False,-0.9884102232410358,False,0.7477161169488845,False,0,False,0.6578157607787201,40.02702702702703,32.50588235294118,False,0.1896551724137931,False,False,False
40.027_32.6118,40.02702702702703,32.61176470588235,4.017167381974249,0.26833576567279444,0.016940212356044818,1.2089027203521021,28.15236051502146,23.15406682404064,0.009311354496159557,False,-0.38973040972378986,False,-1.5763625242227697,False,0.289416220251694,False,0,False,0.9747200546708539,40.02702702702703,32.61176470588235,True,0.3879310344827586,True,True,False
40.027_32.6353,40.02702702702703,32.63529411764706,2.01,0.02890031031807598,0.0007622187742435785,0.10851047323506592,26.8425,26.79345238095238,0.0009218860788947855,False,-0.3909138287089153,False,-1.005194843871839,False,0.46358980234774305,False,0,False,1.0671841201178642,40.02702702702703,32.63529411764706,True,0.3879310344827586,True,True,False
40.027_32.6824,40.02702702702703,32.68235294117647,13.055793991416309,7.073209278902972,0.141102793766537,9.89137013698499,71.0,70.99799559503145,0.009639608188625791,False,-0.5144306446970429,False,-1.2653069455768224,False,1.5763535955109065,False,0,False,0.7489078390568104,40.02702702702703,32.68235294117647,False,0.09913793103448276,False,False,False
40.027_32.6941,40.02702702702703,32.694117647058825,16.51502145922747,3.1714177106454042,0.0706702072771793,5.641285073440873,49.28583690987124,57.092680059736225,0.007984765853597623,False,-0.4096479211296081,False,-1.1617696584819759,False,0.3955560748213957,False,0,False,0.6386531887074036,40.02702702702703,32.694117647058825,False,0.29310344827586204,False,False,False
40.027_32.7059,40.02702702702703,32.705882352941174,2.0122699386503067,0.5694589479180263,0.009974763955967421,1.3964669538354435,40.77300613496933,40.75518550978674,0.0014428010881148785,False,-0.3828546089122279,False,-0.9781147429473054,False,0.8125978663324686,False,0,False,1.2702035135035268,40.02702702702703,32.705882352941174,True,0.40948275862068967,True,True,False
40.027_32.7412,40.02702702702703,32.74117647058824,3.0128755364806867,0.9188088735299035,0.015406053174293432,1.2110807647288335,73.92703862660944,73.92330150944498,0.008928075215204579,False,-0.5224089903654665,False,-1.443800677468142,False,0.4543552169080328,False,0,False,1.3215882083991772,40.02702702702703,32.74117647058824,True,0.21551724137931033,False,True,False
40.027_32.7529,40.02702702702703,32.752941176470586,10.042918454935622,0.9188088735299036,0.015406053174293432,1.211080764728833,73.92703862660944,73.92330150944498,0.009663320429458019,False,-0.5248184809883397,False,-1.4245176217458668,False,1.299113172544646,False,0,False,1.3215872356532075,40.02702702702703,32.752941176470586,True,0.21551724137931033,False,True,False
40.027_32.7647,40.02702702702703,32.76470588235294,28.763948497854077,8.190759393629431,0.12716806991662183,16.99893371679542,55.22848658256384,48.30565109612297,0.037887852810685685,False,-0.413238272957077,False,-1.1296685313837576,False,0.4084040355679113,False,0,False,0.599325640050605,40.02702702702703,32.76470588235294,False,0.3275862068965517,False,False,False
40.027_32.7765,40.02702702702703,32.77647058823529,11.742489270386265,5.6976599806371695,0.08962018251032042,12.612831419689542,49.4308536003815,46.57569019843292,0.010236285146945615,False,-0.39077820052348144,False,-1.0544473781505441,False,0.2205129907584521,False,0,False,0.5976546144920091,40.02702702702703,32.77647058823529,False,0.1724137931034483,False,False,False
40.027_32.7882,40.02702702702703,32.78823529411765,21.527896995708154,10.109502422647065,0.16227382586476638,22.738405360390246,49.74463519313305,45.9727454274921,0.015688357343656197,False,-0.40452458919607054,False,-1.0433217397666121,False,0.38205170440796016,False,0,False,0.6183075208770258,40.02702702702703,32.78823529411765,False,0.1810344827586207,False,False,False
40.027_32.8,40.02702702702703,32.8,3.9141630901287554,10.109502422647065,0.16227382586476638,22.738405360390246,49.74463519313305,45.9727454274921,0.013493160358982367,False,-0.4006483690588584,False,-1.1488798394008914,False,0.13663368065094889,False,0,False,0.5983591484524153,40.02702702702703,32.8,False,0.1810344827586207,False,False,False
40.027_32.8353,40.02702702702703,32.83529411764706,1.9570815450643777,1.1518878185285781,0.012623664881402477,1.7933579704899396,61.513590844062946,63.054584408380386,0.0023861093703374434,False,-0.4506539903046761,False,-0.9917797235082657,False,1.3356606292389828,False,0,False,0.817995436570031,40.02702702702703,32.83529411764706,False,0.1853448275862069,False,False,False
40.027_32.8471,40.02702702702703,32.84705882352941,51.37339055793991,28.41558610212391,0.23142122378156701,52.18942666214373,54.654735441787196,54.51427699855613,0.0191541711470772,False,-0.4711417273572272,False,-1.0354393894543361,False,0.6903750826926339,False,0,False,0.4598231048413937,40.02702702702703,32.84705882352941,False,0.22413793103448276,False,False,False
40.027_32.8588,40.02702702702703,32.858823529411765,44.69098712446352,25.96931088102136,0.2302597996611132,49.561943014738944,53.072166711762684,53.09285397568387,0.014668406096356936,False,-0.4536548176795043,False,-1.013575198741451,False,0.6614191439240493,False,0,False,0.48640503492850357,40.02702702702703,32.858823529411765,False,0.22844827586206898,False,False,False
40.027_32.8706,40.02702702702703,32.870588235294115,9.879828326180258,2.494169755212369,0.025983322803649407,6.566790966209931,35.93605150214592,36.432435010133084,0.0010495202653375557,False,-0.3909514239472747,False,-1.0010281934480882,False,1.292086835127715,False,0,False,0.4454381148195375,40.02702702702703,32.870588235294115,False,0.21551724137931033,False,False,False
40.027_32.8824,40.02702702702703,32.88235294117647,52.60085836909871,4.739909152642496,0.04985538673475297,11.772131021922668,38.44389678201778,38.722886707614194,0.002973900891463691,False,-0.4455546482477809,False,-1.1021979701243667,False,0.6148870663260882,False,0,False,0.43042486432333343,40.02702702702703,32.88235294117647,False,0.1896551724137931,False,False,False
40.027_32.8941,40.02702702702703,32.89411764705882,72.94420600858369,24.755383862863322,0.2792955127247451,54.02710440508527,42.21621405061703,45.70694744338705,0.004886196088650931,False,-0.45700671590352254,False,-1.024853029144831,False,1.047944320928979,False,0,False,0.4177705170087044,40.02702702702703,32.89411764705882,False,0.25862068965517243,False,False,False
40.027_32.9059,40.02702702702703,32.90588235294118,39.167381974248926,0.7284125664908067,0.011903515870244435,1.6927978432947601,40.30345548585892,42.66603032363934,0.0010096719257118747,False,-0.43206194002679127,False,-1.1488884001451978,False,0.6328869694799039,False,0,False,0.5769755018877871,40.02702702702703,32.90588235294118,False,0.27155172413793105,False,False,False
40.027_32.9176,40.02702702702703,32.917647058823526,13.055793991416309,0.502846939884603,0.009845802030669164,1.3863650437689967,33.64790359854737,35.60335778172682,0.0009599437399759645,False,-0.3926780861471467,False,-1.5424218118987256,False,0.9150081486548554,False,0,False,0.5945039041308603,40.02702702702703,32.917647058823526,False,0.2672413793103448,False,False,False
40.027_32.9412,40.02702702702703,32.94117647058823,6.0257510729613735,0.22488363658344918,0.0057476475447822166,0.8089020532350037,26.454935622317596,26.48221949724096,0.0008092255105866638,False,-0.3842784773200307,False,-1.012094971543822,False,0.023371550637662275,False,0,False,0.692912725494897,40.02702702702703,32.94117647058823,False,0.3706896551724138,False,False,False
40.027_32.9647,40.02702702702703,32.96470588235294,2.871244635193133,1.9559374244287573,0.04056131667843742,5.715987009718554,31.693848354792557,34.494283218888455,0.0017492990717184215,False,-0.3867821797742533,False,-1.8189066143705435,True,0.6273808595839974,False,1,False,0.3920984047336758,40.02702702702703,32.96470588235294,False,0.19827586206896552,False,False,False
40.027_32.9765,40.02702702702703,32.976470588235294,2.0085836909871246,0.22488363658344918,0.0057476475447822166,0.8089020532350037,26.454935622317596,26.48221949724096,0.0007757347300103437,False,-0.38222617427157474,False,-0.9739581028244245,False,0.1570905910107992,False,0,False,0.6929131437462535,40.02702702702703,32.976470588235294,False,0.3706896551724138,False,False,False
40.027_33.0471,40.02702702702703,33.04705882352941,3.7339055793991416,1.4338697730360188,0.02883430000950825,4.065295177766775,39.1244635193133,35.83678811657686,0.007388996197724838,False,-0.38017972879921874,False,-1.029804992436709,False,0.06547389129203765,False,0,False,0.4508817192158442,40.02702702702703,33.04705882352941,False,0.15948275862068967,False,False,False
40.027_33.0588,40.02702702702703,33.05882352941176,3.7339055793991416,1.4338697730360188,0.02883430000950825,4.065295177766775,39.1244635193133,35.83678811657686,0.007388996197724838,False,-0.38017972879921874,False,-1.029804992436709,False,0.06547389129203765,False,0,False,0.4508817192158442,40.02702702702703,33.05882352941176,False,0.15948275862068967,False,False,False
40.036_32.3529,40.03603603603604,32.35294117647059,4.407725321888412,1.0538885300198357,0.030626715598995418,2.616667101294801,38.147567954220314,40.8238826845535,0.0008766353699692719,False,-0.38582771042388153,False,-0.9999089715434542,False,1.8699920301535689,False,0,False,0.5032120967267,40.03603603603604,32.35294117647059,False,0.11206896551724138,False,False,False
40.036_32.5059,40.03603603603604,32.50588235294118,8.815450643776824,1.0538885300198357,0.030626715598995418,2.616667101294801,38.147567954220314,40.8238826845535,0.0007925049540060729,False,-0.3879722001790284,False,-1.0285852101554054,False,0.24595553914302332,False,0,False,0.5020476542284217,40.03603603603604,32.50588235294118,False,0.11206896551724138,False,False,False
40.036_32.5882,40.03603603603604,32.588235294117645,4.017167381974249,1.8989991960495125,0.06136116426305299,6.785972826188709,36.51072961373391,28.59412260373354,0.02626886011678044,False,-0.39096695132885884,False,-1.3081604810167256,False,0.22188883574768015,False,0,False,0.5401791453575299,40.03603603603604,32.588235294117645,False,0.27586206896551724,False,False,False
40.036_32.6118,40.03603603603604,32.61176470588235,8.034334763948499,0.28332471465174514,0.016550866446305042,1.1805575621373952,32.862660944206006,24.84972839528587,0.025831152124017497,False,-0.39624008216250717,False,-1.3712189978615938,False,0.11226951675358197,False,0,False,1.0010765122074872,40.03603603603604,32.61176470588235,True,0.40086206896551724,True,True,False
40.036_32.6235,40.03603603603604,32.62352941176471,3.0128755364806867,0.2783283983254283,0.01668064841621832,1.1900059482089642,31.29256080114449,24.278958578961745,0.018778352026757168,False,-0.3908121666091076,False,-1.4844986950765853,False,0.22522070289177176,False,0,False,0.9908517843415378,40.03603603603604,32.62352941176471,True,0.40086206896551724,True,True,False
40.036_32.6353,40.03603603603604,32.63529411764706,2.0085836909871246,0.9534314708595724,0.07087561670209776,5.062372147126068,18.73175965665236,18.705804210096055,0.0008503505352883745,False,-0.4433963304007629,False,-2.2679443076573973,True,0.9952587114726001,False,1,False,0.9546745463582461,40.03603603603604,32.63529411764706,True,0.29310344827586204,False,True,False
40.036_32.6941,40.03603603603604,32.694117647058825,7.467811158798283,0.692335238391331,0.01962833152381156,1.3771456191357527,52.952789699570815,49.82478712396489,0.012430880787332246,False,-0.39890847787018013,False,-1.0113623684410065,False,0.21479510233214485,False,0,False,1.0433730235081566,40.03603603603604,32.694117647058825,True,0.3922413793103448,True,True,False
40.036_32.7059,40.03603603603604,32.705882352941174,2.0122699386503067,0.5694589479180263,0.009974763955967421,1.3964669538354435,40.77300613496933,40.75518550978674,0.0014428010881148785,False,-0.3828546089122279,False,-0.9781147429473054,False,0.6336332086093898,False,0,False,1.2702035135035268,40.03603603603604,32.705882352941174,True,0.40948275862068967,True,True,False
40.036_32.7176,40.03603603603604,32.71764705882353,1.0061349693251533,0.5694589479180263,0.009974763955967421,1.3964669538354435,40.77300613496933,40.75518550978674,0.0014095243341443423,False,-0.3849887049021483,False,-0.9798916632931158,False,0.02341444321132491,False,0,False,1.2676886693142093,40.03603603603604,32.71764705882353,True,0.40948275862068967,True,True,False
40.036_32.7412,40.03603603603604,32.74117647058824,1.0042918454935623,0.9188088735299035,0.015406053174293432,1.2110807647288335,73.92703862660944,73.92330150944498,0.008727830779886552,False,-0.5241622660617711,False,-1.4556511384403055,False,0.1285435285071428,False,0,False,1.3215885192006243,40.03603603603604,32.74117647058824,True,0.21551724137931033,False,True,False
40.036_32.7647,40.03603603603604,32.76470588235294,40.18454935622318,4.298566621585615,0.06480754315012444,8.659720629080512,52.61139415755226,49.60734402428456,0.016197509500547016,False,-0.41590796820781284,False,-1.1289428080615627,False,0.6386816933018505,False,0,False,0.6465213546504203,40.03603603603604,32.76470588235294,False,0.31896551724137934,False,False,False
40.036_32.7765,40.03603603603604,32.77647058823529,5.48068669527897,3.126060571337146,0.055746590165413924,7.393233854105899,40.14234620886981,42.07636556393592,0.00017747767531324792,False,-0.3845696757264557,False,-1.0441819582882097,False,0.8935893776498219,False,0,False,0.4455487252753444,40.03603603603604,32.77647058823529,False,0.16379310344827586,False,False,False
40.036_32.7882,40.03603603603604,32.78823529411765,9.785407725321889,10.109502422647065,0.16227382586476638,22.738405360390246,49.74463519313305,45.9727454274921,0.014187579856712138,False,-0.3997175193339898,False,-1.0408112060688022,False,0.2057985279266371,False,0,False,0.6048295471234529,40.03603603603604,32.78823529411765,False,0.1810344827586207,False,False,False
40.036_32.8,40.03603603603604,32.8,5.871244635193133,10.109502422647065,0.16227382586476638,22.738405360390246,49.74463519313305,45.9727454274921,0.013720487654837306,False,-0.40130246608638587,False,-1.1094783376675976,False,0.13663368065094894,False,0,False,0.6004930361405761,40.03603603603604,32.8,False,0.1810344827586207,False,False,False
40.036_32.8353,40.03603603603604,32.83529411764706,39.05150214592275,22.11542823234116,0.15546755029933493,39.292513767115345,57.66599552093114,56.426388544150306,0.022085178555532835,False,-0.4562027205222122,False,-1.1185062926006184,False,0.6002076043444335,False,0,False,0.4392424649512937,40.03603603603604,32.83529411764706,False,0.15517241379310345,False,False,False
40.036_32.8471,40.03603603603604,32.84705882352941,28.918454935622318,15.497718838430972,0.1315478960994599,28.59980151923236,51.08764168592494,53.91816381592971,0.004306504535061482,False,-0.41870359912310334,False,-0.9861401983509348,False,0.40566913566377755,False,0,False,0.44811538413899976,40.03603603603604,32.84705882352941,False,0.27586206896551724,False,False,False
40.036_32.8588,40.03603603603604,32.858823529411765,12.901287553648068,1.5075232515430483,0.016065164977592354,2.2754794761620305,62.17528800542128,65.55612876054757,0.0010301119635802863,False,-0.4770983037795616,False,-0.98263677093287,False,1.6077242468579989,False,0,False,0.7983619395261841,40.03603603603604,32.858823529411765,False,0.16379310344827586,False,False,False
40.036_32.8706,40.03603603603604,32.870588235294115,18.429184549356222,2.2958779171069534,0.024065365814494023,5.287533188284603,48.15090731119644,41.2984141119559,0.030916661579454382,False,-0.40075158005549216,False,-1.590852964542005,False,0.5494093582981145,False,0,False,0.5174365787227196,40.03603603603604,32.870588235294115,False,0.21982758620689655,False,False,False
40.036_32.8824,40.03603603603604,32.88235294117647,75.11587982832619,4.83020819636825,0.049939494981458485,11.98976914978417,38.46152683444008,40.52870553695966,0.0015700542473818721,False,-0.4747904870740721,False,-1.264915615258765,False,0.6704093071944022,False,0,False,0.38605728658365784,40.03603603603604,32.88235294117647,False,0.16379310344827586,False,False,False
40.036_32.8941,40.03603603603604,32.89411764705882,100.28755364806867,15.998638118672574,0.20084302400520018,36.89611467626433,41.550551047621774,42.83787945110843,0.004617302972265678,False,-0.47910566533916044,False,-1.1508914527177585,False,1.1934342748150832,False,0,False,0.4646396389441213,40.03603603603604,32.89411764705882,False,0.27586206896551724,False,False,False
40.036_32.9059,40.03603603603604,32.90588235294118,70.70386266094421,6.120291318191224,0.07110065940923622,13.687972134639278,41.077024884833016,44.51438769745257,0.0005496058182345633,False,-0.4416849549457231,False,-1.1089412752967953,False,0.618258811626664,False,0,False,0.3840639600747975,40.03603603603604,32.90588235294118,False,0.15517241379310345,False,False,False
40.036_32.9176,40.03603603603604,32.917647058823526,9.879828326180258,1.058449072799352,0.014882883809154309,2.646928570926651,36.10984740104912,38.980629075887,0.0014886559207177776,False,-0.3851929760957216,False,-1.0370488671441473,False,0.7712539823144138,False,0,False,0.5069948778275962,40.03603603603604,32.917647058823526,False,0.2413793103448276,False,False,False
40.036_32.9412,40.03603603603604,32.94117647058823,5.021459227467811,0.22488363658344918,0.0057476475447822166,0.8089020532350037,26.454935622317596,26.48221949724096,0.0007992152111263711,False,-0.38384809286189214,False,-1.0041713833625356,False,0.023371550637662275,False,0,False,0.6929128206432869,40.03603603603604,32.94117647058823,False,0.3706896551724138,False,False,False
40.036_32.9647,40.03603603603604,32.96470588235294,1.0042918454935623,0.22488363658344918,0.0057476475447822166,0.8089020532350037,26.454935622317596,26.48221949724096,0.0007700913753932846,False,-0.38591039655249565,False,-0.9755052156405981,False,0.1736836451830077,False,0,False,0.692913261513363,40.03603603603604,32.96470588235294,False,0.3706896551724138,False,False,False
40.036_32.9765,40.03603603603604,32.976470588235294,1.0042918454935623,0.22488363658344918,0.0057476475447822166,0.8089020532350037,26.454935622317596,26.48221949724096,0.0007700913753932846,False,-0.38591039655249565,False,-0.9755052156405981,False,0.20997356552102228,False,0,False,0.692913261513363,40.03603603603604,32.976470588235294,False,0.3706896551724138,False,False,False
40.036_33.0588,40.03603603603604,33.05882352941176,9.334763948497853,1.4338697730360188,0.02883430000950825,4.065295177766775,39.1244635193133,35.83678811657686,0.007957194427762363,False,-0.38105019112240074,False,-1.0870560053869598,False,0.1303413400946552,False,0,False,0.4559467221750539,40.03603603603604,33.05882352941176,False,0.15086206896551724,False,False,False
40.045_32.3647,40.04504504504504,32.36470588235294,1.005,0.18113183730715285,0.004455820476858272,1.0063113604488079,19.2275,19.242887404961984,0.0010231689965215104,False,-0.4078741911881508,False,-1.5384692432427713,False,1.8728649807862614,False,0,False,0.7926162383441254,40.04504504504504,32.36470588235294,False,0.15517241379310345,False,False,False
40.045_32.5882,40.04504504504504,32.588235294117645,2.0085836909871246,0.2983136636306958,0.016161520536565263,1.152212403922688,37.572961373390555,26.59828551331466,0.04774518926954232,False,-0.3890255077489757,False,-1.3698243519850306,False,0.3852827096752307,False,0,False,1.0409484512340077,40.04504504504504,32.588235294117645,True,0.3879310344827586,True,True,False
40.045_32.6235,40.04504504504504,32.62352941176471,15.047210300429185,2.0278393685503975,0.07208788910221046,7.286345656994881,35.27659922338034,27.83610392168577,0.025064333568004693,False,-0.40775083010057733,False,-1.2002518182842068,False,0.2547429308886265,False,0,False,0.5249809553776207,40.04504504504504,32.62352941176471,False,0.27586206896551724,False,False,False
40.045_32.6941,40.04504504504504,32.694117647058825,5.600858369098712,0.692335238391331,0.01962833152381156,1.3771456191357527,52.952789699570815,49.82478712396489,0.01218452576036925,False,-0.39832688891381124,False,-1.0019304037412478,False,0.7937408148298775,False,0,False,1.040956006713433,40.04504504504504,32.694117647058825,True,0.3922413793103448,True,True,False
40.045_32.7647,40.04504504504504,32.76470588235294,9.939914163090128,4.159574129193185,0.06179742668085054,9.045028648007097,46.66881258941345,46.08390627796692,0.003131542058495446,False,-0.38127419786888705,False,-0.9955887838919153,False,0.19414029792315524,False,0,False,0.5426954547971611,40.04504504504504,32.76470588235294,False,0.23275862068965517,False,False,False
40.045_32.8235,40.04504504504504,32.8235294117647,5.021459227467811,6.024076648733604,0.09028894396421444,12.638759596203831,45.8412017167382,45.827558256494115,0.0016623432788712793,False,-0.3850328125489481,False,-1.0600892362314331,False,1.0181224090007475,False,0,False,0.6116779503133086,40.04504504504504,32.8235294117647,False,0.38362068965517243,False,False,False
40.045_32.8353,40.04504504504504,32.83529411764706,35.562231759656655,23.652739021716904,0.170677395209427,42.601099554663236,54.28751070583152,55.670559864447476,0.01477984935527493,False,-0.44420388779972336,False,-1.0315613294242607,False,0.4988725169100864,False,0,False,0.43116040858787025,40.04504504504504,32.83529411764706,False,0.21982758620689655,False,False,False
40.045_32.8471,40.04504504504504,32.84705882352941,7.030042918454936,1.1921539624349184,0.012304453842802387,1.8011428874034456,65.28755364806867,65.32321075149841,0.006674549889933227,False,-0.4747439473899812,False,-0.9840424336386546,False,1.2592318023441715,False,0,False,0.7846775493041144,40.04504504504504,32.84705882352941,False,0.15517241379310345,False,False,False
40.045_32.8588,40.04504504504504,32.858823529411765,5.879828326180258,2.7728252242327303,0.05093401441908669,10.447360442101377,42.8444921316166,26.737311559956243,0.1041164735757677,True,-0.40656683814740846,False,-1.3530458812121435,False,2.069258354715642,False,1,False,0.40172509427447756,40.04504504504504,32.858823529411765,False,0.13793103448275862,False,False,False
40.045_32.8706,40.04504504504504,32.870588235294115,33.141630901287556,6.63296210302668,0.07923183686140393,16.869468617357864,38.34867993237092,39.27574472493142,0.001428882098936851,False,-0.41515237794388954,False,-1.0881439019225003,False,1.1459273536023036,False,0,False,0.3656849727722349,40.04504504504504,32.870588235294115,False,0.07758620689655173,False,False,False
40.045_32.8824,40.04504504504504,32.88235294117647,32.137339055793994,3.603714562164395,0.04708975686430117,9.18989620949317,36.3637339055794,38.387840115994365,0.00041663241965360365,False,-0.4167685066893794,False,-1.251325431339943,False,0.6449193436259432,False,0,False,0.33627863882956577,40.04504504504504,32.88235294117647,False,0.1206896551724138,False,False,False
40.045_32.8941,40.04504504504504,32.89411764705882,62.60944206008584,5.610493715019255,0.06413207360797145,13.478931829641747,32.05063759149456,40.6094796664602,0.011859268727602975,False,-0.47840915227403746,False,-1.2418360935766373,False,0.37526345848604953,False,0,False,0.36959260898991436,40.04504504504504,32.89411764705882,False,0.11206896551724138,False,False,False
40.045_32.9059,40.04504504504504,32.90588235294118,43.40343347639485,6.56145006003675,0.08376311372212276,15.337107322969693,35.247315369418374,42.36877714701352,0.007672416508988307,False,-0.43732199769819186,False,-1.056950714388635,False,0.0988506942128288,False,0,False,0.33317137204381037,40.04504504504504,32.90588235294118,False,0.05172413793103448,False,False,False
40.045_32.9412,40.04504504504504,32.94117647058823,1.0042918454935623,0.22488363658344918,0.0057476475447822166,0.8089020532350037,26.454935622317596,26.48221949724096,0.0007700913753932846,False,-0.38591039655249565,False,-0.9755052156405981,False,0.1168577531883116,False,0,False,0.692913261513363,40.04504504504504,32.94117647058823,False,0.3706896551724138,False,False,False
40.045_32.9529,40.04504504504504,32.95294117647059,11.047210300429185,0.22488363658344918,0.0057476475447822166,0.8089020532350037,26.454935622317596,26.48221949724096,0.0008756530510502502,False,-0.3992627376542621,False,-1.2029897007272383,False,0.21034395573896086,False,0,False,0.6929124165157442,40.04504504504504,32.95294117647059,False,0.3620689655172414,False,False,False
40.045_33.0824,40.04504504504504,33.08235294117647,5.021459227467811,0.19940381955864053,0.00394917196593485,0.5836399180443401,33.78969957081545,33.79460248989681,0.0010601185646513956,False,-0.38341364183228566,False,-1.8593531620780737,True,0.0,False,1,False,0.6585172367567587,40.04504504504504,33.08235294117647,False,0.33620689655172414,False,False,False
40.0541_32.3647,40.054054054054056,32.36470588235294,8.815450643776824,1.0538885300198357,0.030626715598995418,2.616667101294801,38.147567954220314,40.8238826845535,0.0007925049540060729,False,-0.3879722001790284,False,-1.0285852101554054,False,1.8771353465412017,False,0,False,0.5020476542284217,40.054054054054056,32.36470588235294,False,0.11206896551724138,False,False,False
40.0541_32.6,40.054054054054056,32.6,7.012875536480687,4.129744841196134,0.1459896190065107,14.989206833047437,32.66871040261598,27.634359834015246,0.013374829573156737,False,-0.44349002094233386,False,-1.3411224663723487,False,0.2531481239610734,False,0,False,0.36162311307731554,40.054054054054056,32.6,False,0.3017241379310345,False,False,False
40.0541_32.6118,40.054054054054056,32.61176470588235,18.042918454935624,3.085762363718482,0.09692475481740223,10.544694766964161,34.275184787792085,29.425489324567067,0.012835943661198163,False,-0.41274796902360544,False,-1.1998624800560418,False,0.537879878759233,False,0,False,0.4265327819709889,40.054054054054056,32.61176470588235,False,0.27586206896551724,False,False,False
40.0541_32.6235,40.054054054054056,32.62352941176471,2.0085836909871246,0.6375747351708054,0.01531915949291715,1.082760673794934,56.41416309012875,56.377069282648684,0.003846928085934028,False,-0.42522977284995944,False,-1.141567407785555,False,2.3536719670335717,False,0,False,1.653626936872317,40.054054054054056,32.62352941176471,True,0.3793103448275862,False,True,False
40.0541_32.6353,40.054054054054056,32.63529411764706,7.012875536480687,4.129744841196134,0.1459896190065107,14.989206833047437,32.66871040261598,27.634359834015246,0.013374829573156737,False,-0.44349002094233386,False,-1.3411224663723487,False,1.321529660315086,False,0,False,0.36162311307731554,40.054054054054056,32.63529411764706,False,0.3017241379310345,False,False,False
40.0541_32.6824,40.054054054054056,32.68235294117647,8.0,1.5771964601204165,0.03405220834007482,4.2063520461289485,36.55391630901288,37.65252011355481,0.0002821576629923094,False,-0.3752446977969608,False,-0.9910139066575692,False,1.3682733626790051,False,0,False,0.458566602536955,40.054054054054056,32.68235294117647,False,0.1896551724137931,False,False,False
40.0541_32.7529,40.054054054054056,32.752941176470586,17.394849785407725,4.159574129193185,0.06179742668085053,9.045028648007097,46.66881258941345,46.08390627796692,0.0035975285318232595,False,-0.38691205755933183,False,-1.0070033779169356,False,0.21686102274369368,False,0,False,0.5469232391017415,40.054054054054056,32.752941176470586,False,0.22413793103448276,False,False,False
40.0541_32.7647,40.054054054054056,32.76470588235294,9.939914163090128,4.159574129193185,0.06179742668085054,9.045028648007097,46.66881258941345,46.08390627796692,0.003131542058495446,False,-0.38127419786888705,False,-0.9955887838919153,False,0.05782960606498494,False,0,False,0.5426954547971611,40.054054054054056,32.76470588235294,False,0.23275862068965517,False,False,False
40.0541_32.8118,40.054054054054056,32.811764705882354,3.0128755364806867,6.024076648733604,0.09028894396421443,12.638759596203833,45.8412017167382,45.82755825649411,0.0015865938208212387,False,-0.38573461268761633,False,-1.0638622368798587,False,0.6533467668810332,False,0,False,0.6116255715325303,40.054054054054056,32.811764705882354,False,0.36637931034482757,False,False,False
40.0541_32.8353,40.054054054054056,32.83529411764706,49.01716738197425,24.08032650477112,0.20866381178442636,45.7532979235869,47.63491803272793,52.58442292304265,0.008065366841048338,False,-0.4293706339498254,False,-0.9697402715312379,False,1.571214603843784,False,0,False,0.45292923861566314,40.054054054054056,32.83529411764706,False,0.27155172413793105,False,False,False
40.0541_32.8588,40.054054054054056,32.858823529411765,1.0042918454935623,1.1921539624349184,0.012304453842802387,1.8011428874034456,65.28755364806867,65.32321075149841,0.006185357965709324,False,-0.475117392830371,False,-0.9815067365630966,False,2.0504273730883784,False,0,False,0.7842366347453148,40.054054054054056,32.858823529411765,False,0.15517241379310345,False,False,False
40.0541_32.8706,40.054054054054056,32.870588235294115,1.0042918454935623,1.1921539624349184,0.012304453842802387,1.8011428874034456,65.28755364806867,65.32321075149841,0.006185357965709324,False,-0.475117392830371,False,-0.9815067365630966,False,2.0040727755852226,False,0,False,0.7842366347453148,40.054054054054056,32.870588235294115,False,0.15517241379310345,False,False,False
40.0541_32.8941,40.054054054054056,32.89411764705882,4.017167381974249,3.1551286849981652,0.030181946340939677,6.500305311771835,31.466201716738198,48.18448415937384,0.08408386620870979,True,-0.410170825308757,False,-2.1769948251846074,True,0.8892573582947385,False,2,True,0.37715164794559103,40.054054054054056,32.89411764705882,False,0.13793103448275862,False,False,False
40.0541_32.9059,40.054054054054056,32.90588235294118,50.88412017167382,6.443064780813286,0.07443636388985417,15.724991608642336,29.043156783339334,39.910560998539566,0.026232519511661934,False,-0.46831224241445474,False,-1.3148236183503867,False,0.7831805143592948,False,0,False,0.3846427197461471,40.054054054054056,32.90588235294118,False,0.21551724137931033,False,False,False
40.0541_32.9176,40.054054054054056,32.917647058823526,5.884120171673819,4.641083666297207,0.061778889211310084,10.569311371778323,44.498354792560804,43.769675796060994,0.002988011479987071,False,-0.3895862445259794,False,-1.1414854195635444,False,1.026657562770844,False,0,False,0.35243404785550425,40.054054054054056,32.917647058823526,False,0.1810344827586207,False,False,False
40.0541_32.9529,40.054054054054056,32.95294117647059,2.0085836909871246,0.22488363658344918,0.0057476475447822166,0.8089020532350037,26.454935622317596,26.48221949724096,0.0007757347300103437,False,-0.38222617427157474,False,-0.9739581028244245,False,0.5748079779762322,False,0,False,0.6929131437462535,40.054054054054056,32.95294117647059,False,0.3706896551724138,False,False,False
40.0541_32.9647,40.054054054054056,32.96470588235294,1.0042918454935623,0.22488363658344918,0.0057476475447822166,0.8089020532350037,26.454935622317596,26.48221949724096,0.0007700913753932846,False,-0.38591039655249565,False,-0.9755052156405981,False,0.46079505556435163,False,0,False,0.692913261513363,40.054054054054056,32.96470588235294,False,0.3706896551724138,False,False,False
40.0541_32.9765,40.054054054054056,32.976470588235294,1.0042918454935623,0.11244181829172456,0.0028738237723910584,0.4044510266175019,26.454935622317596,26.48221949724096,0.0008529568628083418,False,-0.39166073075563146,False,-0.9760591374072686,False,1.1093554027555583,False,0,False,0.692884438241287,40.054054054054056,32.976470588235294,False,0.3706896551724138,False,False,False
40.0541_33.0588,40.054054054054056,33.05882352941176,10.042918454935622,0.19940381955864053,0.00394917196593485,0.5836399180443401,33.78969957081545,33.79460248989681,0.0011937670311179026,False,-0.3889908582741852,False,-1.4852368094716684,False,0.11685775318831154,False,0,False,0.6581481752027959,40.054054054054056,33.05882352941176,False,0.33620689655172414,False,False,False
40.0541_33.0706,40.054054054054056,33.07058823529412,5.021459227467811,0.19940381955864053,0.00394917196593485,0.5836399180443401,33.78969957081545,33.79460248989681,0.0010601185646513956,False,-0.38341364183228566,False,-1.8593531620780737,True,0.05842887659415574,False,1,False,0.6585172367567587,40.054054054054056,33.07058823529412,False,0.33620689655172414,False,False,False
40.0631_32.4706,40.06306306306306,32.47058823529412,8.815450643776824,1.0538885300198357,0.030626715598995418,2.616667101294801,38.147567954220314,40.8238826845535,0.0007925049540060729,False,-0.3879722001790284,False,-1.0285852101554054,False,0.0,False,0,False,0.5020476542284217,40.06306306306306,32.47058823529412,False,0.11206896551724138,False,False,False
40.0631_32.4824,40.06306306306306,32.48235294117647,8.815450643776824,1.0538885300198357,0.030626715598995418,2.616667101294801,38.147567954220314,40.8238826845535,0.0007925049540060729,False,-0.3879722001790284,False,-1.0285852101554054,False,0.0,False,0,False,0.5020476542284217,40.06306306306306,32.48235294117647,False,0.11206896551724138,False,False,False
40.0631_32.6,40.06306306306306,32.6,7.012875536480687,4.129744841196134,0.1459896190065107,14.989206833047437,32.66871040261598,27.634359834015246,0.013374829573156737,False,-0.44349002094233386,False,-1.3411224663723487,False,0.2411463193552604,False,0,False,0.36162311307731554,40.06306306306306,32.6,False,0.3017241379310345,False,False,False
40.0631_32.7412,40.06306306306306,32.74117647058824,2.484978540772532,4.159574129193185,0.06179742668085054,9.045028648007097,46.66881258941345,46.08390627796692,0.0027257125113753257,False,-0.38463632958517435,False,-1.0143250772426093,False,0.2505949596149349,False,0,False,0.5386235919786785,40.06306306306306,32.74117647058824,False,0.22413793103448276,False,False,False
40.0631_32.7529,40.06306306306306,32.752941176470586,9.939914163090128,4.159574129193185,0.06179742668085054,9.045028648007097,46.66881258941345,46.08390627796692,0.003131542058495446,False,-0.38127419786888705,False,-0.9955887838919153,False,0.014457401516246193,False,0,False,0.5426954547971611,40.06306306306306,32.752941176470586,False,0.23275862068965517,False,False,False
40.0631_32.8235,40.06306306306306,32.8235294117647,7.030042918454936,1.743873506250909,0.032908426710751684,5.595489697377467,33.12323727774371,30.775518076597184,0.003633189493244598,False,-0.38358445275209824,False,-1.2953721571973624,False,0.6002602893602779,False,0,False,0.4602416070026497,40.06306306306306,32.8235294117647,False,0.28448275862068967,False,False,False
40.0631_32.8353,40.06306306306306,32.83529411764706,10.042918454935622,2.284323545001238,0.04121897052201664,7.493574793258662,28.085836909871244,30.142420561396598,0.0010777804555887954,False,-0.3961268288502545,False,-1.3877055488864152,False,0.46958175660870166,False,0,False,0.4683901606849338,40.06306306306306,32.83529411764706,False,0.3275862068965517,False,False,False
40.0631_32.8471,40.06306306306306,32.84705882352941,3.015,0.38636363636363635,0.015757575757575755,1.6534848484848488,11.815,11.811946816031929,0.001386253738868473,False,-0.4277729091514274,False,-1.0156851953600017,False,2.3980661194872517,False,0,False,1.2481679682473972,40.06306306306306,32.84705882352941,True,0.21120689655172414,False,True,False
40.0631_32.8941,40.06306306306306,32.89411764705882,11.047210300429185,0.41153092340217157,0.005903351809389707,1.0493528327238524,37.711080764728834,37.480943212675385,0.0017673453258801831,False,-0.39215699780266194,False,-1.037979201001803,False,0.43279392823201296,False,0,False,0.6566103478654977,40.06306306306306,32.89411764705882,False,0.25862068965517243,False,False,False
40.0631_32.9059,40.06306306306306,32.90588235294118,6.0257510729613735,1.205476044730985,0.015511192634409513,2.3548889947449876,47.25107296137339,49.43794656863511,0.0007299113661267139,False,-0.3925041734186534,False,-1.0161112994016706,False,1.0858103192604027,False,0,False,0.7031021407229525,40.06306306306306,32.90588235294118,False,0.33620689655172414,False,False,False
40.0631_32.9176,40.06306306306306,32.917647058823526,76.67811158798283,6.68084161193909,0.08115913526117992,16.125556578356555,31.138477797505384,40.56819061582233,0.013682150916356143,False,-0.4858954322734259,False,-1.3307645538948125,False,1.2261362203990547,False,0,False,0.3667706650374845,40.06306306306306,32.917647058823526,False,0.15517241379310345,False,False,False
40.0631_32.9294,40.06306306306306,32.92941176470588,43.26609442060086,14.493986130079033,0.17665518341096892,31.85446940928654,44.39925916216464,44.41751247809911,0.004690160266995983,False,-0.43060168306028046,False,-1.0224234262652776,False,0.6830860118993841,False,0,False,0.4387081775881312,40.06306306306306,32.92941176470588,False,0.2025862068965517,False,False,False
40.0631_32.9412,40.06306306306306,32.94117647058823,5.884120171673819,10.442438249168715,0.13900250072544776,23.780950586501223,44.498354792560804,43.769675796060994,0.0037604802689369266,False,-0.4134267984355552,False,-1.1179346664159466,False,0.7946814706543157,False,0,False,0.3614679072661888,40.06306306306306,32.94117647058823,False,0.20689655172413793,False,False,False
40.0631_32.9529,40.06306306306306,32.95294117647059,2.0085836909871246,0.22488363658344918,0.0057476475447822166,0.8089020532350037,26.454935622317596,26.48221949724096,0.0007757347300103437,False,-0.38222617427157474,False,-0.9739581028244245,False,1.1452060771903538,False,0,False,0.6929131437462535,40.06306306306306,32.95294117647059,False,0.3706896551724138,False,False,False
40.0631_32.9647,40.06306306306306,32.96470588235294,28.120171673819744,2.800506865658426,0.04595269760344208,5.987846953468872,41.12262415695893,46.988974674898216,0.004171792440859989,False,-0.4042418551451947,False,-1.0166052238443002,False,1.2631170307167867,False,0,False,0.3915095180724947,40.06306306306306,32.96470588235294,False,0.21551724137931033,False,False,False
40.0631_32.9765,40.06306306306306,32.976470588235294,3.0128755364806867,0.2833461149520033,0.006539041724496628,0.7791462757177929,37.3862660944206,36.626059439101184,0.0019485763645492851,False,-0.37435148327807705,False,-0.9989002644273206,False,0.3546425169822366,False,0,False,0.5235129800836045,40.06306306306306,32.976470588235294,False,0.16379310344827586,False,False,False
40.0631_32.9882,40.06306306306306,32.98823529411764,14.060085836909872,2.513334395004811,0.04040784254768784,5.223450660121308,42.170447578172904,48.32036173666282,0.005689020922911923,False,-0.3919327448923881,False,-1.0721972514857798,False,0.7171972750530798,False,0,False,0.40613477630045824,40.06306306306306,32.98823529411764,False,0.2672413793103448,False,False,False
40.0631_33.0118,40.06306306306306,33.01176470588235,16.068669527896997,0.19940381955864053,0.00394917196593485,0.5836399180443401,33.78969957081545,33.79460248989681,0.0013901724858343808,False,-0.4043466731941145,False,-1.8822904175019115,True,0.7901628894753938,False,1,False,0.6577060253361102,40.06306306306306,33.01176470588235,False,0.34913793103448276,False,False,False
40.0631_33.0235,40.06306306306306,33.023529411764706,6.0257510729613735,0.19940381955864053,0.00394917196593485,0.5836399180443401,33.78969957081545,33.79460248989681,0.0010846647855230812,False,-0.38420706664711424,False,-1.8421552988578984,True,0.23371550637662322,False,1,False,0.6584433905876066,40.06306306306306,33.023529411764706,False,0.33620689655172414,False,False,False
40.0721_32.6,40.07207207207208,32.6,7.030042918454936,2.267353174691984,0.0870098564515534,8.859600013704458,32.166768853464134,25.951689791774587,0.01605372900302935,False,-0.40929290405581226,False,-1.287964337036676,False,0.4097152240010502,False,0,False,0.4058838378980797,40.07207207207208,32.6,False,0.3017241379310345,False,False,False
40.0721_32.6118,40.07207207207208,32.61176470588235,5.991416309012876,1.8633559243393458,0.03787585493079611,5.052945789310087,34.875178826895564,37.116002205852794,0.0007004701556582578,False,-0.3800199674224905,False,-1.0005879813083862,False,0.6979644022997115,False,0,False,0.49365634525366886,40.07207207207208,32.61176470588235,False,0.2543103448275862,False,False,False
40.0721_32.6471,40.07207207207208,32.64705882352941,8.0,1.5771964601204165,0.03405220834007482,4.2063520461289485,36.55391630901288,37.65252011355481,0.0002821576629923094,False,-0.3752446977969608,False,-0.9910139066575692,False,0.04654335088752194,False,0,False,0.458566602536955,40.07207207207208,32.64705882352941,False,0.1896551724137931,False,False,False
40.0721_32.7059,40.07207207207208,32.705882352941174,17.00429184549356,1.4938392765851454,0.03238097490868987,3.9814652691352084,36.815693395218766,37.670777529988946,0.0005206723615322862,False,-0.3855885704774158,False,-1.1584992611253084,False,61.016353915953815,True,1,False,0.452202814390104,40.07207207207208,32.705882352941174,False,0.1810344827586207,False,False,False
40.0721_32.7529,40.07207207207208,32.752941176470586,12.42489270386266,4.159574129193185,0.06179742668085054,9.045028648007097,46.66881258941345,46.08390627796692,0.0032801867800260863,False,-0.38497148679591064,False,-1.0083728121316737,False,0.14457401516246243,False,0,False,0.5440936984388333,40.07207207207208,32.752941176470586,False,0.23275862068965517,False,False,False
40.0721_32.8118,40.07207207207208,32.811764705882354,5.021459227467811,0.21968458341848893,0.0297704203283602,4.313304721030043,4.648068669527897,4.617361536889434,0.0016635435045868191,False,-0.5058889166766116,False,-1.3868463988712263,False,0.8510989802699757,False,0,False,0.26128906897000687,40.07207207207208,32.811764705882354,False,0.017241379310344827,False,False,False
40.0721_32.8235,40.07207207207208,32.8235294117647,1.0042918454935623,0.21968458341848893,0.0297704203283602,4.313304721030043,4.648068669527897,4.617361536889434,0.001825879319982599,False,-0.5015795494983774,False,-1.3825447794937065,False,1.6100054731491749,False,0,False,0.2610209556321122,40.07207207207208,32.8235294117647,False,0.017241379310344827,False,False,False
40.0721_32.8588,40.07207207207208,32.858823529411765,4.017167381974249,0.21968458341848893,0.0297704203283602,4.313304721030043,4.648068669527897,4.617361536889434,0.0017024898541195637,False,-0.5027277573868496,False,-1.3835475649718219,False,0.6693835644305092,False,0,False,0.2612207013178111,40.07207207207208,32.858823529411765,False,0.017241379310344827,False,False,False
40.0721_32.8941,40.07207207207208,32.89411764705882,7.030042918454936,0.5788121968278938,0.007254096588148155,1.1399969602584414,46.659411404046594,49.08923558565098,0.0008015517140859731,False,-0.3946564586134782,False,-0.9952563885602442,False,1.4671700204854203,False,0,False,0.7051817360200139,40.07207207207208,32.89411764705882,False,0.33620689655172414,False,False,False
40.0721_32.9059,40.07207207207208,32.90588235294118,7.030042918454936,0.4989600451042759,0.010661337477246896,1.4185034331401687,33.34304107909258,34.11223988897428,0.0006811576309901536,False,-0.37875697116156154,False,-1.4606375570827488,False,0.703494007077704,False,0,False,0.478860033924536,40.07207207207208,32.90588235294118,False,0.30603448275862066,False,False,False
40.0721_32.9176,40.07207207207208,32.917647058823526,54.18884120171674,6.457870995941055,0.07727764411603089,15.695002298060828,29.140476903126434,39.86714967239557,0.024649512521335026,False,-0.4680314591880423,False,-1.321670030334759,False,0.7707899809532028,False,0,False,0.36727518334127063,40.07207207207208,32.917647058823526,False,0.15086206896551724,False,False,False
40.0721_32.9294,40.07207207207208,32.92941176470588,29.184549356223176,4.181692617221549,0.050631147720724606,9.960542881306752,36.37311450806234,40.74070223022147,0.0023705667460981674,False,-0.40327450621144245,False,-1.1739792693236808,False,0.3063693100046445,False,0,False,0.40930052174577325,40.07207207207208,32.92941176470588,False,0.20689655172413793,False,False,False
40.0721_32.9412,40.07207207207208,32.94117647058823,19.660944206008583,6.929302062194274,0.08978443201670555,16.46397819824785,45.18156399899016,42.094980141469556,0.01094834729794166,False,-0.3931411711090795,False,-1.267708452837392,False,0.5756164191295465,False,0,False,0.34584556021378726,40.07207207207208,32.94117647058823,False,0.20689655172413793,False,False,False
40.0721_32.9529,40.07207207207208,32.95294117647059,16.506437768240342,6.852781541829459,0.0872454536099782,16.526280102518346,43.04865709902317,41.58756975985163,0.005223839936051459,False,-0.38636228514961696,False,-1.19248351328346,False,0.3232496085819773,False,0,False,0.3227098985973753,40.07207207207208,32.95294117647059,False,0.07758620689655173,False,False,False
40.0721_32.9647,40.07207207207208,32.96470588235294,5.742489270386266,14.870928564428283,0.269560148391927,41.86216915169487,39.76967095851216,35.60384703606653,0.018362857681985947,False,-0.47207136258913635,False,-1.823665275769748,True,0.9944610901217376,False,1,False,0.3753762218028634,40.07207207207208,32.96470588235294,False,0.05172413793103448,False,False,False
40.0721_33.0,40.07207207207208,33.0,12.051502145922747,3.33766479352093,0.05111252990738098,6.3564699086135,48.45600858369099,52.50739913310606,0.0009088288056567872,False,-0.39489838683719497,False,-1.0585724710465751,False,1.0209124645742087,False,0,False,0.40306810528872994,40.07207207207208,33.0,False,0.23275862068965517,False,False,False
40.0811_32.6353,40.08108108108108,32.63529411764706,4.0,1.595302452926182,0.03422640393976569,4.2191328835795385,37.146995708154506,37.97385720156803,0.0003060814592872632,False,-0.3738522650421551,False,-1.0015143975464103,False,0.09843115192675268,False,0,False,0.47422405705365844,40.08108108108108,32.63529411764706,False,0.19827586206896552,False,False,False
40.0811_32.6471,40.08108108108108,32.64705882352941,8.0,1.559090467314651,0.03387801274038396,4.1935712086783585,35.96083690987125,37.33038085222737,0.00028121869267843286,False,-0.3755789488530184,False,-0.9928752116233012,False,0.07715692940528472,False,0,False,0.45063514808122906,40.08108108108108,32.64705882352941,False,0.20689655172413793,False,False,False
40.0811_32.7882,40.08108108108108,32.78823529411765,2.0085836909871246,0.21968458341848893,0.0297704203283602,4.313304721030043,4.648068669527897,4.617361536889434,0.0017836577618174493,False,-0.4977270661134881,False,-1.382287595166217,False,0.023371550637662386,False,0,False,0.26108644492561417,40.08108108108108,32.78823529411765,False,0.017241379310344827,False,False,False
40.0811_32.8,40.08108108108108,32.8,3.0128755364806867,0.21968458341848893,0.0297704203283602,4.313304721030043,4.648068669527897,4.617361536889434,0.001742527939863087,False,-0.5006163507942938,False,-1.382782444895168,False,0.011685775318831082,False,0,False,0.2611531023367707,40.08108108108108,32.8,False,0.017241379310344827,False,False,False
40.0811_32.8824,40.08108108108108,32.88235294117647,1.0042918454935623,0.13728170373839807,0.009854994886108278,1.3904050010992477,9.276824034334764,9.276353245160724,0.0017913752491817297,False,-0.4402801001982753,False,-1.0271229665065058,False,1.78551957389753,False,0,False,0.2751987075491987,40.08108108108108,32.88235294117647,False,0.0,False,False,False
40.0811_32.9059,40.08108108108108,32.90588235294118,6.0257510729613735,0.3359320636476666,0.0061150637712418686,1.0736761587491679,31.831902718168813,29.810738143009406,0.0031551388174202027,False,-0.38405363831308736,False,-1.0136097941209234,False,0.617962750714743,False,0,False,0.5954570886849426,40.08108108108108,32.90588235294118,False,0.22413793103448276,False,False,False
40.0811_32.9176,40.08108108108108,32.917647058823526,41.03862660944206,7.548376362801986,0.09091654335334123,18.208135806500554,29.01859799713877,40.1200217955578,0.02955760660387301,False,-0.46366028184067654,False,-1.2169782245875402,False,0.5100437021402654,False,0,False,0.3730057141049486,40.08108108108108,32.917647058823526,False,0.15086206896551724,False,False,False
40.0811_32.9294,40.08108108108108,32.92941176470588,5.8626609442060085,7.548376362801986,0.09091654335334123,18.208135806500554,29.01859799713877,40.1200217955578,0.03776145183736845,False,-0.43137513121927,False,-1.545415694431519,False,0.7456966328258239,False,0,False,0.3695126778769166,40.08108108108108,32.92941176470588,False,0.21120689655172414,False,False,False
40.0811_32.9647,40.08108108108108,32.96470588235294,7.75107296137339,5.491780174032109,0.06457960556091825,14.446660454785832,39.948587267525035,38.20774414119883,0.004989954101788861,False,-0.3920844034100957,False,-0.9844381112273037,False,0.33609700468867576,False,0,False,0.3168029218070315,40.08108108108108,32.96470588235294,False,0.017241379310344827,False,False,False
40.0811_32.9765,40.08108108108108,32.976470588235294,2.01,0.0607954545454545,0.00106898126998621,0.1280721790772042,47.81,47.743630952380954,0.002574773998895096,False,-0.40638715036054446,False,-0.9946087433646852,False,0.9578496183576849,False,0,False,1.5994926309092248,40.08108108108108,32.976470588235294,True,0.5258620689655172,True,True,False
40.0811_33.0235,40.08108108108108,33.023529411764706,4.017167381974249,1.2516242975703489,0.019167198715267834,2.3836762157300617,48.45600858369099,52.50739913310606,0.0014784176664237633,False,-0.3969347951216588,False,-1.0482854057137527,False,0.12490494269364517,False,0,False,0.40164095332520694,40.08108108108108,33.023529411764706,False,0.25862068965517243,False,False,False
40.0901_32.6353,40.09009009009009,32.63529411764706,4.0,1.559090467314651,0.03387801274038396,4.1935712086783585,35.96083690987125,37.33038085222737,0.00028787142627282274,False,-0.37494559894093893,False,-1.0193060499743432,False,0.0685503409491924,False,0,False,0.45052514938909544,40.09009009009009,32.63529411764706,False,0.21551724137931033,False,False,False
40.0901_32.8941,40.09009009009009,32.89411764705882,1.0042918454935623,0.13728170373839807,0.009854994886108278,1.3904050010992477,9.276824034334764,9.276353245160724,0.0017913752491817297,False,-0.4402801001982753,False,-1.0271229665065058,False,0.505587634174245,False,0,False,0.2751987075491987,40.09009009009009,32.89411764705882,False,0.0,False,False,False
40.0901_32.9176,40.09009009009009,32.917647058823526,39.1931330472103,7.844846116512834,0.09376729700512346,18.824961300956627,30.454796768492805,40.372540244656726,0.02238344907353425,False,-0.45148415621035326,False,-1.1576478833257575,False,0.5681751984264737,False,0,False,0.3831259185223524,40.09009009009009,32.917647058823526,False,0.1724137931034483,False,False,False
40.0901_32.9412,40.09009009009009,32.94117647058823,1.0,11.1737815983099,0.12247152813190545,23.10007042082514,43.9559748427673,43.971352146133896,0.0030491459319127202,False,-0.41232509724335004,False,-1.2292559388148463,False,0.5432999256063775,False,0,False,0.5366775697372567,40.09009009009009,32.94117647058823,False,0.22844827586206898,False,False,False
40.0901_32.9529,40.09009009009009,32.95294117647059,1.0,11.1737815983099,0.12247152813190545,23.10007042082514,43.9559748427673,43.971352146133896,0.0030491459319127202,False,-0.41232509724335004,False,-1.2292559388148463,False,0.37054097997407204,False,0,False,0.5366775697372567,40.09009009009009,32.95294117647059,False,0.22844827586206898,False,False,False
40.0901_32.9647,40.09009009009009,32.96470588235294,2.871244635193133,4.4205437191336685,0.04716763467470161,11.50890250004935,40.997138769670954,38.77160343199872,0.006052072637260073,False,-0.3919139310570665,False,-0.9945976888236533,False,0.23065081138141627,False,0,False,0.3636857039633189,40.09009009009009,32.96470588235294,False,0.06896551724137931,False,False,False
40.0901_32.9882,40.09009009009009,32.98823529411764,8.330472103004292,0.3605578059996863,0.007029965977795885,1.0080593851862392,39.76251788268955,35.62539679138373,0.011352655296123884,False,-0.3883184172878441,False,-1.1036237723522238,False,0.5866511492167619,False,0,False,0.6646416972910536,40.09009009009009,32.98823529411764,False,0.3103448275862069,False,False,False
40.0901_33.0235,40.09009009009009,33.023529411764706,4.017167381974249,3.33766479352093,0.05111252990738098,6.3564699086135,48.45600858369099,52.50739913310606,0.001159912519345044,False,-0.3919255419728738,False,-1.0594073684173217,False,0.05486042333346425,False,0,False,0.40264535411396785,40.09009009009009,33.023529411764706,False,0.2413793103448276,False,False,False
40.0901_33.0353,40.09009009009009,33.035294117647055,4.017167381974249,3.33766479352093,0.05111252990738098,6.3564699086135,48.45600858369099,52.50739913310606,0.001159912519345044,False,-0.3919255419728738,False,-1.0594073684173217,False,0.04114531750009816,False,0,False,0.40264535411396785,40.09009009009009,33.035294117647055,False,0.2413793103448276,False,False,False
40.0991_32.5882,40.0990990990991,32.588235294117645,4.017167381974249,0.6470388024976959,0.06153673429621649,4.153320431189882,34.66416309012875,15.280193631932516,0.1326435351559844,True,-0.422469666297091,False,-1.6173477035707218,False,1.4213491797619802,False,1,False,0.5735477139532325,40.0990990990991,32.588235294117645,False,0.35344827586206895,False,False,False
40.0991_32.6,40.0990990990991,32.6,2.0085836909871246,0.06838309852251453,0.0017844396859385636,0.12169419145735873,55.283261802575105,55.2589256403601,0.003855851806139726,False,-0.4299064369894005,False,-1.0665986142927397,False,2.8412568561381573,False,0,False,1.5036299266936402,40.0990990990991,32.6,True,0.41379310344827586,True,True,False
40.0991_32.6235,40.0990990990991,32.62352941176471,4.0,1.595302452926182,0.03422640393976569,4.2191328835795385,37.146995708154506,37.97385720156803,0.0003060814592872632,False,-0.3738522650421551,False,-1.0015143975464103,False,0.06532980662068769,False,0,False,0.47422405705365844,40.0990990990991,32.62352941176471,False,0.19827586206896552,False,False,False
40.0991_32.7882,40.0990990990991,32.78823529411765,4.017167381974249,0.21968458341848893,0.0297704203283602,4.313304721030043,4.648068669527897,4.617361536889434,0.0017024898541195637,False,-0.5027277573868496,False,-1.3835475649718219,False,61.016353915953815,True,1,False,0.2612207013178111,40.0990990990991,32.78823529411765,False,0.017241379310344827,False,False,False
40.0991_32.8706,40.0990990990991,32.870588235294115,1.0042918454935623,0.13728170373839807,0.009854994886108278,1.3904050010992477,9.276824034334764,9.276353245160724,0.0017913752491817297,False,-0.4402801001982753,False,-1.0271229665065058,False,0.023371550637662275,False,0,False,0.2751987075491987,40.0990990990991,32.870588235294115,False,0.0,False,False,False
40.0991_32.8824,40.0990990990991,32.88235294117647,2.0085836909871246,0.13728170373839807,0.009854994886108278,1.3904050010992477,9.276824034334764,9.276353245160724,0.0017638618233768966,False,-0.43823536545065594,False,-1.0239580366375696,False,0.014022930382597276,False,0,False,0.27527163066012744,40.0990990990991,32.88235294117647,False,0.0,False,False,False
40.0991_32.8941,40.0990990990991,32.89411764705882,3.0128755364806867,0.13728170373839807,0.009854994886108286,1.3904050010992477,9.276824034334764,9.276353245160726,0.0017374401337828718,False,-0.4425124075559085,False,-1.0253563035504403,False,0.03895258439610383,False,0,False,0.2753447669493525,40.0990990990991,32.89411764705882,False,0.0,False,False,False
40.0991_32.9176,40.0990990990991,32.917647058823526,11.725321888412017,7.854181961465231,0.08525369716913492,17.73308349456423,34.81244635193133,42.94180723543904,0.016653125568263632,False,-0.4100269312013888,False,-1.3953920172330068,False,0.24191906755565576,False,0,False,0.4136288063994325,40.0990990990991,32.917647058823526,False,0.22413793103448276,False,False,False
40.0991_32.9647,40.0990990990991,32.96470588235294,1.0042918454935623,9.345013025314223,0.09875969766293229,24.097179007579825,38.701716738197426,38.721127836606456,0.004789765780109632,False,-0.42374245597160115,False,-0.9962723501023447,False,0.17983129485417892,False,0,False,0.34313648409109077,40.0990990990991,32.96470588235294,False,0.034482758620689655,False,False,False
40.0991_32.9765,40.0990990990991,32.976470588235294,1.0042918454935623,9.345013025314223,0.09875969766293229,24.097179007579825,38.701716738197426,38.721127836606456,0.004789765780109632,False,-0.42374245597160115,False,-0.9962723501023447,False,0.30024742411376226,False,0,False,0.34313648409109077,40.0990990990991,32.976470588235294,False,0.034482758620689655,False,False,False
40.0991_32.9882,40.0990990990991,32.98823529411764,5.317596566523605,0.15825482313415706,0.003029817318013296,0.4183120670905301,42.74892703862661,38.439057108625555,0.01290396056178344,False,-0.3945893437279139,False,-1.1763146455680153,False,0.3578816510570183,False,0,False,0.7908257979695973,40.0990990990991,32.98823529411764,False,0.39655172413793105,True,True,False
40.0991_33.0,40.0990990990991,33.0,2.01,0.12159090909090904,0.00213796253997251,0.2561443581544084,47.81,47.743630952380954,0.0025565236660035277,False,-0.40210004628288154,False,-0.9954036510988609,False,0.7075051399023001,False,0,False,1.599481409500187,40.0990990990991,33.0,True,0.5258620689655172,True,True,False
40.0991_33.0353,40.0990990990991,33.035294117647055,3.0128755364806867,3.9897442019883327,0.05984539807585314,7.499764160040681,50.32403433476395,53.15982445115942,0.0002764137536759314,False,-0.39434639850837094,False,-1.0024401738383397,False,0.23116958443690053,False,0,False,0.393006590053402,40.0990990990991,33.035294117647055,False,0.25862068965517243,False,False,False
40.0991_33.0471,40.0990990990991,33.04705882352941,4.017167381974249,3.33766479352093,0.05111252990738098,6.3564699086135,48.45600858369099,52.50739913310606,0.001159912519345044,False,-0.3919255419728738,False,-1.0594073684173217,False,0.07776068009410403,False,0,False,0.40264535411396785,40.0990990990991,33.04705882352941,False,0.2413793103448276,False,False,False
40.0_32.4118,40.0,32.411764705882355,22.86695278969957,0.7723440998468786,0.023219704159681692,1.695747990838053,42.47854077253219,45.9136891629271,0.0009176345792160588,False,-0.39760185002696746,False,-1.0909823308865443,False,61.016353915953815,True,1,False,0.5460535515572235,40.0,32.411764705882355,False,0.22844827586206898,False,False,False
40.0_32.5059,40.0,32.50588235294118,30.334763948497855,12.318509609776516,0.09478140353360526,24.185233371589455,46.55116168702543,50.987064872686204,0.004983201983047498,False,-0.408875889446231,False,-0.9942975367643662,False,0.4805055591876111,False,0,False,0.6489944238933663,40.0,32.50588235294118,False,0.29310344827586204,False,False,False
40.0_32.5176,40.0,32.51764705882353,105.37768240343348,10.603230251230535,0.08765804038213633,21.99283802479936,43.0665446271846,48.27049135305083,0.0017621581969383422,False,-0.44584873653835283,False,-1.0930375603695568,False,1.2345665975789362,False,0,False,0.6293436170048254,40.0,32.51764705882353,False,0.27586206896551724,False,False,False
40.0_32.5294,40.0,32.529411764705884,51.90557939914163,10.048808342126078,0.10042255766716693,24.848649951556578,41.276504369398786,40.76739117437564,0.00688921627614026,False,-0.42990244550249285,False,-1.052049448186122,False,0.5792227393666609,False,0,False,0.5956538721413336,40.0,32.529411764705884,False,0.2543103448275862,False,False,False
40.0_32.5882,40.0,32.588235294117645,4.017167381974249,8.631521552246907,0.10720306858099238,11.167094492507733,70.52521459227468,77.1096168230265,0.0014756494444388049,False,-0.5185116062967434,False,-1.460276919022487,False,1.5374516183946776,False,0,False,0.9670849264061396,40.0,32.588235294117645,True,0.1206896551724138,False,True,False
40.0_32.6,40.0,32.6,41.72532188841202,7.701989927386685,0.09882258097595464,9.844383954311146,69.1153886562899,78.75098857075136,0.005512399867308098,False,-0.5583092506137843,True,-1.3724878004049412,False,1.433580595025742,False,1,False,0.9231918697144204,40.0,32.6,True,0.11206896551724138,False,True,False
40.0_32.6118,40.0,32.61176470588235,22.7725321888412,13.471598591241012,0.19279166912916168,31.588061484321617,48.2449987376925,43.42552182240729,0.021429290566247528,False,-0.43546036339915967,False,-1.1113815328983752,False,1.533553765371962,False,0,False,0.5021358443216936,40.0,32.61176470588235,False,0.19827586206896552,False,False,False
40.0_32.6235,40.0,32.62352941176471,13.055793991416309,11.730808454570921,0.16418275692421894,26.873030245475793,56.65615714757345,43.50429496174477,0.0912335224958516,True,-0.45369913924280386,False,-1.3495716462685272,False,0.9735000404410409,False,1,False,0.6394247664485357,40.0,32.62352941176471,False,0.3103448275862069,False,False,False
40.0_32.6353,40.0,32.63529411764706,9.75107296137339,5.428236902472222,0.08235133710346335,11.089915380409716,50.294945159752025,48.028683548728964,0.00832430784088931,False,-0.39140209114761587,False,-1.1146415035888708,False,0.8535185470036546,False,0,False,0.8863250719714246,40.0,32.63529411764706,False,0.3577586206896552,False,False,False
40.0_32.6471,40.0,32.64705882352941,39.85407725321888,8.896086456685586,0.16967410325675983,22.082650618022672,40.21458505885601,39.66161130732589,0.004329713622361246,False,-0.43619483766372624,False,-1.0534782545119552,False,0.7340350048399461,False,0,False,0.48485409209179864,40.0,32.64705882352941,False,0.2025862068965517,False,False,False
40.0_32.6824,40.0,32.68235294117647,2.0085836909871246,72.85112836264692,1.0301516171561615,168.5401483912592,26.219957081545065,43.0976818577687,0.18774847930438598,True,-0.6997686282231088,True,-1.7335923124310342,False,4.417913381514399,False,2,True,0.5404218026159845,40.0,32.68235294117647,False,0.12931034482758622,False,False,False
40.0_32.6941,40.0,32.694117647058825,10.446351931330472,4.459116508788638,0.09615936193913982,6.912537064173189,61.346078813889974,64.14631006943917,0.0008862255764250887,False,-0.4479852398548887,False,-0.9790342883634233,False,1.3330154935301701,False,0,False,0.5391592285058854,40.0,32.694117647058825,False,0.14655172413793102,False,False,False
40.0_32.7059,40.0,32.705882352941174,6.429184549356223,4.546247185474182,0.09624711807560757,7.022306282690626,60.35340282035561,64.7060732453024,0.00046617742057322313,False,-0.44054181684495003,False,-0.9815422012807865,False,0.46773552419257164,False,0,False,0.5073553624084133,40.0,32.705882352941174,False,0.15086206896551724,False,False,False
40.0_32.7176,40.0,32.71764705882353,1.0042918454935623,4.374681827471528,0.09741653196588818,6.82016052616911,63.24463519313305,63.24566760057636,0.0051410757848188715,False,-0.45631565252532613,False,-0.9979880635837597,False,0.6040994054224089,False,0,False,0.6408204046075521,40.0,32.71764705882353,False,0.1724137931034483,False,False,False
40.0_32.7294,40.0,32.72941176470588,9.334763948497853,0.692335238391331,0.01962833152381156,1.3771456191357527,52.952789699570815,49.82478712396489,0.012681008620645055,False,-0.3981789490290325,False,-1.0090493181495255,False,0.7707782493595415,False,0,False,1.0457966919372355,40.0,32.72941176470588,True,0.3922413793103448,True,True,False
40.0_32.7412,40.0,32.74117647058824,7.467811158798283,0.692335238391331,0.01962833152381156,1.3771456191357527,52.952789699570815,49.82478712396489,0.012430880787332246,False,-0.39890847787018013,False,-1.0113623684410065,False,0.8182177899598405,False,0,False,1.0433730235081566,40.0,32.74117647058824,True,0.3922413793103448,True,True,False
40.0_32.7529,40.0,32.752941176470586,5.459227467811159,20.145472132353355,0.35310377843249807,39.44120925472534,51.050071530758224,47.752850051921584,0.01751551038889859,False,-0.4463738169635021,False,-1.1597353063373368,False,0.4917073957036905,False,0,False,1.0011074761879757,40.0,32.752941176470586,True,0.35344827586206895,False,True,False
40.0_32.7647,40.0,32.76470588235294,23.510729613733904,15.381974346686041,0.24540546053549134,32.39318204799627,53.1392703862661,47.63179720516531,0.02780994391576178,False,-0.4290959310338613,False,-1.1173007865804387,False,0.37484977092732413,False,0,False,0.5782831962512722,40.0,32.76470588235294,False,0.3275862068965517,False,False,False
40.0_32.7765,40.0,32.77647058823529,22.145922746781117,6.967404036591519,0.12263267792543613,14.303233426352808,53.20703862660944,48.2134330092223,0.02330828997424599,False,-0.4057702661922038,False,-1.0906079694083621,False,0.8937660149666325,False,0,False,0.630279129110511,40.0,32.77647058823529,False,0.3275862068965517,False,False,False
40.0_32.7882,40.0,32.78823529411765,15.888412017167383,15.323902036870235,0.13267569937564114,23.704516892780916,56.5387408182157,64.39529821474189,0.008425581458134266,False,-0.4502465190777534,False,-1.0680266265652507,False,0.9274209631734033,False,0,False,0.5528162221725658,40.0,32.78823529411765,False,0.1810344827586207,False,False,False
40.0_32.8,40.0,32.8,69.08583690987125,17.0686011945795,0.13737906341785308,26.945772239788294,54.37181697822514,63.173197170924254,0.007539566134396349,False,-0.46253037631415717,False,-1.1388266524285158,False,1.2171671404335551,False,0,False,0.5164068317787951,40.0,32.8,False,0.14224137931034483,False,False,False
40.0_32.8118,40.0,32.811764705882354,18.99570815450644,18.533386317621847,0.21133163527867627,35.577292094256265,47.6173427024601,52.170354952410456,0.002549155897588347,False,-0.426267100763281,False,-1.0755498780388928,False,0.8963250679105316,False,0,False,0.4774500156315481,40.0,32.811764705882354,False,0.27586206896551724,False,False,False
40.0_32.8235,40.0,32.8235294117647,25.42489270386266,11.650148662365385,0.12189466383367145,22.40375089551936,50.96926027080533,52.067409481292145,0.003031036695430657,False,-0.40420907961596597,False,-0.9996544580613609,False,0.91146899371307,False,0,False,0.4667475915732969,40.0,32.8235294117647,False,0.29310344827586204,False,False,False
40.0_32.8353,40.0,32.83529411764706,96.3175965665236,18.062716697792133,0.1807557190471354,37.07307596896132,45.06649743765883,48.94382006098156,0.002193189954201917,False,-0.4426819227593472,False,-0.9905097894513244,False,0.7395731978097504,False,0,False,0.4815753117091948,40.0,32.83529411764706,False,0.27586206896551724,False,False,False
40.0_32.8471,40.0,32.84705882352941,46.708154506437765,26.889396235729365,0.3716814379234697,54.00561837887819,49.610529165422285,50.04436752693777,0.006592856822589849,False,-0.44141738629799065,False,-0.9734996743103785,False,0.9112688852122431,False,0,False,0.5289673994978218,40.0,32.84705882352941,False,0.2629310344827586,False,False,False
40.0_32.8588,40.0,32.858823529411765,66.18025751072962,26.664635386257242,0.4087322113150178,52.92435683473042,40.41155366384751,49.93683591549455,0.015724442773712686,False,-0.4556252069800631,False,-1.0328180173940327,False,0.5518517400637821,False,0,False,0.4458556515818458,40.0,32.858823529411765,False,0.3706896551724138,False,False,False
40.0_32.8706,40.0,32.870588235294115,118.47210300429184,24.042945015996292,0.5361833915686482,52.351148488990354,45.77432540336403,46.453658252275005,0.04860133237695549,False,-0.50134815180556,False,-1.179895269396259,False,1.4631133614769323,False,0,False,0.6303287970753376,40.0,32.870588235294115,False,0.02586206896551724,False,False,False
40.0_32.8824,40.0,32.88235294117647,39.072961373390555,19.67519809879402,0.7008196103318046,46.80965649367407,39.94412903861429,41.95543647194976,0.13079196880061603,True,-0.5167288624370902,False,-1.2183819747105944,False,1.3238615313605562,False,1,False,0.4861772548022005,40.0,32.88235294117647,False,0.15517241379310345,False,False,False
40.0_32.8941,40.0,32.89411764705882,86.29613733905579,15.792620372724544,0.1902410243138951,33.490445566778895,46.105143736203566,45.85132793544061,0.008754001806767392,False,-0.4474615126830592,False,-1.035743354424972,False,1.0789309914226162,False,0,False,0.45474687391712,40.0,32.89411764705882,False,0.2629310344827586,False,False,False
40.0_32.9059,40.0,32.90588235294118,24.103004291845494,2.40554037668196,0.04227184758544432,5.0961639941389345,43.87973891273247,46.33258862296595,0.00037197151648275735,False,-0.3954356000472984,False,-1.059117521538739,False,0.8893059608862782,False,0,False,0.541183006245477,40.0,32.90588235294118,False,0.19827586206896552,False,False,False
40.0_32.9765,40.0,32.976470588235294,2.7296137339055795,1.0903279955759129,0.022402255322729877,3.158861855471802,34.92989985693848,35.21747447465424,0.0005613352217010153,False,-0.37934443614847246,False,-3.0905282754869705,True,0.13350564161232215,False,1,False,0.40212785132482787,40.0,32.976470588235294,False,0.14224137931034483,False,False,False
40.0_32.9882,40.0,32.98823529411764,3.7339055793991416,1.4330294538416224,0.029185655378030997,4.114452675490797,35.072961373390555,35.30454874922124,0.000508469740008902,False,-0.37896765558808965,False,-3.3001324402057564,True,0.09528650358732925,False,1,False,0.37698996438100685,40.0,32.98823529411764,False,0.14224137931034483,False,False,False
40.0_33.0471,40.0,33.04705882352941,5.459227467811159,1.0911683147703093,0.02205089995420715,3.1097043577477814,40.33190271816881,35.98439253578172,0.011719332259872756,False,-0.37816666937471,False,-1.0962848562594754,False,0.17946182613767445,False,0,False,0.49346525491249293,40.0,33.04705882352941,False,0.15948275862068967,False,False,False
40.0_33.0588,40.0,33.05882352941176,3.7339055793991416,1.4338697730360188,0.02883430000950825,4.065295177766775,39.1244635193133,35.83678811657686,0.007388996197724838,False,-0.38017972879921874,False,-1.029804992436709,False,0.07913548587034012,False,0,False,0.4508817192158442,40.0,33.05882352941176,False,0.15948275862068967,False,False,False
40.1081_32.6,40.108108108108105,32.6,2.0085836909871246,0.6470388024976959,0.06153673429621649,4.153320431189882,34.66416309012875,15.280193631932514,0.13175566690201396,True,-0.4212380773787611,False,-1.6379030531376795,False,0.6846205021242071,False,1,False,0.5734028825759848,40.108108108108105,32.6,False,0.3620689655172414,False,False,False
40.1081_32.6235,40.108108108108105,32.62352941176471,8.0,1.595302452926182,0.03422640393976569,4.2191328835795385,37.146995708154506,37.97385720156803,0.0003547798163756418,False,-0.37448376811850526,False,-0.9846924192751214,False,0.5462764712659591,False,0,False,0.4743342504976729,40.108108108108105,32.62352941176471,False,0.1896551724137931,False,False,False
40.1081_32.6588,40.108108108108105,32.65882352941176,10.042918454935622,2.329339688991705,0.2215322434663795,14.951953552283575,34.66416309012875,15.280193631932516,0.14996097088784255,True,-0.49606928411446527,False,-1.5869605306031616,False,61.016353915953815,True,2,True,0.5928210641386713,40.108108108108105,32.65882352941176,False,0.3706896551724138,False,False,False
40.1081_32.8471,40.108108108108105,32.84705882352941,2.0085836909871246,0.13728170373839807,0.009854994886108278,1.3904050010992477,9.276824034334764,9.276353245160724,0.0017638618233768966,False,-0.43823536545065594,False,-1.0239580366375696,False,0.007790516879220832,False,0,False,0.27527163066012744,40.108108108108105,32.84705882352941,False,0.0,False,False,False
40.1081_32.8588,40.108108108108105,32.858823529411765,3.0128755364806867,0.13728170373839807,0.009854994886108286,1.3904050010992477,9.276824034334764,9.276353245160726,0.0017374401337828718,False,-0.4425124075559085,False,-1.0253563035504403,False,0.032720170892727274,False,0,False,0.2753447669493525,40.108108108108105,32.858823529411765,False,0.0,False,False,False
40.1081_32.8706,40.108108108108105,32.870588235294115,1.0042918454935623,0.13728170373839807,0.009854994886108278,1.3904050010992477,9.276824034334764,9.276353245160724,0.0017913752491817297,False,-0.4402801001982753,False,-1.0271229665065058,False,0.023371550637662275,False,0,False,0.2751987075491987,40.108108108108105,32.870588235294115,False,0.0,False,False,False
40.1081_32.8941,40.108108108108105,32.89411764705882,1.0042918454935623,0.13728170373839807,0.009854994886108278,1.3904050010992477,9.276824034334764,9.276353245160724,0.0017913752491817297,False,-0.4402801001982753,False,-1.0271229665065058,False,0.03895258439610383,False,0,False,0.2751987075491987,40.108108108108105,32.89411764705882,False,0.0,False,False,False
40.1081_32.9176,40.108108108108105,32.917647058823526,11.725321888412017,7.854181961465231,0.08525369716913492,17.73308349456423,34.81244635193133,42.94180723543904,0.016653125568263632,False,-0.4100269312013888,False,-1.3953920172330068,False,0.1761082727507311,False,0,False,0.4136288063994325,40.108108108108105,32.917647058823526,False,0.22413793103448276,False,False,False
40.1081_32.9294,40.108108108108105,32.92941176470588,11.725321888412017,7.854181961465231,0.08525369716913492,17.73308349456423,34.81244635193133,42.94180723543904,0.016653125568263632,False,-0.4100269312013888,False,-1.3953920172330068,False,0.195737233574582,False,0,False,0.4136288063994325,40.108108108108105,32.92941176470588,False,0.22413793103448276,False,False,False
40.1081_32.9765,40.108108108108105,32.976470588235294,7.030042918454936,8.677512094934634,0.0917054335441514,22.375951935609837,38.701716738197426,38.721127836606456,0.00413990406582948,False,-0.40766087579558363,False,-1.005071608000733,False,0.49588858428900456,False,0,False,0.3424896634876482,40.108108108108105,32.976470588235294,False,0.04310344827586207,False,False,False
40.1081_32.9882,40.108108108108105,32.98823529411764,1.0042918454935623,4.832668984338727,0.09928714597936739,13.985063471751955,34.67381974248927,34.66283218686092,0.0004965714370430004,False,-0.40693364586284486,False,-1.7768256330956516,True,0.21595291939213576,False,1,False,0.33434516379039264,40.108108108108105,32.98823529411764,False,0.08620689655172414,False,False,False
40.1081_33.0118,40.108108108108105,33.01176470588235,2.01,0.12159090909090904,0.00213796253997251,0.2561443581544084,47.81,47.743630952380954,0.0025565236660035277,False,-0.40210004628288154,False,-0.9954036510988609,False,0.0,False,0,False,1.599481409500187,40.108108108108105,33.01176470588235,True,0.5258620689655172,True,True,False
40.1081_33.0235,40.108108108108105,33.023529411764706,2.01,0.12159090909090904,0.00213796253997251,0.2561443581544084,47.81,47.743630952380954,0.0025565236660035277,False,-0.40210004628288154,False,-0.9954036510988609,False,0.10960287019046742,False,0,False,1.599481409500187,40.108108108108105,33.023529411764706,True,0.5258620689655172,True,True,False
40.1081_33.0353,40.108108108108105,33.035294117647055,1.005,0.12159090909090904,0.00213796253997251,0.2561443581544084,47.81,47.743630952380954,0.002507835791107273,False,-0.40447871988666534,False,-0.9957767112017308,False,0.2007205739584905,False,0,False,1.5970422821011636,40.108108108108105,33.035294117647055,True,0.5258620689655172,True,True,False
40.1081_33.0471,40.108108108108105,33.04705882352941,12.914163090128755,2.472091221829646,0.037873054761061176,4.714252153346739,48.3824694618686,52.48552076792161,0.0010582295264301106,False,-0.3991948375301386,False,-1.0839797025769466,False,0.2162063289924074,False,0,False,0.386592206164365,40.108108108108105,33.04705882352941,False,0.25,False,False,False
40.1081_33.0588,40.108108108108105,33.05882352941176,5.742489270386266,3.12639000334141,0.04825528013007899,6.02084302859167,48.137339055793994,52.12356942618001,0.001084928555538242,False,-0.38940451474213156,False,-1.047120879757341,False,0.14104901626382496,False,0,False,0.3493470662647802,40.108108108108105,33.05882352941176,False,0.3017241379310345,False,False,False
40.1171_32.6,40.11711711711712,32.6,2.0085836909871246,0.6470388024976959,0.06153673429621649,4.153320431189882,34.66416309012875,15.280193631932514,0.13175566690201396,True,-0.4212380773787611,False,-1.6379030531376795,False,0.11837925752891036,False,1,False,0.5734028825759848,40.11711711711712,32.6,False,0.3620689655172414,False,False,False
40.1171_32.6118,40.11711711711712,32.61176470588235,7.030042918454936,0.6372697884230509,0.0612818143410824,4.135935546695974,31.718577559779277,15.111979539852694,0.09666479580200175,True,-0.42568932337247484,False,-1.6950929327969644,False,0.7494407184403621,False,1,False,0.5302972254743259,40.11711711711712,32.61176470588235,False,0.33620689655172414,False,False,False
40.1171_32.6235,40.11711711711712,32.62352941176471,4.0,1.559090467314651,0.03387801274038396,4.1935712086783585,35.96083690987125,37.33038085222737,0.00028787142627282274,False,-0.37494559894093893,False,-1.0193060499743432,False,0.5029578184003861,False,0,False,0.45052514938909544,40.11711711711712,32.62352941176471,False,0.21551724137931033,False,False,False
40.1171_32.6353,40.11711711711712,32.63529411764706,8.017167381974248,3.802807423452784,0.13809028250672875,13.822218163215156,36.09001379521766,27.557762436356146,0.03256420963856744,False,-0.43445190369820497,False,-1.3178635734165305,False,0.6254502889565142,False,0,False,0.40594107887840497,40.11711711711712,32.63529411764706,False,0.25862068965517243,False,False,False
40.1171_32.7882,40.11711711711712,32.78823529411765,2.0085836909871246,0.21968458341848893,0.0297704203283602,4.313304721030043,4.648068669527897,4.617361536889434,0.0017836577618174493,False,-0.4977270661134881,False,-1.382287595166217,False,61.016353915953815,True,1,False,0.26108644492561417,40.11711711711712,32.78823529411765,False,0.017241379310344827,False,False,False
40.1171_32.8471,40.11711711711712,32.84705882352941,2.0085836909871246,0.13728170373839807,0.009854994886108278,1.3904050010992477,9.276824034334764,9.276353245160724,0.0017638618233768966,False,-0.43823536545065594,False,-1.0239580366375696,False,0.032720170892727274,False,0,False,0.27527163066012744,40.11711711711712,32.84705882352941,False,0.0,False,False,False
40.1171_32.8588,40.11711711711712,32.858823529411765,2.0085836909871246,0.13728170373839807,0.009854994886108278,1.3904050010992477,9.276824034334764,9.276353245160724,0.0017638618233768966,False,-0.43823536545065594,False,-1.0239580366375696,False,0.023371550637662386,False,0,False,0.27527163066012744,40.11711711711712,32.858823529411765,False,0.0,False,False,False
40.1171_32.8941,40.11711711711712,32.89411764705882,3.0128755364806867,0.13728170373839807,0.009854994886108286,1.3904050010992477,9.276824034334764,9.276353245160726,0.0017374401337828718,False,-0.4425124075559085,False,-1.0253563035504403,False,0.04674310127532466,False,0,False,0.2753447669493525,40.11711711711712,32.89411764705882,False,0.0,False,False,False
40.1171_32.9294,40.11711711711712,32.92941176470588,34.20600858369099,8.56517613103138,0.09055148475460467,18.969114664197278,35.702794554599656,43.293207121854905,0.010879158393984498,False,-0.4351622149812369,False,-1.0423703029526235,False,0.8054793577827232,False,0,False,0.46466365373465124,40.11711711711712,32.92941176470588,False,0.23706896551724138,False,False,False
40.1171_32.9412,40.11711711711712,32.94117647058823,21.120171673819744,8.9235900153881,0.09913281686238451,20.220675018676395,37.203352091259184,42.198695662039704,0.004626485673503934,False,-0.41119944435873174,False,-1.0892034098226933,False,0.24543663416246303,False,0,False,0.4553152217668255,40.11711711711712,32.94117647058823,False,0.25862068965517243,False,False,False
40.1171_32.9529,40.11711711711712,32.95294117647059,21.124463519313306,11.857052871959874,0.13677848366432144,26.629830738591483,37.79312112541726,42.40460356993233,0.004245027537388835,False,-0.42552099433500173,False,-1.1112962690752923,False,0.21526386055529143,False,0,False,0.49322540562357264,40.11711711711712,32.95294117647059,False,0.2629310344827586,False,False,False
40.1171_32.9647,40.11711711711712,32.96470588235294,21.48497854077253,13.945891763997825,0.1934237256405022,35.588916817674324,27.93811737283672,35.86181428037491,0.01929204672423805,False,-0.4852230002255028,False,-1.2477850758100448,False,0.526042464936505,False,0,False,0.4737797802663172,40.11711711711712,32.96470588235294,False,0.2801724137931034,False,False,False
40.1171_32.9765,40.11711711711712,32.976470588235294,8.034334763948499,3.048387780721223,0.11182526106184779,17.978774589335128,15.186158798283262,18.10999210320062,0.006858579642924127,False,-0.5190302192618232,False,-2.674011574820528,True,1.5796185758024222,False,1,False,0.30748332508493326,40.11711711711712,32.976470588235294,False,0.04310344827586207,False,False,False
40.1171_33.0353,40.11711711711712,33.035294117647055,2.01,0.12159090909090904,0.00213796253997251,0.2561443581544084,47.81,47.743630952380954,0.0025565236660035277,False,-0.40210004628288154,False,-0.9954036510988609,False,0.08236661398709792,False,0,False,1.599481409500187,40.11711711711712,33.035294117647055,True,0.5258620689655172,True,True,False
40.1171_33.0471,40.11711711711712,33.04705882352941,3.015,0.12159090909090904,0.00213796253997251,0.2561443581544084,47.81,47.743630952380954,0.0026063048172813978,False,-0.40270102793730506,False,-0.9900321421644952,False,0.2265143094241245,False,0,False,1.6019206206441083,40.11711711711712,33.04705882352941,True,0.5258620689655172,True,True,False
40.1171_33.0588,40.11711711711712,33.05882352941176,19.09442060085837,2.5614742465057168,0.03934352237949098,4.919909711507136,48.411488940244304,52.2770087052774,0.0007255049507186401,False,-0.3981495480438011,False,-1.1407846315733567,False,0.28160101915758845,False,0,False,0.35441843145207214,40.11711711711712,33.05882352941176,False,0.25862068965517243,False,False,False
40.1171_33.0706,40.11711711711712,33.07058823529412,2.01,0.0607954545454545,0.00106898126998621,0.1280721790772042,47.81,47.743630952380954,0.002574773998895096,False,-0.40638715036054446,False,-0.9946087433646852,False,0.3595579092519737,False,0,False,1.5994926309092248,40.11711711711712,33.07058823529412,True,0.5258620689655172,True,True,False
40.1171_33.0824,40.11711711711712,33.08235294117647,5.025,0.0607954545454545,0.00106898126998621,0.1280721790772042,47.81,47.743630952380954,0.0027274547846996068,False,-0.4081752419436784,False,-0.9892167798632931,False,0.1705354494393377,False,0,False,1.6068100111698154,40.11711711711712,33.08235294117647,True,0.5258620689655172,True,True,False
40.1171_33.0941,40.11711711711712,33.09411764705882,2.01,0.24318181818181817,0.00427592507994512,0.5122887163088169,47.81,47.74363095238095,0.002520651369776428,False,-0.3994328084747534,False,-0.9933449776827473,False,0.13559571553942845,False,0,False,1.599463760734008,40.11711711711712,33.09411764705882,True,0.5258620689655172,True,True,False
40.1171_33.1059,40.11711711711712,33.10588235294117,2.01,0.0607954545454545,0.00106898126998621,0.1280721790772042,47.81,47.743630952380954,0.002574773998895096,False,-0.40638715036054446,False,-0.9946087433646852,False,0.05471976185437771,False,0,False,1.5994926309092248,40.11711711711712,33.10588235294117,True,0.5258620689655172,True,True,False
40.1171_33.1176,40.11711711711712,33.11764705882353,6.03,0.0607954545454545,0.00106898126998621,0.1280721790772042,47.81,47.743630952380954,0.0027805349327310095,False,-0.4065921953053208,False,-0.9897825430395422,False,0.09355212230885812,False,0,False,1.6092492580737392,40.11711711711712,33.11764705882353,True,0.5258620689655172,True,True,False
40.1261_32.5529,40.12612612612613,32.55294117647059,2.0085836909871246,0.6470388024976959,0.06153673429621649,4.153320431189882,34.66416309012875,15.280193631932514,0.13175566690201396,True,-0.4212380773787611,False,-1.6379030531376795,False,61.016353915953815,True,2,True,0.5734028825759848,40.12612612612613,32.55294117647059,False,0.3620689655172414,False,False,False
40.1261_32.6353,40.12612612612613,32.63529411764706,13.991416309012875,1.6839275962783344,0.03508243943176448,4.511554974093737,36.430288166768854,37.529789592512046,0.00032971923806120315,False,-0.3821206236367408,False,-1.121875945310705,False,0.34754952731373834,False,0,False,0.4782631059556023,40.12612612612613,32.63529411764706,False,0.23706896551724138,False,False,False
40.1261_32.6471,40.12612612612613,32.64705882352941,29.03862660944206,4.122136372289365,0.10300282241048149,12.528958965134741,37.21115139854965,33.264992119554115,0.011806912670545483,False,-0.4251832654000942,False,-1.2298207240343761,False,0.4355197379412642,False,0,False,0.42733219672190964,40.12612612612613,32.64705882352941,False,0.20689655172413793,False,False,False
40.1261_32.8353,40.12612612612613,32.83529411764706,3.0128755364806867,0.13728170373839807,0.009854994886108286,1.3904050010992477,9.276824034334764,9.276353245160726,0.0017374401337828718,False,-0.4425124075559085,False,-1.0253563035504403,False,0.20612781817678322,False,0,False,0.2753447669493525,40.12612612612613,32.83529411764706,False,0.0,False,False,False
40.1261_32.8471,40.12612612612613,32.84705882352941,7.030042918454936,0.13728170373839807,0.009854994886108278,1.3904050010992477,9.276824034334764,9.276353245160724,0.0016426707375148378,False,-0.45488911404269883,False,-1.0349048134664893,False,0.07121125424543201,False,0,False,0.2756386093672109,40.12612612612613,32.84705882352941,False,0.0,False,False,False
40.1261_32.9176,40.12612612612613,32.917647058823526,8.034334763948499,1.021808316548629,0.07312753941000907,10.913504554340566,9.971298283261802,8.941994960214956,0.0005547460347431958,False,-0.5209877513661131,False,-1.6960237199475525,False,1.4764728503666933,False,0,False,0.25270330584224293,40.12612612612613,32.917647058823526,False,0.017241379310344827,False,False,False
40.1261_32.9294,40.12612612612613,32.92941176470588,20.120171673819744,4.743294591622491,0.10013443541595468,17.03970986354781,19.785502952027887,25.87254231004638,0.012718416816350575,False,-0.48618348902187897,False,-1.8114319356721698,True,0.8917267763511957,False,1,False,0.3361102519279271,40.12612612612613,32.92941176470588,False,0.1810344827586207,False,False,False
40.1261_32.9412,40.12612612612613,32.94117647058823,4.017167381974249,7.3969447198201586,0.07233553686972652,14.464774008750338,41.99517167381974,50.60019433769715,0.01662633410988366,False,-0.3958537179146777,False,-1.1470920172629726,False,1.1055812788352561,False,0,False,0.47240057056921836,40.12612612612613,32.94117647058823,False,0.20689655172413793,False,False,False
40.1261_32.9765,40.12612612612613,32.976470588235294,18.07725321888412,3.9206357624969512,0.0808984275306464,15.125645238547824,21.282784930853598,26.46818604040376,0.009073669882433388,False,-0.46413401449084535,False,-1.5448917783456784,False,0.4198094583174297,False,0,False,0.2614410252487416,40.12612612612613,32.976470588235294,False,0.2025862068965517,False,False,False
40.1261_32.9882,40.12612612612613,32.98823529411764,1.0042918454935623,7.787510854428517,0.08229974805244354,20.080982506316516,38.701716738197426,38.721127836606456,0.0036265907162058627,False,-0.41133616675217854,False,-0.9928222439287552,False,1.6151656460091426,False,0,False,0.34163512271692986,40.12612612612613,32.98823529411764,False,0.034482758620689655,False,False,False
40.1261_33.0235,40.12612612612613,33.023529411764706,2.01,0.12159090909090904,0.00213796253997251,0.2561443581544084,47.81,47.743630952380954,0.0025565236660035277,False,-0.40210004628288154,False,-0.9954036510988609,False,0.0,False,0,False,1.599481409500187,40.12612612612613,33.023529411764706,True,0.5258620689655172,True,True,False
40.1261_33.0706,40.12612612612613,33.07058823529412,16.6480686695279,2.2005979353500718,0.033031507243509964,4.150401889635434,49.62440942042053,53.099948510459996,0.0005815754893948629,False,-0.3983586962136757,False,-1.08735052005456,False,0.2253875308743329,False,0,False,0.3594659640257863,40.12612612612613,33.07058823529412,False,0.21551724137931033,False,False,False
40.1261_33.0824,40.12612612612613,33.08235294117647,10.48068669527897,2.5129217161834787,0.03715275995688513,4.714649393613163,50.750989353993646,53.62145690951582,0.0004461854962125467,False,-0.40019955940724805,False,-1.0014556141216944,False,0.3354833893634941,False,0,False,0.3573252813799988,40.12612612612613,33.08235294117647,False,0.20689655172413793,False,False,False
40.1261_33.0941,40.12612612612613,33.09411764705882,5.025,0.0607954545454545,0.00106898126998621,0.1280721790772042,47.81,47.743630952380954,0.0027274547846996068,False,-0.4081752419436784,False,-0.9892167798632931,False,0.09521946373003327,False,0,False,1.6068100111698154,40.12612612612613,33.09411764705882,True,0.5258620689655172,True,True,False
40.1351_32.7882,40.13513513513514,32.78823529411765,4.017167381974249,0.21968458341848893,0.0297704203283602,4.313304721030043,4.648068669527897,4.617361536889434,0.0017024898541195637,False,-0.5027277573868496,False,-1.3835475649718219,False,1.1102230246251565e-16,False,0,False,0.2612207013178111,40.13513513513514,32.78823529411765,False,0.017241379310344827,False,False,False
40.1351_32.8353,40.13513513513514,32.83529411764706,10.042918454935622,0.3988919217527789,0.025077909464525417,3.707052689707146,10.003004291845492,10.259176327746172,0.0012474166068432357,False,-0.4637800748759584,False,-1.3227737443258747,False,0.04491936639529671,False,0,False,0.22552682097094473,40.13513513513514,32.83529411764706,False,0.0,False,False,False
40.1351_32.8471,40.13513513513514,32.84705882352941,27.11587982832618,0.44367893620496496,0.027427243874940083,4.079620222232982,10.352646638054363,10.385656447464779,0.0006928666115243884,False,-0.49174275966134523,False,-3.6127984541494174,True,0.4978100187052665,False,1,False,0.22801178955521623,40.13513513513514,32.84705882352941,False,0.0,False,False,False
40.1351_32.8588,40.13513513513514,32.858823529411765,5.021459227467811,0.43485720063815925,0.024610700402220038,3.7859095641492333,11.092274678111588,11.09604980996145,0.0009910810168856515,False,-0.44314008058794613,False,-1.0961867047961313,False,0.30533725202067813,False,0,False,0.2632598884194137,40.13513513513514,32.858823529411765,False,0.008620689655172414,False,False,False
40.1351_32.8824,40.13513513513514,32.88235294117647,10.042918454935622,0.45158247758578074,0.025557265802305423,3.9315214704626658,11.092274678111588,11.09604980996145,0.000852270815768344,False,-0.4623986072191887,False,-1.5264918733049986,False,0.3371068612525239,False,0,False,0.2637366724363152,40.13513513513514,32.88235294117647,False,0.008620689655172414,False,False,False
40.1351_32.8941,40.13513513513514,32.89411764705882,2.0085836909871246,0.47213958252048377,0.036919625438938695,5.45552087397581,8.103004291845494,8.103511576304342,0.0012404327027912302,False,-0.45676962328267895,False,-1.007774680552153,False,0.19617334356057956,False,0,False,0.371146524733428,40.13513513513514,32.89411764705882,False,0.07327586206896551,False,False,False
40.1351_32.9059,40.13513513513514,32.90588235294118,1.0042918454935623,0.3345055389524301,0.01893130800170769,2.912238126268641,11.092274678111588,11.09604980996145,0.0012472918623474,False,-0.43855849365146404,False,-1.0183114921689773,False,0.37385749837829596,False,0,False,0.2624537152272677,40.13513513513514,32.90588235294118,False,0.008620689655172414,False,False,False
40.1351_32.9176,40.13513513513514,32.917647058823526,18.630901287553648,11.787235656034536,0.1814627024577908,32.94015960404882,21.846734230172757,31.83295943035497,0.03444157096070838,False,-0.5077025658255031,False,-1.4299457707280525,False,1.46569910766554,False,0,False,0.42794320078801207,40.13513513513514,32.917647058823526,False,0.17672413793103448,False,False,False
40.1351_32.9765,40.13513513513514,32.976470588235294,2.0085836909871246,0.33892617449664425,0.028077022784226704,3.9872396808479995,7.347639484978541,7.327297013225892,0.0014544271669718254,False,-0.45600848073687894,False,-0.9895807448991185,False,2.465520978127279,False,0,False,0.34417373636746906,40.13513513513514,32.976470588235294,False,0.017241379310344827,False,False,False
40.1351_32.9882,40.13513513513514,32.98823529411764,1.0042918454935623,6.230008683542814,0.06583979844195485,16.064786005053215,38.701716738197426,38.721127836606456,0.0027004857252849283,False,-0.40280357738890904,False,-0.9978604467742063,False,1.0882864350736956,False,0,False,0.3403248519628001,40.13513513513514,32.98823529411764,False,0.034482758620689655,False,False,False
40.1351_33.0706,40.13513513513514,33.07058823529412,4.017167381974249,1.512543719692325,0.022088895546513516,2.796100760827156,54.06008583690987,54.03369835304119,0.0035358153928314122,False,-0.40506073389573366,False,-1.0277527112805678,False,0.238545153634029,False,0,False,0.42724783424520435,40.13513513513514,33.07058823529412,False,0.22413793103448276,False,False,False
40.1351_33.0824,40.13513513513514,33.08235294117647,8.034334763948499,3.406369809994548,0.05048656488748399,6.3553042852341495,51.25804721030043,53.54641458617146,0.0004275306433692461,False,-0.39744518357242414,False,-0.9684013112068266,False,0.2208864735396622,False,0,False,0.3941144587453117,40.13513513513514,33.08235294117647,False,0.22413793103448276,False,False,False
40.1351_33.0941,40.13513513513514,33.09411764705882,1.0042918454935623,0.39072169267035045,0.008668423517942296,0.9553354836989844,42.851931330472105,42.861794789446535,0.0015926414426585868,False,-0.38898485723709525,False,-0.9925225179929413,False,0.8224564162881618,False,0,False,0.7315981257291928,40.13513513513514,33.09411764705882,False,0.3448275862068966,False,False,False
40.1351_33.1176,40.13513513513514,33.11764705882353,1.0042918454935623,0.39072169267035045,0.008668423517942296,0.9553354836989844,42.851931330472105,42.861794789446535,0.0015926414426585868,False,-0.38898485723709525,False,-0.9925225179929413,False,61.016353915953815,True,1,False,0.7315981257291928,40.13513513513514,33.11764705882353,False,0.3448275862068966,False,False,False
40.1351_33.1412,40.13513513513514,33.141176470588235,1.0042918454935623,0.23443301560221022,0.005201054110765356,0.5732012902193906,42.851931330472105,42.861794789446535,0.0016645454920370215,False,-0.39250361150729207,False,-0.9925225179929414,False,61.016353915953815,True,1,False,0.7313974352619952,40.13513513513514,33.141176470588235,False,0.3448275862068966,False,False,False
40.1351_33.1647,40.13513513513514,33.16470588235294,2.0085836909871246,0.39072169267035045,0.008668423517942296,0.9553354836989844,42.851931330472105,42.861794789446535,0.001630403451230356,False,-0.3865127362544959,False,-0.9948751740908992,False,61.016353915953815,True,1,False,0.7316716671546607,40.13513513513514,33.16470588235294,False,0.3448275862068966,False,False,False
40.1351_33.1882,40.13513513513514,33.188235294117646,2.0085836909871246,0.39072169267035045,0.008668423517942296,0.9553354836989844,42.851931330472105,42.861794789446535,0.001630403451230356,False,-0.3865127362544959,False,-0.9948751740908992,False,61.016353915953815,True,1,False,0.7316716671546607,40.13513513513514,33.188235294117646,False,0.3448275862068966,False,False,False
40.1441_32.7882,40.14414414414414,32.78823529411765,2.0085836909871246,0.21968458341848893,0.0297704203283602,4.313304721030043,4.648068669527897,4.617361536889434,0.0017836577618174493,False,-0.4977270661134881,False,-1.382287595166217,False,0.07011465191298705,False,0,False,0.26108644492561417,40.14414414414414,32.78823529411765,False,0.017241379310344827,False,False,False
40.1441_32.8,40.14414414414414,32.8,6.0257510729613735,0.21968458341848893,0.0297704203283602,4.313304721030043,4.648068669527897,4.617361536889434,0.001625688891264912,False,-0.5077975836076345,False,-1.3925990979952265,False,0.07011465191298694,False,0,False,0.261358071861391,40.14414414414414,32.8,False,0.017241379310344827,False,False,False
40.1441_32.8353,40.14414414414414,32.83529411764706,4.017167381974249,0.16725276947621506,0.009465654000853833,1.4561190631343204,11.092274678111588,11.09604980996145,0.0014986088590915852,False,-0.4330768208587186,False,-1.029048624687801,False,0.2658594080963537,False,0,False,0.26182663799331646,40.14414414414414,32.83529411764706,False,0.008620689655172414,False,False,False
40.1441_32.9059,40.14414414414414,32.90588235294118,2.0085836909871246,0.47213958252048377,0.036919625438938695,5.45552087397581,8.103004291845494,8.103511576304342,0.0012404327027912302,False,-0.45676962328267895,False,-1.007774680552153,False,0.5342261136137363,False,0,False,0.371146524733428,40.14414414414414,32.90588235294118,False,0.07327586206896551,False,False,False
40.1441_33.0,40.14414414414414,33.0,1.0042918454935623,6.230008683542814,0.06583979844195485,16.064786005053215,38.701716738197426,38.721127836606456,0.0027004857252849283,False,-0.40280357738890904,False,-0.9978604467742063,False,0.015581033758441554,False,0,False,0.3403248519628001,40.14414414414414,33.0,False,0.034482758620689655,False,False,False
40.1441_33.0824,40.14414414414414,33.08235294117647,4.017167381974249,2.2688155795384874,0.033133343319770296,4.1941511412407335,54.06008583690987,54.03369835304119,0.0034330100612238687,False,-0.40354870331067805,False,-1.032892030317973,False,0.9975521140642195,False,0,False,0.4274580287661482,40.14414414414414,33.08235294117647,False,0.22413793103448276,False,False,False
40.1532_32.8353,40.15315315315316,32.83529411764706,8.034334763948499,0.16725276947621506,0.009465654000853833,1.4561190631343204,11.092274678111588,11.09604980996145,0.0014196702502813692,False,-0.4522413918778992,False,-1.259275438305145,False,0.12854352850714262,False,0,False,0.26212184536753164,40.15315315315316,32.83529411764706,False,0.008620689655172414,False,False,False
40.1532_32.9059,40.15315315315316,32.90588235294118,1.0042918454935623,0.47213958252048377,0.036919625438938695,5.45552087397581,8.103004291845494,8.103511576304342,0.0012790447141497055,False,-0.4608910783566782,False,-1.0038109641613413,False,0.062324135033766215,False,0,False,0.3711478265520125,40.15315315315316,32.90588235294118,False,0.07327586206896551,False,False,False
40.1532_32.9412,40.15315315315316,32.94117647058823,3.0128755364806867,0.33892617449664425,0.028077022784226704,3.9872396808479995,7.347639484978541,7.327297013225892,0.0014195300838012275,False,-0.45799043217877566,False,-0.9889486558490084,False,0.011685775318831082,False,0,False,0.34409957927856455,40.15315315315316,32.94117647058823,False,0.017241379310344827,False,False,False
40.1532_32.9647,40.15315315315316,32.96470588235294,2.0085836909871246,0.33892617449664425,0.028077022784226704,3.9872396808479995,7.347639484978541,7.327297013225892,0.0014544271669718254,False,-0.45600848073687894,False,-0.9895807448991185,False,0.023371550637662275,False,0,False,0.34417373636746906,40.15315315315316,32.96470588235294,False,0.017241379310344827,False,False,False
40.1532_33.0,40.15315315315316,33.0,1.0042918454935623,6.230008683542814,0.06583979844195485,16.064786005053215,38.701716738197426,38.721127836606456,0.0027004857252849283,False,-0.40280357738890904,False,-0.9978604467742063,False,0.015581033758441554,False,0,False,0.3403248519628001,40.15315315315316,33.0,False,0.034482758620689655,False,False,False
40.1532_33.0118,40.15315315315316,33.01176470588235,3.0128755364806867,6.230008683542814,0.06583979844195485,16.064786005053215,38.701716738197426,38.721127836606456,0.0026852052212739167,False,-0.3942236868439628,False,-0.999838891091786,False,0.04674310127532466,False,0,False,0.340327289713472,40.15315315315316,33.01176470588235,False,0.034482758620689655,False,False,False
40.1532_33.0941,40.15315315315316,33.09411764705882,4.0,2.048770100607547,0.1413617900340003,19.32019362075693,28.417381974248926,18.997775974944176,0.03529939998469029,False,-0.4681323720014707,False,-2.7558695380917273,True,2.81933299931565,False,1,False,0.6298858954751038,40.15315315315316,33.09411764705882,False,0.28448275862068967,False,False,False
40.1622_32.8235,40.16216216216216,32.8235294117647,1.0042918454935623,0.16725276947621506,0.009465654000853833,1.4561190631343204,11.092274678111588,11.09604980996145,0.0015692760459127353,False,-0.4289250190997375,False,-1.0184002164726351,False,0.17187966173248867,False,0,False,0.26170301867459483,40.16216216216216,32.8235294117647,False,0.008620689655172414,False,False,False
40.1622_32.8941,40.16216216216216,32.89411764705882,2.0085836909871246,0.47213958252048377,0.036919625438938695,5.45552087397581,8.103004291845494,8.103511576304342,0.0012404327027912302,False,-0.45676962328267895,False,-1.007774680552153,False,0.023371550637662275,False,0,False,0.371146524733428,40.16216216216216,32.89411764705882,False,0.07327586206896551,False,False,False
40.1622_32.9059,40.16216216216216,32.90588235294118,7.030042918454936,0.47213958252048377,0.036919625438938695,5.45552087397581,8.103004291845494,8.103511576304342,0.0010637486891609531,False,-0.4687639868383175,False,-1.0609993726391467,False,0.1324387869467531,False,0,False,0.3711420149557628,40.16216216216216,32.90588235294118,False,0.07327586206896551,False,False,False
40.1622_32.9412,40.16216216216216,32.94117647058823,4.017167381974249,0.33892617449664425,0.028077022784226704,3.9872396808479995,7.347639484978541,7.327297013225892,0.0013857247368414458,False,-0.46174656902774225,False,-0.9862258393782198,False,0.04674310127532477,False,0,False,0.3440254290725982,40.16216216216216,32.94117647058823,False,0.017241379310344827,False,False,False
40.1622_32.9529,40.16216216216216,32.95294117647059,1.0042918454935623,0.33892617449664425,0.028077022784226704,3.9872396808479995,7.347639484978541,7.327297013225892,0.0014904159863532238,False,-0.45922724390727165,False,-0.9874557392469334,False,0.04674310127532466,False,0,False,0.34424789823168866,40.16216216216216,32.95294117647059,False,0.017241379310344827,False,False,False
40.1622_33.0118,40.16216216216216,33.01176470588235,1.0042918454935623,6.230008683542814,0.06583979844195485,16.064786005053215,38.701716738197426,38.721127836606456,0.0027004857252849283,False,-0.40280357738890904,False,-0.9978604467742063,False,0.031162067516883107,False,0,False,0.3403248519628001,40.16216216216216,33.01176470588235,False,0.034482758620689655,False,False,False
40.1712_32.6824,40.17117117117117,32.68235294117647,12.0,1.5711611291851615,0.03399414314017787,4.202091766978752,36.35622317596567,37.54523295941422,0.00030299109043008157,False,-0.37924480035133146,False,-1.0732187523441516,False,0.2988775384981745,False,0,False,0.45531577182386196,40.17117117117117,32.68235294117647,False,0.20689655172413793,False,False,False
40.1712_32.8118,40.17117117117117,32.811764705882354,4.017167381974249,0.2770950611854595,0.02435086416503396,3.6127714236493422,9.481223175965665,7.519571876246621,0.00024272657904218916,False,-0.4564340745807979,False,-1.0185595233316835,False,0.2616554967148535,False,0,False,0.2205624134159217,40.17117117117117,32.811764705882354,False,0.017241379310344827,False,False,False
40.1712_32.9059,40.17117117117117,32.90588235294118,1.0042918454935623,0.47213958252048377,0.036919625438938695,5.45552087397581,8.103004291845494,8.103511576304342,0.0012790447141497055,False,-0.4608910783566782,False,-1.0038109641613413,False,0.062324135033766215,False,0,False,0.3711478265520125,40.17117117117117,32.90588235294118,False,0.07327586206896551,False,False,False
40.1712_33.0118,40.17117117117117,33.01176470588235,3.0128755364806867,6.230008683542814,0.06583979844195485,16.064786005053215,38.701716738197426,38.721127836606456,0.0026852052212739167,False,-0.3942236868439628,False,-0.999838891091786,False,0.023371550637662275,False,0,False,0.340327289713472,40.17117117117117,33.01176470588235,False,0.034482758620689655,False,False,False
40.1712_33.0588,40.17117117117117,33.05882352941176,1.0043290043290043,0.2659245516388373,0.060064935064935036,8.322510822510823,2.4437229437229435,2.457740672026386,0.0023911414802733548,False,-0.5576790946134327,True,-1.41268557550511,False,0.023372415385900736,False,1,False,0.18530434727471662,40.17117117117117,33.05882352941176,False,0.0,False,False,False
40.1712_33.0706,40.17117117117117,33.07058823529412,2.0086580086580086,0.2659245516388373,0.060064935064935036,8.322510822510823,2.4437229437229435,2.457740672026386,0.002335807993175064,False,-0.5530661964770812,True,-1.4120090194391755,False,0.023372415385900736,False,1,False,0.18537970609317667,40.17117117117117,33.07058823529412,False,0.0,False,False,False
40.1712_33.0941,40.17117117117117,33.09411764705882,1.0043290043290043,0.2659245516388373,0.060064935064935036,8.322510822510823,2.4437229437229435,2.457740672026386,0.0023911414802733548,False,-0.5576790946134327,True,-1.41268557550511,False,0.0,False,1,False,0.18530434727471662,40.17117117117117,33.09411764705882,False,0.0,False,False,False
40.1802_32.6706,40.18018018018018,32.67058823529412,2.0085836909871246,0.43613543260564597,0.013603456182287981,1.0146781343242215,41.57618025751073,42.59518500779061,0.0006508180058471157,False,-0.38492482306201153,False,-0.9992660826334324,False,0.5617143139362761,False,0,False,0.5358230112252635,40.18018018018018,32.67058823529412,False,0.3017241379310345,False,False,False
40.1802_32.6824,40.18018018018018,32.68235294117647,9.004291845493562,1.625627196638256,0.0335636395084953,4.32828239209175,36.81892499489066,37.708276659688714,0.0003532840647047337,False,-0.3756500820121218,False,-1.0075237326389177,False,0.21485977904430711,False,0,False,0.4599711607412347,40.18018018018018,32.68235294117647,False,0.1939655172413793,False,False,False
40.1802_32.8941,40.18018018018018,32.89411764705882,2.0085836909871246,0.47213958252048377,0.036919625438938695,5.45552087397581,8.103004291845494,8.103511576304342,0.0012404327027912302,False,-0.45676962328267895,False,-1.007774680552153,False,0.023371550637662275,False,0,False,0.371146524733428,40.18018018018018,32.89411764705882,False,0.07327586206896551,False,False,False
40.1802_32.9294,40.18018018018018,32.92941176470588,2.0085836909871246,0.33892617449664425,0.028077022784226704,3.9872396808479995,7.347639484978541,7.327297013225892,0.0014544271669718254,False,-0.45600848073687894,False,-0.9895807448991185,False,0.04674310127532477,False,0,False,0.34417373636746906,40.18018018018018,32.92941176470588,False,0.017241379310344827,False,False,False
40.1802_32.9647,40.18018018018018,32.96470588235294,3.0128755364806867,0.33892617449664425,0.028077022784226704,3.9872396808479995,7.347639484978541,7.327297013225892,0.0014195300838012275,False,-0.45799043217877566,False,-0.9889486558490084,False,61.016353915953815,True,1,False,0.34409957927856455,40.18018018018018,32.96470588235294,False,0.017241379310344827,False,False,False
40.1802_33.0118,40.18018018018018,33.01176470588235,1.0042918454935623,6.230008683542814,0.06583979844195485,16.064786005053215,38.701716738197426,38.721127836606456,0.0027004857252849283,False,-0.40280357738890904,False,-0.9978604467742063,False,0.05453361815454549,False,0,False,0.3403248519628001,40.18018018018018,33.01176470588235,False,0.034482758620689655,False,False,False
40.1802_33.0235,40.18018018018018,33.023529411764706,4.017167381974249,6.230008683542814,0.06583979844195485,16.064786005053215,38.701716738197426,38.721127836606456,0.002679202573584623,False,-0.3942236868439628,False,-0.9981811149955784,False,0.03895258439610394,False,0,False,0.34032867073664097,40.18018018018018,33.023529411764706,False,0.034482758620689655,False,False,False
40.1802_33.0824,40.18018018018018,33.08235294117647,1.0043290043290043,0.2659245516388373,0.060064935064935036,8.322510822510823,2.4437229437229435,2.457740672026386,0.0023911414802733548,False,-0.5576790946134327,True,-1.41268557550511,False,0.0077908051286336155,False,1,False,0.18530434727471662,40.18018018018018,33.08235294117647,False,0.0,False,False,False
40.1802_33.0941,40.18018018018018,33.09411764705882,1.0043290043290043,0.2659245516388373,0.060064935064935036,8.322510822510823,2.4437229437229435,2.457740672026386,0.0023911414802733548,False,-0.5576790946134327,True,-1.41268557550511,False,0.0,False,1,False,0.18530434727471662,40.18018018018018,33.09411764705882,False,0.0,False,False,False
40.1892_32.6588,40.18918918918919,32.65882352941176,1.9914163090128756,2.480463869384121,0.04596835109973479,6.796650094849885,32.7049356223176,36.861015057791676,0.004086372195547306,False,-0.3861661765656177,False,-1.151779892632527,False,0.5834081440325642,False,0,False,0.5929402123658847,40.18918918918919,32.65882352941176,False,0.3103448275862069,False,False,False
40.1892_32.6824,40.18918918918919,32.68235294117647,10.995708154506438,1.707363681387317,0.0333837206795546,4.591524341731045,36.07144947327351,37.418464378001325,0.0003091595420837028,False,-0.3799592882608914,False,-1.0276595022086572,False,0.14013421287770847,False,0,False,0.48535369332798123,40.18918918918919,32.68235294117647,False,0.23706896551724138,False,False,False
40.1892_32.6941,40.18918918918919,32.694117647058825,2.0085836909871246,0.29075695507043064,0.009068970788191976,0.6764520895494809,41.57618025751073,42.59518500779061,0.000747352683334731,False,-0.3834308865106846,False,-1.0011705016402215,False,0.6599795322473354,False,0,False,0.5357708895233613,40.18918918918919,32.694117647058825,False,0.29310344827586204,False,False,False
40.1892_32.9294,40.18918918918919,32.92941176470588,4.017167381974249,0.33892617449664425,0.028077022784226704,3.9872396808479995,7.347639484978541,7.327297013225892,0.0013857247368414458,False,-0.46174656902774225,False,-0.9862258393782198,False,0.058428876594155854,False,0,False,0.3440254290725982,40.18918918918919,32.92941176470588,False,0.017241379310344827,False,False,False
40.1892_33.0235,40.18918918918919,33.023529411764706,3.0128755364806867,6.230008683542814,0.06583979844195485,16.064786005053215,38.701716738197426,38.721127836606456,0.0026852052212739167,False,-0.3942236868439628,False,-0.999838891091786,False,0.013240176452150063,False,0,False,0.340327289713472,40.18918918918919,33.023529411764706,False,0.034482758620689655,False,False,False
40.1982_32.6706,40.1981981981982,32.67058823529412,37.90557939914163,2.805406010083973,0.04878815381696543,7.597506758946671,34.01801445674271,37.247800869100914,0.000761065335075791,False,-0.43169583747810375,False,-1.2258152274630523,False,0.5121230553941948,False,0,False,0.5732066024070288,40.1981981981982,32.67058823529412,False,0.29310344827586204,False,False,False
40.1982_32.6824,40.1981981981982,32.68235294117647,37.90557939914163,2.4882955802865205,0.07868247703946812,8.345955658804526,33.48973443592186,29.85517301127567,0.010435733670659511,False,-0.44168342679218575,False,-1.2158924014323156,False,0.8526821150815278,False,0,False,0.4806796076420948,40.1981981981982,32.68235294117647,False,0.29310344827586204,False,False,False
40.1982_32.6941,40.1981981981982,32.694117647058825,1.0042918454935623,0.09438275038288739,0.0030029371968973493,0.2513136107122423,37.43562231759657,37.41955115146745,0.0012146702169937996,False,-0.3911446811862731,False,-1.014109987999321,False,0.3979781075180921,False,0,False,0.5756023020356875,40.1981981981982,32.694117647058825,False,0.21120689655172414,False,False,False
40.1982_32.7412,40.1981981981982,32.74117647058824,1.0042918454935623,0.19637420468754316,0.006066033591294577,0.42513847883723854,45.716738197424895,45.72454010955651,0.001982028061658493,False,-0.39450232077454767,False,-0.9767232600895502,False,0.2225546747135748,False,0,False,0.6502197438607912,40.1981981981982,32.74117647058824,False,0.3706896551724138,False,False,False
40.1982_32.7765,40.1981981981982,32.77647058823529,1.0042918454935623,0.39274840937508637,0.01213206718258925,0.8502769576744771,45.716738197424895,45.72454010955651,0.0018455313311314802,False,-0.39212800802923703,False,-0.9763705751046364,False,61.016353915953815,True,1,False,0.6503025988804892,40.1981981981982,32.77647058823529,False,0.3706896551724138,False,False,False
40.1982_32.8824,40.1981981981982,32.88235294117647,1.0042918454935623,0.47213958252048377,0.036919625438938695,5.45552087397581,8.103004291845494,8.103511576304342,0.0012790447141497055,False,-0.4608910783566782,False,-1.0038109641613413,False,0.07011465191298705,False,0,False,0.3711478265520125,40.1981981981982,32.88235294117647,False,0.07327586206896551,False,False,False
40.1982_32.9176,40.1981981981982,32.917647058823526,1.0042918454935623,0.33892617449664425,0.028077022784226704,3.9872396808479995,7.347639484978541,7.327297013225892,0.0014904159863532238,False,-0.45922724390727165,False,-0.9874557392469334,False,0.07011465191298705,False,0,False,0.34424789823168866,40.1981981981982,32.917647058823526,False,0.017241379310344827,False,False,False
40.1982_33.0235,40.1981981981982,33.023529411764706,3.0128755364806867,6.749176073838048,0.07132644831211774,17.40351817214098,38.701716738197426,38.721127836606456,0.0029612312288653593,False,-0.3950413055515629,False,-0.9972501339056183,False,0.032116834731147056,False,0,False,0.3407425774004861,40.1981981981982,33.023529411764706,False,0.034482758620689655,False,False,False
40.2072_32.7294,40.207207207207205,32.72941176470588,2.0085836909871246,0.5459098577985557,0.017783423365953024,1.2449788688232046,43.35944206008584,43.37296962456643,0.0014681606197015134,False,-0.39093801288838365,False,-1.0000936210150577,False,0.10131399284106817,False,0,False,0.6037792404080917,40.207207207207205,32.72941176470588,False,0.34913793103448276,False,False,False
40.2072_32.8824,40.207207207207205,32.88235294117647,4.017167381974249,0.47213958252048377,0.036919625438938695,5.45552087397581,8.103004291845494,8.103511576304342,0.0011664838887066918,False,-0.46225728366881785,False,-0.9983881184833748,False,0.07011465191298705,False,0,False,0.37114434927177026,40.207207207207205,32.88235294117647,False,0.07327586206896551,False,False,False
40.2072_33.0235,40.207207207207205,33.023529411764706,3.0128755364806867,6.230008683542814,0.06583979844195485,16.064786005053215,38.701716738197426,38.721127836606456,0.0026852052212739167,False,-0.3942236868439628,False,-0.999838891091786,False,0.01605841736557354,False,0,False,0.340327289713472,40.207207207207205,33.023529411764706,False,0.034482758620689655,False,False,False
40.2072_33.0471,40.207207207207205,33.04705882352941,1.0042918454935623,6.230008683542814,0.06583979844195485,16.064786005053215,38.701716738197426,38.721127836606456,0.0027004857252849283,False,-0.40280357738890904,False,-0.9978604467742063,False,61.016353915953815,True,1,False,0.3403248519628001,40.207207207207205,33.04705882352941,False,0.034482758620689655,False,False,False
40.2162_32.7176,40.21621621621622,32.71764705882353,7.030042918454936,0.35027411549033133,0.011733658549005738,0.8795375729323577,38.964132434089514,39.447471197239544,0.0009359418616861067,False,-0.384164404323813,False,-0.9948723012628001,False,0.40706448826814146,False,0,False,0.5141437425892277,40.21621621621622,32.71764705882353,False,0.1939655172413793,False,False,False
40.2162_33.0235,40.21621621621622,33.023529411764706,3.0128755364806867,6.230008683542814,0.06583979844195485,16.064786005053215,38.701716738197426,38.721127836606456,0.0026852052212739167,False,-0.3942236868439628,False,-0.999838891091786,False,0.049572293263321916,False,0,False,0.340327289713472,40.21621621621622,33.023529411764706,False,0.034482758620689655,False,False,False
40.2252_32.9059,40.22522522522522,32.90588235294118,1.0042918454935623,0.47213958252048377,0.036919625438938695,5.45552087397581,8.103004291845494,8.103511576304342,0.0012790447141497055,False,-0.4608910783566782,False,-1.0038109641613413,False,61.016353915953815,True,1,False,0.3711478265520125,40.22522522522522,32.90588235294118,False,0.07327586206896551,False,False,False
40.2252_33.0235,40.22522522522522,33.023529411764706,2.0085836909871246,7.787510854428517,0.08229974805244354,20.080982506316516,38.701716738197426,38.721127836606456,0.003608902790852122,False,-0.4080625122061005,False,-0.9952054203110683,False,1.027090907158869,False,0,False,0.34163724814543134,40.22522522522522,33.023529411764706,False,0.034482758620689655,False,False,False
40.2342_32.6941,40.23423423423424,32.694117647058825,2.0085836909871246,0.39292267634157196,0.01318877877435712,0.98424156663571,39.21888412017167,39.53814668801399,0.0008924078278435967,False,-0.38105507160789104,False,-0.996449919839723,False,61.016353915953815,True,1,False,0.5238243588212972,40.23423423423424,32.694117647058825,False,0.1939655172413793,False,False,False
40.2342_33.0118,40.23423423423424,33.01176470588235,17.92703862660944,4.405956894385615,0.10087602130999242,19.484741621087256,18.937551154515237,23.000366868654503,0.007469408077904524,False,-0.5050221390568509,False,-2.311809838661763,True,1.246720026107605,False,1,False,0.35810541617581315,40.23423423423424,33.01176470588235,False,0.22413793103448276,False,False,False
40.2342_33.0235,40.23423423423424,33.023529411764706,14.48068669527897,4.439756171379476,0.08461911143908245,16.741304639552727,23.00760827155677,26.946093374396703,0.005671510487954783,False,-0.453974468382314,False,-1.5697885768383226,False,0.635516092366894,False,0,False,0.330333959667086,40.23423423423424,33.023529411764706,False,0.3103448275862069,False,False,False
40.2342_33.0471,40.23423423423424,33.04705882352941,15.064377682403434,6.230008683542814,0.06583979844195485,16.064786005053215,38.701716738197426,38.721127836606456,0.0026852280389157365,False,-0.4027224684720529,False,-1.2635105111868037,False,61.016353915953815,True,1,False,0.3403529378144993,40.23423423423424,33.04705882352941,False,0.04310344827586207,False,False,False
40.2432_33.0,40.24324324324324,33.0,1.0042918454935623,1.5575021708857035,0.016459949610488668,4.016196501263304,38.701716738197426,38.721127836606456,0.0013445911904191269,False,-0.38269012275002406,False,-1.0007343784730982,False,0.8886515507357398,False,0,False,0.33772449036879987,40.24324324324324,33.0,False,0.05172413793103448,False,False,False
40.2432_33.0118,40.24324324324324,33.01176470588235,3.0128755364806867,1.5575021708857035,0.016459949610488668,4.016196501263304,38.701716738197426,38.721127836606456,0.0013863215178650998,False,-0.3790640648044361,False,-0.9933366512718184,False,1.0656309125849597,False,0,False,0.3377239626749487,40.24324324324324,33.01176470588235,False,0.05172413793103448,False,False,False
40.2432_33.0235,40.24324324324324,33.023529411764706,5.875536480686695,2.896325385732507,0.039792985040260305,9.352654313188193,23.522603719599427,31.007647668996768,0.01942942444015001,False,-0.41174421423727675,False,-1.9670712934384522,True,0.30500151031147343,False,1,False,0.27035588028385443,40.24324324324324,33.023529411764706,False,0.3448275862068966,False,False,False
40.2432_33.0941,40.24324324324324,33.09411764705882,1.005,0.38636363636363635,0.015757575757575755,1.6534848484848488,11.815,11.811946816031933,0.0014265034302133894,False,-0.4279998361690949,False,-0.9970785784096108,False,0.0,False,0,False,1.243427583516372,40.24324324324324,33.09411764705882,True,0.21120689655172414,False,True,False
40.2432_33.1529,40.24324324324324,33.15294117647059,1.005,0.38636363636363635,0.015757575757575755,1.6534848484848488,11.815,11.811946816031933,0.0014265034302133894,False,-0.4279998361690949,False,-0.9970785784096108,False,61.016353915953815,True,1,False,1.243427583516372,40.24324324324324,33.15294117647059,True,0.21120689655172414,False,True,False
40.2523_33.0471,40.252252252252255,33.04705882352941,1.0042918454935623,6.230008683542814,0.06583979844195485,16.064786005053215,38.701716738197426,38.721127836606456,0.0027004857252849283,False,-0.40280357738890904,False,-0.9978604467742063,False,61.016353915953815,True,1,False,0.3403248519628001,40.252252252252255,33.04705882352941,False,0.034482758620689655,False,False,False
40.2523_33.1059,40.252252252252255,33.10588235294117,1.005,0.38636363636363635,0.015757575757575755,1.6534848484848488,11.815,11.811946816031933,0.0014265034302133894,False,-0.4279998361690949,False,-0.9970785784096108,False,0.0,False,0,False,1.243427583516372,40.252252252252255,33.10588235294117,True,0.21120689655172414,False,True,False
40.2613_33.0118,40.26126126126126,33.01176470588235,1.005,0.4867857142857142,0.024523809523809517,2.571428571428571,9.62,9.628858024691358,0.0014863004698889984,False,-0.44205433954198126,False,-1.045164488047733,False,0.0,False,0,False,1.0805573250388212,40.26126126126126,33.01176470588235,True,0.1939655172413793,False,True,False
40.2613_33.0235,40.26126126126126,33.023529411764706,1.005,0.4867857142857142,0.024523809523809517,2.571428571428571,9.62,9.628858024691358,0.0014863004698889984,False,-0.44205433954198126,False,-1.045164488047733,False,0.0,False,0,False,1.0805573250388212,40.26126126126126,33.023529411764706,True,0.1939655172413793,False,True,False
40.2703_33.1765,40.27027027027027,33.1764705882353,1.005,0.38636363636363635,0.015757575757575755,1.6534848484848488,11.815,11.811946816031933,0.0014265034302133894,False,-0.4279998361690949,False,-0.9970785784096108,False,61.016353915953815,True,1,False,1.243427583516372,40.27027027027027,33.1764705882353,True,0.21120689655172414,False,True,False
40.2793_32.6118,40.27927927927928,32.61176470588235,7.012875536480687,3.6806410243135814,0.09973452323532603,11.884020980141385,33.33599019006744,31.335722073414846,0.0030095734922948245,False,-0.40272914549328637,False,-1.2311610443501657,False,61.016353915953815,True,1,False,0.4073837945202805,40.27927927927928,32.61176470588235,False,0.2672413793103448,False,False,False
40.2793_32.6941,40.27927927927928,32.694117647058825,2.0085836909871246,0.39292267634157196,0.01318877877435712,0.98424156663571,39.21888412017167,39.53814668801399,0.0008924078278435967,False,-0.38105507160789104,False,-0.996449919839723,False,61.016353915953815,True,1,False,0.5238243588212972,40.27927927927928,32.694117647058825,False,0.1939655172413793,False,False,False
40.2793_33.1176,40.27927927927928,33.11764705882353,1.005,0.38636363636363635,0.015757575757575755,1.6534848484848488,11.815,11.811946816031933,0.0014265034302133894,False,-0.4279998361690949,False,-0.9970785784096108,False,61.016353915953815,True,1,False,1.243427583516372,40.27927927927928,33.11764705882353,True,0.21120689655172414,False,True,False
40.2883_32.4706,40.288288288288285,32.47058823529412,3.0128755364806867,0.5786557039751812,0.05975229461027788,4.031626239732524,14.045064377682403,14.06688805264577,0.0011354643923962824,False,-0.4452466141708107,False,-1.5728204235405776,False,61.016353915953815,True,1,False,0.340961401676816,40.288288288288285,32.47058823529412,False,0.0,False,False,False
40.2973_32.9647,40.2972972972973,32.96470588235294,2.01,0.4867857142857142,0.024523809523809517,2.571428571428571,9.62,9.628858024691358,0.0014605487652371582,False,-0.4384741005616304,False,-1.0364521971061242,False,61.016353915953815,True,1,False,1.0829209730730551,40.2972972972973,32.96470588235294,True,0.1939655172413793,False,True,False
