lat,lon,stop_count,total_passengers,avg_occupancy,center_lat,center_lon
39.5009009009009,32.57411764705882,2,0.0,0.0,39.50135135135135,32.57470588235294
39.50630630630631,32.89411764705882,2,170.19230769230768,13.961538461538462,39.50675675675676,32.89470588235294
39.51081081081081,32.832941176470584,8,414.15384615384613,10.41025641025641,39.51126126126126,32.8335294117647
39.51081081081081,32.95411764705882,2,115.94017094017094,20.666666666666668,39.51126126126126,32.95470588235294
39.51441441441442,32.56823529411764,5,221.77777777777777,8.957264957264957,39.51486486486487,32.56882352941176
39.51441441441442,32.57176470588235,2,221.77777777777777,22.39316239316239,39.51486486486487,32.57235294117647
39.516216216216215,32.83882352941176,3,103.53846153846153,6.94017094017094,39.516666666666666,32.83941176470588
39.51981981981982,32.86941176470588,3,170.19230769230768,9.307692307692308,39.520270270270274,32.87
39.51981981981982,32.97882352941176,2,115.94017094017094,20.666666666666668,39.520270270270274,32.97941176470588
39.520720720720725,32.95176470588235,6,231.8803418803419,13.777777777777779,39.521171171171176,32.952352941176464
39.52252252252252,32.870588235294115,4,228.16239316239316,12.147435897435898,39.52297297297297,32.87117647058823
39.523423423423424,32.86588235294117,3,170.19230769230768,9.307692307692308,39.523873873873875,32.86647058823529
39.52522522522523,32.84117647058823,2,103.53846153846153,10.41025641025641,39.52567567567568,32.84176470588235
39.52522522522523,32.90941176470588,10,347.8205128205128,12.4,39.52567567567568,32.91
39.52612612612613,32.87176470588235,2,115.94017094017094,20.666666666666668,39.52657657657658,32.872352941176466
39.527027027027025,33.0,2,115.94017094017094,20.666666666666668,39.527477477477476,33.00058823529412
39.52882882882883,32.93764705882353,4,115.94017094017094,10.333333333333334,39.52927927927928,32.938235294117646
39.52972972972973,32.9,4,231.8803418803419,20.666666666666668,39.53018018018018,32.900588235294116
39.53063063063063,32.656470588235294,2,968.0940170940171,21.876068376068375,39.53108108108108,32.65705882352941
39.53063063063063,32.80117647058823,2,185.55128205128204,32.638888888888886,39.53108108108108,32.80176470588235
39.531531531531535,32.802352941176466,4,371.1025641025641,32.638888888888886,39.531981981981986,32.80294117647058
39.53243243243244,32.870588235294115,2,115.94017094017094,20.666666666666668,39.53288288288289,32.87117647058823
39.53243243243244,32.90117647058823,4,115.94017094017094,10.333333333333334,39.53288288288289,32.90176470588235
39.53333333333333,32.63647058823529,3,594.9358974358975,14.756410256410255,39.53378378378378,32.63705882352941
39.53423423423423,32.904705882352935,4,115.94017094017094,10.333333333333334,39.534684684684684,32.90529411764705
39.53603603603604,32.60588235294117,3,594.9358974358975,14.756410256410255,39.53648648648649,32.60647058823529
39.53603603603604,32.616470588235295,3,594.9358974358975,14.756410256410255,39.53648648648649,32.61705882352941
39.53693693693694,32.60823529411764,6,1189.871794871795,14.756410256410255,39.53738738738739,32.60882352941176
39.53693693693694,32.61176470588235,7,1673.9188034188035,15.773504273504273,39.53738738738739,32.61235294117647
39.53783783783784,32.61058823529412,3,594.9358974358975,14.756410256410255,39.53828828828829,32.611176470588234
39.538738738738736,32.61411764705882,6,1189.871794871795,14.756410256410255,39.53918918918919,32.614705882352936
39.538738738738736,32.86,5,207.07692307692307,8.328205128205129,39.53918918918919,32.86058823529412
39.53963963963964,32.616470588235295,3,594.9358974358975,14.756410256410255,39.54009009009009,32.61705882352941
39.53963963963964,32.61882352941176,3,594.9358974358975,14.756410256410255,39.54009009009009,32.61941176470588
39.53963963963964,32.62,3,594.9358974358975,14.756410256410255,39.54009009009009,32.620588235294115
39.54054054054054,32.62470588235294,3,594.9358974358975,14.756410256410255,39.54099099099099,32.62529411764706
39.54054054054054,32.625882352941176,3,594.9358974358975,14.756410256410255,39.54099099099099,32.62647058823529
39.542342342342344,32.935294117647054,6,510.57692307692304,13.961538461538462,39.542792792792795,32.93588235294117
39.54414414414414,33.01882352941176,2,115.94017094017094,20.666666666666668,39.54459459459459,33.01941176470588
39.54504504504504,32.858823529411765,3,103.53846153846153,6.94017094017094,39.545495495495494,32.85941176470588
39.54504504504504,33.02470588235294,2,115.94017094017094,20.666666666666668,39.545495495495494,33.02529411764706
39.54684684684685,32.612941176470585,3,594.9358974358975,14.756410256410255,39.5472972972973,32.6135294117647
39.54684684684685,33.019999999999996,3,173.9102564102564,20.666666666666668,39.5472972972973,33.02058823529411
39.54684684684685,33.02470588235294,2,115.94017094017094,20.666666666666668,39.5472972972973,33.02529411764706
39.54774774774775,32.86,3,170.19230769230768,9.307692307692308,39.5481981981982,32.86058823529412
39.54774774774775,33.02117647058823,2,115.94017094017094,20.666666666666668,39.5481981981982,33.02176470588235
39.54864864864865,32.84823529411764,2,103.53846153846153,10.41025641025641,39.5490990990991,32.84882352941176
39.54864864864865,33.02117647058823,6,347.8205128205128,20.666666666666668,39.5490990990991,33.02176470588235
39.54954954954955,33.019999999999996,2,115.94017094017094,20.666666666666668,39.550000000000004,33.02058823529411
39.55135135135135,32.59294117647058,1,484.04700854700855,21.876068376068375,39.5518018018018,32.5935294117647
39.55135135135135,32.702352941176464,10,603.8247863247864,33.01282051282051,39.5518018018018,32.70294117647058
39.55135135135135,32.81882352941176,3,197.65384615384616,29.737891737891733,39.5518018018018,32.819411764705876
39.55135135135135,32.857647058823524,15,517.6923076923076,6.94017094017094,39.5518018018018,32.85823529411764
39.55135135135135,32.91411764705882,3,170.19230769230768,9.307692307692308,39.5518018018018,32.91470588235294
39.55225225225225,32.8635294117647,2,115.94017094017094,20.666666666666668,39.5527027027027,32.86411764705882
39.55225225225225,32.87764705882353,2,0.0,0.0,39.5527027027027,32.878235294117644
39.553153153153154,33.1235294117647,8,836.448717948718,23.528846153846153,39.553603603603605,33.12411764705882
39.554054054054056,32.625882352941176,1,0.0,0.0,39.55450450450451,32.62647058823529
39.55495495495496,32.802352941176466,3,359.8846153846154,34.85042735042735,39.55540540540541,32.80294117647058
39.55495495495496,32.87176470588235,2,53.07960199004975,9.559701492537313,39.55540540540541,32.872352941176466
39.55585585585585,33.11764705882353,3,278.8162393162393,20.914529914529915,39.556306306306304,33.118235294117646
39.55585585585585,33.122352941176466,3,278.8162393162393,20.914529914529915,39.556306306306304,33.12294117647058
39.556756756756755,33.11764705882353,6,557.6324786324786,20.914529914529915,39.557207207207206,33.118235294117646
39.55765765765766,33.11764705882353,3,278.8162393162393,20.914529914529915,39.55810810810811,33.118235294117646
39.55945945945946,33.11176470588235,6,557.6324786324786,20.914529914529915,39.55990990990991,33.11235294117647
39.56036036036036,33.11058823529412,6,557.6324786324786,20.914529914529915,39.560810810810814,33.111176470588234
39.56306306306306,32.8635294117647,5,265.39800995024876,19.119402985074625,39.56351351351351,32.86411764705882
39.56306306306306,32.910588235294114,4,340.38461538461536,13.961538461538462,39.56351351351351,32.91117647058823
39.564864864864866,32.75176470588235,2,108.58119658119658,37.666666666666664,39.56531531531532,32.75235294117647
39.564864864864866,32.81058823529411,6,396.19230769230774,29.393162393162395,39.56531531531532,32.81117647058823
39.57117117117117,32.82,12,414.15384615384613,6.94017094017094,39.571621621621624,32.82058823529412
39.572072072072075,32.79764705882353,7,539.2863247863248,22.637362637362635,39.572522522522526,32.798235294117646
39.572072072072075,32.855294117647055,55,1707.8609133818088,9.712593674981736,39.572522522522526,32.85588235294117
39.574774774774774,32.8,7,539.2863247863248,22.637362637362635,39.575225225225225,32.800588235294114
39.575675675675676,32.79882352941176,14,1078.5726495726497,22.637362637362635,39.57612612612613,32.79941176470588
39.575675675675676,32.8,14,1078.5726495726497,22.637362637362635,39.57612612612613,32.800588235294114
39.57657657657658,32.796470588235294,14,1078.5726495726497,22.637362637362635,39.57702702702703,32.79705882352941
39.57747747747748,32.79411764705882,14,1078.5726495726497,22.637362637362635,39.57792792792793,32.794705882352936
39.57747747747748,32.80117647058823,6,465.94017094017096,9.052706552706553,39.57792792792793,32.80176470588235
39.57747747747748,32.889411764705876,6,340.38461538461536,9.307692307692308,39.57792792792793,32.88999999999999
39.57837837837838,32.80117647058823,7,539.2863247863248,22.637362637362635,39.57882882882883,32.80176470588235
39.57837837837838,32.802352941176466,14,1078.5726495726497,22.637362637362635,39.57882882882883,32.80294117647058
39.57927927927928,32.790588235294116,7,539.2863247863248,22.637362637362635,39.57972972972973,32.79117647058823
39.58018018018018,32.790588235294116,7,539.2863247863248,22.637362637362635,39.58063063063063,32.79117647058823
39.58108108108108,32.78823529411764,7,539.2863247863248,22.637362637362635,39.58153153153153,32.78882352941176
39.58108108108108,32.8035294117647,7,539.2863247863248,22.637362637362635,39.58153153153153,32.80411764705882
39.58378378378379,32.8035294117647,7,539.2863247863248,22.637362637362635,39.58423423423424,32.80411764705882
39.58378378378379,32.80470588235294,7,539.2863247863248,22.637362637362635,39.58423423423424,32.80529411764706
39.585585585585584,32.85176470588235,12,413.21379002423777,8.279323468129439,39.586036036036035,32.85235294117647
39.59189189189189,32.665882352941175,4,489.0940170940171,29.82905982905983,39.59234234234234,32.66647058823529
39.593693693693695,32.662352941176465,1,484.04700854700855,21.876068376068375,39.594144144144146,32.66294117647058
39.5954954954955,32.83764705882353,14,1078.5726495726497,22.637362637362635,39.59594594594595,32.838235294117645
39.5954954954955,33.08941176470588,4,367.982905982906,16.002136752136753,39.59594594594595,33.089999999999996
39.5990990990991,32.843529411764706,7,539.2863247863248,22.637362637362635,39.59954954954955,32.84411764705882
39.5990990990991,32.84705882352941,19,952.5001148105625,13.569127372583774,39.59954954954955,32.847647058823526
39.6,32.84941176470588,8,610.0641025641025,21.84188034188034,39.60045045045045,32.849999999999994
39.6009009009009,32.85176470588235,3,170.19230769230768,9.307692307692308,39.601351351351354,32.85235294117647
39.601801801801805,32.84941176470588,16,1220.128205128205,21.84188034188034,39.602252252252256,32.849999999999994
39.601801801801805,32.8635294117647,2,141.55555555555554,16.273504273504273,39.602252252252256,32.86411764705882
39.6027027027027,32.54117647058823,5,611.3675213675214,29.829059829059826,39.60315315315315,32.54176470588235
39.6027027027027,32.84941176470588,8,610.0641025641025,21.84188034188034,39.60315315315315,32.849999999999994
39.6036036036036,32.67411764705882,1,484.04700854700855,21.876068376068375,39.60405405405405,32.67470588235294
39.6036036036036,32.864705882352936,5,340.38461538461536,11.169230769230769,39.60405405405405,32.86529411764705
39.6036036036036,32.87176470588235,2,141.55555555555554,16.273504273504273,39.60405405405405,32.872352941176466
39.604504504504504,32.84823529411764,8,610.0641025641025,21.84188034188034,39.604954954954955,32.84882352941176
39.605405405405406,32.84823529411764,8,610.0641025641025,21.84188034188034,39.60585585585586,32.84882352941176
39.60900900900901,32.84470588235294,8,610.0641025641025,21.84188034188034,39.60945945945946,32.84529411764706
39.612612612612615,32.82588235294117,66,2479.2827401454265,9.031989237959387,39.613063063063066,32.82647058823529
39.61351351351352,32.68588235294117,3,594.9358974358975,14.756410256410255,39.61396396396397,32.68647058823529
39.615315315315314,32.842352941176465,8,610.0641025641025,21.84188034188034,39.615765765765765,32.84294117647058
39.61981981981982,32.892941176470586,2,141.55555555555554,16.273504273504273,39.62027027027027,32.8935294117647
39.62072072072072,32.69411764705882,6,1189.871794871795,14.756410256410255,39.62117117117117,32.694705882352935
39.62072072072072,32.88117647058823,4,283.1111111111111,16.273504273504273,39.62117117117117,32.88176470588235
39.62072072072072,32.9,2,141.55555555555554,16.273504273504273,39.62117117117117,32.900588235294116
39.62252252252252,32.82941176470588,6,207.07692307692307,6.94017094017094,39.622972972972974,32.83
39.623423423423425,32.90705882352941,2,141.55555555555554,16.273504273504273,39.623873873873876,32.90764705882353
39.626126126126124,32.65176470588235,2,244.54700854700855,29.82905982905983,39.626576576576575,32.65235294117647
39.626126126126124,32.69882352941176,3,594.9358974358975,14.756410256410255,39.626576576576575,32.69941176470588
39.627027027027026,32.663529411764706,6,733.6410256410256,29.82905982905983,39.62747747747748,32.66411764705882
39.62792792792793,32.675294117647056,2,244.54700854700855,29.82905982905983,39.62837837837838,32.67588235294117
39.62972972972973,32.702352941176464,4,717.2094017094017,18.524572649572647,39.63018018018018,32.70294117647058
39.62972972972973,33.06823529411764,39,1748.1203597397628,20.077006486306143,39.63018018018018,33.06882352941176
39.63153153153153,32.59411764705882,2,244.54700854700855,29.82905982905983,39.63198198198198,32.59470588235294
39.63243243243243,32.70705882352941,4,717.2094017094017,18.524572649572647,39.63288288288288,32.707647058823525
39.63243243243243,33.10823529411764,1,94.82478632478633,30.73931623931624,39.63288288288288,33.10882352941176
39.63333333333333,32.8235294117647,20,1411.4017094017095,19.05042735042735,39.633783783783784,32.82411764705882
39.634234234234235,32.537647058823524,2,244.54700854700855,29.82905982905983,39.634684684684686,32.53823529411764
39.634234234234235,32.81882352941176,12,1028.854700854701,26.494301994301992,39.634684684684686,32.819411764705876
39.63513513513514,32.91176470588235,2,141.55555555555554,16.273504273504273,39.63558558558559,32.912352941176465
39.63603603603604,32.92823529411764,2,141.55555555555554,16.273504273504273,39.63648648648649,32.92882352941176
39.63693693693694,32.535294117647055,1,122.27350427350427,29.82905982905983,39.63738738738739,32.53588235294117
39.641441441441444,32.715294117647055,8,1434.4188034188035,18.524572649572647,39.641891891891895,32.71588235294117
39.642342342342346,32.71411764705882,4,717.2094017094017,18.524572649572647,39.6427927927928,32.71470588235294
39.64414414414414,32.712941176470586,4,717.2094017094017,18.524572649572647,39.644594594594594,32.7135294117647
39.645045045045045,32.718823529411765,2,233.16239316239316,26.11111111111111,39.645495495495496,32.71941176470588
39.64594594594595,32.718823529411765,7,1563.0299145299145,12.574481074481074,39.6463963963964,32.71941176470588
39.64774774774775,32.72117647058823,2,484.04700854700855,10.938034188034187,39.6481981981982,32.72176470588235
39.64774774774775,32.94,1,70.77777777777777,16.273504273504273,39.6481981981982,32.940588235294115
39.64954954954955,32.7235294117647,4,717.2094017094017,18.524572649572647,39.65,32.72411764705882
39.64954954954955,32.832941176470584,3,0.0,0.0,39.65,32.8335294117647
39.64954954954955,32.94117647058823,1,70.77777777777777,16.273504273504273,39.65,32.94176470588235
39.65045045045045,33.04235294117647,6,143.14925373134326,21.888059701492537,39.6509009009009,33.042941176470585
39.65135135135135,32.724705882352936,4,717.2094017094017,18.524572649572647,39.6518018018018,32.72529411764705
39.652252252252254,32.802352941176466,5,352.85042735042737,19.05042735042735,39.652702702702705,32.80294117647058
39.652252252252254,32.80470588235294,10,705.7008547008547,19.05042735042735,39.652702702702705,32.80529411764706
39.652252252252254,32.959999999999994,1,70.77777777777777,16.273504273504273,39.652702702702705,32.96058823529411
39.653153153153156,32.339999999999996,2,382.95726495726495,34.34188034188034,39.65360360360361,32.34058823529411
39.653153153153156,32.724705882352936,4,717.2094017094017,18.524572649572647,39.65360360360361,32.72529411764705
39.653153153153156,32.796470588235294,40,2046.5557851766807,13.7043462176298,39.65360360360361,32.79705882352941
39.653153153153156,32.95058823529411,1,70.77777777777777,16.273504273504273,39.65360360360361,32.95117647058823
39.65495495495495,32.345882352941175,1,191.47863247863248,34.34188034188034,39.6554054054054,32.34647058823529
39.65495495495495,32.724705882352936,9,1784.8076923076924,14.756410256410255,39.6554054054054,32.72529411764705
39.65675675675676,32.72705882352941,4,717.2094017094017,18.524572649572647,39.65720720720721,32.72764705882353
39.65855855855856,33.02705882352941,18,1247.0979716800612,17.96411106858868,39.65900900900901,33.027647058823526
39.65945945945946,32.435294117647054,1,49.42786069651741,12.840796019900498,39.65990990990991,32.43588235294117
39.65945945945946,32.72705882352941,4,717.2094017094017,18.524572649572647,39.65990990990991,32.72764705882353
39.65945945945946,32.959999999999994,2,141.55555555555554,16.273504273504273,39.65990990990991,32.96058823529411
39.660360360360364,32.43176470588235,2,98.85572139303483,12.840796019900498,39.660810810810815,32.43235294117647
39.660360360360364,32.83411764705882,3,103.53846153846153,6.94017094017094,39.660810810810815,32.834705882352935
39.66126126126126,33.02117647058823,12,1103.948717948718,16.002136752136753,39.66171171171171,33.02176470588235
39.66216216216216,32.72588235294118,3,594.9358974358975,14.756410256410255,39.66261261261261,32.726470588235294
39.66216216216216,32.72941176470588,4,717.2094017094017,18.524572649572647,39.66261261261261,32.73
39.66306306306306,32.72941176470588,4,717.2094017094017,18.524572649572647,39.663513513513514,32.73
39.66306306306306,32.808235294117644,38,1905.000229621125,13.569127372583774,39.663513513513514,32.80882352941176
39.66306306306306,32.82823529411765,24,826.4275800484755,8.279323468129439,39.663513513513514,32.828823529411764
39.663963963963965,32.730588235294114,4,717.2094017094017,18.524572649572647,39.664414414414416,32.73117647058823
39.663963963963965,32.830588235294115,16,1220.128205128205,21.84188034188034,39.664414414414416,32.83117647058823
39.66486486486487,32.730588235294114,8,1434.4188034188035,18.524572649572647,39.66531531531532,32.73117647058823
39.66486486486487,32.73176470588235,2,283.87179487179486,23.205128205128204,39.66531531531532,32.732352941176465
39.666666666666664,32.73176470588235,1,141.93589743589743,23.205128205128204,39.667117117117115,32.732352941176465
39.66846846846847,32.712941176470586,15,2974.6794871794873,14.756410256410255,39.66891891891892,32.7135294117647
39.66846846846847,32.83764705882353,2,0.0,0.0,39.66891891891892,32.838235294117645
39.67027027027027,33.01764705882353,4,239.25855083556576,17.046416634774843,39.67072072072072,33.018235294117645
39.671171171171174,32.73294117647058,6,1189.871794871795,14.756410256410255,39.671621621621625,32.7335294117647
39.67297297297297,32.83411764705882,1,0.0,0.0,39.67342342342342,32.834705882352935
39.67387387387387,32.67411764705882,1,141.93589743589743,23.205128205128204,39.674324324324324,32.67470588235294
39.67387387387387,32.68,1,141.93589743589743,23.205128205128204,39.674324324324324,32.68058823529412
39.67387387387387,32.68941176470588,2,283.87179487179486,23.205128205128204,39.674324324324324,32.69
39.674774774774775,32.435294117647054,1,49.42786069651741,12.840796019900498,39.675225225225226,32.43588235294117
39.674774774774775,32.73529411764706,2,244.54700854700855,29.82905982905983,39.675225225225226,32.735882352941175
39.67567567567568,32.50588235294117,2,69.38939915805588,10.05073989029213,39.67612612612613,32.50647058823529
39.67567567567568,32.73647058823529,1,141.93589743589743,23.205128205128204,39.67612612612613,32.73705882352941
39.67567567567568,32.81294117647059,40,2046.5557851766807,13.7043462176298,39.67612612612613,32.813529411764705
39.67657657657658,32.50235294117647,1,49.42786069651741,12.840796019900498,39.67702702702703,32.502941176470586
39.67657657657658,32.50588235294117,1,19.96153846153846,7.260683760683761,39.67702702702703,32.50647058823529
39.67747747747748,32.73647058823529,4,717.2094017094017,18.524572649572647,39.67792792792793,32.73705882352941
39.67747747747748,32.830588235294115,25,1361.5384615384614,8.935384615384615,39.67792792792793,32.83117647058823
39.678378378378376,32.50470588235294,1,19.96153846153846,7.260683760683761,39.67882882882883,32.505294117647054
39.678378378378376,32.69647058823529,1,141.93589743589743,23.205128205128204,39.67882882882883,32.69705882352941
39.678378378378376,32.83176470588235,8,478.5171016711315,17.046416634774843,39.67882882882883,32.83235294117647
39.67927927927928,32.699999999999996,5,709.6794871794872,23.205128205128204,39.67972972972973,32.70058823529411
39.67927927927928,32.827058823529406,8,478.5171016711315,17.046416634774843,39.67972972972973,32.82764705882352
39.68018018018018,32.70117647058823,1,141.93589743589743,23.205128205128204,39.68063063063063,32.70176470588235
39.68018018018018,32.85058823529411,4,239.25855083556576,17.046416634774843,39.68063063063063,32.85117647058823
39.68018018018018,32.96941176470588,4,239.25855083556576,17.046416634774843,39.68063063063063,32.97
39.68108108108108,32.81411764705882,38,1905.000229621125,13.569127372583774,39.68153153153153,32.81470588235294
39.68108108108108,32.85176470588235,4,239.25855083556576,17.046416634774843,39.68153153153153,32.85235294117647
39.681981981981984,32.68,1,141.93589743589743,23.205128205128204,39.682432432432435,32.68058823529412
39.681981981981984,32.86,8,478.5171016711315,17.046416634774843,39.682432432432435,32.86058823529412
39.682882882882886,32.81411764705882,2,141.55555555555554,16.273504273504273,39.68333333333334,32.81470588235294
39.68378378378378,32.92588235294117,12,680.7692307692307,9.307692307692308,39.68423423423423,32.92647058823529
39.68468468468468,32.68235294117647,1,141.93589743589743,23.205128205128204,39.685135135135134,32.682941176470585
39.68468468468468,32.739999999999995,9,1576.354700854701,19.04463437796771,39.685135135135134,32.74058823529411
39.68468468468468,32.82588235294117,2,141.55555555555554,16.273504273504273,39.685135135135134,32.82647058823529
39.68468468468468,32.889411764705876,30,2502.4230845771144,16.28061138750691,39.685135135135134,32.88999999999999
39.68648648648649,32.72705882352941,2,110.88888888888889,11.196581196581196,39.68693693693694,32.72764705882353
39.68648648648649,32.81647058823529,46,2383.5173312922566,14.1738733312257,39.68693693693694,32.81705882352941
39.68648648648649,32.82588235294117,7,495.4444444444444,16.273504273504273,39.68693693693694,32.82647058823529
39.68648648648649,32.98705882352941,4,239.25855083556576,17.046416634774843,39.68693693693694,32.987647058823526
39.68738738738739,32.827058823529406,1,70.77777777777777,16.273504273504273,39.68783783783784,32.82764705882352
39.68828828828829,32.91529411764706,3,170.19230769230768,9.307692307692308,39.68873873873874,32.915882352941175
39.68828828828829,32.917647058823526,8,478.5171016711315,17.046416634774843,39.68873873873874,32.91823529411764
39.68918918918919,32.65882352941176,1,141.93589743589743,23.205128205128204,39.689639639639644,32.65941176470588
39.68918918918919,32.92235294117647,8,478.5171016711315,17.046416634774843,39.689639639639644,32.92294117647059
39.68918918918919,32.99882352941176,1,31.40888888888889,14.293333333333333,39.689639639639644,32.999411764705876
39.69009009009009,32.65411764705882,1,141.93589743589743,23.205128205128204,39.69054054054054,32.654705882352935
39.69009009009009,32.663529411764706,1,141.93589743589743,23.205128205128204,39.69054054054054,32.66411764705882
39.69009009009009,32.82470588235294,1,70.77777777777777,16.273504273504273,39.69054054054054,32.825294117647054
39.69099099099099,32.8035294117647,19,902.5129353233831,10.95059385931342,39.69144144144144,32.80411764705882
39.69099099099099,32.81647058823529,56,3003.5899885189438,14.65922347967124,39.69144144144144,32.81705882352941
39.69099099099099,33.010588235294115,2,62.81777777777778,14.293333333333333,39.69144144144144,33.01117647058823
39.69189189189189,32.65411764705882,1,141.93589743589743,23.205128205128204,39.69234234234234,32.654705882352935
39.69189189189189,32.74117647058823,9,1576.354700854701,19.04463437796771,39.69234234234234,32.741764705882346
39.69189189189189,32.86235294117647,2,141.55555555555554,16.273504273504273,39.69234234234234,32.862941176470585
39.69189189189189,32.92941176470588,4,239.25855083556576,17.046416634774843,39.69234234234234,32.93
39.692792792792794,32.904705882352935,7,510.57692307692304,11.967032967032967,39.693243243243245,32.90529411764705
39.692792792792794,32.97411764705882,2,183.991452991453,16.002136752136753,39.693243243243245,32.974705882352936
39.693693693693696,32.83411764705882,6,510.57692307692304,13.961538461538462,39.69414414414415,32.834705882352935
39.69549549549549,32.99058823529411,4,379.2991452991453,30.73931623931624,39.695945945945944,32.99117647058823
39.696396396396395,32.40588235294118,1,49.42786069651741,12.840796019900498,39.696846846846846,32.406470588235294
39.6972972972973,32.743529411764705,5,859.1452991452991,19.460683760683757,39.69774774774775,32.74411764705882
39.6981981981982,32.65411764705882,1,141.93589743589743,23.205128205128204,39.69864864864865,32.654705882352935
39.6981981981982,32.743529411764705,5,859.1452991452991,19.460683760683757,39.69864864864865,32.74411764705882
39.6990990990991,32.357647058823524,3,756.9145299145299,28.988603988603987,39.69954954954955,32.35823529411764
39.7,32.472941176470584,1,49.42786069651741,12.840796019900498,39.700450450450454,32.4735294117647
39.7,32.82,1,70.77777777777777,16.273504273504273,39.700450450450454,32.82058823529412
39.700900900900905,32.36,3,756.9145299145299,28.988603988603987,39.701351351351356,32.36058823529412
39.700900900900905,32.83529411764706,3,170.19230769230768,9.307692307692308,39.701351351351356,32.83588235294118
39.7018018018018,32.357647058823524,3,756.9145299145299,28.988603988603987,39.70225225225225,32.35823529411764
39.7018018018018,32.358823529411765,3,756.9145299145299,28.988603988603987,39.70225225225225,32.35941176470588
39.7027027027027,32.815294117647056,92,4767.034662584513,14.1738733312257,39.70315315315315,32.81588235294117
39.703603603603604,32.35647058823529,3,756.9145299145299,28.988603988603987,39.704054054054055,32.35705882352941
39.703603603603604,32.36,3,756.9145299145299,28.988603988603987,39.704054054054055,32.36058823529412
39.703603603603604,32.36235294117647,3,756.9145299145299,28.988603988603987,39.704054054054055,32.362941176470585
39.704504504504506,32.3635294117647,6,1513.8290598290598,28.988603988603987,39.70495495495496,32.36411764705882
39.704504504504506,32.652941176470584,1,141.93589743589743,23.205128205128204,39.70495495495496,32.6535294117647
39.704504504504506,32.74235294117647,2,110.88888888888889,11.196581196581196,39.70495495495496,32.74294117647059
39.70630630630631,32.60470588235294,1,141.93589743589743,23.205128205128204,39.70675675675676,32.605294117647055
39.70630630630631,32.63411764705882,1,141.93589743589743,23.205128205128204,39.70675675675676,32.63470588235294
39.707207207207205,32.60941176470588,2,283.87179487179486,23.205128205128204,39.707657657657656,32.61
39.707207207207205,32.625882352941176,1,141.93589743589743,23.205128205128204,39.707657657657656,32.62647058823529
39.707207207207205,32.641176470588235,1,141.93589743589743,23.205128205128204,39.707657657657656,32.64176470588235
39.707207207207205,32.64235294117647,2,283.87179487179486,23.205128205128204,39.707657657657656,32.642941176470586
39.707207207207205,32.647058823529406,1,141.93589743589743,23.205128205128204,39.707657657657656,32.64764705882352
39.70810810810811,32.650588235294116,1,141.93589743589743,23.205128205128204,39.70855855855856,32.65117647058823
39.70810810810811,32.652941176470584,2,283.87179487179486,23.205128205128204,39.70855855855856,32.6535294117647
39.70810810810811,32.74705882352941,6,1189.871794871795,14.756410256410255,39.70855855855856,32.747647058823524
39.70900900900901,32.36235294117647,9,2128.6928179614747,26.599594619495115,39.70945945945946,32.362941176470585
39.71081081081081,32.97529411764705,4,239.25855083556576,17.046416634774843,39.711261261261264,32.97588235294117
39.711711711711715,32.361176470588234,6,1010.0988008674576,20.906514436365182,39.712162162162166,32.36176470588235
39.71351351351351,32.81411764705882,48,2525.0728868478122,14.26135795382064,39.71396396396396,32.81470588235294
39.71621621621622,32.3235294117647,2,203.75641025641025,12.816239316239317,39.71666666666667,32.32411764705882
39.71621621621622,32.752941176470586,9,1576.354700854701,19.04463437796771,39.71666666666667,32.7535294117647
39.71891891891892,32.66823529411764,1,141.93589743589743,23.205128205128204,39.71936936936937,32.66882352941176
39.71891891891892,32.97176470588235,1,31.40888888888889,14.293333333333333,39.71936936936937,32.97235294117647
39.72072072072072,32.43058823529412,6,528.3386273759409,17.02812858783008,39.72117117117117,32.431176470588234
39.72072072072072,32.66823529411764,1,141.93589743589743,23.205128205128204,39.72117117117117,32.66882352941176
39.722522522522524,32.35294117647059,1,191.47863247863248,34.34188034188034,39.722972972972975,32.353529411764704
39.722522522522524,32.66941176470588,1,141.93589743589743,23.205128205128204,39.722972972972975,32.669999999999995
39.722522522522524,32.81294117647059,40,2477.3564689373643,16.01922655951014,39.722972972972975,32.813529411764705
39.72342342342343,32.44,5,437.4454649827784,20.392728664370456,39.72387387387388,32.440588235294115
39.72342342342343,32.66941176470588,1,492.1025641025641,56.31196581196581,39.72387387387388,32.669999999999995
39.72432432432433,32.35176470588235,5,997.8210230896798,26.829697665518562,39.72477477477478,32.35235294117647
39.72432432432433,32.67058823529411,1,141.93589743589743,23.205128205128204,39.72477477477478,32.67117647058823
39.72432432432433,32.81058823529411,2,850.0128205128206,37.30555555555556,39.72477477477478,32.81117647058823
39.72522522522522,32.3235294117647,2,203.75641025641025,12.816239316239317,39.725675675675674,32.32411764705882
39.72522522522522,32.35294117647059,5,997.8210230896798,26.829697665518562,39.725675675675674,32.353529411764704
39.72522522522522,32.36,5,818.620168388825,18.21944125526215,39.725675675675674,32.36058823529412
39.72522522522522,32.752941176470586,4,717.2094017094017,18.524572649572647,39.725675675675674,32.7535294117647
39.72522522522522,32.75411764705882,5,859.1452991452991,19.460683760683757,39.725675675675674,32.75470588235294
39.726126126126125,32.35411764705882,5,997.8210230896798,26.829697665518562,39.726576576576576,32.35470588235294
39.726126126126125,32.67058823529411,1,141.93589743589743,23.205128205128204,39.726576576576576,32.67117647058823
39.726126126126125,32.70941176470588,2,634.0384615384615,39.75854700854701,39.726576576576576,32.709999999999994
39.72702702702703,32.81058823529411,19,1238.6782344686821,16.86234374685278,39.72747747747748,32.81117647058823
39.72702702702703,32.811764705882354,21,1238.6782344686821,15.256406247152515,39.72747747747748,32.81235294117647
39.72792792792793,32.36,3,614.8637581324149,21.821575881277372,39.72837837837838,32.36058823529412
39.72792792792793,32.40941176470588,1,112.86324786324786,25.427350427350426,39.72837837837838,32.41
39.72792792792793,32.76,3,594.9358974358975,14.756410256410255,39.72837837837838,32.760588235294115
39.72792792792793,32.81058823529411,21,1023.2778925883404,13.05175830250457,39.72837837837838,32.81117647058823
39.72882882882883,32.35647058823529,1,191.47863247863248,34.34188034188034,39.72927927927928,32.35705882352941
39.72882882882883,32.36941176470588,5,818.620168388825,18.21944125526215,39.72927927927928,32.37
39.72882882882883,32.419999999999995,2,162.2911085597653,19.134073223625464,39.72927927927928,32.42058823529411
39.72882882882883,32.67294117647059,1,141.93589743589743,23.205128205128204,39.72927927927928,32.673529411764704
39.72882882882883,32.82,3,103.53846153846153,6.94017094017094,39.72927927927928,32.82058823529412
39.72882882882883,32.88235294117647,1,70.77777777777777,16.273504273504273,39.72927927927928,32.88294117647059
39.72882882882883,32.96470588235294,1,31.40888888888889,14.293333333333333,39.72927927927928,32.965294117647055
39.72972972972973,32.361176470588234,2,203.75641025641025,12.816239316239317,39.730180180180184,32.36176470588235
39.72972972972973,32.36588235294117,2,203.75641025641025,12.816239316239317,39.730180180180184,32.36647058823529
39.72972972972973,32.37176470588235,5,818.620168388825,18.21944125526215,39.730180180180184,32.372352941176466
39.72972972972973,32.743529411764705,1,191.73504273504273,21.423076923076923,39.730180180180184,32.74411764705882
39.72972972972973,32.74705882352941,1,191.73504273504273,21.423076923076923,39.730180180180184,32.747647058823524
39.72972972972973,33.022352941176464,8,478.5171016711315,17.046416634774843,39.730180180180184,33.02294117647058
39.73063063063063,32.37411764705882,5,818.620168388825,18.21944125526215,39.73108108108108,32.374705882352934
39.73063063063063,32.37529411764706,5,818.620168388825,18.21944125526215,39.73108108108108,32.375882352941176
39.73063063063063,32.538823529411765,1,19.96153846153846,7.260683760683761,39.73108108108108,32.53941176470588
39.73063063063063,32.72941176470588,1,191.73504273504273,21.423076923076923,39.73108108108108,32.73
39.73063063063063,32.80941176470588,48,2525.0728868478122,14.26135795382064,39.73108108108108,32.809999999999995
39.73153153153153,32.96470588235294,1,31.40888888888889,14.293333333333333,39.73198198198198,32.965294117647055
39.73153153153153,33.06823529411764,2,62.81777777777778,14.293333333333333,39.73198198198198,33.06882352941176
39.73243243243243,32.36,6,1189.2996555683123,28.081728111578855,39.73288288288288,32.36058823529412
39.73243243243243,32.37882352941176,8,732.095037632351,15.97515626993239,39.73288288288288,32.37941176470588
39.73243243243243,32.74588235294117,1,191.73504273504273,21.423076923076923,39.73288288288288,32.74647058823529
39.734234234234236,32.54117647058823,2,39.92307692307692,7.260683760683761,39.73468468468469,32.54176470588235
39.734234234234236,32.67647058823529,5,2036.9801438399,38.08443819053575,39.73468468468469,32.67705882352941
39.734234234234236,32.69647058823529,1,492.1025641025641,56.31196581196581,39.73468468468469,32.69705882352941
39.734234234234236,32.718823529411765,6,1435.4553366687512,53.759502466819534,39.73468468468469,32.71941176470588
39.734234234234236,32.7235294117647,3,309.3143110277257,62.2426516572858,39.73468468468469,32.72411764705882
39.734234234234236,32.72705882352941,3,309.3143110277257,62.2426516572858,39.73468468468469,32.72764705882353
39.734234234234236,32.730588235294114,9,3078.0555555555557,41.39981006647673,39.73468468468469,32.73117647058823
39.734234234234236,32.752941176470586,12,1885.6690118824265,29.844138697797234,39.73468468468469,32.7535294117647
39.734234234234236,32.827058823529406,2,142.4241192411924,34.97211799041067,39.73468468468469,32.82764705882352
39.734234234234236,33.012941176470584,1,31.40888888888889,14.293333333333333,39.73468468468469,33.0135294117647
39.73513513513514,32.68941176470588,2,634.0384615384615,39.75854700854701,39.73558558558559,32.69
39.73513513513514,32.743529411764705,6,618.6286220554513,62.2426516572858,39.73558558558559,32.74411764705882
39.73513513513514,32.75176470588235,7,1026.5237127371274,37.26089222430686,39.73558558558559,32.75235294117647
39.73603603603603,32.68235294117647,2,634.0384615384615,39.75854700854701,39.736486486486484,32.682941176470585
39.73603603603603,32.688235294117646,3,1126.1410256410256,45.27635327635327,39.736486486486484,32.68882352941176
39.73603603603603,32.718823529411765,1,141.93589743589743,23.205128205128204,39.736486486486484,32.71941176470588
39.73603603603603,32.739999999999995,3,309.3143110277257,62.2426516572858,39.736486486486484,32.74058823529411
39.73603603603603,32.83176470588235,2,142.4241192411924,34.97211799041067,39.736486486486484,32.83235294117647
39.73603603603603,32.832941176470584,14,2412.146237231603,35.638814437594924,39.736486486486484,32.8335294117647
39.73603603603603,32.83411764705882,5,0.0,0.0,39.736486486486484,32.834705882352935
39.73603603603603,32.85058823529411,2,133.02564102564102,11.551282051282051,39.736486486486484,32.85117647058823
39.736936936936935,32.81058823529411,4,991.5683760683761,26.789529914529915,39.737387387387386,32.81117647058823
39.736936936936935,32.96470588235294,2,62.81777777777778,14.293333333333333,39.737387387387386,32.965294117647055
39.73783783783784,32.36705882352941,2,382.95726495726495,34.34188034188034,39.73828828828829,32.36764705882353
39.73783783783784,32.39411764705882,2,203.75641025641025,12.816239316239317,39.73828828828829,32.39470588235294
39.73783783783784,32.71764705882352,1,191.73504273504273,21.423076923076923,39.73828828828829,32.71823529411764
39.73783783783784,32.83176470588235,2,142.4241192411924,34.97211799041067,39.73828828828829,32.83235294117647
39.73783783783784,32.9635294117647,1,31.40888888888889,14.293333333333333,39.73828828828829,32.96411764705882
39.73873873873874,32.4,1,452.5726495726496,27.196581196581196,39.73918918918919,32.400588235294116
39.73873873873874,32.544705882352936,2,39.92307692307692,7.260683760683761,39.73918918918919,32.54529411764705
39.73873873873874,32.59882352941176,1,470.8034188034188,43.705128205128204,39.73918918918919,32.59941176470588
39.73873873873874,32.72117647058823,1,141.93589743589743,23.205128205128204,39.73918918918919,32.72176470588235
39.73963963963964,32.67411764705882,3,1402.9416823014385,36.968365645194915,39.74009009009009,32.67470588235294
39.74054054054054,32.71764705882352,3,309.3143110277257,62.2426516572858,39.740990990990994,32.71823529411764
39.74054054054054,32.752941176470586,2,122.27350427350427,14.914529914529915,39.740990990990994,32.7535294117647
39.74054054054054,32.82941176470588,2,142.4241192411924,34.97211799041067,39.740990990990994,32.83
39.741441441441445,32.40705882352941,4,366.0475188161755,15.97515626993239,39.741891891891896,32.40764705882353
39.741441441441445,32.82941176470588,2,142.4241192411924,34.97211799041067,39.741891891891896,32.83
39.741441441441445,33.0,1,31.40888888888889,14.293333333333333,39.741891891891896,33.00058823529412
39.74234234234234,32.71647058823529,2,383.47008547008545,21.423076923076923,39.74279279279279,32.717058823529406
39.74234234234234,32.76705882352941,4,717.2094017094017,18.524572649572647,39.74279279279279,32.76764705882353
39.74324324324324,32.410588235294114,4,769.1923076923077,19.564102564102562,39.74369369369369,32.41117647058823
39.74324324324324,32.67058823529411,2,941.6068376068376,43.705128205128204,39.74369369369369,32.67117647058823
39.744144144144144,32.75411764705882,7,1026.5237127371274,37.26089222430686,39.744594594594595,32.75470588235294
39.744144144144144,32.99176470588235,1,31.40888888888889,14.293333333333333,39.744594594594595,32.99235294117647
39.745045045045046,32.41647058823529,2,203.75641025641025,12.816239316239317,39.7454954954955,32.41705882352941
39.745045045045046,32.67058823529411,9,3932.0243902439024,39.73769485558104,39.7454954954955,32.67117647058823
39.745045045045046,32.74705882352941,3,309.3143110277257,62.2426516572858,39.7454954954955,32.747647058823524
39.745045045045046,32.74823529411764,3,309.3143110277257,62.2426516572858,39.7454954954955,32.74882352941176
39.745045045045046,32.75176470588235,3,309.3143110277257,62.2426516572858,39.7454954954955,32.75235294117647
39.745045045045046,32.98941176470588,1,31.40888888888889,14.293333333333333,39.7454954954955,32.989999999999995
39.74594594594595,32.7235294117647,4,451.2502084636231,52.4832707942464,39.7463963963964,32.72411764705882
39.74594594594595,32.75647058823529,8,1434.4188034188035,18.524572649572647,39.7463963963964,32.757058823529405
39.74594594594595,32.75764705882353,2,283.87179487179486,23.205128205128204,39.7463963963964,32.75823529411765
39.74684684684685,32.665882352941175,1,470.8034188034188,43.705128205128204,39.7472972972973,32.66647058823529
39.747747747747745,32.42588235294117,8,1538.3846153846155,19.564102564102562,39.748198198198196,32.42647058823529
39.74864864864865,32.599999999999994,4,1883.2136752136753,43.705128205128204,39.7490990990991,32.60058823529411
39.74864864864865,32.625882352941176,1,470.8034188034188,43.705128205128204,39.7490990990991,32.62647058823529
39.74864864864865,32.662352941176465,8,3790.088492808005,41.80426568688764,39.7490990990991,32.66294117647058
39.74864864864865,32.72117647058823,3,381.0367938294767,37.13826349801959,39.7490990990991,32.72176470588235
39.74864864864865,33.11176470588235,1,31.40888888888889,14.293333333333333,39.7490990990991,33.11235294117647
39.74954954954955,32.4035294117647,2,162.2911085597653,19.134073223625464,39.75,32.40411764705882
39.74954954954955,32.652941176470584,2,941.6068376068376,43.705128205128204,39.75,32.6535294117647
39.74954954954955,32.82,3,170.19230769230768,9.307692307692308,39.75,32.82058823529412
39.75045045045045,32.432941176470585,2,203.75641025641025,12.816239316239317,39.7509009009009,32.4335294117647
39.75045045045045,32.62705882352941,1,470.8034188034188,43.705128205128204,39.7509009009009,32.62764705882353
39.75045045045045,32.66117647058823,2,941.6068376068376,43.705128205128204,39.7509009009009,32.66176470588235
39.75045045045045,32.72588235294118,4,451.2502084636231,52.4832707942464,39.7509009009009,32.726470588235294
39.75045045045045,32.75764705882353,6,618.6286220554513,62.2426516572858,39.7509009009009,32.75823529411765
39.75135135135135,32.43411764705882,4,769.1923076923077,19.564102564102562,39.751801801801804,32.43470588235294
39.75135135135135,32.65764705882353,1,470.8034188034188,43.705128205128204,39.751801801801804,32.658235294117645
39.75135135135135,32.76705882352941,2,850.0128205128206,37.30555555555556,39.751801801801804,32.76764705882353
39.75135135135135,32.81882352941176,2,235.9512195121951,42.618902439024396,39.751801801801804,32.819411764705876
39.75135135135135,32.87294117647058,1,66.51282051282051,11.551282051282051,39.751801801801804,32.8735294117647
39.752252252252255,32.65411764705882,12,5673.302168021681,42.43788652630116,39.752702702702706,32.654705882352935
39.752252252252255,32.76,13,6292.611111111111,21.876068376068375,39.752702702702706,32.760588235294115
39.75315315315316,32.758823529411764,6,1181.3386491557224,24.970762976860538,39.75360360360361,32.75941176470588
39.75405405405405,32.442352941176466,4,769.1923076923077,19.564102564102562,39.7545045045045,32.44294117647058
39.75405405405405,32.53294117647059,2,39.92307692307692,7.260683760683761,39.7545045045045,32.533529411764704
39.75405405405405,32.65764705882353,1,470.8034188034188,43.705128205128204,39.7545045045045,32.658235294117645
39.754954954954954,32.737647058823526,1,191.73504273504273,21.423076923076923,39.755405405405405,32.73823529411764
39.754954954954954,32.76,4,928.2584948926412,37.863143631436316,39.755405405405405,32.760588235294115
39.754954954954954,32.817647058823525,6,520.7994579945799,37.52104613994858,39.755405405405405,32.81823529411764
39.754954954954954,32.86588235294117,2,133.02564102564102,11.551282051282051,39.755405405405405,32.86647058823529
39.755855855855856,32.74470588235294,2,383.47008547008545,21.423076923076923,39.75630630630631,32.745294117647056
39.755855855855856,32.815294117647056,2,235.9512195121951,42.618902439024396,39.75630630630631,32.81588235294117
39.75675675675676,32.76117647058823,16,2813.9275067750677,31.848889931207005,39.75720720720721,32.76176470588235
39.75765765765766,32.495294117647056,1,0.0,0.0,39.75810810810811,32.49588235294117
39.75765765765766,32.86235294117647,2,133.02564102564102,11.551282051282051,39.75810810810811,32.862941176470585
39.75945945945946,32.65176470588235,2,941.6068376068376,43.705128205128204,39.75990990990991,32.65235294117647
39.75945945945946,32.80705882352941,120,6932.543921418548,17.19953214695752,39.75990990990991,32.80764705882353
39.76036036036036,32.72941176470588,4,451.2502084636231,52.4832707942464,39.76081081081081,32.73
39.76036036036036,32.80705882352941,15,0.0,0.0,39.76081081081081,32.80764705882353
39.76036036036036,32.81294117647059,8,756.750677506775,38.79551021471753,39.76081081081081,32.813529411764705
39.76126126126126,32.65882352941176,10,4731.695330414843,42.18443819053575,39.76171171171171,32.65941176470588
39.76126126126126,32.74941176470588,4,451.2502084636231,52.4832707942464,39.76171171171171,32.75
39.76126126126126,32.7635294117647,17,2659.1125703564726,36.504935682840994,39.76171171171171,32.76411764705882
39.76126126126126,32.779999999999994,9,1784.8076923076924,14.756410256410255,39.76171171171171,32.78058823529411
39.76126126126126,32.80705882352941,10,0.0,0.0,39.76171171171171,32.80764705882353
39.76126126126126,32.808235294117644,36,1103.948717948718,5.334045584045585,39.76171171171171,32.80882352941176
39.76126126126126,32.858823529411765,2,133.02564102564102,11.551282051282051,39.76171171171171,32.85941176470588
39.76216216216216,32.6435294117647,1,470.8034188034188,43.705128205128204,39.762612612612614,32.64411764705882
39.76216216216216,32.64588235294117,7,3295.6239316239316,43.70512820512821,39.762612612612614,32.64647058823529
39.76216216216216,32.66823529411764,10,4731.695330414843,42.18443819053575,39.762612612612614,32.66882352941176
39.76216216216216,32.74117647058823,2,984.2051282051282,56.31196581196581,39.762612612612614,32.741764705882346
39.76216216216216,32.74235294117647,10,1150.5379924953095,61.62691265374192,39.762612612612614,32.74294117647059
39.76216216216216,32.81411764705882,137,62689.27204013466,29.783999787565488,39.762612612612614,32.81470588235294
39.76216216216216,32.81882352941176,5,2035.363247863248,34.072649572649574,39.762612612612614,32.819411764705876
39.763063063063065,32.389411764705876,1,191.47863247863248,34.34188034188034,39.763513513513516,32.38999999999999
39.763063063063065,32.66117647058823,10,4731.695330414843,42.18443819053575,39.763513513513516,32.66176470588235
39.763063063063065,32.73647058823529,4,451.2502084636231,52.4832707942464,39.763513513513516,32.73705882352941
39.763063063063065,32.843529411764706,1,70.77777777777777,16.273504273504273,39.763513513513516,32.84411764705882
39.76396396396397,32.805882352941175,55,4065.08547008547,18.83682983682984,39.76441441441442,32.80647058823529
39.76396396396397,32.821176470588235,1,392.482905982906,22.055555555555557,39.76441441441442,32.82176470588235
39.76486486486487,32.743529411764705,2,784.965811965812,22.055555555555557,39.76531531531532,32.74411764705882
39.76486486486487,32.81411764705882,4,700.0804669585158,40.241023035230356,39.76531531531532,32.81470588235294
39.76486486486487,32.82,6,2657.641025641026,40.53846153846154,39.76531531531532,32.82058823529412
39.76486486486487,32.855294117647055,2,133.02564102564102,11.551282051282051,39.76531531531532,32.85588235294117
39.765765765765764,32.74588235294117,2,143.29268292682926,53.670731707317074,39.766216216216215,32.74647058823529
39.765765765765764,32.81058823529411,4,700.0804669585158,40.241023035230356,39.766216216216215,32.81117647058823
39.766666666666666,32.72941176470588,3,309.3143110277257,62.2426516572858,39.76711711711712,32.73
39.766666666666666,32.76941176470588,2,283.87179487179486,23.205128205128204,39.76711711711712,32.769999999999996
39.766666666666666,32.817647058823525,2,464.1292474463206,37.863143631436316,39.76711711711712,32.81823529411764
39.766666666666666,32.82235294117647,2,464.1292474463206,37.863143631436316,39.76711711711712,32.822941176470586
39.76756756756757,32.40941176470588,1,49.42786069651741,12.840796019900498,39.76801801801802,32.41
39.76756756756757,32.52823529411764,4,79.84615384615384,7.260683760683761,39.76801801801802,32.52882352941176
39.76756756756757,32.65764705882353,1,492.1025641025641,56.31196581196581,39.76801801801802,32.658235294117645
39.76756756756757,32.67411764705882,4,1968.4102564102564,56.31196581196581,39.76801801801802,32.67470588235294
39.76756756756757,32.728235294117646,3,309.3143110277257,62.2426516572858,39.76801801801802,32.72882352941176
39.76756756756757,32.74117647058823,2,333.6709401709402,22.314102564102562,39.76801801801802,32.741764705882346
39.76756756756757,32.764705882352935,8,1168.4596101730249,35.50392172190953,39.76801801801802,32.76529411764705
39.76756756756757,32.808235294117644,4,700.0804669585158,40.241023035230356,39.76801801801802,32.80882352941176
39.76756756756757,32.815294117647056,37,20447.500515191794,32.08189137626933,39.76801801801802,32.81588235294117
39.76846846846847,32.476470588235294,4,769.1923076923077,19.564102564102562,39.76891891891892,32.47705882352941
39.76846846846847,32.650588235294116,2,941.6068376068376,43.705128205128204,39.76891891891892,32.65117647058823
39.76846846846847,32.74588235294117,1,392.482905982906,22.055555555555557,39.76891891891892,32.74647058823529
39.76846846846847,32.74941176470588,2,464.1292474463206,37.863143631436316,39.76891891891892,32.75
39.76846846846847,32.76941176470588,17,2870.417031478007,38.27717078075758,39.76891891891892,32.769999999999996
39.76846846846847,32.81411764705882,37,19878.08830373634,31.61943585067313,39.76891891891892,32.81470588235294
39.76936936936937,32.73176470588235,3,309.3143110277257,62.2426516572858,39.76981981981982,32.732352941176465
39.76936936936937,32.75058823529412,2,464.1292474463206,37.863143631436316,39.76981981981982,32.751176470588234
39.76936936936937,32.85176470588235,2,133.02564102564102,11.551282051282051,39.76981981981982,32.85235294117647
39.770270270270274,32.656470588235294,3,1476.3076923076924,56.31196581196581,39.770720720720725,32.65705882352941
39.770270270270274,32.69529411764706,1,492.1025641025641,56.31196581196581,39.770720720720725,32.695882352941176
39.770270270270274,32.72235294117647,3,309.3143110277257,62.2426516572858,39.770720720720725,32.722941176470584
39.770270270270274,32.72941176470588,3,309.3143110277257,62.2426516572858,39.770720720720725,32.73
39.770270270270274,32.765882352941176,2,117.57926829268294,82.65243902439025,39.770720720720725,32.76647058823529
39.770270270270274,32.81294117647059,2,464.1292474463206,37.863143631436316,39.770720720720725,32.813529411764705
39.770270270270274,32.82235294117647,2,464.1292474463206,37.863143631436316,39.770720720720725,32.822941176470586
39.770270270270274,32.995294117647056,2,62.81777777777778,14.293333333333333,39.770720720720725,32.99588235294117
39.77117117117117,32.408235294117645,1,49.42786069651741,12.840796019900498,39.77162162162162,32.40882352941176
39.77117117117117,32.66823529411764,7,2763.579945799458,36.19571756157122,39.77162162162162,32.66882352941176
39.77117117117117,32.72235294117647,3,309.3143110277257,62.2426516572858,39.77162162162162,32.722941176470584
39.77117117117117,32.758823529411764,4,928.2584948926412,37.863143631436316,39.77162162162162,32.75941176470588
39.77117117117117,32.77058823529411,6,1050.8803418803418,19.78774928774929,39.77162162162162,32.77117647058823
39.77117117117117,32.808235294117644,2,464.1292474463206,37.863143631436316,39.77162162162162,32.80882352941176
39.77207207207207,32.61058823529412,1,46.73134328358209,11.368159203980099,39.77252252252252,32.611176470588234
39.77207207207207,32.66470588235294,1,492.1025641025641,56.31196581196581,39.77252252252252,32.66529411764706
39.77207207207207,32.81647058823529,37,20447.500515191794,32.08189137626933,39.77252252252252,32.81705882352941
39.77297297297297,32.60588235294117,2,93.46268656716418,11.368159203980099,39.773423423423424,32.60647058823529
39.77297297297297,32.82470588235294,2,464.1292474463206,37.863143631436316,39.773423423423424,32.825294117647054
39.77297297297297,32.84705882352941,2,133.02564102564102,11.551282051282051,39.773423423423424,32.847647058823526
39.773873873873875,32.67058823529411,5,2365.8476652074214,42.18443819053575,39.774324324324326,32.67117647058823
39.773873873873875,32.68,5,2365.8476652074214,42.18443819053575,39.774324324324326,32.68058823529412
39.773873873873875,32.690588235294115,1,492.1025641025641,56.31196581196581,39.774324324324326,32.69117647058823
39.773873873873875,32.734117647058824,3,309.3143110277257,62.2426516572858,39.774324324324326,32.73470588235294
39.773873873873875,32.74470588235294,4,581.7085157390036,60.25779132791328,39.774324324324326,32.745294117647056
39.773873873873875,32.74823529411764,4,581.7085157390036,60.25779132791328,39.774324324324326,32.74882352941176
39.773873873873875,32.755294117647054,4,581.7085157390036,60.25779132791328,39.774324324324326,32.75588235294117
39.773873873873875,32.764705882352935,4,581.7085157390036,60.25779132791328,39.774324324324326,32.76529411764705
39.773873873873875,32.765882352941176,4,581.7085157390036,60.25779132791328,39.774324324324326,32.76647058823529
39.773873873873875,32.768235294117645,4,581.7085157390036,60.25779132791328,39.774324324324326,32.76882352941176
39.773873873873875,32.80941176470588,2,464.1292474463206,37.863143631436316,39.774324324324326,32.809999999999995
39.773873873873875,32.81294117647059,3,170.19230769230768,9.307692307692308,39.774324324324326,32.813529411764705
39.773873873873875,32.815294117647056,37,19878.08830373634,31.61943585067313,39.774324324324326,32.81588235294117
39.77477477477478,32.808235294117644,1,70.77777777777777,16.273504273504273,39.77522522522523,32.80882352941176
39.77477477477478,32.82470588235294,2,464.1292474463206,37.863143631436316,39.77522522522523,32.825294117647054
39.77567567567568,32.77647058823529,16,2683.4691994996874,29.905259797790286,39.77612612612613,32.77705882352941
39.77567567567568,32.811764705882354,2,464.1292474463206,37.863143631436316,39.77612612612613,32.81235294117647
39.77567567567568,32.81647058823529,76,40648.87087021019,32.083001075734806,39.77612612612613,32.81705882352941
39.77567567567568,32.843529411764706,2,133.02564102564102,11.551282051282051,39.77612612612613,32.84411764705882
39.777477477477476,32.404705882352935,8,1538.3846153846155,19.564102564102562,39.77792792792793,32.40529411764705
39.777477477477476,32.43764705882353,3,574.4358974358975,34.34188034188034,39.77792792792793,32.438235294117646
39.777477477477476,32.66470588235294,1,492.1025641025641,56.31196581196581,39.77792792792793,32.66529411764706
39.777477477477476,32.75647058823529,3,856.6121534292266,32.59394760614273,39.77792792792793,32.757058823529405
39.77837837837838,32.67411764705882,5,2365.8476652074214,42.18443819053575,39.77882882882883,32.67470588235294
39.77837837837838,32.67882352941176,5,2365.8476652074214,42.18443819053575,39.77882882882883,32.679411764705875
39.77837837837838,32.781176470588235,16,2683.4691994996874,29.905259797790286,39.77882882882883,32.78176470588235
39.77837837837838,32.81411764705882,76,40648.87087021019,32.083001075734806,39.77882882882883,32.81470588235294
39.77837837837838,32.81647058823529,7,16806.10889100971,64.6847965259243,39.77882882882883,32.81705882352941
39.77837837837838,32.82,2,4586.522522522522,69.15315315315316,39.77882882882883,32.82058823529412
39.77837837837838,32.821176470588235,5,12219.586368487186,62.89745387503275,39.77882882882883,32.82176470588235
39.77837837837838,32.839999999999996,2,133.02564102564102,11.551282051282051,39.77882882882883,32.84058823529411
39.77927927927928,32.737647058823526,6,618.6286220554513,62.2426516572858,39.77972972972973,32.73823529411764
39.77927927927928,32.73882352941176,4,451.2502084636231,52.4832707942464,39.77972972972973,32.73941176470588
39.77927927927928,32.802352941176466,8,12680.602993461127,53.47336046468263,39.77972972972973,32.80294117647058
39.77927927927928,32.80705882352941,2,141.55555555555554,16.273504273504273,39.77972972972973,32.80764705882353
39.77927927927928,32.84470588235294,2,133.02564102564102,11.551282051282051,39.77972972972973,32.84529411764706
39.77927927927928,33.037647058823524,1,31.40888888888889,14.293333333333333,39.77972972972973,33.03823529411764
39.78018018018018,32.44117647058823,1,191.47863247863248,34.34188034188034,39.78063063063063,32.44176470588235
39.78018018018018,32.764705882352935,2,464.1292474463206,37.863143631436316,39.78063063063063,32.76529411764705
39.78108108108108,32.38470588235294,2,382.95726495726495,34.34188034188034,39.781531531531535,32.38529411764706
39.78108108108108,32.445882352941176,1,191.47863247863248,34.34188034188034,39.781531531531535,32.44647058823529
39.78108108108108,32.523529411764706,2,39.92307692307692,7.260683760683761,39.781531531531535,32.52411764705882
39.78108108108108,32.59882352941176,4,186.92537313432837,11.368159203980099,39.781531531531535,32.59941176470588
39.78108108108108,32.76705882352941,4,581.7085157390036,60.25779132791328,39.781531531531535,32.76764705882353
39.78108108108108,32.77058823529411,4,581.7085157390036,60.25779132791328,39.781531531531535,32.77117647058823
39.78108108108108,32.77882352941176,3,189.22560975609755,72.99186991869918,39.781531531531535,32.77941176470588
39.78108108108108,32.78470588235294,22,3936.702105482593,35.99847916311331,39.781531531531535,32.785294117647055
39.78108108108108,32.821176470588235,7,16806.10889100971,64.6847965259243,39.781531531531535,32.82176470588235
39.78108108108108,32.82823529411765,9,16530.464000340427,53.43831054577307,39.781531531531535,32.828823529411764
39.781981981981986,32.4,3,574.4358974358975,34.34188034188034,39.78243243243244,32.400588235294116
39.781981981981986,32.41882352941176,1,191.47863247863248,34.34188034188034,39.78243243243244,32.41941176470588
39.781981981981986,32.510588235294115,8,1538.3846153846155,19.564102564102562,39.78243243243244,32.51117647058823
39.781981981981986,32.764705882352935,4,581.7085157390036,60.25779132791328,39.78243243243244,32.76529411764705
39.781981981981986,32.77294117647059,4,581.7085157390036,60.25779132791328,39.78243243243244,32.773529411764706
39.781981981981986,32.77529411764706,2,728.2451011048572,29.14058265582656,39.78243243243244,32.775882352941174
39.781981981981986,32.779999999999994,2,728.2451011048572,29.14058265582656,39.78243243243244,32.78058823529411
39.781981981981986,32.82235294117647,9,16530.464000340427,53.43831054577307,39.78243243243244,32.822941176470586
39.781981981981986,32.83411764705882,9,16530.464000340427,53.43831054577307,39.78243243243244,32.834705882352935
39.78288288288288,32.38823529411764,4,765.9145299145299,34.34188034188034,39.78333333333333,32.38882352941176
39.78288288288288,32.42941176470588,1,191.47863247863248,34.34188034188034,39.78333333333333,32.43
39.78288288288288,32.43176470588235,1,191.47863247863248,34.34188034188034,39.78333333333333,32.43235294117647
39.78288288288288,32.67882352941176,10,4731.695330414843,42.18443819053575,39.78333333333333,32.679411764705875
39.78288288288288,32.77647058823529,2,671.5243902439024,36.22560975609756,39.78333333333333,32.77705882352941
39.78288288288288,32.80470588235294,8,510.57692307692304,10.471153846153847,39.78333333333333,32.80529411764706
39.78288288288288,32.81882352941176,7,16806.10889100971,64.6847965259243,39.78333333333333,32.819411764705876
39.78378378378378,32.45529411764706,4,765.9145299145299,34.34188034188034,39.78423423423423,32.455882352941174
39.78378378378378,32.81058823529411,35,20609.14154083282,35.07741337432721,39.78423423423423,32.81117647058823
39.78378378378378,32.81411764705882,35,20609.14154083282,35.07741337432721,39.78423423423423,32.81470588235294
39.78378378378378,32.830588235294115,18,16721.459726836154,29.150779204510464,39.78423423423423,32.83117647058823
39.784684684684684,32.42235294117647,1,191.47863247863248,34.34188034188034,39.785135135135135,32.42294117647059
39.784684684684684,32.69529411764706,1,540.6666666666666,60.452991452991455,39.785135135135135,32.695882352941176
39.784684684684684,32.80705882352941,35,20609.14154083282,35.07741337432721,39.785135135135135,32.80764705882353
39.784684684684684,32.808235294117644,4,9777.122953853039,55.5318783194007,39.785135135135135,32.80882352941176
39.784684684684684,32.827058823529406,18,16721.459726836154,29.150779204510464,39.785135135135135,32.82764705882352
39.785585585585586,32.42705882352941,1,191.47863247863248,34.34188034188034,39.78603603603604,32.427647058823524
39.785585585585586,32.51529411764706,8,1538.3846153846155,19.564102564102562,39.78603603603604,32.515882352941176
39.785585585585586,32.68588235294117,12,6699.5158432353555,44.46210305051769,39.78603603603604,32.68647058823529
39.785585585585586,32.78941176470588,22,3936.702105482593,35.99847916311331,39.78603603603604,32.79
39.785585585585586,32.80705882352941,6,10274.526174616016,49.838768368864585,39.78603603603604,32.80764705882353
39.785585585585586,32.81058823529411,9,16530.464000340427,53.43831054577307,39.78603603603604,32.81117647058823
39.785585585585586,32.81411764705882,9,16530.464000340427,53.43831054577307,39.78603603603604,32.81470588235294
39.785585585585586,32.817647058823525,9,16530.464000340427,53.43831054577307,39.78603603603604,32.81823529411764
39.785585585585586,32.8235294117647,10,6877.823952470294,29.103523035230353,39.78603603603604,32.82411764705882
39.78648648648649,32.385882352941174,1,191.47863247863248,34.34188034188034,39.78693693693694,32.38647058823529
39.78648648648649,32.80941176470588,8,19554.245907706078,55.5318783194007,39.78693693693694,32.809999999999995
39.78648648648649,32.83529411764706,13,10391.916108281961,37.94205913952631,39.78693693693694,32.83588235294118
39.78648648648649,32.83764705882353,12,10333.946022811877,39.38167517893128,39.78693693693694,32.838235294117645
39.78648648648649,32.842352941176465,8,10172.304997170851,53.98757687096102,39.78693693693694,32.84294117647058
39.78738738738739,32.599999999999994,2,93.46268656716418,11.368159203980099,39.78783783783784,32.60058823529411
39.78738738738739,32.808235294117644,23,17333.77513475684,32.40017311544353,39.78783783783784,32.80882352941176
39.78738738738739,32.80941176470588,9,10212.803091217724,43.43118963240915,39.78783783783784,32.809999999999995
39.78738738738739,32.82,8,9843.63577436586,29.209849416110604,39.78783783783784,32.82058823529412
39.78738738738739,32.821176470588235,18,16721.459726836154,29.150779204510464,39.78783783783784,32.82176470588235
39.78828828828829,32.379999999999995,1,191.47863247863248,34.34188034188034,39.78873873873874,32.38058823529411
39.78828828828829,32.4035294117647,1,191.47863247863248,34.34188034188034,39.78873873873874,32.40411764705882
39.78828828828829,32.805882352941175,1,57.97008547008547,20.666666666666668,39.78873873873874,32.80647058823529
39.78828828828829,32.80705882352941,51,9615.947187110103,27.245163968505583,39.78873873873874,32.80764705882353
39.78828828828829,32.80941176470588,62,47523.547732767314,35.84866543233601,39.78873873873874,32.809999999999995
39.78828828828829,32.81411764705882,14,16663.489641366068,36.00338278675155,39.78873873873874,32.81470588235294
39.78918918918919,32.69411764705882,10,4731.695330414843,42.18443819053575,39.78963963963964,32.694705882352935
39.78918918918919,32.79176470588235,39,6572.643527204503,37.76926818577851,39.78963963963964,32.79235294117647
39.78918918918919,32.80470588235294,89,25688.895885360467,25.342107512631383,39.78963963963964,32.80529411764706
39.78918918918919,32.805882352941175,5,1298.1923076923076,18.004273504273506,39.78963963963964,32.80647058823529
39.78918918918919,32.80705882352941,5,6753.341046487388,51.76345632687096,39.78963963963964,32.80764705882353
39.78918918918919,32.81058823529411,2,133.02564102564102,11.551282051282051,39.78963963963964,32.81117647058823
39.78918918918919,32.815294117647056,11,16663.489641366068,45.822487183138335,39.78963963963964,32.81588235294117
39.78918918918919,32.83764705882353,8,10290.933827689925,57.17617130498228,39.78963963963964,32.838235294117645
39.78918918918919,32.845882352941175,1,43.01219512195122,15.170731707317072,39.78963963963964,32.84647058823529
39.78918918918919,32.85058823529411,1,161.64102564102564,40.67948717948718,39.78963963963964,32.85117647058823
39.78918918918919,32.85176470588235,1,43.01219512195122,15.170731707317072,39.78963963963964,32.85235294117647
39.79009009009009,32.805882352941175,3,0.0,0.0,39.79054054054054,32.80647058823529
39.79009009009009,32.811764705882354,9,16530.464000340427,53.43831054577307,39.79054054054054,32.81235294117647
39.79009009009009,32.82470588235294,6,2014.5731707317073,36.22560975609756,39.79054054054054,32.825294117647054
39.79009009009009,32.82588235294117,52,41567.66443312785,37.94205913952631,39.79054054054054,32.82647058823529
39.79009009009009,32.827058823529406,48,41335.78409124751,39.38167517893128,39.79054054054054,32.82764705882352
39.79009009009009,32.842352941176465,4,5364.7606763155545,57.28095684803002,39.79054054054054,32.84294117647058
39.79099099099099,32.70941176470588,4,9793.412393162393,59.351282051282055,39.79144144144144,32.709999999999994
39.79099099099099,32.8035294117647,1,484.04700854700855,21.876068376068375,39.79144144144144,32.80411764705882
39.79099099099099,32.80705882352941,5,6753.341046487388,51.76345632687096,39.79144144144144,32.80764705882353
39.79099099099099,32.84470588235294,5,5261.935346496322,52.902230560767144,39.79144144144144,32.84529411764706
39.79099099099099,32.845882352941175,9,10626.696022811877,54.84833113288398,39.79144144144144,32.84647058823529
39.79099099099099,32.85411764705882,1,43.01219512195122,15.170731707317072,39.79144144144144,32.85470588235294
39.79099099099099,32.86235294117647,1,43.01219512195122,15.170731707317072,39.79144144144144,32.862941176470585
39.79099099099099,32.88705882352941,2,86.02439024390245,15.170731707317072,39.79144144144144,32.887647058823525
39.79189189189189,32.45529411764706,2,382.95726495726495,34.34188034188034,39.792342342342344,32.455882352941174
39.79189189189189,32.80470588235294,3,407.0726495726496,11.357549857549857,39.792342342342344,32.80529411764706
39.79189189189189,32.805882352941175,4,0.0,0.0,39.792342342342344,32.80647058823529
39.79189189189189,32.811764705882354,17,10846.307133922986,32.64594906130057,39.792342342342344,32.81235294117647
39.79189189189189,32.83882352941176,26,31544.32587331368,55.56458964737577,39.792342342342344,32.83941176470588
39.79189189189189,32.84823529411764,9,10626.696022811877,54.84833113288398,39.792342342342344,32.84882352941176
39.79189189189189,32.85058823529411,4,5364.7606763155545,57.28095684803002,39.792342342342344,32.85117647058823
39.79189189189189,32.85411764705882,14,15888.6313693082,54.15329521427083,39.792342342342344,32.85470588235294
39.792792792792795,32.38823529411764,4,765.9145299145299,34.34188034188034,39.793243243243246,32.38882352941176
39.792792792792795,32.601176470588236,1,46.73134328358209,11.368159203980099,39.793243243243246,32.60176470588235
39.792792792792795,32.79411764705882,25,4543.022618303106,33.74686679174484,39.793243243243246,32.794705882352936
39.792792792792795,32.802352941176466,1,191.73504273504273,21.423076923076923,39.793243243243246,32.80294117647058
39.792792792792795,32.80705882352941,13,7864.319678966021,27.17200654255063,39.793243243243246,32.80764705882353
39.792792792792795,32.81058823529411,2,86.02439024390245,15.170731707317072,39.793243243243246,32.81117647058823
39.792792792792795,32.815294117647056,17,10846.307133922986,32.64594906130057,39.793243243243246,32.81588235294117
39.792792792792795,32.82235294117647,26,27139.513473225266,37.881093000374115,39.793243243243246,32.822941176470586
39.792792792792795,32.84470588235294,14,15888.6313693082,54.15329521427083,39.793243243243246,32.84529411764706
39.792792792792795,32.84705882352941,18,21253.392045623754,54.84833113288398,39.793243243243246,32.847647058823526
39.7936936936937,32.40588235294118,2,382.95726495726495,34.34188034188034,39.79414414414415,32.406470588235294
39.7936936936937,32.41294117647058,2,98.85572139303483,12.840796019900498,39.79414414414415,32.4135294117647
39.7936936936937,32.70705882352941,9,13081.200229309985,55.32839158733468,39.79414414414415,32.707647058823525
39.7936936936937,32.802352941176466,2,0.0,0.0,39.79414414414415,32.80294117647058
39.7936936936937,32.805882352941175,1,484.04700854700855,21.876068376068375,39.79414414414415,32.80647058823529
39.7936936936937,32.81647058823529,8,9879.55499717085,51.35571711486346,39.79414414414415,32.81705882352941
39.7936936936937,32.85294117647059,9,10626.696022811877,54.84833113288398,39.79414414414415,32.853529411764704
39.79459459459459,32.71176470588235,4,9793.412393162393,59.351282051282055,39.79504504504504,32.71235294117647
39.79459459459459,32.805882352941175,5,484.04700854700855,4.375213675213675,39.79504504504504,32.80647058823529
39.79459459459459,32.808235294117644,1,43.01219512195122,15.170731707317072,39.79504504504504,32.80882352941176
39.79459459459459,32.83764705882353,9,10626.696022811877,54.84833113288398,39.79504504504504,32.838235294117645
39.795495495495494,32.38235294117647,1,191.47863247863248,34.34188034188034,39.795945945945945,32.38294117647059
39.795495495495494,32.42823529411764,1,191.47863247863248,34.34188034188034,39.795945945945945,32.42882352941176
39.795495495495494,32.559999999999995,1,19.96153846153846,7.260683760683761,39.795945945945945,32.56058823529411
39.795495495495494,32.60235294117647,2,93.46268656716418,11.368159203980099,39.795945945945945,32.60294117647059
39.795495495495494,32.69529411764706,20,9463.390660829686,42.18443819053575,39.795945945945945,32.695882352941176
39.795495495495494,32.70705882352941,3,1811.7750156347718,49.46266763949691,39.795945945945945,32.707647058823525
39.795495495495494,32.70823529411764,7,11605.187408797165,55.113304446231275,39.795945945945945,32.70882352941176
39.795495495495494,32.7235294117647,1,540.6666666666666,60.452991452991455,39.795945945945945,32.72411764705882
39.795495495495494,32.72705882352941,1,540.6666666666666,60.452991452991455,39.795945945945945,32.72764705882353
39.795495495495494,32.8,19,4696.245726495727,31.27212731641486,39.795945945945945,32.800588235294114
39.795495495495494,32.8035294117647,1,484.04700854700855,21.876068376068375,39.795945945945945,32.80411764705882
39.795495495495494,32.81058823529411,1,43.01219512195122,15.170731707317072,39.795945945945945,32.81117647058823
39.795495495495494,32.84823529411764,18,21253.392045623754,54.84833113288398,39.795945945945945,32.84882352941176
39.796396396396396,32.45058823529411,16,3076.769230769231,19.564102564102562,39.79684684684685,32.45117647058823
39.796396396396396,32.69294117647058,14,14525.107723577235,47.08925072217755,39.79684684684685,32.6935294117647
39.796396396396396,32.80117647058823,4,6599.996621873608,47.77501302768421,39.79684684684685,32.80176470588235
39.796396396396396,32.815294117647056,4,5072.010676315554,52.0172373358349,39.79684684684685,32.81588235294117
39.796396396396396,32.857647058823524,1,43.01219512195122,15.170731707317072,39.79684684684685,32.85823529411764
39.7972972972973,32.45882352941176,1,191.47863247863248,34.34188034188034,39.79774774774775,32.45941176470588
39.7972972972973,32.55176470588235,1,19.96153846153846,7.260683760683761,39.79774774774775,32.552352941176466
39.7972972972973,32.802352941176466,66,30959.24922620333,29.834845699515466,39.79774774774775,32.80294117647058
39.7972972972973,32.805882352941175,13,7864.319678966021,27.17200654255063,39.79774774774775,32.80647058823529
39.7972972972973,32.815294117647056,4,4807.544320855297,50.69419689389201,39.79774774774775,32.81588235294117
39.7981981981982,32.60470588235294,1,46.73134328358209,11.368159203980099,39.79864864864865,32.605294117647055
39.7981981981982,32.81058823529411,2,86.02439024390245,15.170731707317072,39.79864864864865,32.81117647058823
39.7981981981982,32.88705882352941,1,43.01219512195122,15.170731707317072,39.79864864864865,32.887647058823525
39.7990990990991,32.60235294117647,1,46.73134328358209,11.368159203980099,39.79954954954955,32.60294117647059
39.7990990990991,32.80117647058823,21,14131.188999111426,33.380272885832646,39.79954954954955,32.80176470588235
39.7990990990991,32.80470588235294,7,891.1196581196582,7.992673992673993,39.79954954954955,32.80529411764706
39.8,32.81058823529411,6,9793.530606926948,63.41737891737892,39.80045045045045,32.81117647058823
39.8009009009009,32.80117647058823,10,13144.732240907448,50.35131709803336,39.80135135135135,32.80176470588235
39.8009009009009,32.805882352941175,13,7864.319678966021,27.17200654255063,39.80135135135135,32.80647058823529
39.8018018018018,32.69647058823529,10,4731.695330414843,42.18443819053575,39.80225225225225,32.69705882352941
39.8018018018018,32.70941176470588,10,13416.962424431937,53.41811340421096,39.80225225225225,32.709999999999994
39.8018018018018,32.80705882352941,6,9793.530606926948,63.41737891737892,39.80225225225225,32.80764705882353
39.8018018018018,32.861176470588234,2,86.02439024390245,15.170731707317072,39.80225225225225,32.86176470588235
39.8027027027027,32.38705882352941,1,191.47863247863248,34.34188034188034,39.803153153153154,32.387647058823525
39.8027027027027,32.410588235294114,2,98.85572139303483,12.840796019900498,39.803153153153154,32.41117647058823
39.8027027027027,32.836470588235294,4,5364.7606763155545,57.28095684803002,39.803153153153154,32.83705882352941
39.803603603603605,32.41647058823529,2,98.85572139303483,12.840796019900498,39.804054054054056,32.41705882352941
39.803603603603605,32.70470588235294,11,14400.872680842192,53.639232853867,39.804054054054056,32.70529411764706
39.803603603603605,32.71058823529412,4,9793.412393162393,59.351282051282055,39.804054054054056,32.711176470588235
39.803603603603605,32.80117647058823,7,5540.49358229846,47.91587003782126,39.804054054054056,32.80176470588235
39.803603603603605,32.8035294117647,12,19799.989865620824,47.7750130276842,39.804054054054056,32.80411764705882
39.80450450450451,32.37882352941176,2,382.95726495726495,34.34188034188034,39.80495495495496,32.37941176470588
39.80450450450451,32.53647058823529,2,39.92307692307692,7.260683760683761,39.80495495495496,32.53705882352941
39.80540540540541,32.38823529411764,1,191.47863247863248,34.34188034188034,39.80585585585586,32.38882352941176
39.80540540540541,32.45411764705882,1,191.47863247863248,34.34188034188034,39.80585585585586,32.45470588235294
39.80540540540541,32.802352941176466,6,5210.1007847166375,52.30161211868529,39.80585585585586,32.80294117647058
39.80540540540541,32.805882352941175,13,7864.319678966021,27.17200654255063,39.80585585585586,32.80647058823529
39.806306306306304,32.383529411764705,1,191.47863247863248,34.34188034188034,39.806756756756755,32.38411764705882
39.806306306306304,32.410588235294114,2,98.85572139303483,12.840796019900498,39.806756756756755,32.41117647058823
39.806306306306304,32.57176470588235,1,254.47008547008548,46.914529914529915,39.806756756756755,32.57235294117647
39.806306306306304,32.802352941176466,2,47.36585365853659,33.39329268292683,39.806756756756755,32.80294117647058
39.806306306306304,32.805882352941175,3,4764.532125733345,62.535351956083666,39.806756756756755,32.80647058823529
39.807207207207206,32.38470588235294,4,769.1923076923077,19.564102564102562,39.80765765765766,32.38529411764706
39.807207207207206,32.40588235294118,2,98.85572139303483,12.840796019900498,39.80765765765766,32.406470588235294
39.807207207207206,32.45647058823529,1,191.47863247863248,34.34188034188034,39.80765765765766,32.45705882352941
39.807207207207206,32.54705882352941,28,5384.346153846154,19.564102564102566,39.80765765765766,32.54764705882353
39.807207207207206,32.57058823529412,2,508.94017094017096,46.914529914529915,39.80765765765766,32.571176470588235
39.807207207207206,32.70117647058823,14,14525.107723577235,47.08925072217755,39.80765765765766,32.70176470588235
39.80810810810811,32.383529411764705,2,382.95726495726495,34.34188034188034,39.80855855855856,32.38411764705882
39.80810810810811,32.56588235294117,5,3991.298630419112,36.47505921120379,39.80855855855856,32.56647058823529
39.80900900900901,32.739999999999995,2,671.5243902439024,36.22560975609756,39.80945945945946,32.74058823529411
39.80990990990991,32.569411764705876,1,254.47008547008548,46.914529914529915,39.81036036036036,32.56999999999999
39.80990990990991,32.70470588235294,14,14525.107723577235,47.08925072217755,39.81036036036036,32.70529411764706
39.80990990990991,32.80470588235294,23,19387.1031691204,35.700953947441825,39.81036036036036,32.80529411764706
39.810810810810814,32.57058823529412,8,10820.596231078158,34.390639481000925,39.811261261261265,32.571176470588235
39.810810810810814,32.70823529411764,6,9959.950854700855,45.84387464387464,39.811261261261265,32.70882352941176
39.810810810810814,32.71058823529412,4,9793.412393162393,59.351282051282055,39.811261261261265,32.711176470588235
39.81171171171171,32.56705882352941,14,7221.75641025641,33.33974358974359,39.81216216216216,32.567647058823525
39.81171171171171,32.572941176470586,2,508.94017094017096,46.914529914529915,39.81216216216216,32.5735294117647
39.81171171171171,32.80470588235294,24,38041.80898038339,53.47336046468263,39.81216216216216,32.80529411764706
39.81261261261261,32.57411764705882,3,763.4102564102565,46.914529914529915,39.81306306306306,32.57470588235294
39.81261261261261,32.58,2,2882.4444444444443,44.09188034188034,39.81306306306306,32.580588235294115
39.81261261261261,32.71058823529412,18,25913.53934750886,48.13945521506497,39.81306306306306,32.711176470588235
39.81351351351351,32.448235294117644,1,191.47863247863248,34.34188034188034,39.813963963963964,32.44882352941176
39.81351351351351,32.535294117647055,2,39.92307692307692,7.260683760683761,39.813963963963964,32.53588235294117
39.81351351351351,32.57411764705882,3,7883.923076923076,41.26923076923077,39.813963963963964,32.57470588235294
39.81351351351351,32.575294117647054,3,2959.619143239625,38.56526962551059,39.813963963963964,32.57588235294117
39.814414414414415,32.535294117647055,2,39.92307692307692,7.260683760683761,39.814864864864866,32.53588235294117
39.814414414414415,32.70705882352941,4,2282.5784344381905,48.02328278090474,39.814864864864866,32.707647058823525
39.814414414414415,32.70823529411764,4,2282.5784344381905,48.02328278090474,39.814864864864866,32.70882352941176
39.814414414414415,32.715294117647055,18,25913.53934750886,48.13945521506497,39.814864864864866,32.71588235294117
39.814414414414415,32.889411764705876,8,10997.162393162393,46.48717948717949,39.814864864864866,32.88999999999999
39.81531531531532,32.56823529411764,8,7828.247863247863,38.715811965811966,39.81576576576577,32.56882352941176
39.81531531531532,32.7235294117647,6,2573.3353686707346,57.24489123269611,39.81576576576577,32.72411764705882
39.81531531531532,32.892941176470586,3,4123.9358974358975,46.48717948717948,39.81576576576577,32.8935294117647
39.81621621621622,32.448235294117644,1,191.47863247863248,34.34188034188034,39.81666666666667,32.44882352941176
39.81621621621622,32.652941176470584,1,224.01709401709402,51.93162393162393,39.81666666666667,32.6535294117647
39.81621621621622,32.764705882352935,2,865.0641025641025,30.897435897435898,39.81666666666667,32.76529411764705
39.81621621621622,32.8,40,37811.287534822,38.349152595113665,39.81666666666667,32.800588235294114
39.81711711711712,32.56470588235294,2,508.94017094017096,46.914529914529915,39.81756756756757,32.565294117647056
39.81711711711712,32.765882352941176,2,865.0641025641025,30.897435897435898,39.81756756756757,32.76647058823529
39.818018018018016,32.652941176470584,2,448.03418803418805,51.93162393162393,39.81846846846847,32.6535294117647
39.818018018018016,32.71058823529412,4,9793.412393162393,59.351282051282055,39.81846846846847,32.711176470588235
39.81891891891892,32.55529411764706,54,10203.25641025641,19.31418170307059,39.81936936936937,32.555882352941175
39.81891891891892,32.55882352941176,1,254.47008547008548,46.914529914529915,39.81936936936937,32.55941176470588
39.81891891891892,32.71058823529412,15,25652.7508859704,50.24347161420333,39.81936936936937,32.711176470588235
39.81891891891892,32.71176470588235,11,14264.319262038774,49.67194458657873,39.81936936936937,32.71235294117647
39.81981981981982,32.76941176470588,8,5555.833333333334,39.94871794871795,39.82027027027027,32.769999999999996
39.81981981981982,32.77176470588235,2,865.0641025641025,30.897435897435898,39.82027027027027,32.772352941176464
39.82072072072072,32.57647058823529,5,385.87349397590356,27.512048192771083,39.82117117117117,32.577058823529406
39.82072072072072,32.652941176470584,2,448.03418803418805,51.93162393162393,39.82117117117117,32.6535294117647
39.82072072072072,32.72117647058823,22,27870.91075221563,49.53510609364268,39.82117117117117,32.72176470588235
39.82072072072072,32.768235294117645,2,865.0641025641025,30.897435897435898,39.82117117117117,32.76882352941176
39.82072072072072,32.77294117647059,2,865.0641025641025,30.897435897435898,39.82117117117117,32.773529411764706
39.82072072072072,32.811764705882354,2,367.982905982906,32.004273504273506,39.82117117117117,32.81235294117647
39.821621621621624,32.572941176470586,8,11529.777777777777,44.09188034188034,39.822072072072075,32.5735294117647
39.821621621621624,32.66,3,2852.8418803418804,49.6923076923077,39.822072072072075,32.660588235294114
39.821621621621624,32.70705882352941,10,9839.102564102564,55.85042735042735,39.822072072072075,32.707647058823525
39.821621621621624,32.805882352941175,17,1221.2179487179487,6.012820512820514,39.822072072072075,32.80647058823529
39.822522522522526,32.54941176470588,3,347.93277203724966,23.216949440830035,39.82297297297298,32.55
39.822522522522526,32.663529411764706,3,2852.8418803418804,49.6923076923077,39.82297297297298,32.66411764705882
39.822522522522526,32.70470588235294,10,13985.767979987493,47.974609130706696,39.82297297297298,32.70529411764706
39.822522522522526,32.70705882352941,14,18053.652595372107,49.60426903719587,39.82297297297298,32.707647058823525
39.822522522522526,32.796470588235294,22,19203.111716128948,35.868984876676755,39.82297297297298,32.79705882352941
39.82342342342342,32.43058823529412,2,382.95726495726495,34.34188034188034,39.82387387387387,32.431176470588234
39.82342342342342,32.72,4,3970.042735042735,44.12286324786325,39.82387387387387,32.720588235294116
39.82342342342342,32.72235294117647,26,29886.665314470192,49.71716184361588,39.82387387387387,32.722941176470584
39.82342342342342,32.88117647058823,4,5498.581196581196,46.48717948717949,39.82387387387387,32.88176470588235
39.82432432432432,32.656470588235294,3,2852.8418803418804,49.6923076923077,39.824774774774774,32.65705882352941
39.82432432432432,32.702352941176464,4,8954.977381696894,41.25383051907443,39.824774774774774,32.70294117647058
39.82432432432432,32.71058823529412,12,15953.588492808005,49.287245500660134,39.824774774774774,32.711176470588235
39.82432432432432,32.71411764705882,11,14264.319262038774,49.67194458657873,39.824774774774774,32.71470588235294
39.82432432432432,32.74705882352941,6,11880.747863247863,47.97293447293447,39.824774774774774,32.747647058823524
39.82432432432432,32.77529411764706,2,865.0641025641025,30.897435897435898,39.824774774774774,32.775882352941174
39.82432432432432,32.80470588235294,9,10198.423791655498,64.75922451532207,39.824774774774774,32.80529411764706
39.82432432432432,32.80705882352941,2,968.0940170940171,21.876068376068375,39.824774774774774,32.80764705882353
39.825225225225225,32.55529411764706,9,8190.884615384616,49.542735042735046,39.825675675675676,32.555882352941175
39.825225225225225,32.588235294117645,2,93.46268656716418,11.368159203980099,39.825675675675676,32.58882352941176
39.825225225225225,32.66941176470588,1,470.8034188034188,43.705128205128204,39.825675675675676,32.669999999999995
39.82612612612613,32.65529411764705,3,2852.8418803418804,49.6923076923077,39.82657657657658,32.65588235294117
39.82612612612613,32.74470588235294,6,11880.747863247863,47.97293447293447,39.82657657657658,32.745294117647056
39.82612612612613,32.74823529411764,1,781.7948717948718,42.965811965811966,39.82657657657658,32.74882352941176
39.82612612612613,32.83176470588235,1,1374.645299145299,46.48717948717949,39.82657657657658,32.83235294117647
39.82702702702703,32.53176470588235,2,3372.008547008547,66.97863247863248,39.82747747747748,32.53235294117647
39.82702702702703,32.715294117647055,4,3970.042735042735,44.12286324786325,39.82747747747748,32.71588235294117
39.82702702702703,32.737647058823526,6,1688.8100604954263,53.044855532660414,39.82747747747748,32.73823529411764
39.82702702702703,32.739999999999995,27,32820.062851782364,43.2686903079857,39.82747747747748,32.74058823529411
39.82702702702703,32.743529411764705,13,16019.133989993747,43.28033947499239,39.82747747747748,32.74411764705882
39.82702702702703,32.74705882352941,3,2345.3846153846152,42.96581196581197,39.82747747747748,32.747647058823524
39.82702702702703,32.74941176470588,5,11098.952991452992,48.97435897435897,39.82747747747748,32.75
39.82702702702703,32.77529411764706,2,865.0641025641025,30.897435897435898,39.82747747747748,32.775882352941174
39.82702702702703,32.805882352941175,1,110.88888888888889,22.39316239316239,39.82747747747748,32.80647058823529
39.82792792792793,32.410588235294114,1,49.42786069651741,12.840796019900498,39.82837837837838,32.41117647058823
39.82792792792793,32.65529411764705,2,1907.2735042735042,48.78632478632478,39.82837837837838,32.65588235294117
39.82792792792793,32.66117647058823,3,2852.8418803418804,49.6923076923077,39.82837837837838,32.66176470588235
39.82792792792793,32.66470588235294,3,2852.8418803418804,49.6923076923077,39.82837837837838,32.66529411764706
39.82792792792793,32.70823529411764,19,23687.866270585782,50.353258066993625,39.82837837837838,32.70882352941176
39.82792792792793,32.730588235294114,22,25916.622579427458,50.734307042843625,39.82837837837838,32.73117647058823
39.82792792792793,32.73882352941176,13,14252.679772139529,47.4369216084976,39.82837837837838,32.73941176470588
39.82792792792793,32.75647058823529,6,2401.6525953721075,32.67349385032312,39.82837837837838,32.757058823529405
39.82882882882883,32.53176470588235,4,6744.017094017094,66.97863247863248,39.829279279279284,32.53235294117647
39.82882882882883,32.563529411764705,11,848.9216867469879,27.512048192771086,39.829279279279284,32.56411764705882
39.82882882882883,32.57764705882353,12,11376.920074480855,33.84652534106319,39.829279279279284,32.57823529411765
39.82882882882883,32.650588235294116,2,1907.2735042735042,48.78632478632478,39.829279279279284,32.65117647058823
39.82882882882883,32.65411764705882,2,448.03418803418805,51.93162393162393,39.829279279279284,32.654705882352935
39.82882882882883,32.65882352941176,1,945.5683760683761,51.504273504273506,39.829279279279284,32.65941176470588
39.82882882882883,32.66117647058823,3,2836.7051282051284,51.504273504273506,39.829279279279284,32.66176470588235
39.82882882882883,32.66470588235294,3,2852.8418803418804,49.6923076923077,39.829279279279284,32.66529411764706
39.82882882882883,32.699999999999996,2,8283.452991452992,46.282051282051285,39.829279279279284,32.70058823529411
39.82882882882883,32.72117647058823,8,7940.08547008547,44.12286324786325,39.829279279279284,32.72176470588235
39.82882882882883,32.74588235294117,2,419.031425891182,27.527334792578696,39.829279279279284,32.74647058823529
39.82882882882883,32.74705882352941,3,2345.3846153846152,42.96581196581197,39.829279279279284,32.747647058823524
39.82882882882883,32.758823529411764,4,1343.0487804878048,36.22560975609756,39.829279279279284,32.75941176470588
39.82882882882883,32.77294117647059,1,781.7948717948718,42.965811965811966,39.829279279279284,32.773529411764706
39.82972972972973,32.65529411764705,2,1907.2735042735042,48.78632478632478,39.83018018018018,32.65588235294117
39.82972972972973,32.74823529411764,3,1946.8162393162393,51.95584045584045,39.83018018018018,32.74882352941176
39.82972972972973,32.74941176470588,6,2401.6525953721075,32.67349385032312,39.83018018018018,32.75
39.82972972972973,32.752941176470586,3,1200.8262976860537,32.67349385032312,39.83018018018018,32.7535294117647
39.82972972972973,32.76,4,1730.128205128205,30.897435897435898,39.83018018018018,32.760588235294115
39.83063063063063,32.53647058823529,4,6744.017094017094,66.97863247863248,39.83108108108108,32.53705882352941
39.83063063063063,32.662352941176465,3,2852.8418803418804,49.6923076923077,39.83108108108108,32.66294117647058
39.83063063063063,32.69411764705882,3,10618.489576818845,46.679904106733375,39.83108108108108,32.694705882352935
39.83063063063063,32.69647058823529,4,11247.198978528246,40.90309047321243,39.83108108108108,32.69705882352941
39.83063063063063,32.70470588235294,2,3104.9786324786323,57.3482905982906,39.83108108108108,32.70529411764706
39.83063063063063,32.743529411764705,1,1689.2692307692307,45.05555555555556,39.83108108108108,32.74411764705882
39.83063063063063,32.75058823529412,3,1200.8262976860537,32.67349385032312,39.83108108108108,32.751176470588234
39.83063063063063,32.81882352941176,31,29321.41635657017,41.7587839302537,39.83108108108108,32.819411764705876
39.83153153153153,32.5835294117647,24,24032.20512820513,35.10683760683761,39.83198198198198,32.58411764705882
39.83153153153153,32.69176470588235,3,5298.782572441109,39.5079563616149,39.83198198198198,32.692352941176466
39.83153153153153,32.69764705882353,4,8954.977381696894,41.25383051907443,39.83198198198198,32.698235294117644
39.83153153153153,32.703529411764706,6,12059.956014175526,46.61865054547982,39.83198198198198,32.70411764705882
39.83153153153153,32.73647058823529,1,1689.2692307692307,45.05555555555556,39.83198198198198,32.73705882352941
39.83153153153153,32.7635294117647,5,2511.923076923077,33.31111111111111,39.83198198198198,32.76411764705882
39.83153153153153,32.84941176470588,6,8247.871794871795,46.48717948717948,39.83198198198198,32.849999999999994
39.83153153153153,32.95058823529411,2,2255.4444444444443,32.53632478632478,39.83198198198198,32.95117647058823
39.832432432432434,32.56705882352941,6,19455.522388059704,50.203980099502495,39.832882882882885,32.567647058823525
39.832432432432434,32.65529411764705,1,224.01709401709402,51.93162393162393,39.832882882882885,32.65588235294117
39.832432432432434,32.65764705882353,2,1907.2735042735042,48.78632478632478,39.832882882882885,32.658235294117645
39.832432432432434,32.66,3,2852.8418803418804,49.6923076923077,39.832882882882885,32.660588235294114
39.832432432432434,32.69411764705882,4,11247.198978528246,40.90309047321243,39.832882882882885,32.694705882352935
39.832432432432434,32.69764705882353,10,14818.729935376277,35.52412966437357,39.832882882882885,32.698235294117644
39.832432432432434,32.699999999999996,6,12059.956014175526,46.61865054547982,39.832882882882885,32.70058823529411
39.832432432432434,32.718823529411765,4,3970.042735042735,44.12286324786325,39.832882882882885,32.71941176470588
39.832432432432434,32.730588235294114,7,6815.137373737374,45.43946053946054,39.832882882882885,32.73117647058823
39.832432432432434,32.752941176470586,8,9946.874841974843,50.49536477036477,39.832882882882885,32.7535294117647
39.832432432432434,32.87176470588235,4,5498.581196581196,46.48717948717949,39.832882882882885,32.872352941176466
39.833333333333336,32.69294117647058,2,2963.7459870752555,35.52412966437357,39.83378378378379,32.6935294117647
39.833333333333336,32.74117647058823,1,1689.2692307692307,45.05555555555556,39.83378378378379,32.741764705882346
39.833333333333336,32.75411764705882,9,9982.74168442705,55.50568716422375,39.83378378378379,32.75470588235294
39.833333333333336,32.755294117647054,9,9982.74168442705,55.50568716422375,39.83378378378379,32.75588235294117
39.83423423423424,32.457647058823525,4,765.9145299145299,34.34188034188034,39.83468468468469,32.45823529411764
39.83423423423424,32.66,3,2852.8418803418804,49.6923076923077,39.83468468468469,32.660588235294114
39.83423423423424,32.690588235294115,2,4670.073170731707,47.47560975609756,39.83468468468469,32.69117647058823
39.83423423423424,32.69764705882353,2,2963.7459870752555,35.52412966437357,39.83468468468469,32.698235294117644
39.83423423423424,32.703529411764706,6,12059.956014175526,46.61865054547982,39.83468468468469,32.70411764705882
39.83423423423424,32.743529411764705,6,7348.581196581196,44.43376068376068,39.83468468468469,32.74411764705882
39.83423423423424,32.74470588235294,4,3970.042735042735,44.12286324786325,39.83468468468469,32.745294117647056
39.83423423423424,32.895294117647055,2,170.19230769230768,13.961538461538462,39.83468468468469,32.89588235294117
39.83513513513513,32.55647058823529,5,13099.769741038399,56.913841051154485,39.835585585585584,32.55705882352941
39.83513513513513,32.56117647058823,33,36302.70238550835,40.450523219179935,39.835585585585584,32.56176470588235
39.83513513513513,32.652941176470584,6,5721.820512820513,48.78632478632479,39.835585585585584,32.6535294117647
39.83513513513513,32.70117647058823,6,12059.956014175526,46.61865054547982,39.835585585585584,32.70176470588235
39.83513513513513,32.70823529411764,5,7899.226495726495,54.88974358974359,39.835585585585584,32.70882352941176
39.83513513513513,32.758823529411764,9,9982.74168442705,55.50568716422375,39.835585585585584,32.75941176470588
39.83513513513513,32.855294117647055,1,1374.645299145299,46.48717948717949,39.835585585585584,32.85588235294117
39.836036036036035,32.53411764705882,6,10116.02564102564,66.97863247863248,39.836486486486486,32.53470588235294
39.836036036036035,32.647058823529406,2,1907.2735042735042,48.78632478632478,39.836486486486486,32.64764705882352
39.836036036036035,32.663529411764706,1,781.7948717948718,42.965811965811966,39.836486486486486,32.66411764705882
39.836036036036035,32.69294117647058,4,5927.491974150511,35.52412966437357,39.836486486486486,32.6935294117647
39.836036036036035,32.728235294117646,1,983.9102564102565,55.85042735042735,39.836486486486486,32.72882352941176
39.836036036036035,32.72941176470588,6,6643.222222222223,46.23290598290598,39.836486486486486,32.73
39.836036036036035,32.76,8,9946.874841974843,50.49536477036477,39.836486486486486,32.760588235294115
39.836036036036035,32.76941176470588,30,34182.29629854142,50.67313611838002,39.836486486486486,32.769999999999996
39.836036036036035,32.85176470588235,1,1374.645299145299,46.48717948717949,39.836486486486486,32.85235294117647
39.83693693693694,32.53176470588235,4,4405.521558872306,40.50052621507845,39.83738738738739,32.53235294117647
39.83693693693694,32.535294117647055,6,7777.530105880852,49.32656163626313,39.83738738738739,32.53588235294117
39.83693693693694,32.65882352941176,6,5705.683760683761,49.6923076923077,39.83738738738739,32.65941176470588
39.83693693693694,32.69647058823529,6,8891.237961225766,35.52412966437357,39.83738738738739,32.69705882352941
39.83693693693694,32.718823529411765,4,3127.1794871794873,42.965811965811966,39.83738738738739,32.71941176470588
39.83693693693694,32.743529411764705,4,3970.042735042735,44.12286324786325,39.83738738738739,32.74411764705882
39.83693693693694,32.857647058823524,1,1374.645299145299,46.48717948717949,39.83738738738739,32.85823529411764
39.83783783783784,32.4,1,49.42786069651741,12.840796019900498,39.83828828828829,32.400588235294116
39.83783783783784,32.554117647058824,2,3372.008547008547,66.97863247863248,39.83828828828829,32.55470588235294
39.83783783783784,32.58705882352941,12,11376.920074480855,33.84652534106319,39.83828828828829,32.58764705882353
39.83783783783784,32.72,2,1155.825407925408,48.26460761460761,39.83828828828829,32.720588235294116
39.83873873873874,32.544705882352936,24,26433.12935323383,40.50052621507845,39.83918918918919,32.54529411764705
39.83873873873874,32.662352941176465,6,5705.683760683761,49.6923076923077,39.83918918918919,32.66294117647058
39.83873873873874,32.71764705882352,4,3970.042735042735,44.12286324786325,39.83918918918919,32.71823529411764
39.83873873873874,32.72588235294118,6,6643.222222222223,46.23290598290598,39.83918918918919,32.726470588235294
39.83873873873874,32.77411764705882,21,21659.744731530096,48.9097069633655,39.83918918918919,32.77470588235294
39.83873873873874,32.861176470588234,1,1374.645299145299,46.48717948717949,39.83918918918919,32.86176470588235
39.83873873873874,32.8635294117647,3,4123.9358974358975,46.48717948717948,39.83918918918919,32.86411764705882
39.83963963963964,32.53411764705882,2,3372.008547008547,66.97863247863248,39.840090090090094,32.53470588235294
39.83963963963964,32.55176470588235,2,3372.008547008547,66.97863247863248,39.840090090090094,32.552352941176466
39.83963963963964,32.68705882352941,3,5298.782572441109,39.5079563616149,39.840090090090094,32.68764705882353
39.83963963963964,32.715294117647055,11,9973.185003885004,43.581457936003396,39.840090090090094,32.71588235294117
39.83963963963964,33.022352941176464,2,8346.78205128205,29.681623931623932,39.840090090090094,33.02294117647058
39.840540540540545,32.54117647058823,14,17270.763225884788,41.32298117076034,39.840990990990996,32.54176470588235
39.840540540540545,32.55294117647058,4,5332.796466386018,38.933473657354256,39.840990990990996,32.5535294117647
39.840540540540545,32.554117647058824,4,4405.521558872306,40.50052621507845,39.840990990990996,32.55470588235294
39.840540540540545,32.66941176470588,4,3814.5470085470083,48.78632478632478,39.840990990990996,32.669999999999995
39.840540540540545,32.72,5,5659.311965811966,44.30940170940171,39.840990990990996,32.720588235294116
39.840540540540545,32.72705882352941,3,3454.974358974359,47.957264957264954,39.840990990990996,32.72764705882353
39.840540540540545,32.74588235294117,4,3733.525641025641,52.629273504273506,39.840990990990996,32.74647058823529
39.84144144144144,32.54,18,24014.78031990188,47.02423701695415,39.84189189189189,32.540588235294116
39.84144144144144,32.5435294117647,9,12007.39015995094,47.02423701695415,39.84189189189189,32.54411764705882
39.84144144144144,32.54705882352941,3,5211.215269804822,46.199047497554965,39.84189189189189,32.54764705882353
39.84144144144144,32.550588235294114,3,5211.215269804822,46.199047497554965,39.84189189189189,32.55117647058823
39.84144144144144,32.68588235294117,4,8954.977381696894,41.25383051907443,39.84189189189189,32.68647058823529
39.84144144144144,32.77647058823529,1,171.9151515151515,40.67878787878788,39.84189189189189,32.77705882352941
39.84144144144144,32.80941176470588,1,0.0,0.0,39.84189189189189,32.809999999999995
39.84144144144144,32.85411764705882,1,1374.645299145299,46.48717948717949,39.84189189189189,32.85470588235294
39.84234234234234,32.537647058823524,4,3640.3931623931626,49.542735042735046,39.84279279279279,32.53823529411764
39.84234234234234,32.675294117647056,2,448.03418803418805,51.93162393162393,39.84279279279279,32.67588235294117
39.84234234234234,32.728235294117646,11,12066.017094017094,48.45182595182595,39.84279279279279,32.72882352941176
39.84234234234234,32.77882352941176,19,21418.018769204136,49.14992009343742,39.84279279279279,32.77941176470588
39.84324324324324,32.448235294117644,1,49.42786069651741,12.840796019900498,39.843693693693695,32.44882352941176
39.84324324324324,32.53647058823529,12,13124.084631676342,48.668850103821335,39.843693693693695,32.53705882352941
39.84324324324324,32.59294117647058,1,0.0,0.0,39.843693693693695,32.5935294117647
39.84324324324324,32.59529411764706,12,11376.920074480855,33.84652534106319,39.843693693693695,32.595882352941175
39.84324324324324,32.72941176470588,3,3454.974358974359,47.957264957264954,39.843693693693695,32.73
39.84324324324324,32.730588235294114,1,781.7948717948718,42.965811965811966,39.843693693693695,32.73117647058823
39.844144144144146,32.550588235294114,4,6691.770310480345,52.91832331238463,39.8445945945946,32.55117647058823
39.844144144144146,32.67058823529411,1,0.0,0.0,39.8445945945946,32.67117647058823
39.844144144144146,32.69294117647058,2,2963.7459870752555,35.52412966437357,39.8445945945946,32.6935294117647
39.844144144144146,32.78235294117647,9,10640.023793023793,47.23100023100023,39.8445945945946,32.78294117647059
39.844144144144146,32.790588235294116,31,26189.74576626772,48.90178465894437,39.8445945945946,32.79117647058823
39.844144144144146,32.805882352941175,34,31383.980746481564,43.0601665846312,39.8445945945946,32.80647058823529
39.84504504504505,32.53411764705882,12,13124.084631676342,48.668850103821335,39.8454954954955,32.53470588235294
39.84504504504505,32.550588235294114,40,62357.6537823702,48.029684908789385,39.8454954954955,32.55117647058823
39.84504504504505,32.554117647058824,5,8583.22381681337,54.51088148998597,39.8454954954955,32.55470588235294
39.84504504504505,32.55647058823529,7,8781.979712189746,45.314743968493296,39.8454954954955,32.55705882352941
39.84504504504505,32.67411764705882,2,1907.2735042735042,48.78632478632478,39.8454954954955,32.67470588235294
39.84504504504505,32.827058823529406,20,22389.3789120094,44.10683068963557,39.8454954954955,32.82764705882352
39.84504504504505,32.85058823529411,4,7793.145299145299,63.07692307692308,39.8454954954955,32.85117647058823
39.84594594594595,32.68,6,7148.786324786324,49.549857549857556,39.8463963963964,32.68058823529412
39.84594594594595,32.70941176470588,1,13.0,17.153846153846153,39.8463963963964,32.709999999999994
39.84594594594595,32.71058823529412,7,9760.410878010878,51.454723054723054,39.8463963963964,32.711176470588235
39.84594594594595,32.78588235294117,6,2410.427864005913,47.11549026853905,39.8463963963964,32.78647058823529
39.846846846846844,32.59294117647058,14,14451.87733943812,39.407522331411926,39.847297297297295,32.5935294117647
39.846846846846844,32.65176470588235,1,1106.9017094017095,35.57692307692308,39.847297297297295,32.65235294117647
39.846846846846844,32.65882352941176,1,1106.9017094017095,35.57692307692308,39.847297297297295,32.65941176470588
39.846846846846844,32.677647058823524,3,2836.7051282051284,51.504273504273506,39.847297297297295,32.67823529411764
39.846846846846844,32.67882352941176,6,8891.237961225766,35.52412966437357,39.847297297297295,32.679411764705875
39.846846846846844,32.6835294117647,2,2963.7459870752555,35.52412966437357,39.847297297297295,32.68411764705882
39.846846846846844,32.81647058823529,7,5028.658119658119,39.566544566544565,39.847297297297295,32.81705882352941
39.846846846846844,32.81882352941176,7,5028.658119658119,39.566544566544565,39.847297297297295,32.819411764705876
39.846846846846844,32.82470588235294,9,8945.794611215342,52.21196697009705,39.847297297297295,32.825294117647054
39.846846846846844,32.83176470588235,9,10762.345517780943,40.633199185457,39.847297297297295,32.83235294117647
39.846846846846844,32.85411764705882,2,3896.5726495726494,63.07692307692308,39.847297297297295,32.85470588235294
39.847747747747746,32.662352941176465,16,17710.42735042735,35.57692307692308,39.8481981981982,32.66294117647058
39.847747747747746,32.67294117647059,4,3814.5470085470083,48.78632478632478,39.8481981981982,32.673529411764704
39.847747747747746,32.67411764705882,11,11997.280175109443,41.18640438152633,39.8481981981982,32.67470588235294
39.847747747747746,32.70941176470588,5,5046.468155724872,49.63902329842629,39.8481981981982,32.709999999999994
39.847747747747746,32.81411764705882,7,5028.658119658119,39.566544566544565,39.8481981981982,32.81470588235294
39.847747747747746,32.8235294117647,9,8945.794611215342,52.21196697009705,39.8481981981982,32.82411764705882
39.847747747747746,32.82470588235294,2,10639.25641025641,49.07692307692308,39.8481981981982,32.825294117647054
39.847747747747746,32.83176470588235,2,0.0,0.0,39.8481981981982,32.83235294117647
39.847747747747746,32.839999999999996,4,7635.025641025641,64.74786324786325,39.8481981981982,32.84058823529411
39.847747747747746,32.84117647058823,10,10788.757638993064,37.79836411539615,39.8481981981982,32.84176470588235
39.847747747747746,32.85176470588235,2,3896.5726495726494,63.07692307692308,39.8481981981982,32.85235294117647
39.84864864864865,32.603529411764704,1,46.73134328358209,11.368159203980099,39.8490990990991,32.60411764705882
39.84864864864865,32.60941176470588,1,0.0,0.0,39.8490990990991,32.61
39.84864864864865,32.64235294117647,1,4476.320512820513,54.465811965811966,39.8490990990991,32.642941176470586
39.84864864864865,32.66,2,2213.803418803419,35.57692307692308,39.8490990990991,32.660588235294114
39.84864864864865,32.72,8,8279.091465748183,41.49189150401837,39.8490990990991,32.720588235294116
39.84864864864865,32.72117647058823,8,8279.091465748183,41.49189150401837,39.8490990990991,32.72176470588235
39.84864864864865,32.80941176470588,29,29227.412995804058,42.02791471408265,39.8490990990991,32.809999999999995
39.84864864864865,32.82,9,8945.794611215342,52.21196697009705,39.8490990990991,32.82058823529412
39.84864864864865,32.82470588235294,4,10692.080652680652,30.68088578088578,39.8490990990991,32.825294117647054
39.84864864864865,32.855294117647055,2,3896.5726495726494,63.07692307692308,39.8490990990991,32.85588235294117
39.84954954954955,32.56117647058823,7,8781.979712189746,45.314743968493296,39.85,32.56176470588235
39.84954954954955,32.603529411764704,13,11423.651417764437,32.11742025359526,39.85,32.60411764705882
39.84954954954955,32.64470588235294,1,4476.320512820513,54.465811965811966,39.85,32.645294117647055
39.84954954954955,32.67294117647059,2,2213.803418803419,35.57692307692308,39.85,32.673529411764704
39.84954954954955,32.67411764705882,20,1749.4994485800937,18.036038891563685,39.85,32.67470588235294
39.84954954954955,32.70941176470588,7,8490.559829059828,46.587912087912095,39.85,32.709999999999994
39.84954954954955,32.72235294117647,8,8279.091465748183,41.49189150401837,39.85,32.722941176470584
39.84954954954955,32.79529411764705,1,110.88888888888889,22.39316239316239,39.85,32.79588235294117
39.84954954954955,32.81058823529411,32,29744.43710249092,40.56602327275961,39.85,32.81117647058823
39.84954954954955,32.81294117647059,7,5028.658119658119,39.566544566544565,39.85,32.813529411764705
39.84954954954955,32.84470588235294,3,5808.002740097921,44.920542465120775,39.85,32.84529411764706
39.84954954954955,32.96235294117647,10,18032.034634519707,42.50921673682868,39.85,32.962941176470586
39.85045045045045,32.41411764705882,1,49.42786069651741,12.840796019900498,39.8509009009009,32.41470588235294
39.85045045045045,32.63294117647059,1,4476.320512820513,54.465811965811966,39.8509009009009,32.633529411764705
39.85045045045045,32.64,1,4476.320512820513,54.465811965811966,39.8509009009009,32.64058823529412
39.85045045045045,32.64941176470588,2,765.9401709401709,24.153846153846153,39.8509009009009,32.65
39.85045045045045,32.65176470588235,1,1106.9017094017095,35.57692307692308,39.8509009009009,32.65235294117647
39.85045045045045,32.73294117647058,5,3908.9743589743593,42.965811965811966,39.8509009009009,32.7335294117647
39.85045045045045,32.81647058823529,1,1609.1709401709402,34.833333333333336,39.8509009009009,32.81705882352941
39.85045045045045,32.8235294117647,13,19637.875263895996,45.587018911878204,39.8509009009009,32.82411764705882
39.85045045045045,32.845882352941175,10,10788.757638993064,37.79836411539615,39.8509009009009,32.84647058823529
39.85045045045045,32.84941176470588,3,5963.448717948718,61.4059829059829,39.8509009009009,32.849999999999994
39.85045045045045,32.85294117647059,2,3896.5726495726494,63.07692307692308,39.8509009009009,32.853529411764704
39.85045045045045,32.857647058823524,2,3896.5726495726494,63.07692307692308,39.8509009009009,32.85823529411764
39.851351351351354,32.63058823529411,1,4476.320512820513,54.465811965811966,39.851801801801805,32.63117647058823
39.851351351351354,32.637647058823525,3,8978.29557109557,39.385288785288786,39.851801801801805,32.63823529411764
39.851351351351354,32.63882352941176,1,4476.320512820513,54.465811965811966,39.851801801801805,32.639411764705876
39.851351351351354,32.66,2,2213.803418803419,35.57692307692308,39.851801801801805,32.660588235294114
39.851351351351354,32.68470588235294,2,2963.7459870752555,35.52412966437357,39.851801801801805,32.685294117647054
39.851351351351354,32.70941176470588,4,3859.607459207459,50.95922688422689,39.851801801801805,32.709999999999994
39.851351351351354,32.858823529411765,4,5498.581196581196,46.48717948717949,39.851801801801805,32.85941176470588
39.851351351351354,32.86,3,4123.9358974358975,46.48717948717948,39.851801801801805,32.86058823529412
39.851351351351354,32.945882352941176,20,22554.444444444445,32.53632478632478,39.851801801801805,32.94647058823529
39.851351351351354,32.961176470588235,7,12053.399158055874,41.47804931387021,39.851801801801805,32.96176470588235
39.851351351351354,32.96588235294117,7,12053.399158055874,41.47804931387021,39.851801801801805,32.96647058823529
39.851351351351354,32.96823529411765,7,12053.399158055874,41.47804931387021,39.851801801801805,32.968823529411765
39.85225225225225,32.417647058823526,1,49.42786069651741,12.840796019900498,39.8527027027027,32.41823529411764
39.85225225225225,32.641176470588235,3,13428.961538461539,54.46581196581197,39.8527027027027,32.64176470588235
39.85225225225225,32.67176470588235,1,945.5683760683761,51.504273504273506,39.8527027027027,32.67235294117647
39.85225225225225,32.68,8,7564.547008547009,51.504273504273506,39.8527027027027,32.68058823529412
39.85225225225225,32.68588235294117,2,2136.709401709402,33.83815405461747,39.8527027027027,32.68647058823529
39.85225225225225,32.68941176470588,2,2963.7459870752555,35.52412966437357,39.8527027027027,32.69
39.85225225225225,32.71647058823529,1,1186.8606965174129,44.35820895522388,39.8527027027027,32.717058823529406
39.85225225225225,32.752941176470586,1,2828.6837606837607,76.98717948717949,39.8527027027027,32.7535294117647
39.85225225225225,32.839999999999996,12,23856.14421134421,33.68754208754209,39.8527027027027,32.84058823529411
39.85225225225225,32.84823529411764,10,10788.757638993064,37.79836411539615,39.8527027027027,32.84882352941176
39.85225225225225,32.85647058823529,2,3896.5726495726494,63.07692307692308,39.8527027027027,32.85705882352941
39.85225225225225,32.86,4,7793.145299145299,63.07692307692308,39.8527027027027,32.86058823529412
39.85225225225225,32.861176470588234,6,7151.549849019909,45.81416653871744,39.8527027027027,32.86176470588235
39.85315315315315,32.45176470588235,1,49.42786069651741,12.840796019900498,39.8536036036036,32.452352941176464
39.85315315315315,32.64470588235294,3,4544.637708877468,26.615560298692827,39.8536036036036,32.645294117647055
39.85315315315315,32.64588235294117,2,4859.290598290598,39.309829059829056,39.8536036036036,32.64647058823529
39.85315315315315,32.68470588235294,2,2963.7459870752555,35.52412966437357,39.8536036036036,32.685294117647054
39.85315315315315,32.72235294117647,8,8279.091465748183,41.49189150401837,39.8536036036036,32.722941176470584
39.85315315315315,32.81294117647059,3,2075.260683760684,45.60683760683761,39.8536036036036,32.813529411764705
39.85315315315315,32.94470588235294,28,22554.444444444445,23.240231990231987,39.8536036036036,32.94529411764706
39.85315315315315,32.967058823529406,7,12053.399158055874,41.47804931387021,39.8536036036036,32.96764705882352
39.85315315315315,32.96823529411765,7,12053.399158055874,41.47804931387021,39.8536036036036,32.968823529411765
39.85405405405405,32.423529411764704,2,190.17094017094018,13.094017094017094,39.854504504504504,32.42411764705882
39.85405405405405,32.60470588235294,12,11376.920074480855,33.84652534106319,39.854504504504504,32.605294117647055
39.85405405405405,32.61058823529412,11,11299.745375685674,34.42238689999884,39.854504504504504,32.611176470588234
39.85405405405405,32.65176470588235,4,5177.549405878674,35.55052637064833,39.854504504504504,32.65235294117647
39.85405405405405,32.690588235294115,3,3592.455388784657,31.540302967132238,39.854504504504504,32.69117647058823
39.85405405405405,32.72588235294118,2,1702.2692307692307,31.104700854700855,39.854504504504504,32.726470588235294
39.85405405405405,32.72705882352941,2,1702.2692307692307,31.104700854700855,39.854504504504504,32.72764705882353
39.85405405405405,32.728235294117646,4,3404.5384615384614,31.104700854700855,39.854504504504504,32.72882352941176
39.85405405405405,32.73176470588235,4,3404.5384615384614,31.104700854700855,39.854504504504504,32.732352941176465
39.85405405405405,32.737647058823526,1,2828.6837606837607,76.98717948717949,39.854504504504504,32.73823529411764
39.85405405405405,32.75411764705882,2,2841.6837606837607,47.07051282051282,39.854504504504504,32.75470588235294
39.85405405405405,32.755294117647054,1,2828.6837606837607,76.98717948717949,39.854504504504504,32.75588235294117
39.85405405405405,32.75647058823529,1,2828.6837606837607,76.98717948717949,39.854504504504504,32.757058823529405
39.85405405405405,32.758823529411764,4,5683.3675213675215,47.07051282051282,39.854504504504504,32.75941176470588
39.85405405405405,32.8235294117647,20,28757.732790380353,48.44788584721512,39.854504504504504,32.82411764705882
39.85405405405405,32.85058823529411,8,4851.133707369132,36.15073292202296,39.854504504504504,32.85117647058823
39.85405405405405,32.96470588235294,8,12149.52736318408,38.90013075647404,39.854504504504504,32.965294117647055
39.854954954954955,32.599999999999994,12,11376.920074480855,33.84652534106319,39.855405405405406,32.60058823529411
39.854954954954955,32.625882352941176,1,0.0,0.0,39.855405405405406,32.62647058823529
39.854954954954955,32.62941176470588,2,4518.983163422922,35.31121923591803,39.855405405405406,32.629999999999995
39.854954954954955,32.67647058823529,4,3814.5470085470083,48.78632478632478,39.855405405405406,32.67705882352941
39.854954954954955,32.68588235294117,3,7005.109756097561,47.47560975609756,39.855405405405406,32.68647058823529
39.854954954954955,32.71176470588235,3,2719.423076923077,38.71261552359113,39.855405405405406,32.71235294117647
39.854954954954955,32.71411764705882,1,1186.8606965174129,44.35820895522388,39.855405405405406,32.71470588235294
39.854954954954955,32.72588235294118,2,1702.2692307692307,31.104700854700855,39.855405405405406,32.726470588235294
39.854954954954955,32.74470588235294,1,2828.6837606837607,76.98717948717949,39.855405405405406,32.745294117647056
39.854954954954955,32.74705882352941,2,2841.6837606837607,47.07051282051282,39.855405405405406,32.747647058823524
39.854954954954955,32.75176470588235,2,2841.6837606837607,47.07051282051282,39.855405405405406,32.75235294117647
39.854954954954955,32.758823529411764,2,2841.6837606837607,47.07051282051282,39.855405405405406,32.75941176470588
39.854954954954955,32.81294117647059,5,1484.2074683976682,32.030215671943566,39.855405405405406,32.813529411764705
39.854954954954955,32.842352941176465,24,10144.08338544924,40.7842575220624,39.855405405405406,32.84294117647058
39.854954954954955,32.845882352941175,1,0.0,0.0,39.855405405405406,32.84647058823529
39.854954954954955,32.959999999999994,12,19451.074371731087,36.133562954458476,39.855405405405406,32.96058823529411
39.85585585585586,32.588235294117645,1,910.0982905982906,49.542735042735046,39.85630630630631,32.58882352941176
39.85585585585586,32.64470588235294,2,4859.290598290598,39.309829059829056,39.85630630630631,32.645294117647055
39.85585585585586,32.647058823529406,2,765.9401709401709,24.153846153846153,39.85630630630631,32.64764705882352
39.85585585585586,32.66117647058823,1,1106.9017094017095,35.57692307692308,39.85630630630631,32.66176470588235
39.85585585585586,32.690588235294115,1,628.7094017094017,23.572649572649574,39.85630630630631,32.69117647058823
39.85585585585586,32.74117647058823,4,3404.5384615384614,31.104700854700855,39.85630630630631,32.741764705882346
39.85585585585586,32.74941176470588,2,2841.6837606837607,47.07051282051282,39.85630630630631,32.75
39.85585585585586,32.755294117647054,2,2841.6837606837607,47.07051282051282,39.85630630630631,32.75588235294117
39.85585585585586,32.81294117647059,13,7384.726902607303,38.498916723322786,39.85630630630631,32.813529411764705
39.85585585585586,32.815294117647056,1,1609.1709401709402,34.833333333333336,39.85630630630631,32.81588235294117
39.85585585585586,32.827058823529406,1,608.1158536585366,64.51829268292683,39.85630630630631,32.82764705882352
39.85585585585586,32.868235294117646,4,5498.581196581196,46.48717948717949,39.85630630630631,32.86882352941176
39.85675675675676,32.63647058823529,2,4518.983163422922,35.31121923591803,39.85720720720721,32.63705882352941
39.85675675675676,32.65529411764705,1,1106.9017094017095,35.57692307692308,39.85720720720721,32.65588235294117
39.85675675675676,32.663529411764706,1,1106.9017094017095,35.57692307692308,39.85720720720721,32.66411764705882
39.85675675675676,32.67058823529411,1,945.5683760683761,51.504273504273506,39.85720720720721,32.67117647058823
39.85675675675676,32.67882352941176,4,3814.5470085470083,48.78632478632478,39.85720720720721,32.679411764705875
39.85675675675676,32.6835294117647,2,4670.073170731707,47.47560975609756,39.85720720720721,32.68411764705882
39.85675675675676,32.688235294117646,1,2335.0365853658536,47.47560975609756,39.85720720720721,32.68882352941176
39.85675675675676,32.69647058823529,2,2136.709401709402,33.83815405461747,39.85720720720721,32.69705882352941
39.85675675675676,32.72705882352941,1,2577.2903225806454,21.29032258064516,39.85720720720721,32.72764705882353
39.85675675675676,32.739999999999995,1,13.0,17.153846153846153,39.85720720720721,32.74058823529411
39.85675675675676,32.74470588235294,1,13.0,17.153846153846153,39.85720720720721,32.745294117647056
39.85675675675676,32.74941176470588,1,2828.6837606837607,76.98717948717949,39.85720720720721,32.75
39.85675675675676,32.80941176470588,1,1609.1709401709402,34.833333333333336,39.85720720720721,32.809999999999995
39.85675675675676,32.81058823529411,1,1609.1709401709402,34.833333333333336,39.85720720720721,32.81117647058823
39.85675675675676,32.82588235294117,4,9547.376485303315,49.433812799666455,39.85720720720721,32.82647058823529
39.85675675675676,32.830588235294115,2,5187.076923076923,43.542735042735046,39.85720720720721,32.83117647058823
39.85675675675676,32.84470588235294,2,115.38414634146342,20.307926829268293,39.85720720720721,32.84529411764706
39.85675675675676,32.85647058823529,2,3896.5726495726494,63.07692307692308,39.85720720720721,32.85705882352941
39.85675675675676,32.96588235294117,8,12149.52736318408,38.90013075647404,39.85720720720721,32.96647058823529
39.85765765765766,32.42588235294117,1,49.42786069651741,12.840796019900498,39.85810810810811,32.42647058823529
39.85765765765766,32.64588235294117,2,4518.983163422922,35.31121923591803,39.85810810810811,32.64647058823529
39.85765765765766,32.65411764705882,1,1106.9017094017095,35.57692307692308,39.85810810810811,32.654705882352935
39.85765765765766,32.68,12,14613.058474046278,42.15522722534918,39.85810810810811,32.68058823529412
39.85765765765766,32.690588235294115,2,2963.7459870752555,35.52412966437357,39.85810810810811,32.69117647058823
39.85765765765766,32.83176470588235,10,19228.770064623724,43.885511778194704,39.85810810810811,32.83235294117647
39.85765765765766,32.85176470588235,6,2749.1523347925786,30.714352720450282,39.85810810810811,32.85235294117647
39.858558558558556,32.61764705882353,12,11376.920074480855,33.84652534106319,39.85900900900901,32.618235294117646
39.858558558558556,32.61882352941176,12,11376.920074480855,33.84652534106319,39.85900900900901,32.61941176470588
39.858558558558556,32.6435294117647,2,4859.290598290598,39.309829059829056,39.85900900900901,32.64411764705882
39.858558558558556,32.65176470588235,2,8952.641025641025,54.465811965811966,39.85900900900901,32.65235294117647
39.858558558558556,32.66470588235294,1,1106.9017094017095,35.57692307692308,39.85900900900901,32.66529411764706
39.858558558558556,32.681176470588234,4,5187.878465707734,49.13813320825516,39.85900900900901,32.68176470588235
39.858558558558556,32.712941176470586,10,10092.936311449745,49.63902329842629,39.85900900900901,32.7135294117647
39.858558558558556,32.71764705882352,2,2841.6837606837607,47.07051282051282,39.85900900900901,32.71823529411764
39.858558558558556,32.74117647058823,4,3404.5384615384614,31.104700854700855,39.85900900900901,32.741764705882346
39.858558558558556,32.75058823529412,2,2841.6837606837607,47.07051282051282,39.85900900900901,32.751176470588234
39.858558558558556,32.81294117647059,1,1609.1709401709402,34.833333333333336,39.85900900900901,32.813529411764705
39.858558558558556,32.815294117647056,16,9022.526047906447,34.17486770094763,39.85900900900901,32.81588235294117
39.858558558558556,32.87411764705882,1,1374.645299145299,46.48717948717949,39.85900900900901,32.874705882352934
39.85945945945946,32.49647058823529,1,191.47863247863248,34.34188034188034,39.85990990990991,32.49705882352941
39.85945945945946,32.63647058823529,3,4544.637708877468,26.615560298692827,39.85990990990991,32.63705882352941
39.85945945945946,32.66117647058823,2,2213.803418803419,35.57692307692308,39.85990990990991,32.66176470588235
39.85945945945946,32.72705882352941,1,2577.2903225806454,21.29032258064516,39.85990990990991,32.72764705882353
39.85945945945946,32.76117647058823,4,5683.3675213675215,47.07051282051282,39.85990990990991,32.76176470588235
39.85945945945946,32.82470588235294,2,4360.299562226392,55.32489055659787,39.85990990990991,32.825294117647054
39.85945945945946,32.82941176470588,5,9614.385032311862,43.885511778194704,39.85990990990991,32.83
39.85945945945946,32.83529411764706,3,4427.3081092349385,44.11402960183448,39.85990990990991,32.83588235294118
39.85945945945946,32.85058823529411,3,0.0,0.0,39.85990990990991,32.85117647058823
39.85945945945946,32.85294117647059,4,6051.789064884246,33.07288548131922,39.85990990990991,32.853529411764704
39.85945945945946,32.857647058823524,2,3896.5726495726494,63.07692307692308,39.85990990990991,32.85823529411764
39.85945945945946,32.96470588235294,16,24299.05472636816,38.90013075647404,39.85990990990991,32.965294117647055
39.86036036036036,32.54,4,6744.017094017094,66.97863247863248,39.86081081081081,32.540588235294116
39.86036036036036,32.6435294117647,1,382.97008547008545,24.153846153846153,39.86081081081081,32.64411764705882
39.86036036036036,32.64823529411765,3,13428.961538461539,54.46581196581197,39.86081081081081,32.648823529411764
39.86036036036036,32.65176470588235,3,13428.961538461539,54.46581196581197,39.86081081081081,32.65235294117647
39.86036036036036,32.66470588235294,6,6641.410256410257,35.57692307692308,39.86081081081081,32.66529411764706
39.86036036036036,32.7235294117647,2,5154.580645161291,21.29032258064516,39.86081081081081,32.72411764705882
39.86036036036036,32.80941176470588,55,57339.934946779824,43.09417056352388,39.86081081081081,32.809999999999995
39.86036036036036,32.81294117647059,1,1609.1709401709402,34.833333333333336,39.86081081081081,32.813529411764705
39.86036036036036,32.815294117647056,16,9022.526047906447,34.17486770094763,39.86081081081081,32.81588235294117
39.86036036036036,32.83176470588235,5,9614.385032311862,43.885511778194704,39.86081081081081,32.83235294117647
39.86036036036036,32.85294117647059,8,4444.7772566187205,38.681676047529706,39.86081081081081,32.853529411764704
39.86036036036036,32.85647058823529,9,12381.901483061905,34.114687294106766,39.86081081081081,32.85705882352941
39.86036036036036,32.87411764705882,1,1374.645299145299,46.48717948717949,39.86081081081081,32.874705882352934
39.86036036036036,33.101176470588236,6,0.0,0.0,39.86081081081081,33.10176470588235
39.86126126126126,32.61882352941176,2,382.95726495726495,34.34188034188034,39.86171171171171,32.61941176470588
39.86126126126126,32.63647058823529,3,4544.637708877468,26.615560298692827,39.86171171171171,32.63705882352941
39.86126126126126,32.6435294117647,2,8952.641025641025,54.465811965811966,39.86171171171171,32.64411764705882
39.86126126126126,32.65176470588235,2,4484.940170940171,28.835470085470085,39.86171171171171,32.65235294117647
39.86126126126126,32.66941176470588,2,2213.803418803419,35.57692307692308,39.86171171171171,32.669999999999995
39.86126126126126,32.71176470588235,13,12738.474772988206,46.2081901769617,39.86171171171171,32.71235294117647
39.86126126126126,32.73294117647058,2,27372.1935483871,80.7741935483871,39.86171171171171,32.7335294117647
39.86126126126126,32.739999999999995,2,3378.5384615384614,45.05555555555556,39.86171171171171,32.74058823529411
39.86126126126126,32.81411764705882,1,1609.1709401709402,34.833333333333336,39.86171171171171,32.81470588235294
39.86126126126126,32.81647058823529,6,3093.3784085686084,32.497401948841855,39.86171171171171,32.81705882352941
39.86126126126126,32.8235294117647,4,9547.376485303315,49.433812799666455,39.86171171171171,32.82411764705882
39.86126126126126,32.82470588235294,4,9547.376485303315,49.433812799666455,39.86171171171171,32.825294117647054
39.86126126126126,32.83764705882353,2,5187.076923076923,43.542735042735046,39.86171171171171,32.838235294117645
39.86126126126126,32.85294117647059,7,4736.968574108818,35.098871318383516,39.86171171171171,32.853529411764704
39.86126126126126,32.857647058823524,11,16278.474132634554,39.38054834552792,39.86171171171171,32.85823529411764
39.86126126126126,32.86,2,3896.5726495726494,63.07692307692308,39.86171171171171,32.86058823529412
39.86126126126126,32.87176470588235,5,6873.226495726495,46.48717948717949,39.86171171171171,32.872352941176466
39.86126126126126,32.87294117647058,1,1374.645299145299,46.48717948717949,39.86171171171171,32.8735294117647
39.862162162162164,32.58588235294118,2,39.92307692307692,7.260683760683761,39.862612612612615,32.586470588235294
39.862162162162164,32.64588235294117,2,4518.983163422922,35.31121923591803,39.862612612612615,32.64647058823529
39.862162162162164,32.64823529411765,2,4518.983163422922,35.31121923591803,39.862612612612615,32.648823529411764
39.862162162162164,32.677647058823524,5,4727.841880341881,51.50427350427351,39.862612612612615,32.67823529411764
39.862162162162164,32.69294117647058,5,4472.374138630855,40.58774124714423,39.862612612612615,32.6935294117647
39.862162162162164,32.69882352941176,5,4472.374138630855,40.58774124714423,39.862612612612615,32.69941176470588
39.862162162162164,32.72,1,2577.2903225806454,21.29032258064516,39.862612612612615,32.720588235294116
39.862162162162164,32.811764705882354,1,1609.1709401709402,34.833333333333336,39.862612612612615,32.81235294117647
39.862162162162164,32.81647058823529,7,3750.1200700236845,28.68932138811657,39.862612612612615,32.81705882352941
39.862162162162164,32.81882352941176,7,3045.3185795087793,35.53318213441634,39.862612612612615,32.819411764705876
39.862162162162164,32.827058823529406,1,67.00854700854701,21.692307692307693,39.862612612612615,32.82764705882352
39.862162162162164,32.82941176470588,2,4360.299562226392,55.32489055659787,39.862612612612615,32.83
39.862162162162164,32.830588235294115,5,9614.385032311862,43.885511778194704,39.862612612612615,32.83117647058823
39.862162162162164,32.83529411764706,6,8854.616218469877,44.11402960183448,39.862612612612615,32.83588235294118
39.863063063063066,32.5835294117647,2,39.92307692307692,7.260683760683761,39.86351351351352,32.58411764705882
39.863063063063066,32.652941176470584,4,17905.28205128205,54.465811965811966,39.86351351351352,32.6535294117647
39.863063063063066,32.69294117647058,12,13200.927764441198,44.568314356637984,39.86351351351352,32.6935294117647
39.863063063063066,32.73294117647058,1,13686.09677419355,80.7741935483871,39.86351351351352,32.7335294117647
39.863063063063066,32.764705882352935,1,2828.6837606837607,76.98717948717949,39.86351351351352,32.76529411764705
39.863063063063066,32.80941176470588,59,58532.67426301914,41.108646613975985,39.86351351351352,32.809999999999995
39.863063063063066,32.81882352941176,7,2240.3442205344204,30.21511131634552,39.86351351351352,32.819411764705876
39.863063063063066,32.8235294117647,5,13527.01751094434,50.11115280383573,39.86351351351352,32.82411764705882
39.863063063063066,32.83411764705882,5,9614.385032311862,43.885511778194704,39.86351351351352,32.834705882352935
39.863063063063066,32.83529411764706,2,5187.076923076923,43.542735042735046,39.86351351351352,32.83588235294118
39.863063063063066,32.85647058823529,1,278.32335329341316,42.449101796407184,39.86351351351352,32.85705882352941
39.863063063063066,32.86941176470588,1,1374.645299145299,46.48717948717949,39.86351351351352,32.87
39.86396396396396,32.48,1,191.47863247863248,34.34188034188034,39.86441441441441,32.480588235294114
39.86396396396396,32.54235294117647,2,3372.008547008547,66.97863247863248,39.86441441441441,32.542941176470585
39.86396396396396,32.58235294117647,1,910.0982905982906,49.542735042735046,39.86441441441441,32.582941176470584
39.86396396396396,32.63882352941176,3,4544.637708877468,26.615560298692827,39.86441441441441,32.639411764705876
39.86396396396396,32.6435294117647,2,765.9401709401709,24.153846153846153,39.86441441441441,32.64411764705882
39.86396396396396,32.67647058823529,3,2145.32905982906,23.627145438121048,39.86441441441441,32.67705882352941
39.86396396396396,32.6835294117647,4,5187.878465707734,49.13813320825516,39.86441441441441,32.68411764705882
39.86396396396396,32.688235294117646,10,10444.128619142051,44.677594280289945,39.86441441441441,32.68882352941176
39.86396396396396,32.69764705882353,11,11072.838020851454,42.75896294323173,39.86441441441441,32.698235294117644
39.86396396396396,32.70117647058823,11,11072.838020851454,42.75896294323173,39.86441441441441,32.70176470588235
39.86396396396396,32.73294117647058,1,13686.09677419355,80.7741935483871,39.86441441441441,32.7335294117647
39.86396396396396,32.815294117647056,2,3218.3418803418804,34.833333333333336,39.86441441441441,32.81588235294117
39.86396396396396,32.82,2,3736.863247863248,43.279914529914535,39.86441441441441,32.82058823529412
39.86396396396396,32.82235294117647,4,7473.726495726496,43.279914529914535,39.86441441441441,32.822941176470586
39.86396396396396,32.82941176470588,5,9614.385032311862,43.885511778194704,39.86441441441441,32.83
39.86396396396396,32.85411764705882,1,1908.7564102564102,64.74786324786325,39.86441441441441,32.85470588235294
39.86396396396396,32.855294117647055,7,2536.02084636231,34.957935018910625,39.86441441441441,32.85588235294117
39.86396396396396,32.85647058823529,7,2536.02084636231,34.957935018910625,39.86441441441441,32.85705882352941
39.86396396396396,32.86588235294117,9,12381.901483061905,34.114687294106766,39.86441441441441,32.86647058823529
39.86396396396396,32.959999999999994,2,7301.547008547009,61.2008547008547,39.86441441441441,32.96058823529411
39.86486486486486,32.45176470588235,2,382.95726495726495,34.34188034188034,39.865315315315314,32.452352941176464
39.86486486486486,32.6435294117647,2,4484.940170940171,28.835470085470085,39.865315315315314,32.64411764705882
39.86486486486486,32.647058823529406,5,18288.252136752137,48.4034188034188,39.865315315315314,32.64764705882352
39.86486486486486,32.712941176470586,5,5046.468155724872,49.63902329842629,39.865315315315314,32.7135294117647
39.86486486486486,32.71764705882352,3,7731.870967741936,21.29032258064516,39.865315315315314,32.71823529411764
39.86486486486486,32.74117647058823,3,3864.4786324786323,44.870370370370374,39.865315315315314,32.741764705882346
39.86486486486486,32.74588235294117,3,3864.4786324786323,44.870370370370374,39.865315315315314,32.74647058823529
39.86486486486486,32.765882352941176,8,3767.2991452991455,35.45459401709402,39.865315315315314,32.76647058823529
39.86486486486486,32.832941176470584,5,9614.385032311862,43.885511778194704,39.865315315315314,32.8335294117647
39.86486486486486,32.85411764705882,1,1987.8162393162393,61.4059829059829,39.865315315315314,32.85470588235294
39.86486486486486,32.855294117647055,6,2749.1523347925786,30.714352720450282,39.865315315315314,32.85588235294117
39.86486486486486,32.861176470588234,1,278.32335329341316,42.449101796407184,39.865315315315314,32.86176470588235
39.865765765765765,32.537647058823524,2,3372.008547008547,66.97863247863248,39.866216216216216,32.53823529411764
39.865765765765765,32.64823529411765,1,4476.320512820513,54.465811965811966,39.866216216216216,32.648823529411764
39.865765765765765,32.70823529411764,10,11064.218362731795,46.71434641704209,39.866216216216216,32.70882352941176
39.865765765765765,32.712941176470586,2,591.3333333333333,25.833333333333332,39.866216216216216,32.7135294117647
39.865765765765765,32.71764705882352,1,2577.2903225806454,21.29032258064516,39.866216216216216,32.71823529411764
39.865765765765765,32.81058823529411,1,1609.1709401709402,34.833333333333336,39.866216216216216,32.81117647058823
39.865765765765765,32.81411764705882,1,1609.1709401709402,34.833333333333336,39.866216216216216,32.81470588235294
39.865765765765765,32.81882352941176,2,189.64957264957266,30.73931623931624,39.866216216216216,32.819411764705876
39.865765765765765,32.82,7,2240.3442205344204,30.21511131634552,39.866216216216216,32.82058823529412
39.865765765765765,32.827058823529406,2,3736.863247863248,43.279914529914535,39.866216216216216,32.82764705882352
39.865765765765765,32.82823529411765,2,5187.076923076923,43.542735042735046,39.866216216216216,32.828823529411764
39.865765765765765,32.83411764705882,3,7311.243589743589,49.05982905982906,39.866216216216216,32.834705882352935
39.865765765765765,32.83529411764706,6,2177.672801213124,24.03877171215881,39.866216216216216,32.83588235294118
39.865765765765765,32.839999999999996,4,6040.00469043152,39.701975192828854,39.866216216216216,32.84058823529411
39.865765765765765,32.85176470588235,1,1908.7564102564102,64.74786324786325,39.866216216216216,32.85235294117647
39.865765765765765,32.8635294117647,1,278.32335329341316,42.449101796407184,39.866216216216216,32.86411764705882
39.86666666666667,32.65764705882353,1,0.0,0.0,39.86711711711712,32.658235294117645
39.86666666666667,32.702352941176464,2,41.75081673179169,8.702143787500267,39.86711711711712,32.70294117647058
39.86666666666667,32.73294117647058,1,13686.09677419355,80.7741935483871,39.86711711711712,32.7335294117647
39.86666666666667,32.83176470588235,5,9597.893162393162,46.64273504273505,39.86711711711712,32.83235294117647
39.86666666666667,32.83764705882353,3,7311.243589743589,49.05982905982906,39.86711711711712,32.838235294117645
39.86666666666667,32.839999999999996,4,6040.00469043152,39.701975192828854,39.86711711711712,32.84058823529411
39.86666666666667,32.85176470588235,3,5884.388888888889,62.519943019943014,39.86711711711712,32.85235294117647
39.86666666666667,32.85294117647059,1,1908.7564102564102,64.74786324786325,39.86711711711712,32.853529411764704
39.86666666666667,32.85411764705882,1,1987.8162393162393,61.4059829059829,39.86711711711712,32.85470588235294
39.86666666666667,32.855294117647055,1,1987.8162393162393,61.4059829059829,39.86711711711712,32.85588235294117
39.86756756756757,32.544705882352936,4,6744.017094017094,66.97863247863248,39.86801801801802,32.54529411764705
39.86756756756757,32.65529411764705,1,42.66265060240964,16.156626506024097,39.86801801801802,32.65588235294117
39.86756756756757,32.656470588235294,1,42.66265060240964,16.156626506024097,39.86801801801802,32.65705882352941
39.86756756756757,32.73294117647058,1,13686.09677419355,80.7741935483871,39.86801801801802,32.7335294117647
39.86756756756757,32.81058823529411,61,60325.836656181535,40.85652060757688,39.86801801801802,32.81117647058823
39.86756756756757,32.81294117647059,1,1609.1709401709402,34.833333333333336,39.86801801801802,32.813529411764705
39.86756756756757,32.82823529411765,6,11210.589743589742,43.27991452991453,39.86801801801802,32.828823529411764
39.86756756756757,32.85411764705882,1,1987.8162393162393,61.4059829059829,39.86801801801802,32.85470588235294
39.86756756756757,32.858823529411765,13,5285.173181154889,32.99935857346739,39.86801801801802,32.85941176470588
39.86756756756757,32.86588235294117,1,1374.645299145299,46.48717948717949,39.86801801801802,32.86647058823529
39.86756756756757,32.86705882352941,3,3027.6139515840114,45.141153590255385,39.86801801801802,32.86764705882353
39.86756756756757,32.868235294117646,11,14034.870135500616,35.99713335732251,39.86801801801802,32.86882352941176
39.86756756756757,32.95647058823529,8,12149.52736318408,38.90013075647404,39.86801801801802,32.95705882352941
39.86846846846847,32.652941176470584,6,22390.222222222223,45.92236467236467,39.86891891891892,32.6535294117647
39.86846846846847,32.68588235294117,19,21448.59495226692,45.44492937061002,39.86891891891892,32.68647058823529
39.86846846846847,32.71647058823529,5,7874.003722084368,31.743698346412742,39.86891891891892,32.717058823529406
39.86846846846847,32.764705882352935,4,5683.3675213675215,47.07051282051282,39.86891891891892,32.76529411764705
39.86846846846847,32.8235294117647,14,5285.6628000432,32.87414672538093,39.86891891891892,32.82411764705882
39.86846846846847,32.843529411764706,4,6040.00469043152,39.701975192828854,39.86891891891892,32.84411764705882
39.86846846846847,32.85058823529411,2,3896.5726495726494,63.07692307692308,39.86891891891892,32.85117647058823
39.86846846846847,32.855294117647055,2,3896.5726495726494,63.07692307692308,39.86891891891892,32.85588235294117
39.86846846846847,32.85647058823529,1,1908.7564102564102,64.74786324786325,39.86891891891892,32.85705882352941
39.86846846846847,32.96235294117647,8,12149.52736318408,38.90013075647404,39.86891891891892,32.962941176470586
39.86936936936937,32.54,2,3372.008547008547,66.97863247863248,39.869819819819824,32.540588235294116
39.86936936936937,32.6435294117647,7,911.1942211737393,14.610651196193364,39.869819819819824,32.64411764705882
39.86936936936937,32.65882352941176,1,4476.320512820513,54.465811965811966,39.869819819819824,32.65941176470588
39.86936936936937,32.68,6,6641.410256410257,35.57692307692308,39.869819819819824,32.68058823529412
39.86936936936937,32.718823529411765,2,5154.580645161291,21.29032258064516,39.869819819819824,32.71941176470588
39.86936936936937,32.74588235294117,3,3864.4786324786323,44.870370370370374,39.869819819819824,32.74647058823529
39.86936936936937,32.82588235294117,11,5042.76109566471,33.47750910401513,39.869819819819824,32.82647058823529
39.86936936936937,32.83176470588235,7,7287.440170940171,34.82173382173382,39.869819819819824,32.83235294117647
39.86936936936937,32.868235294117646,1,7755.559829059829,56.81623931623932,39.869819819819824,32.86882352941176
39.86936936936937,32.87176470588235,3,6025.376943672124,40.00223114680946,39.869819819819824,32.872352941176466
39.87027027027027,32.73294117647058,1,13686.09677419355,80.7741935483871,39.87072072072072,32.7335294117647
39.87027027027027,32.74823529411764,3,3864.4786324786323,44.870370370370374,39.87072072072072,32.74882352941176
39.87027027027027,32.764705882352935,4,5683.3675213675215,47.07051282051282,39.87072072072072,32.76529411764705
39.87027027027027,32.81294117647059,1,1609.1709401709402,34.833333333333336,39.87072072072072,32.813529411764705
39.87027027027027,32.817647058823525,4,9973.76923076923,20.90811965811966,39.87072072072072,32.81823529411764
39.87027027027027,32.85294117647059,1,1987.8162393162393,61.4059829059829,39.87072072072072,32.853529411764704
39.87027027027027,32.85411764705882,1,1908.7564102564102,64.74786324786325,39.87072072072072,32.85470588235294
39.87027027027027,32.86,13,5285.173181154889,32.99935857346739,39.87072072072072,32.86058823529412
39.87027027027027,32.86588235294117,1,278.32335329341316,42.449101796407184,39.87072072072072,32.86647058823529
39.87027027027027,32.86941176470588,1,7755.559829059829,56.81623931623932,39.87072072072072,32.87
39.87027027027027,32.94941176470588,6,11002.364970021687,36.39818003997109,39.87072072072072,32.949999999999996
39.87117117117117,32.535294117647055,6,10116.02564102564,66.97863247863248,39.87162162162162,32.53588235294117
39.87117117117117,32.60588235294117,10,5158.3974358974365,33.33974358974359,39.87162162162162,32.60647058823529
39.87117117117117,32.62705882352941,2,1820.1965811965813,49.542735042735046,39.87162162162162,32.62764705882353
39.87117117117117,32.641176470588235,18,12279.494637534935,28.068207458943537,39.87162162162162,32.64176470588235
39.87117117117117,32.64823529411765,1,382.97008547008545,24.153846153846153,39.87162162162162,32.648823529411764
39.87117117117117,32.66,2,8952.641025641025,54.465811965811966,39.87162162162162,32.660588235294114
39.87117117117117,32.662352941176465,2,8952.641025641025,54.465811965811966,39.87162162162162,32.66294117647058
39.87117117117117,32.712941176470586,2,5154.580645161291,21.29032258064516,39.87162162162162,32.7135294117647
39.87117117117117,32.73294117647058,1,13686.09677419355,80.7741935483871,39.87162162162162,32.7335294117647
39.87117117117117,32.764705882352935,5,8512.051282051281,53.05384615384615,39.87162162162162,32.76529411764705
39.87117117117117,32.81882352941176,4,9973.76923076923,20.90811965811966,39.87162162162162,32.819411764705876
39.87117117117117,32.82470588235294,7,3281.9273454041304,30.632842636515868,39.87162162162162,32.825294117647054
39.87117117117117,32.82941176470588,5,2905.337606837607,38.778632478632474,39.87162162162162,32.83
39.87117117117117,32.842352941176465,3,7311.243589743589,49.05982905982906,39.87162162162162,32.84294117647058
39.87117117117117,32.87529411764706,4,6051.789064884246,33.07288548131922,39.87162162162162,32.875882352941176
39.87117117117117,32.94117647058823,2,2255.4444444444443,32.53632478632478,39.87162162162162,32.94176470588235
39.87117117117117,32.9435294117647,6,11002.364970021687,36.39818003997109,39.87162162162162,32.94411764705882
39.87207207207207,32.665882352941175,4,9037.966326845844,35.31121923591803,39.87252252252252,32.66647058823529
39.87207207207207,32.67058823529411,2,382.95726495726495,34.34188034188034,39.87252252252252,32.67117647058823
39.87207207207207,32.68705882352941,19,21448.59495226692,45.44492937061002,39.87252252252252,32.68764705882353
39.87207207207207,32.69176470588235,1,781.7948717948718,42.965811965811966,39.87252252252252,32.692352941176466
39.87207207207207,32.81058823529411,1,1609.1709401709402,34.833333333333336,39.87252252252252,32.81117647058823
39.87207207207207,32.81411764705882,4,9973.76923076923,20.90811965811966,39.87252252252252,32.81470588235294
39.87207207207207,32.82588235294117,4,3039.025641025641,30.61111111111111,39.87252252252252,32.82647058823529
39.87207207207207,32.83764705882353,1,2124.1666666666665,60.0940170940171,39.87252252252252,32.838235294117645
39.87207207207207,32.84941176470588,1,1987.8162393162393,61.4059829059829,39.87252252252252,32.849999999999994
39.87207207207207,32.85058823529411,1,1908.7564102564102,64.74786324786325,39.87252252252252,32.85117647058823
39.87207207207207,32.86235294117647,13,5285.173181154889,32.99935857346739,39.87252252252252,32.862941176470585
39.87207207207207,32.86588235294117,5,3424.472925942986,32.60435027381135,39.87252252252252,32.86647058823529
39.87207207207207,32.86705882352941,6,4958.905957316137,44.46814064179333,39.87252252252252,32.86764705882353
39.87207207207207,32.87176470588235,1,7755.559829059829,56.81623931623932,39.87252252252252,32.872352941176466
39.872972972972974,32.64941176470588,2,408.6246309246309,16.68904428904429,39.873423423423425,32.65
39.872972972972974,32.66705882352941,7,9097.895075874594,23.271212856755024,39.873423423423425,32.667647058823526
39.872972972972974,32.67647058823529,1,8.61965811965812,3.2051282051282053,39.873423423423425,32.67705882352941
39.872972972972974,32.69176470588235,1,582.7136752136752,48.46153846153846,39.873423423423425,32.692352941176466
39.872972972972974,32.74823529411764,3,3864.4786324786323,44.870370370370374,39.873423423423425,32.74882352941176
39.872972972972974,32.8235294117647,7,3281.9273454041304,30.632842636515868,39.873423423423425,32.82411764705882
39.872972972972974,32.827058823529406,3,1271.3803418803418,24.21082621082621,39.873423423423425,32.82764705882352
39.872972972972974,32.832941176470584,10,5005.7008547008545,35.0559829059829,39.873423423423425,32.8335294117647
39.872972972972974,32.84705882352941,2,4046.6495726495727,37.256410256410255,39.873423423423425,32.847647058823526
39.872972972972974,32.86705882352941,2,15511.119658119658,56.81623931623932,39.873423423423425,32.86764705882353
39.872972972972974,32.87529411764706,18,30206.121081996986,35.38266736981596,39.873423423423425,32.875882352941176
39.872972972972974,32.87647058823529,3,6025.376943672124,40.00223114680946,39.873423423423425,32.87705882352941
39.873873873873876,32.64941176470588,25,22762.45980708137,32.620869455625794,39.87432432432433,32.65
39.873873873873876,32.68470588235294,7,7517.029914529914,34.08654962923256,39.87432432432433,32.685294117647054
39.873873873873876,32.68588235294117,3,2145.32905982906,23.627145438121048,39.87432432432433,32.68647058823529
39.873873873873876,32.68705882352941,4,3252.2307692307695,26.614589847821556,39.87432432432433,32.68764705882353
39.873873873873876,32.70823529411764,2,5154.580645161291,21.29032258064516,39.87432432432433,32.70882352941176
39.873873873873876,32.74941176470588,2,2841.6837606837607,47.07051282051282,39.87432432432433,32.75
39.873873873873876,32.755294117647054,4,1943.7606837606838,44.5,39.87432432432433,32.75588235294117
39.873873873873876,32.76,1,2828.6837606837607,76.98717948717949,39.87432432432433,32.760588235294115
39.873873873873876,32.81294117647059,5,11582.94017094017,23.693162393162396,39.87432432432433,32.813529411764705
39.873873873873876,32.817647058823525,4,9973.76923076923,20.90811965811966,39.87432432432433,32.81823529411764
39.873873873873876,32.845882352941175,2,5187.076923076923,43.542735042735046,39.87432432432433,32.84647058823529
39.873873873873876,32.87882352941176,4,6051.789064884246,33.07288548131922,39.87432432432433,32.87941176470588
39.873873873873876,32.94,2,2255.4444444444443,32.53632478632478,39.87432432432433,32.940588235294115
39.873873873873876,32.959999999999994,8,15750.25641025641,42.20192307692307,39.87432432432433,32.96058823529411
39.87477477477478,32.67411764705882,8,8546.837606837607,33.83815405461747,39.87522522522523,32.67470588235294
39.87477477477478,32.68705882352941,2,2213.803418803419,35.57692307692308,39.87522522522523,32.68764705882353
39.87477477477478,32.69176470588235,4,4427.606837606838,35.57692307692308,39.87522522522523,32.692352941176466
39.87477477477478,32.70117647058823,6,6410.128205128205,33.83815405461747,39.87522522522523,32.70176470588235
39.87477477477478,32.715294117647055,3,7731.870967741936,21.29032258064516,39.87522522522523,32.71588235294117
39.87477477477478,32.76235294117647,4,5683.3675213675215,47.07051282051282,39.87522522522523,32.762941176470584
39.87477477477478,32.811764705882354,3,4827.51282051282,34.833333333333336,39.87522522522523,32.81235294117647
39.87477477477478,32.817647058823525,4,9973.76923076923,20.90811965811966,39.87522522522523,32.81823529411764
39.87477477477478,32.82235294117647,12,4122.903220762977,27.444705023973317,39.87522522522523,32.822941176470586
39.87477477477478,32.8235294117647,3,1907.6262718164717,34.8836927865726,39.87522522522523,32.82411764705882
39.87477477477478,32.82588235294117,3,1271.3803418803418,24.21082621082621,39.87522522522523,32.82647058823529
39.87477477477478,32.83176470588235,3,1319.923076923077,40.99430199430199,39.87522522522523,32.83235294117647
39.87477477477478,32.83882352941176,2,1993.3551177819472,42.147540129247446,39.87522522522523,32.83941176470588
39.87477477477478,32.85411764705882,2,3896.5726495726494,63.07692307692308,39.87522522522523,32.85470588235294
39.87477477477478,32.864705882352936,10,6848.945851885972,32.60435027381135,39.87522522522523,32.86529411764705
39.87477477477478,32.87411764705882,1,7755.559829059829,56.81623931623932,39.87522522522523,32.874705882352934
39.87477477477478,32.99647058823529,5,17190.008547008547,41.66324786324786,39.87522522522523,32.99705882352941
39.87477477477478,32.997647058823524,5,17190.008547008547,41.66324786324786,39.87522522522523,32.99823529411764
39.87567567567567,32.67176470588235,4,9037.966326845844,35.31121923591803,39.876126126126124,32.67235294117647
39.87567567567567,32.70823529411764,3,7731.870967741936,21.29032258064516,39.876126126126124,32.70882352941176
39.87567567567567,32.815294117647056,4,9973.76923076923,20.90811965811966,39.876126126126124,32.81588235294117
39.87567567567567,32.817647058823525,4,9973.76923076923,20.90811965811966,39.876126126126124,32.81823529411764
39.87567567567567,32.8235294117647,3,5302.9358974358975,49.81196581196581,39.876126126126124,32.82411764705882
39.87567567567567,32.83529411764706,2,1043.3974358974358,29.314102564102566,39.876126126126124,32.83588235294118
39.87567567567567,32.845882352941175,4,9233.726495726496,40.39957264957265,39.876126126126124,32.84647058823529
39.87567567567567,32.86235294117647,13,5285.173181154889,32.99935857346739,39.876126126126124,32.862941176470585
39.87567567567567,32.864705882352936,25,10396.554122524183,12.714032447924664,39.876126126126124,32.86529411764705
39.87567567567567,33.0,12,35372.905982905984,49.65099715099715,39.876126126126124,33.00058823529412
39.876576576576575,32.65176470588235,13,11385.539732600513,31.489494792145116,39.877027027027026,32.65235294117647
39.876576576576575,32.67058823529411,6,4324.727894327894,25.63351684449245,39.877027027027026,32.67117647058823
39.876576576576575,32.688235294117646,3,3320.7051282051284,35.57692307692308,39.877027027027026,32.68882352941176
39.876576576576575,32.68941176470588,1,1106.9017094017095,35.57692307692308,39.877027027027026,32.69
39.876576576576575,32.705882352941174,1,2577.2903225806454,21.29032258064516,39.877027027027026,32.70647058823529
39.876576576576575,32.81058823529411,90,88388.56771772917,42.150909154761244,39.877027027027026,32.81117647058823
39.876576576576575,32.811764705882354,1,1609.1709401709402,34.833333333333336,39.877027027027026,32.81235294117647
39.876576576576575,32.82588235294117,3,1271.3803418803418,24.21082621082621,39.877027027027026,32.82647058823529
39.876576576576575,32.83176470588235,9,2413.949129852744,26.52379317841165,39.877027027027026,32.83235294117647
39.876576576576575,32.842352941176465,4,9233.726495726496,40.39957264957265,39.877027027027026,32.84294117647058
39.876576576576575,32.84941176470588,2,3896.5726495726494,63.07692307692308,39.877027027027026,32.849999999999994
39.876576576576575,32.855294117647055,15,19698.189832342818,36.73787216061935,39.877027027027026,32.85588235294117
39.876576576576575,32.857647058823524,1,1908.7564102564102,64.74786324786325,39.877027027027026,32.85823529411764
39.876576576576575,32.86235294117647,10,4156.175437678483,32.024879085909944,39.877027027027026,32.862941176470585
39.876576576576575,32.87176470588235,10,16816.83760683761,58.44017094017094,39.877027027027026,32.872352941176466
39.876576576576575,32.879999999999995,3,6025.376943672124,40.00223114680946,39.877027027027026,32.88058823529411
39.876576576576575,32.88117647058823,1,3700.559829059829,57.34615384615385,39.877027027027026,32.88176470588235
39.876576576576575,32.99882352941176,6,17686.452991452992,49.65099715099715,39.877027027027026,32.999411764705876
39.876576576576575,33.00235294117647,4,8970.65811965812,42.77029914529915,39.877027027027026,33.002941176470586
39.876576576576575,33.0035294117647,7,17813.884615384617,45.71916971916972,39.877027027027026,33.00411764705882
39.87747747747748,32.647058823529406,4,851.2654721449902,20.155236329935125,39.87792792792793,32.64764705882352
39.87747747747748,32.64823529411765,8,1328.2072991265761,17.42248785351195,39.87792792792793,32.648823529411764
39.87747747747748,32.66,1,382.97008547008545,24.153846153846153,39.87792792792793,32.660588235294114
39.87747747747748,32.66705882352941,6,4427.768201009165,31.72945210066867,39.87792792792793,32.667647058823526
39.87747747747748,32.69529411764706,4,4427.606837606838,35.57692307692308,39.87792792792793,32.695882352941176
39.87747747747748,32.75411764705882,8,3887.5213675213677,44.5,39.87792792792793,32.75470588235294
39.87747747747748,32.82235294117647,6,3815.2525436329433,34.8836927865726,39.87792792792793,32.822941176470586
39.87747747747748,32.83411764705882,3,1056.965811965812,32.679487179487175,39.87792792792793,32.834705882352935
39.87747747747748,32.836470588235294,5,5294.995726495727,40.38290598290598,39.87792792792793,32.83705882352941
39.87747747747748,32.855294117647055,1,1987.8162393162393,61.4059829059829,39.87792792792793,32.85588235294117
39.87747747747748,32.857647058823524,1,1908.7564102564102,64.74786324786325,39.87792792792793,32.85823529411764
39.87747747747748,32.883529411764705,4,8487.08547008547,60.613247863247864,39.87792792792793,32.88411764705882
39.87747747747748,32.99294117647059,3,8474.213675213674,27.163817663817664,39.87792792792793,32.993529411764705
39.87747747747748,32.99411764705882,4,16693.5641025641,29.681623931623932,39.87792792792793,32.99470588235294
39.87747747747748,32.99647058823529,2,254.86324786324786,22.128205128205128,39.87792792792793,32.99705882352941
39.87747747747748,33.001176470588234,4,8970.65811965812,42.77029914529915,39.87792792792793,33.00176470588235
39.87837837837838,32.49411764705882,2,240.90649317514988,23.591338180890418,39.87882882882883,32.49470588235294
39.87837837837838,32.647058823529406,12,11376.920074480855,33.84652534106319,39.87882882882883,32.64764705882352
39.87837837837838,32.64941176470588,19,12288.114295654594,26.75962434032168,39.87882882882883,32.65
39.87837837837838,32.65529411764705,1,382.97008547008545,24.153846153846153,39.87882882882883,32.65588235294117
39.87837837837838,32.705882352941174,2,591.3333333333333,25.833333333333332,39.87882882882883,32.70647058823529
39.87837837837838,32.80117647058823,3,3212.490083087644,54.2377602072724,39.87882882882883,32.80176470588235
39.87837837837838,32.8035294117647,3,3212.490083087644,54.2377602072724,39.87882882882883,32.80411764705882
39.87837837837838,32.81647058823529,4,9973.76923076923,20.90811965811966,39.87882882882883,32.81705882352941
39.87837837837838,32.817647058823525,4,9973.76923076923,20.90811965811966,39.87882882882883,32.81823529411764
39.87837837837838,32.82235294117647,4,1374.301073587659,27.444705023973317,39.87882882882883,32.822941176470586
39.87837837837838,32.83764705882353,4,3036.752553679383,35.73082134667501,39.87882882882883,32.838235294117645
39.87837837837838,32.839999999999996,4,9233.726495726496,40.39957264957265,39.87882882882883,32.84058823529411
39.87837837837838,32.84705882352941,2,3896.5726495726494,63.07692307692308,39.87882882882883,32.847647058823526
39.87837837837838,32.864705882352936,9,5314.51282051282,24.695156695156694,39.87882882882883,32.86529411764705
39.87837837837838,32.87294117647058,5,38777.79914529915,56.81623931623932,39.87882882882883,32.8735294117647
39.87837837837838,32.88117647058823,12,20590.66359985396,42.253006275295434,39.87882882882883,32.88176470588235
39.87837837837838,32.945882352941176,3,4224.354700854701,35.868945868945865,39.87882882882883,32.94647058823529
39.87927927927928,32.59294117647058,2,3225.410447761194,53.007462686567166,39.87972972972973,32.5935294117647
39.87927927927928,32.65176470588235,2,425.6327360724951,20.155236329935125,39.87972972972973,32.65235294117647
39.87927927927928,32.65529411764705,1,77.17469879518072,27.512048192771083,39.87972972972973,32.65588235294117
39.87927927927928,32.656470588235294,13,11385.539732600513,31.489494792145116,39.87972972972973,32.65705882352941
39.87927927927928,32.66,4,2902.6495726495727,28.99600010423181,39.87972972972973,32.660588235294114
39.87927927927928,32.66470588235294,6,4427.768201009165,31.72945210066867,39.87972972972973,32.66529411764706
39.87927927927928,32.68588235294117,68,83082.42301169687,49.41996917287395,39.87972972972973,32.68647058823529
39.87927927927928,32.69411764705882,2,2213.803418803419,35.57692307692308,39.87972972972973,32.694705882352935
39.87927927927928,32.71176470588235,1,2577.2903225806454,21.29032258064516,39.87972972972973,32.71235294117647
39.87927927927928,32.80470588235294,3,3212.490083087644,54.2377602072724,39.87972972972973,32.80529411764706
39.87927927927928,32.81058823529411,29,29055.497844288904,40.62519789067617,39.87972972972973,32.81117647058823
39.87927927927928,32.82235294117647,3,1907.6262718164717,34.8836927865726,39.87972972972973,32.822941176470586
39.87927927927928,32.83411764705882,9,2413.949129852744,26.52379317841165,39.87972972972973,32.834705882352935
39.87927927927928,32.895294117647055,1,44.265,31.365,39.87972972972973,32.89588235294117
39.88018018018018,32.485882352941175,2,240.90649317514988,23.591338180890418,39.880630630630634,32.48647058823529
39.88018018018018,32.67058823529411,5,2622.5087314292136,25.71328897601892,39.880630630630634,32.67117647058823
39.88018018018018,32.67411764705882,15,12893.126086407348,31.2892649813337,39.880630630630634,32.67470588235294
39.88018018018018,32.67647058823529,4,2545.3340326340326,25.26359917183088,39.880630630630634,32.67705882352941
39.88018018018018,32.690588235294115,1,1106.9017094017095,35.57692307692308,39.880630630630634,32.69117647058823
39.88018018018018,32.75411764705882,3,3864.4786324786323,44.870370370370374,39.880630630630634,32.75470588235294
39.88018018018018,32.79764705882353,3,3212.490083087644,54.2377602072724,39.880630630630634,32.798235294117646
39.88018018018018,32.81411764705882,2,3218.3418803418804,34.833333333333336,39.880630630630634,32.81470588235294
39.88018018018018,32.81647058823529,4,9973.76923076923,20.90811965811966,39.880630630630634,32.81705882352941
39.88018018018018,32.827058823529406,3,1271.3803418803418,24.21082621082621,39.880630630630634,32.82764705882352
39.88018018018018,32.858823529411765,22,17969.976381132412,31.079865645843665,39.880630630630634,32.85941176470588
39.88018018018018,32.870588235294115,2,3363.3675213675215,58.44017094017094,39.880630630630634,32.87117647058823
39.88018018018018,32.87176470588235,1,7755.559829059829,56.81623931623932,39.880630630630634,32.872352941176466
39.88018018018018,32.88470588235294,4,8487.08547008547,60.613247863247864,39.880630630630634,32.88529411764706
39.88018018018018,32.885882352941174,2,1085.965811965812,63.88034188034188,39.880630630630634,32.88647058823529
39.88018018018018,32.94705882352941,2,1147.162393162393,46.4059829059829,39.880630630630634,32.94764705882353
39.881081081081085,32.65411764705882,11,11299.745375685674,34.42238689999884,39.881531531531536,32.654705882352935
39.881081081081085,32.677647058823524,9,10193.442656182955,34.806720183015535,39.881531531531536,32.67823529411764
39.881081081081085,32.67882352941176,21,49666.15214704974,36.22334269924632,39.881531531531536,32.679411764705875
39.881081081081085,32.69176470588235,2,2213.803418803419,35.57692307692308,39.881531531531536,32.692352941176466
39.881081081081085,32.69764705882353,1,1106.9017094017095,35.57692307692308,39.881531531531536,32.698235294117644
39.881081081081085,32.69882352941176,2,1165.4273504273503,48.46153846153846,39.881531531531536,32.69941176470588
39.881081081081085,32.71176470588235,1,2577.2903225806454,21.29032258064516,39.881531531531536,32.71235294117647
39.881081081081085,32.71647058823529,2,2585.9099807003035,12.247725392886682,39.881531531531536,32.717058823529406
39.881081081081085,32.75647058823529,3,3864.4786324786323,44.870370370370374,39.881531531531536,32.757058823529405
39.881081081081085,32.79882352941176,3,3212.490083087644,54.2377602072724,39.881531531531536,32.79941176470588
39.881081081081085,32.805882352941175,3,3212.490083087644,54.2377602072724,39.881531531531536,32.80647058823529
39.881081081081085,32.815294117647056,4,9973.76923076923,20.90811965811966,39.881531531531536,32.81588235294117
39.881081081081085,32.827058823529406,1,1767.645299145299,49.81196581196581,39.881531531531536,32.82764705882352
39.881081081081085,32.83764705882353,3,3709.5811965811963,43.668091168091166,39.881531531531536,32.838235294117645
39.881081081081085,32.83882352941176,2,5187.076923076923,43.542735042735046,39.881531531531536,32.83941176470588
39.881081081081085,32.868235294117646,2,15511.119658119658,56.81623931623932,39.881531531531536,32.86882352941176
39.881081081081085,33.18,6,2423.1523597175774,17.363123993558776,39.881531531531536,33.18058823529412
39.88198198198198,32.665882352941175,2,2136.709401709402,33.83815405461747,39.88243243243243,32.66647058823529
39.88198198198198,32.66823529411764,13,12841.816995498259,34.683883836270816,39.88243243243243,32.66882352941176
39.88198198198198,32.67058823529411,10,10270.617354978136,34.07725298399109,39.88243243243243,32.67117647058823
39.88198198198198,32.70941176470588,3,2645.5384615384614,34.77207977207977,39.88243243243243,32.709999999999994
39.88198198198198,32.71176470588235,2,2585.9099807003035,12.247725392886682,39.88243243243243,32.71235294117647
39.88198198198198,32.752941176470586,1,485.94017094017096,44.5,39.88243243243243,32.7535294117647
39.88198198198198,32.80117647058823,3,3212.490083087644,54.2377602072724,39.88243243243243,32.80176470588235
39.88198198198198,32.811764705882354,60,58716.66571601059,40.95690706214761,39.88243243243243,32.81235294117647
39.88198198198198,32.81294117647059,1,1609.1709401709402,34.833333333333336,39.88243243243243,32.813529411764705
39.88198198198198,32.817647058823525,4,9973.76923076923,20.90811965811966,39.88243243243243,32.81823529411764
39.88198198198198,32.855294117647055,22,17969.976381132412,31.079865645843665,39.88243243243243,32.85588235294117
39.88198198198198,32.87647058823529,5,3477.5326546278357,32.07882120556819,39.88243243243243,32.87705882352941
39.88198198198198,32.94,14,15636.109439850938,36.51943789709154,39.88243243243243,32.940588235294115
39.88288288288288,32.66,12,11682.71546115576,33.56667517115278,39.88333333333333,32.660588235294114
39.88288288288288,32.66117647058823,12,11308.365033805332,31.82094867542629,39.88333333333333,32.66176470588235
39.88288288288288,32.70941176470588,1,582.7136752136752,48.46153846153846,39.88333333333333,32.709999999999994
39.88288288288288,32.712941176470586,1,2577.2903225806454,21.29032258064516,39.88333333333333,32.7135294117647
39.88288288288288,32.75176470588235,2,2841.6837606837607,47.07051282051282,39.88333333333333,32.75235294117647
39.88288288288288,32.752941176470586,2,2841.6837606837607,47.07051282051282,39.88333333333333,32.7535294117647
39.88288288288288,32.76117647058823,4,5683.3675213675215,47.07051282051282,39.88333333333333,32.76176470588235
39.88288288288288,32.80705882352941,3,3212.490083087644,54.2377602072724,39.88333333333333,32.80764705882353
39.88288288288288,32.81294117647059,3,4827.51282051282,34.833333333333336,39.88333333333333,32.813529411764705
39.88288288288288,32.82,1,1767.645299145299,49.81196581196581,39.88333333333333,32.82058823529412
39.88288288288288,32.82235294117647,10,17676.452991452992,49.81196581196581,39.88333333333333,32.822941176470586
39.88288288288288,32.82470588235294,2,1870.5660308526162,43.479153637690224,39.88333333333333,32.825294117647054
39.88288288288288,32.82823529411765,4,1308.4405828441973,22.581312429203994,39.88333333333333,32.828823529411764
39.88288288288288,32.83529411764706,10,2582.730352303523,29.531405044819678,39.88333333333333,32.83588235294118
39.88288288288288,32.870588235294115,1,7755.559829059829,56.81623931623932,39.88333333333333,32.87117647058823
39.88288288288288,32.885882352941174,6,8662.591494181856,50.818470463048776,39.88333333333333,32.88647058823529
39.88288288288288,32.88823529411764,2,1085.965811965812,63.88034188034188,39.88333333333333,32.88882352941176
39.88288288288288,32.94,2,7301.547008547009,61.2008547008547,39.88333333333333,32.940588235294115
39.88288288288288,32.94705882352941,3,10952.320512820514,61.2008547008547,39.88333333333333,32.94764705882353
39.88288288288288,32.976470588235294,3,1072.2692307692307,36.29059829059829,39.88333333333333,32.97705882352941
39.88288288288288,32.98470588235294,6,17317.44017094017,38.40740740740741,39.88333333333333,32.98529411764706
39.883783783783784,32.59176470588235,2,154.34939759036143,27.512048192771083,39.884234234234235,32.592352941176465
39.883783783783784,32.59882352941176,1,121.58119658119658,17.136752136752136,39.884234234234235,32.59941176470588
39.883783783783784,32.665882352941175,6,8031.078709019008,39.393321852277076,39.884234234234235,32.66647058823529
39.883783783783784,32.6835294117647,4,2545.3340326340326,25.26359917183088,39.884234234234235,32.68411764705882
39.883783783783784,32.688235294117646,1,1106.9017094017095,35.57692307692308,39.884234234234235,32.68882352941176
39.883783783783784,32.75764705882353,9,12389.529914529914,46.33713200379867,39.884234234234235,32.75823529411765
39.883783783783784,32.8035294117647,3,3212.490083087644,54.2377602072724,39.884234234234235,32.80411764705882
39.883783783783784,32.80941176470588,3,3212.490083087644,54.2377602072724,39.884234234234235,32.809999999999995
39.883783783783784,32.815294117647056,4,9973.76923076923,20.90811965811966,39.884234234234235,32.81588235294117
39.883783783783784,32.8235294117647,7,3216.066854660669,27.85376115379054,39.884234234234235,32.82411764705882
39.883783783783784,32.83882352941176,11,15980.060245987075,39.59325904447856,39.884234234234235,32.83941176470588
39.883783783783784,32.885882352941174,2,3700.559829059829,28.673076923076923,39.884234234234235,32.88647058823529
39.883783783783784,32.93411764705882,8,21107.76373792798,44.662622862901145,39.884234234234235,32.93470588235294
39.883783783783784,32.93647058823529,2,1147.162393162393,46.4059829059829,39.884234234234235,32.937058823529405
39.883783783783784,32.94705882352941,3,0.0,0.0,39.884234234234235,32.94764705882353
39.883783783783784,32.99058823529411,6,17317.44017094017,38.40740740740741,39.884234234234235,32.99117647058823
39.884684684684686,32.715294117647055,1,2577.2903225806454,21.29032258064516,39.88513513513514,32.71588235294117
39.884684684684686,32.76117647058823,7,9547.846153846154,46.12759462759463,39.88513513513514,32.76176470588235
39.884684684684686,32.79529411764705,2,2562.3543292456334,61.79266536603493,39.88513513513514,32.79588235294117
39.884684684684686,32.817647058823525,8,19947.53846153846,20.90811965811966,39.88513513513514,32.81823529411764
39.884684684684686,32.85058823529411,5,3086.312841108022,29.96629595304294,39.88513513513514,32.85117647058823
39.884684684684686,32.85176470588235,11,6107.085657200409,32.4115918446656,39.88513513513514,32.85235294117647
39.884684684684686,32.855294117647055,12,13813.80094345393,30.292354445788433,39.88513513513514,32.85588235294117
39.884684684684686,32.86705882352941,4,9527.064102564102,32.72542735042735,39.88513513513514,32.86764705882353
39.884684684684686,32.88235294117647,5,8487.08547008547,48.49059829059829,39.88513513513514,32.88294117647059
39.884684684684686,32.88705882352941,2,4243.542735042735,60.613247863247864,39.88513513513514,32.887647058823525
39.884684684684686,32.93647058823529,1,617.9957264957264,39.7008547008547,39.88513513513514,32.937058823529405
39.884684684684686,32.94117647058823,1,0.0,0.0,39.88513513513514,32.94176470588235
39.884684684684686,32.99058823529411,6,17317.44017094017,38.40740740740741,39.88513513513514,32.99117647058823
39.88558558558559,32.62,5,2172.4946386946385,24.396767676767677,39.88603603603604,32.620588235294115
39.88558558558559,32.6235294117647,5,3493.243045843046,27.37787101787102,39.88603603603604,32.62411764705882
39.88558558558559,32.66470588235294,24,22991.080494961094,32.69381192328954,39.88603603603604,32.66529411764706
39.88558558558559,32.68588235294117,8,10167.788110728408,38.004529902862174,39.88603603603604,32.68647058823529
39.88558558558559,32.699999999999996,1,582.7136752136752,48.46153846153846,39.88603603603604,32.70058823529411
39.88558558558559,32.70941176470588,1,582.7136752136752,48.46153846153846,39.88603603603604,32.709999999999994
39.88558558558559,32.734117647058824,2,27372.1935483871,80.7741935483871,39.88603603603604,32.73470588235294
39.88558558558559,32.752941176470586,2,971.8803418803419,44.5,39.88603603603604,32.7535294117647
39.88558558558559,32.855294117647055,10,4156.175437678483,32.024879085909944,39.88603603603604,32.85588235294117
39.88558558558559,32.85647058823529,5,1223.155633634289,28.95633519912863,39.88603603603604,32.85705882352941
39.88558558558559,32.88470588235294,4,8487.08547008547,60.613247863247864,39.88603603603604,32.88529411764706
39.88558558558559,32.89411764705882,2,1085.965811965812,63.88034188034188,39.88603603603604,32.89470588235294
39.88648648648649,32.59529411764706,1,910.0982905982906,49.542735042735046,39.88693693693694,32.595882352941175
39.88648648648649,32.63411764705882,2,1721.7094017094016,29.779914529914528,39.88693693693694,32.63470588235294
39.88648648648649,32.66117647058823,6,902.5745630540811,16.511571694704227,39.88693693693694,32.66176470588235
39.88648648648649,32.66470588235294,18,2707.7236891622433,16.511571694704223,39.88693693693694,32.66529411764706
39.88648648648649,32.68705882352941,25,25451.898832179428,32.77622056978737,39.88693693693694,32.68764705882353
39.88648648648649,32.71764705882352,3,5163.200303280949,15.261924455472842,39.88693693693694,32.71823529411764
39.88648648648649,32.8035294117647,3,3212.490083087644,54.2377602072724,39.88693693693694,32.80411764705882
39.88648648648649,32.82823529411765,5,3141.946372732958,31.918157181571814,39.88693693693694,32.828823529411764
39.88648648648649,32.84705882352941,13,10003.658306773059,37.12933511116675,39.88693693693694,32.847647058823526
39.88648648648649,32.85176470588235,6,3020.772816092387,34.44933842101782,39.88693693693694,32.85235294117647
39.88648648648649,32.88470588235294,4,8487.08547008547,60.613247863247864,39.88693693693694,32.88529411764706
39.88648648648649,32.88705882352941,5,8487.08547008547,48.49059829059829,39.88693693693694,32.887647058823525
39.88648648648649,32.93411764705882,60,118096.95084430875,36.43953659905915,39.88693693693694,32.93470588235294
39.88648648648649,32.97411764705882,1,357.4230769230769,36.29059829059829,39.88693693693694,32.974705882352936
39.887387387387385,32.66941176470588,15,11453.856928657468,28.982953415210204,39.887837837837836,32.669999999999995
39.887387387387385,32.677647058823524,7,4636.611111111111,28.571428571428573,39.887837837837836,32.67823529411764
39.887387387387385,32.68588235294117,59,63429.70409069588,34.72323172278063,39.887837837837836,32.68647058823529
39.887387387387385,32.69294117647058,1,470.8034188034188,43.705128205128204,39.887837837837836,32.6935294117647
39.887387387387385,32.705882352941174,1,582.7136752136752,48.46153846153846,39.887837837837836,32.70647058823529
39.887387387387385,32.75764705882353,1,0.0,0.0,39.887837837837836,32.75823529411765
39.887387387387385,32.79411764705882,4,5124.708658491267,61.79266536603493,39.887837837837836,32.794705882352936
39.887387387387385,32.81058823529411,60,58716.66571601059,40.95690706214761,39.887837837837836,32.81117647058823
39.887387387387385,32.832941176470584,10,2582.730352303523,29.531405044819678,39.887837837837836,32.8335294117647
39.887387387387385,32.836470588235294,10,2582.730352303523,29.531405044819678,39.887837837837836,32.83705882352941
39.887387387387385,32.855294117647055,14,12064.80886924051,28.71230098052777,39.887837837837836,32.85588235294117
39.887387387387385,32.86705882352941,8,15361.478963874144,34.74352316024003,39.887837837837836,32.86764705882353
39.887387387387385,32.88117647058823,5,8487.08547008547,48.49059829059829,39.887837837837836,32.88176470588235
39.887387387387385,32.970588235294116,1,357.4230769230769,36.29059829059829,39.887837837837836,32.97117647058823
39.88828828828829,32.71176470588235,1,1679.854700854701,31.700854700854702,39.88873873873874,32.71235294117647
39.88828828828829,32.796470588235294,6,2650.1073412938263,25.80237439912008,39.88873873873874,32.79705882352941
39.88828828828829,32.79764705882353,10,5124.708658491267,24.717066146413973,39.88873873873874,32.798235294117646
39.88828828828829,32.80705882352941,1,1031.4782608695652,54.17934782608695,39.88873873873874,32.80764705882353
39.88828828828829,32.815294117647056,8,13409.208672086721,26.301112674588286,39.88873873873874,32.81588235294117
39.88828828828829,32.8235294117647,5,3141.946372732958,31.918157181571814,39.88873873873874,32.82411764705882
39.88828828828829,32.839999999999996,11,15980.060245987075,39.59325904447856,39.88873873873874,32.84058823529411
39.88828828828829,32.84705882352941,13,10003.658306773059,37.12933511116675,39.88873873873874,32.847647058823526
39.88828828828829,32.85058823529411,2,770.5299145299145,16.358974358974358,39.88873873873874,32.85117647058823
39.88828828828829,32.883529411764705,5,8487.08547008547,48.49059829059829,39.88873873873874,32.88411764705882
39.88828828828829,32.88705882352941,2,7401.119658119658,57.34615384615385,39.88873873873874,32.887647058823525
39.88828828828829,32.91294117647058,1,44.265,31.365,39.88873873873874,32.9135294117647
39.88828828828829,32.985882352941175,12,34634.88034188034,38.40740740740741,39.88873873873874,32.98647058823529
39.88918918918919,32.601176470588236,1,400.508547008547,28.337606837606838,39.88963963963964,32.60176470588235
39.88918918918919,32.61411764705882,9,7931.081196581196,44.89553656220323,39.88963963963964,32.614705882352936
39.88918918918919,32.63294117647059,3,1771.533644133644,25.776508676508673,39.88963963963964,32.633529411764705
39.88918918918919,32.637647058823525,4,1662.1960372960373,30.270415695415696,39.88963963963964,32.63823529411764
39.88918918918919,32.63882352941176,3,1771.533644133644,25.776508676508673,39.88963963963964,32.639411764705876
39.88918918918919,32.681176470588234,9,3072.9622377622377,17.913804713804712,39.88963963963964,32.68176470588235
39.88918918918919,32.72,3,5163.200303280949,15.261924455472842,39.88963963963964,32.720588235294116
39.88918918918919,32.755294117647054,8,10033.786324786324,45.9241452991453,39.88963963963964,32.75588235294117
39.88918918918919,32.765882352941176,13,29390.03017196993,45.97457284760343,39.88963963963964,32.76647058823529
39.88918918918919,32.779999999999994,29,59072.663279132794,44.5516307320243,39.88963963963964,32.78058823529411
39.88918918918919,32.78588235294117,5,622.3839899937461,32.98120700437774,39.88963963963964,32.78647058823529
39.88918918918919,32.79529411764705,5,2562.3543292456334,24.717066146413973,39.88963963963964,32.79588235294117
39.88918918918919,32.79882352941176,1,87.75301204819277,31.228915662650603,39.88963963963964,32.79941176470588
39.88918918918919,32.80117647058823,3,2650.1073412938263,51.60474879824016,39.88963963963964,32.80176470588235
39.88918918918919,32.8035294117647,4,4243.968343957209,54.22315711197604,39.88963963963964,32.80411764705882
39.88918918918919,32.80941176470588,3,3212.490083087644,54.2377602072724,39.88963963963964,32.809999999999995
39.88918918918919,32.817647058823525,4,9973.76923076923,20.90811965811966,39.88963963963964,32.81823529411764
39.88918918918919,32.83764705882353,1,0.0,0.0,39.88963963963964,32.838235294117645
39.88918918918919,32.839999999999996,6,7083.402126328956,36.23935098325342,39.88963963963964,32.84058823529411
39.88918918918919,32.84823529411764,6,2311.5897435897436,16.358974358974358,39.88963963963964,32.84882352941176
39.88918918918919,32.855294117647055,18,21683.306471212443,28.576726414638397,39.88963963963964,32.85588235294117
39.88918918918919,32.87294117647058,3,5808.002740097921,44.920542465120775,39.88963963963964,32.8735294117647
39.88918918918919,32.90941176470588,1,44.265,31.365,39.88963963963964,32.91
39.88918918918919,32.93764705882353,1,132.21341463414635,47.1280487804878,39.88963963963964,32.938235294117646
39.89009009009009,32.58588235294118,1,191.47863247863248,34.34188034188034,39.89054054054054,32.586470588235294
39.89009009009009,32.62117647058823,1,49.82424242424243,17.76969696969697,39.89054054054054,32.62176470588235
39.89009009009009,32.63176470588235,4,4018.576923076923,36.5224358974359,39.89054054054054,32.632352941176464
39.89009009009009,32.64823529411765,4,3443.4188034188032,29.779914529914528,39.89054054054054,32.648823529411764
39.89009009009009,32.68,8,3047.3076923076924,19.0,39.89054054054054,32.68058823529412
39.89009009009009,32.69176470588235,1,382.97008547008545,24.153846153846153,39.89054054054054,32.692352941176466
39.89009009009009,32.702352941176464,2,2262.568376068376,40.08119658119658,39.89054054054054,32.70294117647058
39.89009009009009,32.70705882352941,2,2262.568376068376,40.08119658119658,39.89054054054054,32.707647058823525
39.89009009009009,32.71647058823529,1,2577.2903225806454,21.29032258064516,39.89054054054054,32.717058823529406
39.89009009009009,32.718823529411765,1,2577.2903225806454,21.29032258064516,39.89054054054054,32.71941176470588
39.89009009009009,32.72,3,5163.200303280949,15.261924455472842,39.89054054054054,32.720588235294116
39.89009009009009,32.72117647058823,2,2585.9099807003035,12.247725392886682,39.89054054054054,32.72176470588235
39.89009009009009,32.79764705882353,11,6611.799288570111,18.357913207507234,39.89054054054054,32.798235294117646
39.89009009009009,32.80705882352941,1,1031.4782608695652,54.17934782608695,39.89054054054054,32.80764705882353
39.89009009009009,32.815294117647056,4,9973.76923076923,20.90811965811966,39.89054054054054,32.81588235294117
39.89009009009009,32.82823529411765,5,3141.946372732958,31.918157181571814,39.89054054054054,32.828823529411764
39.89009009009009,32.83411764705882,10,2582.730352303523,29.531405044819678,39.89054054054054,32.834705882352935
39.89009009009009,32.84117647058823,11,15980.060245987075,39.59325904447856,39.89054054054054,32.84176470588235
39.89009009009009,32.87882352941176,5,4357.7078683030495,32.948051974798965,39.89054054054054,32.87941176470588
39.89009009009009,32.904705882352935,1,44.265,31.365,39.89054054054054,32.90529411764705
39.89009009009009,32.92705882352941,6,8370.073032274524,49.03904622188204,39.89054054054054,32.927647058823524
39.89009009009009,32.95647058823529,4,12494.51282051282,63.85470085470085,39.89054054054054,32.95705882352941
39.89009009009009,32.9835294117647,9,33835.91025641026,39.69040835707503,39.89054054054054,32.98411764705882
39.89009009009009,32.98470588235294,6,17317.44017094017,38.40740740740741,39.89054054054054,32.98529411764706
39.89009009009009,32.985882352941175,5,17190.008547008547,41.66324786324786,39.89054054054054,32.98647058823529
39.89099099099099,32.622352941176466,32,60217.61700610325,41.89534525395881,39.891441441441444,32.62294117647058
39.89099099099099,32.63411764705882,10,8608.547008547008,29.779914529914528,39.891441441441444,32.63470588235294
39.89099099099099,32.64,5,1755.6837606837607,26.88461538461538,39.891441441441444,32.64058823529412
39.89099099099099,32.64941176470588,2,1721.7094017094016,29.779914529914528,39.891441441441444,32.65
39.89099099099099,32.68235294117647,16,9424.816239316238,23.516292735042736,39.891441441441444,32.682941176470585
39.89099099099099,32.690588235294115,4,2261.9024087024086,20.043240093240094,39.891441441441444,32.69117647058823
39.89099099099099,32.71058823529412,4,6201.393162393162,39.38568376068376,39.891441441441444,32.711176470588235
39.89099099099099,32.71764705882352,1,2577.2903225806454,21.29032258064516,39.891441441441444,32.71823529411764
39.89099099099099,32.72235294117647,1,0.0,0.0,39.891441441441444,32.722941176470584
39.89099099099099,32.8035294117647,1,87.75301204819277,31.228915662650603,39.891441441441444,32.80411764705882
39.89099099099099,32.83764705882353,1,0.0,0.0,39.891441441441444,32.838235294117645
39.89099099099099,32.87176470588235,8,14734.081613508442,51.14400927663123,39.891441441441444,32.872352941176466
39.89099099099099,32.885882352941174,5,8487.08547008547,48.49059829059829,39.891441441441444,32.88647058823529
39.89099099099099,32.895294117647055,1,44.265,31.365,39.891441441441444,32.89588235294117
39.89099099099099,32.92823529411764,10,13699.031636688353,41.23292511799974,39.891441441441444,32.92882352941176
39.89099099099099,32.93058823529412,2,5444.450376323511,72.90021048603138,39.891441441441444,32.931176470588234
39.89099099099099,32.935294117647054,4,1713.1247587537912,18.305398007010908,39.891441441441444,32.93588235294117
39.89099099099099,32.98117647058823,6,17317.44017094017,38.40740740740741,39.891441441441444,32.98176470588235
39.891891891891895,32.554117647058824,4,481.81298635029975,23.591338180890418,39.892342342342346,32.55470588235294
39.891891891891895,32.6235294117647,7,1855.3322455322455,24.28035298035298,39.892342342342346,32.62411764705882
39.891891891891895,32.637647058823525,4,3120.7863247863247,28.63034188034188,39.892342342342346,32.63823529411764
39.891891891891895,32.6435294117647,4,2122.6703962703964,26.053535353535352,39.892342342342346,32.64411764705882
39.891891891891895,32.64823529411765,2,1721.7094017094016,29.779914529914528,39.892342342342346,32.648823529411764
39.891891891891895,32.68,4,1083.4444444444443,11.301282051282051,39.892342342342346,32.68058823529412
39.891891891891895,32.70823529411764,2,2262.568376068376,40.08119658119658,39.892342342342346,32.70882352941176
39.891891891891895,32.71058823529412,2,2262.568376068376,40.08119658119658,39.892342342342346,32.711176470588235
39.891891891891895,32.752941176470586,4,5683.3675213675215,47.07051282051282,39.892342342342346,32.7535294117647
39.891891891891895,32.78705882352941,3,0.0,0.0,39.892342342342346,32.787647058823524
39.891891891891895,32.805882352941175,2,3061.7521367521367,69.40598290598291,39.892342342342346,32.80647058823529
39.891891891891895,32.80705882352941,5,4331.7213560054015,49.624308822110955,39.892342342342346,32.80764705882353
39.891891891891895,32.80941176470588,3,3212.490083087644,54.2377602072724,39.892342342342346,32.809999999999995
39.891891891891895,32.81647058823529,8,13409.208672086721,26.301112674588286,39.892342342342346,32.81705882352941
39.891891891891895,32.81882352941176,4,9973.76923076923,20.90811965811966,39.892342342342346,32.819411764705876
39.891891891891895,32.82235294117647,3,1271.3803418803418,24.21082621082621,39.892342342342346,32.822941176470586
39.891891891891895,32.82823529411765,2,1870.5660308526162,43.479153637690224,39.892342342342346,32.828823529411764
39.891891891891895,32.82941176470588,3,1271.3803418803418,24.21082621082621,39.892342342342346,32.83
39.891891891891895,32.83529411764706,8,4183.744465039646,31.46397770569457,39.892342342342346,32.83588235294118
39.891891891891895,32.84705882352941,13,10003.658306773059,37.12933511116675,39.892342342342346,32.847647058823526
39.891891891891895,32.84941176470588,4,1541.059829059829,16.358974358974358,39.892342342342346,32.849999999999994
39.891891891891895,32.86588235294117,5,9553.476223776224,28.63731157731158,39.892342342342346,32.86647058823529
39.891891891891895,32.87411764705882,8,14734.081613508442,51.14400927663123,39.892342342342346,32.874705882352934
39.891891891891895,32.88117647058823,5,4357.7078683030495,32.948051974798965,39.892342342342346,32.88176470588235
39.891891891891895,32.92470588235294,6,8370.073032274524,49.03904622188204,39.892342342342346,32.925294117647056
39.891891891891895,32.93058823529412,6,22696.3719754424,54.371192969784516,39.892342342342346,32.931176470588234
39.891891891891895,32.98470588235294,5,17190.008547008547,41.66324786324786,39.892342342342346,32.98529411764706
39.8927927927928,32.68588235294117,5,6004.547008547008,32.36153846153846,39.89324324324325,32.68647058823529
39.8927927927928,32.71764705882352,2,5154.580645161291,21.29032258064516,39.89324324324325,32.71823529411764
39.8927927927928,32.72588235294118,6,8080.123655913979,41.581150629537724,39.89324324324325,32.726470588235294
39.8927927927928,32.79764705882353,5,2562.3543292456334,24.717066146413973,39.89324324324325,32.798235294117646
39.8927927927928,32.8,3,11892.358974358975,46.03846153846154,39.89324324324325,32.800588235294114
39.8927927927928,32.82235294117647,2,1870.5660308526162,43.479153637690224,39.89324324324325,32.822941176470586
39.8927927927928,32.83411764705882,10,2582.730352303523,29.531405044819678,39.89324324324325,32.834705882352935
39.8927927927928,32.84117647058823,13,16185.901709401709,39.21681018585333,39.89324324324325,32.84176470588235
39.8927927927928,32.86235294117647,9,10688.87884536232,28.526590913283385,39.89324324324325,32.862941176470585
39.8927927927928,32.87529411764706,5,4823.113392840222,41.79251274470787,39.89324324324325,32.875882352941176
39.8927927927928,32.87647058823529,4,9937.380341880342,53.118589743589745,39.89324324324325,32.87705882352941
39.8927927927928,32.87882352941176,9,14088.656634417963,44.616753964752405,39.89324324324325,32.87941176470588
39.8927927927928,32.879999999999995,1,0.0,0.0,39.89324324324325,32.88058823529411
39.8927927927928,32.88117647058823,5,8058.267697362879,44.417282744029734,39.89324324324325,32.88176470588235
39.8927927927928,32.90235294117647,1,44.265,31.365,39.89324324324325,32.902941176470584
39.8927927927928,32.93411764705882,18,50408.51355402475,46.508745403342544,39.89324324324325,32.93470588235294
39.8927927927928,32.982352941176465,6,17317.44017094017,38.40740740740741,39.89324324324325,32.98294117647058
39.89369369369369,32.62117647058823,2,1560.3931623931624,28.63034188034188,39.89414414414414,32.62176470588235
39.89369369369369,32.702352941176464,2,2262.568376068376,40.08119658119658,39.89414414414414,32.70294117647058
39.89369369369369,32.703529411764706,2,2262.568376068376,40.08119658119658,39.89414414414414,32.70411764705882
39.89369369369369,32.72705882352941,1,2577.2903225806454,21.29032258064516,39.89414414414414,32.72764705882353
39.89369369369369,32.76117647058823,8,10033.786324786324,45.9241452991453,39.89414414414414,32.76176470588235
39.89369369369369,32.796470588235294,6,2604.043353635878,25.620929105751483,39.89414414414414,32.79705882352941
39.89369369369369,32.802352941176466,1,42.66265060240964,16.156626506024097,39.89414414414414,32.80294117647058
39.89369369369369,32.8035294117647,9,5358.629537127765,41.57117122024578,39.89414414414414,32.80411764705882
39.89369369369369,32.80705882352941,1,42.66265060240964,16.156626506024097,39.89414414414414,32.80764705882353
39.89369369369369,32.81647058823529,12,23382.977902855953,24.50344833576541,39.89414414414414,32.81705882352941
39.89369369369369,32.81882352941176,4,9973.76923076923,20.90811965811966,39.89414414414414,32.819411764705876
39.89369369369369,32.82588235294117,3,1958.3190429008089,39.395740979343685,39.89414414414414,32.82647058823529
39.89369369369369,32.88235294117647,1,3700.559829059829,57.34615384615385,39.89414414414414,32.88294117647059
39.89369369369369,32.885882352941174,2,4243.542735042735,60.613247863247864,39.89414414414414,32.88647058823529
39.89369369369369,32.9,1,44.265,31.365,39.89414414414414,32.900588235294116
39.89369369369369,32.92941176470588,20,16503.97075270104,30.332123069120275,39.89414414414414,32.93
39.89369369369369,32.93411764705882,15,24039.510624920145,32.378809352491494,39.89414414414414,32.93470588235294
39.89369369369369,32.96941176470588,7,12732.517094017094,30.253968253968253,39.89414414414414,32.97
39.89369369369369,33.01764705882353,1,1875.3418803418804,52.837606837606835,39.89414414414414,33.018235294117645
39.894594594594594,32.55647058823529,20,33720.08547008547,66.97863247863248,39.895045045045045,32.55705882352941
39.894594594594594,32.622352941176466,1,49.82424242424243,17.76969696969697,39.895045045045045,32.62294117647058
39.894594594594594,32.628235294117644,2,1560.3931623931624,28.63034188034188,39.895045045045045,32.62882352941176
39.894594594594594,32.63294117647059,4,4018.576923076923,36.5224358974359,39.895045045045045,32.633529411764705
39.894594594594594,32.647058823529406,2,1721.7094017094016,29.779914529914528,39.895045045045045,32.64764705882352
39.894594594594594,32.65882352941176,29,13163.318881118881,20.833528923184097,39.895045045045045,32.65941176470588
39.894594594594594,32.677647058823524,28,13168.195551436515,21.63883372317107,39.895045045045045,32.67823529411764
39.894594594594594,32.70705882352941,2,2262.568376068376,40.08119658119658,39.895045045045045,32.707647058823525
39.894594594594594,32.71058823529412,2,2262.568376068376,40.08119658119658,39.895045045045045,32.711176470588235
39.894594594594594,32.72117647058823,2,5154.580645161291,21.29032258064516,39.895045045045045,32.72176470588235
39.894594594594594,32.72705882352941,1,2577.2903225806454,21.29032258064516,39.895045045045045,32.72764705882353
39.894594594594594,32.73294117647058,1,13686.09677419355,80.7741935483871,39.895045045045045,32.7335294117647
39.894594594594594,32.76,3,10511.679487179488,76.18376068376068,39.895045045045045,32.760588235294115
39.894594594594594,32.79764705882353,7,6590.717889804317,31.140506909727485,39.895045045045045,32.798235294117646
39.894594594594594,32.80941176470588,3,215.90772614266592,21.123223050933895,39.895045045045045,32.809999999999995
39.894594594594594,32.81058823529411,3,3212.490083087644,54.2377602072724,39.895045045045045,32.81117647058823
39.894594594594594,32.82235294117647,4,1359.1333539285347,25.965348573782308,39.895045045045045,32.822941176470586
39.894594594594594,32.827058823529406,5,4253.102564102564,36.980341880341875,39.895045045045045,32.82764705882352
39.894594594594594,32.84705882352941,13,10003.658306773059,37.12933511116675,39.895045045045045,32.847647058823526
39.894594594594594,32.86235294117647,8,10662.4667241502,30.556808716837743,39.895045045045045,32.862941176470585
39.894594594594594,32.87176470588235,8,14734.081613508442,51.14400927663123,39.895045045045045,32.872352941176466
39.894594594594594,32.879999999999995,2,5781.590618885799,61.23838945525693,39.895045045045045,32.88058823529411
39.894594594594594,32.92235294117647,11,15219.588850618702,45.490809356481,39.895045045045045,32.92294117647059
39.894594594594594,32.92705882352941,13,27249.44951435744,41.07684633161011,39.895045045045045,32.927647058823524
39.894594594594594,32.935294117647054,9,22542.623006761067,43.09712114502189,39.895045045045045,32.93588235294117
39.894594594594594,32.9835294117647,7,22847.200854700855,47.97924297924298,39.895045045045045,32.98411764705882
39.894594594594594,33.02117647058823,1,1875.3418803418804,52.837606837606835,39.895045045045045,33.02176470588235
39.895495495495496,32.62705882352941,2,1560.3931623931624,28.63034188034188,39.89594594594595,32.62764705882353
39.895495495495496,32.66,9,8437.662393162393,35.61301044634378,39.89594594594595,32.660588235294114
39.895495495495496,32.703529411764706,5,4908.106837606838,36.89572649572649,39.89594594594595,32.70411764705882
39.895495495495496,32.7235294117647,2,5154.580645161291,21.29032258064516,39.89594594594595,32.72411764705882
39.895495495495496,32.796470588235294,13,9194.761243440193,28.593009461738557,39.89594594594595,32.79705882352941
39.895495495495496,32.8035294117647,4,7199.026211161092,54.21035737697507,39.89594594594595,32.80411764705882
39.895495495495496,32.805882352941175,1,1596.121951219512,77.32317073170732,39.89594594594595,32.80647058823529
39.895495495495496,32.80705882352941,1,1596.121951219512,77.32317073170732,39.89594594594595,32.80764705882353
39.895495495495496,32.81294117647059,57,58080.04079418445,41.80710436942433,39.89594594594595,32.813529411764705
39.895495495495496,32.81647058823529,6,11691.488951427975,24.503448335765412,39.89594594594595,32.81705882352941
39.895495495495496,32.83176470588235,5,3126.7786530738335,30.73467202141901,39.89594594594595,32.83235294117647
39.895495495495496,32.83411764705882,4,1319.923076923077,30.745726495726494,39.89594594594595,32.834705882352935
39.895495495495496,32.83882352941176,9,4183.744465039646,27.967980182839618,39.89594594594595,32.83941176470588
39.895495495495496,32.87176470588235,4,9937.380341880342,53.118589743589745,39.89594594594595,32.872352941176466
39.895495495495496,32.87764705882353,10,9242.162151979343,39.264689077533625,39.89594594594595,32.878235294117644
39.895495495495496,32.91176470588235,3,1720.7435897435896,46.4059829059829,39.89594594594595,32.912352941176465
39.895495495495496,32.921176470588236,15,20325.630693806303,39.39832922932192,39.89594594594595,32.92176470588235
39.895495495495496,32.92470588235294,23,27852.15674042224,33.467653925728655,39.89594594594595,32.925294117647056
39.895495495495496,32.97764705882353,3,5957.555555555556,24.527065527065528,39.89594594594595,32.978235294117646
39.895495495495496,32.97882352941176,5,11787.679487179488,25.006837606837607,39.89594594594595,32.97941176470588
39.895495495495496,33.035294117647055,3,2024.734915167751,36.69545435217077,39.89594594594595,33.03588235294117
39.8963963963964,32.63294117647059,2,1560.3931623931624,28.63034188034188,39.89684684684685,32.633529411764705
39.8963963963964,32.64588235294117,1,400.508547008547,28.337606837606838,39.89684684684685,32.64647058823529
39.8963963963964,32.647058823529406,1,351.13675213675214,26.884615384615383,39.89684684684685,32.64764705882352
39.8963963963964,32.64823529411765,10,12928.905982905982,43.38888888888889,39.89684684684685,32.648823529411764
39.8963963963964,32.65176470588235,2,1721.7094017094016,29.779914529914528,39.89684684684685,32.65235294117647
39.8963963963964,32.69882352941176,2,765.9401709401709,24.153846153846153,39.89684684684685,32.69941176470588
39.8963963963964,32.76235294117647,8,10033.786324786324,45.9241452991453,39.89684684684685,32.762941176470584
39.8963963963964,32.77647058823529,6,0.0,0.0,39.89684684684685,32.77705882352941
39.8963963963964,32.81058823529411,8,1122.6453106269446,28.060488323794598,39.89684684684685,32.81117647058823
39.8963963963964,32.81647058823529,6,11691.488951427975,24.503448335765412,39.89684684684685,32.81705882352941
39.8963963963964,32.81882352941176,4,3343.1551333539287,29.647088353413658,39.89684684684685,32.819411764705876
39.8963963963964,32.832941176470584,2,189.64957264957266,30.73931623931624,39.89684684684685,32.8335294117647
39.8963963963964,32.83764705882353,8,4358.948717948718,30.678418803418804,39.89684684684685,32.838235294117645
39.8963963963964,32.84117647058823,13,16185.901709401709,39.21681018585333,39.89684684684685,32.84176470588235
39.8963963963964,32.857647058823524,9,10841.653235606222,28.576726414638397,39.89684684684685,32.85823529411764
39.8963963963964,32.935294117647054,18,45228.49000696953,43.645171880504364,39.89684684684685,32.93588235294117
39.8963963963964,33.038823529411765,3,2024.734915167751,36.69545435217077,39.89684684684685,33.03941176470588
39.8972972972973,32.49176470588235,4,481.81298635029975,23.591338180890418,39.89774774774775,32.49235294117647
39.8972972972973,32.62941176470588,3,1911.5299145299145,28.04843304843305,39.89774774774775,32.629999999999995
39.8972972972973,32.63294117647059,1,400.508547008547,28.337606837606838,39.89774774774775,32.633529411764705
39.8972972972973,32.63647058823529,6,6476.760683760684,39.1531339031339,39.89774774774775,32.63705882352941
39.8972972972973,32.64,2,2773.5384615384614,36.98717948717949,39.89774774774775,32.64058823529412
39.8972972972973,32.64588235294117,1,351.13675213675214,26.884615384615383,39.89774774774775,32.64647058823529
39.8972972972973,32.69176470588235,3,382.97008547008545,8.051282051282051,39.89774774774775,32.692352941176466
39.8972972972973,32.69411764705882,1,382.97008547008545,24.153846153846153,39.89774774774775,32.694705882352935
39.8972972972973,32.70470588235294,2,2262.568376068376,40.08119658119658,39.89774774774775,32.70529411764706
39.8972972972973,32.73647058823529,23,44956.57264957265,32.817911557041995,39.89774774774775,32.73705882352941
39.8972972972973,32.75764705882353,7,6989.726495726496,36.34432234432234,39.89774774774775,32.75823529411765
39.8972972972973,32.758823529411764,6,4173.709401709401,39.14102564102564,39.89774774774775,32.75941176470588
39.8972972972973,32.80117647058823,4,3298.1768292682927,58.28658536585366,39.89774774774775,32.80176470588235
39.8972972972973,32.821176470588235,1,1609.1709401709402,34.833333333333336,39.89774774774775,32.82176470588235
39.8972972972973,32.84823529411764,7,4929.529226348797,38.77769911056716,39.89774774774775,32.84882352941176
39.8972972972973,32.84941176470588,4,1541.059829059829,16.358974358974358,39.89774774774775,32.849999999999994
39.8972972972973,32.85294117647059,2,770.5299145299145,16.358974358974358,39.89774774774775,32.853529411764704
39.8972972972973,32.861176470588234,9,10688.87884536232,28.526590913283385,39.89774774774775,32.86176470588235
39.8972972972973,32.870588235294115,20,34264.86449864499,50.74909318323952,39.89774774774775,32.87117647058823
39.8972972972973,32.92705882352941,26,54498.89902871488,41.07684633161011,39.89774774774775,32.927647058823524
39.8972972972973,32.92823529411764,26,54498.89902871488,41.07684633161011,39.89774774774775,32.92882352941176
39.8972972972973,32.935294117647054,9,19024.062917121708,41.5334760427589,39.89774774774775,32.93588235294117
39.8972972972973,32.96470588235294,1,357.4230769230769,36.29059829059829,39.89774774774775,32.965294117647055
39.8972972972973,32.967058823529406,2,5957.555555555556,36.79059829059829,39.89774774774775,32.96764705882352
39.8972972972973,33.03058823529412,3,2024.734915167751,36.69545435217077,39.89774774774775,33.031176470588235
39.8972972972973,33.035294117647055,3,2024.734915167751,36.69545435217077,39.89774774774775,33.03588235294117
39.8981981981982,32.55647058823529,18,30348.076923076922,66.97863247863248,39.89864864864865,32.55705882352941
39.8981981981982,32.628235294117644,3,450.785236985237,20.808003108003106,39.89864864864865,32.62882352941176
39.8981981981982,32.65176470588235,2,1560.3931623931624,28.63034188034188,39.89864864864865,32.65235294117647
39.8981981981982,32.68705882352941,9,3797.128646988888,24.370343118134283,39.89864864864865,32.68764705882353
39.8981981981982,32.75411764705882,7,6989.726495726496,36.34432234432234,39.89864864864865,32.75470588235294
39.8981981981982,32.755294117647054,34,95154.46658428587,47.06158268064718,39.89864864864865,32.75588235294117
39.8981981981982,32.764705882352935,8,10033.786324786324,45.9241452991453,39.89864864864865,32.76529411764705
39.8981981981982,32.79529411764705,6,2604.043353635878,25.620929105751483,39.89864864864865,32.79588235294117
39.8981981981982,32.80470588235294,2,3192.243902439024,77.32317073170732,39.89864864864865,32.80529411764706
39.8981981981982,32.808235294117644,2,3192.243902439024,77.32317073170732,39.89864864864865,32.80882352941176
39.8981981981982,32.84823529411764,5,4986.376068376068,36.0017094017094,39.89864864864865,32.84882352941176
39.8981981981982,32.864705882352936,9,20427.919220346048,55.599993051212564,39.89864864864865,32.86529411764705
39.8981981981982,32.86588235294117,3,14081.239316239316,76.82905982905983,39.89864864864865,32.86647058823529
39.8981981981982,32.87647058823529,4,2499.063275434243,36.07809484422387,39.89864864864865,32.87705882352941
39.8981981981982,32.87882352941176,5,2588.1060104769786,32.08555279845602,39.89864864864865,32.87941176470588
39.8981981981982,32.919999999999995,16,20434.179474294106,38.72061353053808,39.89864864864865,32.92058823529411
39.8981981981982,32.93647058823529,6,16333.351128970533,72.90021048603138,39.89864864864865,32.937058823529405
39.8981981981982,32.96470588235294,4,6314.978632478633,27.467948717948715,39.89864864864865,32.965294117647055
39.8981981981982,32.96823529411765,2,0.0,0.0,39.89864864864865,32.968823529411765
39.8981981981982,32.96941176470588,3,17490.371794871797,51.452991452991455,39.89864864864865,32.97
39.8981981981982,32.970588235294116,2,5957.555555555556,36.79059829059829,39.89864864864865,32.97117647058823
39.8981981981982,32.976470588235294,2,5830.123931623932,25.726495726495727,39.89864864864865,32.97705882352941
39.8981981981982,32.982352941176465,4,11487.316239316238,44.74786324786325,39.89864864864865,32.98294117647058
39.8981981981982,32.9835294117647,3,11359.884615384615,52.287749287749286,39.89864864864865,32.98411764705882
39.8981981981982,33.02941176470588,6,4049.469830335502,36.69545435217077,39.89864864864865,33.029999999999994
39.8990990990991,32.497647058823524,4,481.81298635029975,23.591338180890418,39.89954954954955,32.49823529411764
39.8990990990991,32.628235294117644,2,1560.3931623931624,28.63034188034188,39.89954954954955,32.62882352941176
39.8990990990991,32.63176470588235,1,910.0982905982906,49.542735042735046,39.89954954954955,32.632352941176464
39.8990990990991,32.64,1,400.508547008547,28.337606837606838,39.89954954954955,32.64058823529412
39.8990990990991,32.647058823529406,25,13013.846153846154,22.034529914529912,39.89954954954955,32.64764705882352
39.8990990990991,32.68705882352941,5,2828.740272980032,14.40266951254903,39.89954954954955,32.68764705882353
39.8990990990991,32.69764705882353,11,7604.619915559675,14.358450117486262,39.89954954954955,32.698235294117644
39.8990990990991,32.73882352941176,8,10033.786324786324,45.9241452991453,39.89954954954955,32.73941176470588
39.8990990990991,32.74470588235294,1,485.94017094017096,44.5,39.89954954954955,32.745294117647056
39.8990990990991,32.75411764705882,7,6989.726495726496,36.34432234432234,39.89954954954955,32.75470588235294
39.8990990990991,32.758823529411764,7,6989.726495726496,36.34432234432234,39.89954954954955,32.75941176470588
39.8990990990991,32.796470588235294,7,6590.717889804317,31.140506909727485,39.89954954954955,32.79705882352941
39.8990990990991,32.80941176470588,7,6435.48051618607,43.35217390602345,39.89954954954955,32.809999999999995
39.8990990990991,32.81294117647059,60,48074.36398947509,42.370504541095414,39.89954954954955,32.813529411764705
39.8990990990991,32.81647058823529,4,9973.76923076923,20.90811965811966,39.89954954954955,32.81705882352941
39.8990990990991,32.87529411764706,11,7869.776123518059,33.531543725092114,39.89954954954955,32.875882352941176
39.8990990990991,32.879999999999995,5,2588.1060104769786,32.08555279845602,39.89954954954955,32.88058823529411
39.8990990990991,32.88235294117647,11,8627.56759167356,33.18434606612026,39.89954954954955,32.88294117647059
39.8990990990991,32.91176470588235,3,1720.7435897435896,46.4059829059829,39.89954954954955,32.912352941176465
39.8990990990991,32.91529411764706,2,1147.162393162393,46.4059829059829,39.89954954954955,32.915882352941175
39.8990990990991,32.923529411764704,7,4760.852149508866,28.534215370036268,39.89954954954955,32.92411764705882
39.8990990990991,32.93058823529412,7,8527.808904196965,33.005740528128584,39.89954954954955,32.931176470588234
39.8990990990991,32.935294117647054,3,8335.552493940555,63.11026066249946,39.89954954954955,32.93588235294117
39.8990990990991,32.95529411764706,2,6247.25641025641,63.85470085470085,39.89954954954955,32.955882352941174
39.8990990990991,33.02705882352941,3,2024.734915167751,36.69545435217077,39.89954954954955,33.027647058823526
39.8990990990991,33.04235294117647,3,2024.734915167751,36.69545435217077,39.89954954954955,33.042941176470585
39.9,32.63176470588235,1,400.508547008547,28.337606837606838,39.90045045045045,32.632352941176464
39.9,32.64,2,702.2735042735043,26.884615384615383,39.90045045045045,32.64058823529412
39.9,32.64235294117647,3,1610.2174048174047,25.01012691012691,39.90045045045045,32.642941176470586
39.9,32.650588235294116,2,1721.7094017094016,29.779914529914528,39.90045045045045,32.65117647058823
39.9,32.70705882352941,2,2262.568376068376,40.08119658119658,39.90045045045045,32.707647058823525
39.9,32.796470588235294,7,6590.717889804317,31.140506909727485,39.90045045045045,32.79705882352941
39.9,32.808235294117644,9,2218.327284748751,42.07091781761191,39.90045045045045,32.80882352941176
39.9,32.81294117647059,4,0.0,0.0,39.90045045045045,32.813529411764705
39.9,32.81411764705882,32,29641.203761550994,39.98026944544732,39.90045045045045,32.81470588235294
39.9,32.84117647058823,8,4358.948717948718,30.678418803418804,39.90045045045045,32.84176470588235
39.9,32.843529411764706,6,8999.578851365437,42.539347508859706,39.90045045045045,32.84411764705882
39.9,32.84823529411764,12,9915.905294724866,37.62103673187644,39.90045045045045,32.84882352941176
39.9,32.85294117647059,4,1541.059829059829,16.358974358974358,39.90045045045045,32.853529411764704
39.9,32.86235294117647,9,20427.919220346048,55.599993051212564,39.90045045045045,32.862941176470585
39.9,32.883529411764705,3,4243.542735042735,40.40883190883191,39.90045045045045,32.88411764705882
39.9,32.910588235294114,4,2294.324786324786,46.4059829059829,39.90045045045045,32.91117647058823
39.9,32.919999999999995,9,18538.01282051282,40.934472934472936,39.90045045045045,32.92058823529411
39.9,32.932941176470585,8,8558.558904196965,31.57133393772227,39.90045045045045,32.9335294117647
39.9,32.972941176470584,2,5957.555555555556,36.79059829059829,39.90045045045045,32.9735294117647
39.9,33.03176470588235,3,2024.734915167751,36.69545435217077,39.90045045045045,33.03235294117647
39.9,33.037647058823524,3,2024.734915167751,36.69545435217077,39.90045045045045,33.03823529411764
39.9009009009009,32.625882352941176,6,5417.653846153846,33.508547008547005,39.90135135135135,32.62647058823529
39.9009009009009,32.63294117647059,5,2011.1783993783993,23.93693861693862,39.90135135135135,32.633529411764705
39.9009009009009,32.63411764705882,3,1960.9017094017092,28.532763532763536,39.90135135135135,32.63470588235294
39.9009009009009,32.652941176470584,2,1560.3931623931624,28.63034188034188,39.90135135135135,32.6535294117647
39.9009009009009,32.69176470588235,3,2236.2478632478633,23.64957264957265,39.90135135135135,32.692352941176466
39.9009009009009,32.73294117647058,5,19812.55776123518,42.47096774193549,39.90135135135135,32.7335294117647
39.9009009009009,32.75647058823529,14,13979.452991452992,36.34432234432234,39.90135135135135,32.757058823529405
39.9009009009009,32.79176470588235,1,42.66265060240964,16.156626506024097,39.90135135135135,32.79235294117647
39.9009009009009,32.81294117647059,30,28709.53138325133,41.01391121614703,39.90135135135135,32.813529411764705
39.9009009009009,32.85294117647059,6,2311.5897435897436,16.358974358974358,39.90135135135135,32.853529411764704
39.9009009009009,32.868235294117646,1,2693.5641025641025,47.99145299145299,39.90135135135135,32.86882352941176
39.9009009009009,32.87529411764706,6,5281.670113041081,34.73653616395551,39.90135135135135,32.875882352941176
39.9009009009009,32.879999999999995,5,2588.1060104769786,32.08555279845602,39.90135135135135,32.88058823529411
39.9009009009009,32.883529411764705,3,1795.9188461538463,27.791182336182334,39.90135135135135,32.88411764705882
39.9009009009009,32.88823529411764,8,7006.615384615385,26.004273504273506,39.90135135135135,32.88882352941176
39.9009009009009,32.917647058823526,3,396.640243902439,47.1280487804878,39.90135135135135,32.91823529411764
39.9009009009009,32.921176470588236,21,31254.00165781146,26.87745510547349,39.90135135135135,32.92176470588235
39.9009009009009,32.92588235294117,13,27249.44951435744,41.07684633161011,39.90135135135135,32.92647058823529
39.9009009009009,32.95882352941176,2,6247.25641025641,63.85470085470085,39.90135135135135,32.95941176470588
39.9009009009009,32.959999999999994,1,3123.628205128205,63.85470085470085,39.90135135135135,32.96058823529411
39.9009009009009,32.9635294117647,4,12375.094017094018,43.871794871794876,39.90135135135135,32.96411764705882
39.9009009009009,32.96823529411765,2,5830.123931623932,25.726495726495727,39.90135135135135,32.968823529411765
39.9009009009009,32.97529411764705,2,5354.666666666667,56.72649572649573,39.90135135135135,32.97588235294117
39.9009009009009,33.022352941176464,5,4049.469830335502,44.034545222604926,39.90135135135135,33.02294117647058
39.9009009009009,33.02705882352941,3,2024.734915167751,36.69545435217077,39.90135135135135,33.027647058823526
39.9009009009009,33.03647058823529,3,2024.734915167751,36.69545435217077,39.90135135135135,33.03705882352941
39.9018018018018,32.641176470588235,2,1820.1965811965813,49.542735042735046,39.902252252252254,32.64176470588235
39.9018018018018,32.69882352941176,4,2261.9024087024086,20.043240093240094,39.902252252252254,32.69941176470588
39.9018018018018,32.70705882352941,2,2262.568376068376,40.08119658119658,39.902252252252254,32.707647058823525
39.9018018018018,32.70823529411764,3,2645.5384615384614,34.77207977207977,39.902252252252254,32.70882352941176
39.9018018018018,32.71058823529412,3,2645.5384615384614,34.77207977207977,39.902252252252254,32.711176470588235
39.9018018018018,32.79882352941176,6,2604.043353635878,25.620929105751483,39.902252252252254,32.79941176470588
39.9018018018018,32.80117647058823,5,2562.3543292456334,24.717066146413973,39.902252252252254,32.80176470588235
39.9018018018018,32.80941176470588,15,8617.899264349455,42.052426968662644,39.902252252252254,32.809999999999995
39.9018018018018,32.81647058823529,8,19947.53846153846,20.90811965811966,39.902252252252254,32.81705882352941
39.9018018018018,32.821176470588235,1,1609.1709401709402,34.833333333333336,39.902252252252254,32.82176470588235
39.9018018018018,32.84470588235294,15,11282.314311027727,31.671023556389407,39.902252252252254,32.84529411764706
39.9018018018018,32.84941176470588,7,4929.529226348797,38.77769911056716,39.902252252252254,32.849999999999994
39.9018018018018,32.86,14,23016.025230823027,47.201978675228084,39.902252252252254,32.86058823529412
39.9018018018018,32.86235294117647,10,5176.212020953957,32.08555279845602,39.902252252252254,32.862941176470585
39.9018018018018,32.895294117647055,3,1795.9188461538463,27.791182336182334,39.902252252252254,32.89588235294117
39.9018018018018,32.917647058823526,16,20434.179474294106,38.72061353053808,39.902252252252254,32.91823529411764
39.9018018018018,32.923529411764704,3,2380.426074754433,33.28991793170898,39.902252252252254,32.92411764705882
39.9018018018018,32.92470588235294,3,0.0,0.0,39.902252252252254,32.925294117647056
39.9018018018018,32.92588235294117,13,27249.44951435744,41.07684633161011,39.902252252252254,32.92647058823529
39.9018018018018,32.92705882352941,13,27249.44951435744,41.07684633161011,39.902252252252254,32.927647058823524
39.9018018018018,32.93058823529412,7,8527.808904196965,33.005740528128584,39.902252252252254,32.931176470588234
39.9018018018018,32.93411764705882,8,8558.558904196965,31.57133393772227,39.902252252252254,32.93470588235294
39.9018018018018,32.96235294117647,4,6314.978632478633,27.467948717948715,39.902252252252254,32.962941176470586
39.9018018018018,33.03294117647059,3,2024.734915167751,36.69545435217077,39.902252252252254,33.033529411764704
39.9018018018018,33.048235294117646,3,0.0,0.0,39.902252252252254,33.04882352941176
39.9018018018018,33.05882352941176,1,0.0,0.0,39.902252252252254,33.05941176470588
39.902702702702705,32.69647058823529,4,2261.9024087024086,20.043240093240094,39.903153153153156,32.69705882352941
39.902702702702705,32.70823529411764,2,2262.568376068376,40.08119658119658,39.903153153153156,32.70882352941176
39.902702702702705,32.752941176470586,5,2348.803418803419,25.335042735042734,39.903153153153156,32.7535294117647
39.902702702702705,32.75411764705882,7,6989.726495726496,36.34432234432234,39.903153153153156,32.75470588235294
39.902702702702705,32.80117647058823,6,6526.473987365292,28.270632045088565,39.903153153153156,32.80176470588235
39.902702702702705,32.845882352941175,5,4986.376068376068,36.0017094017094,39.903153153153156,32.84647058823529
39.902702702702705,32.84705882352941,7,4929.529226348797,38.77769911056716,39.903153153153156,32.847647058823526
39.902702702702705,32.870588235294115,6,5281.670113041081,34.73653616395551,39.903153153153156,32.87117647058823
39.902702702702705,32.87411764705882,6,5281.670113041081,34.73653616395551,39.903153153153156,32.874705882352934
39.902702702702705,32.87529411764706,6,5281.670113041081,34.73653616395551,39.903153153153156,32.875882352941176
39.902702702702705,32.87882352941176,10,5176.212020953957,32.08555279845602,39.903153153153156,32.87941176470588
39.902702702702705,32.883529411764705,6,3591.837692307692,27.791182336182334,39.903153153153156,32.88411764705882
39.902702702702705,32.92235294117647,7,4760.852149508866,28.534215370036268,39.903153153153156,32.92294117647059
39.902702702702705,32.95294117647059,4,12494.51282051282,63.85470085470085,39.903153153153156,32.953529411764706
39.90360360360361,32.652941176470584,27,13013.846153846154,20.402342513453622,39.90405405405406,32.6535294117647
39.90360360360361,32.70470588235294,4,2261.9024087024086,20.043240093240094,39.90405405405406,32.70529411764706
39.90360360360361,32.73176470588235,2,2585.9099807003035,12.247725392886682,39.90405405405406,32.732352941176465
39.90360360360361,32.73294117647058,3,13686.09677419355,26.9247311827957,39.90405405405406,32.7335294117647
39.90360360360361,32.808235294117644,16,8653.807800934821,42.63146735629196,39.90405405405406,32.80882352941176
39.90360360360361,32.836470588235294,1,1609.1709401709402,34.833333333333336,39.90405405405406,32.83705882352941
39.90360360360361,32.84470588235294,36,29570.371106690676,34.64368562778667,39.90405405405406,32.84529411764706
39.90360360360361,32.84941176470588,5,4986.376068376068,36.0017094017094,39.90405405405406,32.849999999999994
39.90360360360361,32.885882352941174,2,1751.6538461538462,26.004273504273506,39.90405405405406,32.88647058823529
39.90360360360361,32.892941176470586,3,1795.9188461538463,27.791182336182334,39.90405405405406,32.8935294117647
39.90360360360361,32.89411764705882,5,1840.6965811965813,13.624786324786324,39.90405405405406,32.89470588235294
39.90360360360361,32.895294117647055,5,1840.6965811965813,13.624786324786324,39.90405405405406,32.89588235294117
39.90360360360361,32.917647058823526,3,0.0,0.0,39.90405405405406,32.91823529411764
39.90360360360361,32.93764705882353,30,69332.37575956988,42.8924058828227,39.90405405405406,32.938235294117646
39.90360360360361,32.95647058823529,2,6247.25641025641,63.85470085470085,39.90405405405406,32.95705882352941
39.90360360360361,32.96823529411765,2,2677.3333333333335,28.363247863247864,39.90405405405406,32.968823529411765
39.90360360360361,32.970588235294116,7,18741.333333333336,56.72649572649573,39.90405405405406,32.97117647058823
39.90450450450451,32.70823529411764,43,68662.60491728157,35.51406772848611,39.90495495495496,32.70882352941176
39.90450450450451,32.73176470588235,3,16272.006754893853,35.089881444720156,39.90495495495496,32.732352941176465
39.90450450450451,32.752941176470586,3,261.94871794871796,3.0840455840455845,39.90495495495496,32.7535294117647
39.90450450450451,32.81411764705882,68,59640.29971075846,38.73953346615991,39.90495495495496,32.81470588235294
39.90450450450451,32.815294117647056,4,9973.76923076923,20.90811965811966,39.90495495495496,32.81588235294117
39.90450450450451,32.82235294117647,4,6436.683760683761,34.833333333333336,39.90495495495496,32.822941176470586
39.90450450450451,32.857647058823524,20,22301.061995498458,27.332390233462235,39.90495495495496,32.85823529411764
39.90450450450451,32.86,10,2423.1523597175774,10.417874396135266,39.90495495495496,32.86058823529412
39.90450450450451,32.86705882352941,6,5281.670113041081,34.73653616395551,39.90495495495496,32.86764705882353
39.90450450450451,32.868235294117646,4,2588.1060104769786,40.10694099807003,39.90495495495496,32.86882352941176
39.90450450450451,32.87294117647058,5,2588.1060104769786,32.08555279845602,39.90495495495496,32.8735294117647
39.90450450450451,32.87647058823529,1,2693.5641025641025,47.99145299145299,39.90495495495496,32.87705882352941
39.90450450450451,32.91176470588235,25,45801.63992431044,46.30110908567434,39.90495495495496,32.912352941176465
39.90450450450451,32.93058823529412,2,8245.119658119658,63.23504273504273,39.90495495495496,32.931176470588234
39.90450450450451,32.93764705882353,7,22421.44017094017,43.35470085470086,39.90495495495496,32.938235294117646
39.90450450450451,32.970588235294116,5,0.0,0.0,39.90495495495496,32.97117647058823
39.90450450450451,32.982352941176465,8,20323.864394413173,52.7658041484261,39.90495495495496,32.98294117647058
39.9054054054054,32.47176470588235,2,382.95726495726495,34.34188034188034,39.905855855855854,32.47235294117647
39.9054054054054,32.63294117647059,4,2361.4102564102564,28.483974358974358,39.905855855855854,32.633529411764705
39.9054054054054,32.6435294117647,1,910.0982905982906,49.542735042735046,39.905855855855854,32.64411764705882
39.9054054054054,32.70117647058823,4,2803.085727525486,15.697276284625683,39.905855855855854,32.70176470588235
39.9054054054054,32.70823529411764,2,2262.568376068376,40.08119658119658,39.905855855855854,32.70882352941176
39.9054054054054,32.715294117647055,30,47666.90859568812,27.753093929720436,39.905855855855854,32.71588235294117
39.9054054054054,32.74235294117647,3,1211.5761798587887,17.363123993558776,39.905855855855854,32.74294117647059
39.9054054054054,32.75058823529412,14,23799.282308722068,28.8616149580005,39.905855855855854,32.751176470588234
39.9054054054054,32.75176470588235,11,7627.645299145299,29.05672105672106,39.905855855855854,32.75235294117647
39.9054054054054,32.75647058823529,1,914.9786324786324,62.47435897435897,39.905855855855854,32.757058823529405
39.9054054054054,32.75764705882353,6,9061.905982905982,46.3988603988604,39.905855855855854,32.75823529411765
39.9054054054054,32.7635294117647,8,9871.764957264957,43.03098290598291,39.905855855855854,32.76411764705882
39.9054054054054,32.80470588235294,13,9194.761243440193,28.593009461738557,39.905855855855854,32.80529411764706
39.9054054054054,32.81058823529411,21,17632.755080686562,42.77344537612172,39.905855855855854,32.81117647058823
39.9054054054054,32.81647058823529,4,9973.76923076923,20.90811965811966,39.905855855855854,32.81705882352941
39.9054054054054,32.81882352941176,4,9973.76923076923,20.90811965811966,39.905855855855854,32.819411764705876
39.9054054054054,32.82235294117647,1,1609.1709401709402,34.833333333333336,39.905855855855854,32.822941176470586
39.9054054054054,32.86,9,12525.48635235732,41.43356921851545,39.905855855855854,32.86058823529412
39.9054054054054,32.868235294117646,5,2588.1060104769786,32.08555279845602,39.905855855855854,32.86882352941176
39.9054054054054,32.879999999999995,20,10352.424041907912,32.08555279845602,39.905855855855854,32.88058823529411
39.9054054054054,32.91176470588235,22,41650.41342858395,49.069636393006,39.905855855855854,32.912352941176465
39.9054054054054,32.91647058823529,13,20754.36442042026,41.1089666378318,39.905855855855854,32.91705882352941
39.9054054054054,32.917647058823526,3,4272.409331547392,54.1289702726725,39.905855855855854,32.91823529411764
39.9054054054054,32.92470588235294,7,4760.852149508866,28.534215370036268,39.905855855855854,32.925294117647056
39.9054054054054,32.92705882352941,13,27249.44951435744,41.07684633161011,39.905855855855854,32.927647058823524
39.9054054054054,32.93058823529412,7,8527.808904196965,33.005740528128584,39.905855855855854,32.931176470588234
39.9054054054054,32.93411764705882,2,7301.547008547009,61.2008547008547,39.905855855855854,32.93470588235294
39.9054054054054,32.935294117647054,6,7493.803418803419,27.35185185185185,39.905855855855854,32.93588235294117
39.9054054054054,32.95176470588235,2,6247.25641025641,63.85470085470085,39.905855855855854,32.952352941176464
39.9054054054054,32.95647058823529,1,3123.628205128205,63.85470085470085,39.905855855855854,32.95705882352941
39.9054054054054,32.972941176470584,2,0.0,0.0,39.905855855855854,32.9735294117647
39.9054054054054,33.00470588235294,2,5830.123931623932,25.726495726495727,39.905855855855854,33.005294117647054
39.906306306306305,32.73294117647058,27,47589.94495932448,29.811855208106884,39.90675675675676,32.7335294117647
39.906306306306305,32.743529411764705,14,23799.282308722068,28.8616149580005,39.90675675675676,32.74411764705882
39.906306306306305,32.74941176470588,2,0.0,0.0,39.90675675675676,32.75
39.906306306306305,32.7635294117647,1,323.9188034188034,21.354700854700855,39.90675675675676,32.76411764705882
39.906306306306305,32.77294117647059,3,4640.923076923077,42.578347578347575,39.90675675675676,32.773529411764706
39.906306306306305,32.78941176470588,13,29410.71691895788,46.51442456215394,39.90675675675676,32.79
39.906306306306305,32.79529411764705,13,29410.71691895788,46.51442456215394,39.90675675675676,32.79588235294117
39.906306306306305,32.87647058823529,1,2693.5641025641025,47.99145299145299,39.90675675675676,32.87705882352941
39.906306306306305,32.88470588235294,6,3591.837692307692,27.791182336182334,39.90675675675676,32.88529411764706
39.906306306306305,32.88705882352941,1,44.265,31.365,39.90675675675676,32.887647058823525
39.906306306306305,32.889411764705876,3,1795.9188461538463,27.791182336182334,39.90675675675676,32.88999999999999
39.906306306306305,32.89764705882352,5,1840.6965811965813,13.624786324786324,39.90675675675676,32.89823529411764
39.906306306306305,32.91294117647058,6,0.0,0.0,39.90675675675676,32.9135294117647
39.906306306306305,32.91647058823529,11,17170.919356022623,32.486507949792376,39.90675675675676,32.91705882352941
39.906306306306305,32.932941176470585,2,7301.547008547009,61.2008547008547,39.90675675675676,32.9335294117647
39.906306306306305,32.93647058823529,14,36862.18751302898,41.053701718335866,39.90675675675676,32.937058823529405
39.906306306306305,32.95176470588235,2,6247.25641025641,63.85470085470085,39.90675675675676,32.952352941176464
39.906306306306305,32.95647058823529,3,9370.884615384615,63.854700854700845,39.90675675675676,32.95705882352941
39.906306306306305,32.95882352941176,4,8992.311965811965,41.64957264957265,39.90675675675676,32.95941176470588
39.906306306306305,32.96823529411765,18,39976.190327287884,42.372547657100505,39.90675675675676,32.968823529411765
39.906306306306305,32.98470588235294,7,19988.095163643942,54.478989844843504,39.90675675675676,32.98529411764706
39.90720720720721,32.637647058823525,18,11583.648484848485,32.00574980574981,39.90765765765766,32.63823529411764
39.90720720720721,32.74235294117647,14,23799.282308722068,28.8616149580005,39.90765765765766,32.74294117647059
39.90720720720721,32.75176470588235,20,0.0,0.0,39.90765765765766,32.75235294117647
39.90720720720721,32.792941176470585,17,29739.8828133045,43.31047265987025,39.90765765765766,32.7935294117647
39.90720720720721,32.808235294117644,7,10288.745511234376,40.91672121033203,39.90765765765766,32.80882352941176
39.90720720720721,32.85411764705882,2,770.5299145299145,16.358974358974358,39.90765765765766,32.85470588235294
39.90720720720721,32.8635294117647,6,5281.670113041081,34.73653616395551,39.90765765765766,32.86411764705882
39.90720720720721,32.86941176470588,5,2588.1060104769786,32.08555279845602,39.90765765765766,32.87
39.90720720720721,32.87411764705882,1,2693.5641025641025,47.99145299145299,39.90765765765766,32.874705882352934
39.90720720720721,32.89411764705882,5,1840.6965811965813,13.624786324786324,39.90765765765766,32.89470588235294
39.90720720720721,32.90588235294118,2,2434.6923076923076,47.93589743589744,39.90765765765766,32.906470588235294
39.90720720720721,32.908235294117645,2,2434.6923076923076,47.93589743589744,39.90765765765766,32.90882352941176
39.90720720720721,32.910588235294114,40,62635.134203669506,42.49967222117207,39.90765765765766,32.91117647058823
39.90720720720721,32.92941176470588,22,21937.65279372369,33.918684513924774,39.90765765765766,32.93
39.90720720720721,32.93411764705882,6,7493.803418803419,27.35185185185185,39.90765765765766,32.93470588235294
39.90720720720721,32.9635294117647,2,5354.666666666667,56.72649572649573,39.90765765765766,32.96411764705882
39.90720720720721,32.96470588235294,9,19988.095163643942,42.372547657100505,39.90765765765766,32.965294117647055
39.90720720720721,32.967058823529406,5,10057.763393787784,40.34811340421096,39.90765765765766,32.96764705882352
39.90720720720721,32.972941176470584,9,19988.095163643942,42.372547657100505,39.90765765765766,32.9735294117647
39.90720720720721,32.97764705882353,9,19988.095163643942,42.372547657100505,39.90765765765766,32.978235294117646
39.90720720720721,33.0435294117647,3,0.0,0.0,39.90765765765766,33.04411764705882
39.90810810810811,32.64823529411765,35,15787.982905982906,21.43089133089133,39.90855855855856,32.648823529411764
39.90810810810811,32.76,19,29679.10282154258,32.401405893479456,39.90855855855856,32.760588235294115
39.90810810810811,32.77529411764706,11,25661.487436927197,47.42915718819334,39.90855855855856,32.775882352941174
39.90810810810811,32.781176470588235,1,117.03012048192771,42.0722891566265,39.90855855855856,32.78176470588235
39.90810810810811,32.8635294117647,6,5281.670113041081,34.73653616395551,39.90855855855856,32.86411764705882
39.90810810810811,32.885882352941174,17,8940.88227423726,30.196904594071484,39.90855855855856,32.88647058823529
39.90810810810811,32.89764705882352,1,1217.3461538461538,47.93589743589744,39.90855855855856,32.89823529411764
39.90810810810811,32.90117647058823,4,4869.384615384615,47.93589743589744,39.90855855855856,32.90176470588235
39.90810810810811,32.90235294117647,2,2434.6923076923076,47.93589743589744,39.90855855855856,32.902941176470584
39.90810810810811,32.904705882352935,2,2434.6923076923076,47.93589743589744,39.90855855855856,32.90529411764705
39.90810810810811,32.93647058823529,14,36862.18751302898,41.053701718335866,39.90855855855856,32.937058823529405
39.90810810810811,32.95176470588235,2,6247.25641025641,63.85470085470085,39.90855855855856,32.952352941176464
39.90810810810811,32.967058823529406,4,9930.33176985616,44.90309047321242,39.90855855855856,32.96764705882352
39.90810810810811,32.98,7,19988.095163643942,54.478989844843504,39.90855855855856,32.980588235294114
39.90810810810811,33.01882352941176,2,1211.5761798587887,26.044685990338166,39.90855855855856,33.01941176470588
39.90900900900901,32.779999999999994,1,323.9188034188034,21.354700854700855,39.90945945945946,32.78058823529411
39.90900900900901,32.796470588235294,22,32900.14149273197,40.85471700424884,39.90945945945946,32.79705882352941
39.90900900900901,32.80117647058823,1,0.0,0.0,39.90945945945946,32.80176470588235
39.90900900900901,32.81294117647059,7,10288.745511234376,40.91672121033203,39.90945945945946,32.813529411764705
39.90900900900901,32.81647058823529,8,19947.53846153846,20.90811965811966,39.90945945945946,32.81705882352941
39.90900900900901,32.84705882352941,36,29570.371106690676,34.64368562778667,39.90945945945946,32.847647058823526
39.90900900900901,32.855294117647055,26,57326.03026384734,44.92233635713936,39.90945945945946,32.85588235294117
39.90900900900901,32.87176470588235,1,2693.5641025641025,47.99145299145299,39.90945945945946,32.872352941176466
39.90900900900901,32.89411764705882,10,3681.3931623931626,13.624786324786324,39.90945945945946,32.89470588235294
39.90900900900901,32.9,1,1217.3461538461538,47.93589743589744,39.90945945945946,32.900588235294116
39.90900900900901,32.90705882352941,26,39480.14795015993,41.45831935905049,39.90945945945946,32.90764705882353
39.90900900900901,32.908235294117645,1,0.0,0.0,39.90945945945946,32.90882352941176
39.90900900900901,32.91176470588235,1,0.0,0.0,39.90945945945946,32.912352941176465
39.90900900900901,32.921176470588236,3,4272.409331547392,54.1289702726725,39.90945945945946,32.92176470588235
39.90900900900901,32.923529411764704,1,4151.226495726496,77.9957264957265,39.90945945945946,32.92411764705882
39.90900900900901,32.92470588235294,6,12453.679487179488,38.99786324786325,39.90945945945946,32.925294117647056
39.90900900900901,32.92588235294117,12,7141.278224263299,24.967438448781735,39.90945945945946,32.92647058823529
39.90900900900901,32.942352941176466,46,64648.46521694489,31.415164377857483,39.90945945945946,32.94294117647058
39.90900900900901,32.957647058823525,17,40968.91567646446,44.486823872763615,39.90945945945946,32.95823529411764
39.90900900900901,32.961176470588235,9,19988.095163643942,42.372547657100505,39.90945945945946,32.96176470588235
39.90900900900901,32.9635294117647,9,19988.095163643942,42.372547657100505,39.90945945945946,32.96411764705882
39.90990990990991,32.75058823529412,2,647.8376068376068,21.354700854700855,39.910360360360364,32.751176470588234
39.90990990990991,32.7635294117647,8,4017.6153846153843,11.738247863247864,39.910360360360364,32.76411764705882
39.90990990990991,32.790588235294116,6,890.6352483103144,40.93799588598296,39.910360360360364,32.79117647058823
39.90990990990991,32.792941176470585,16,26207.457522397282,33.25952206260941,39.910360360360364,32.7935294117647
39.90990990990991,32.79529411764705,2,0.0,0.0,39.910360360360364,32.79588235294117
39.90990990990991,32.80117647058823,5,2878.987068976343,43.42653252158101,39.910360360360364,32.80176470588235
39.90990990990991,32.81294117647059,36,35335.04374037212,36.78420163445839,39.910360360360364,32.813529411764705
39.90990990990991,32.81411764705882,35,30335.83243007123,38.8457630984352,39.910360360360364,32.81470588235294
39.90990990990991,32.81882352941176,8,19947.53846153846,20.90811965811966,39.910360360360364,32.819411764705876
39.90990990990991,32.86,10,2423.1523597175774,10.417874396135266,39.910360360360364,32.86058823529412
39.90990990990991,32.861176470588234,15,17807.156465398402,38.754755996691486,39.910360360360364,32.86176470588235
39.90990990990991,32.883529411764705,17,8940.88227423726,30.196904594071484,39.910360360360364,32.88411764705882
39.90990990990991,32.88823529411764,6,2696.6547909647834,31.497107006843432,39.910360360360364,32.88882352941176
39.90990990990991,32.90117647058823,13,16156.827698470966,42.334878474074166,39.910360360360364,32.90176470588235
39.90990990990991,32.904705882352935,7,9251.238635560268,45.00784502995532,39.910360360360364,32.90529411764705
39.90990990990991,32.90588235294118,8,9340.281370603005,41.39628747813398,39.910360360360364,32.906470588235294
39.90990990990991,32.90941176470588,1,0.0,0.0,39.910360360360364,32.91
39.90990990990991,32.917647058823526,11,17170.919356022623,32.486507949792376,39.910360360360364,32.91823529411764
39.90990990990991,32.92470588235294,2,8302.452991452992,77.9957264957265,39.910360360360364,32.925294117647056
39.90990990990991,32.92823529411764,7,8527.808904196965,33.005740528128584,39.910360360360364,32.92882352941176
39.90990990990991,32.93058823529412,1,3650.7735042735044,61.2008547008547,39.910360360360364,32.931176470588234
39.90990990990991,32.93647058823529,6,7493.803418803419,27.35185185185185,39.910360360360364,32.937058823529405
39.90990990990991,32.98117647058823,7,19988.095163643942,54.478989844843504,39.910360360360364,32.98176470588235
39.91081081081081,32.71058823529412,5,3169.0477078477074,16.002113442113444,39.91126126126126,32.711176470588235
39.91081081081081,32.75176470588235,13,23756.619658119656,29.838921761998684,39.91126126126126,32.75235294117647
39.91081081081081,32.7635294117647,1,323.9188034188034,21.354700854700855,39.91126126126126,32.76411764705882
39.91081081081081,32.78705882352941,1,87.75301204819277,31.228915662650603,39.91126126126126,32.787647058823524
39.91081081081081,32.796470588235294,4,2810.3092965300284,28.728224316334074,39.91126126126126,32.79705882352941
39.91081081081081,32.80705882352941,6,6778.492344722174,40.84720004315965,39.91126126126126,32.80764705882353
39.91081081081081,32.84705882352941,25,33509.306546069834,33.708865396162025,39.91126126126126,32.847647058823526
39.91081081081081,32.87764705882353,3,1860.202626641651,26.854475019109163,39.91126126126126,32.878235294117644
39.91081081081081,32.87882352941176,4,1904.4676266416511,27.982106264331875,39.91126126126126,32.87941176470588
39.91081081081081,32.88235294117647,7,3764.6702532833024,27.498835730665,39.91126126126126,32.88294117647059
39.91081081081081,32.88705882352941,6,2696.6547909647834,31.497107006843432,39.91126126126126,32.887647058823525
39.91081081081081,32.89058823529412,11,5304.266846886831,32.89544540606696,39.91126126126126,32.891176470588235
39.91081081081081,32.892941176470586,13,16156.827698470966,42.334878474074166,39.91126126126126,32.8935294117647
39.91081081081081,32.898823529411764,13,16156.827698470966,42.334878474074166,39.91126126126126,32.89941176470588
39.91081081081081,32.90588235294118,10,13035.712439712912,36.331757774403414,39.91126126126126,32.906470588235294
39.91081081081081,32.92705882352941,8,4882.034985329762,35.51633648906811,39.91126126126126,32.927647058823524
39.91081081081081,32.935294117647054,3,3746.9017094017095,27.351851851851848,39.91126126126126,32.93588235294117
39.91081081081081,32.957647058823525,4,8992.311965811965,41.64957264957265,39.91126126126126,32.95823529411764
39.91081081081081,32.985882352941175,7,19988.095163643942,54.478989844843504,39.91126126126126,32.98647058823529
39.91171171171171,32.6435294117647,7,1560.3931623931624,8.18009768009768,39.91216216216216,32.64411764705882
39.91171171171171,32.75764705882353,1,323.9188034188034,21.354700854700855,39.91216216216216,32.75823529411765
39.91171171171171,32.758823529411764,3,971.7564102564102,21.354700854700855,39.91216216216216,32.75941176470588
39.91171171171171,32.77058823529411,1,323.9188034188034,21.354700854700855,39.91216216216216,32.77117647058823
39.91171171171171,32.78823529411764,5,845.0509109609169,44.95812518366147,39.91216216216216,32.78882352941176
39.91171171171171,32.79529411764705,6,523.4277108433735,36.26813350964835,39.91216216216216,32.79588235294117
39.91171171171171,32.84705882352941,41,34556.74717506675,34.80929828314309,39.91216216216216,32.847647058823526
39.91171171171171,32.858823529411765,9,12525.48635235732,41.43356921851545,39.91216216216216,32.85941176470588
39.91171171171171,32.87176470588235,1,2693.5641025641025,47.99145299145299,39.91216216216216,32.872352941176466
39.91171171171171,32.89058823529412,2,5537.333333333334,40.51709401709402,39.91216216216216,32.891176470588235
39.91171171171171,32.89176470588235,6,10830.070363577517,64.34630408809932,39.91216216216216,32.89235294117647
39.91171171171171,32.91529411764706,2,5636.7008547008545,37.01068376068376,39.91216216216216,32.915882352941175
39.91171171171171,32.923529411764704,3,8302.452991452992,51.997150997151,39.91216216216216,32.92411764705882
39.91171171171171,32.92470588235294,2,0.0,0.0,39.91216216216216,32.925294117647056
39.91171171171171,32.93764705882353,4,14684.192047112778,51.33008911819888,39.91216216216216,32.938235294117646
39.91171171171171,32.95647058823529,7,0.0,0.0,39.91216216216216,32.95705882352941
39.91171171171171,32.96235294117647,22,29200.604403344238,29.940639992546423,39.91216216216216,32.962941176470586
39.91171171171171,32.96588235294117,11,3877.507676223121,20.267335663831446,39.91216216216216,32.96647058823529
39.91171171171171,32.96941176470588,11,3877.507676223121,20.267335663831446,39.91216216216216,32.97
39.91171171171171,32.97411764705882,11,3877.507676223121,20.267335663831446,39.91216216216216,32.974705882352936
39.91171171171171,32.982352941176465,7,19988.095163643942,54.478989844843504,39.91216216216216,32.98294117647058
39.91171171171171,32.99882352941176,1,0.0,0.0,39.91216216216216,32.999411764705876
39.91171171171171,33.05529411764706,16,3705.5455221107395,14.1067911557042,39.91216216216216,33.055882352941175
39.91261261261261,32.637647058823525,9,3572.986436269045,18.447252157397084,39.91306306306306,32.63823529411764
39.91261261261261,32.64588235294117,8,612.0,55.0,39.91306306306306,32.64647058823529
39.91261261261261,32.75647058823529,1,323.9188034188034,21.354700854700855,39.91306306306306,32.757058823529405
39.91261261261261,32.76705882352941,2,647.8376068376068,21.354700854700855,39.91306306306306,32.76764705882353
39.91261261261261,32.77529411764706,1,323.9188034188034,21.354700854700855,39.91306306306306,32.775882352941174
39.91261261261261,32.77882352941176,2,440.94892390073113,31.71349500566368,39.91306306306306,32.77941176470588
39.91261261261261,32.783529411764704,3,327.44908903908316,33.35194436281712,39.91306306306306,32.78411764705882
39.91261261261261,32.78705882352941,1,42.66265060240964,16.156626506024097,39.91306306306306,32.787647058823524
39.91261261261261,32.79411764705882,4,218.9603291213635,42.193120041140176,39.91306306306306,32.794705882352936
39.91261261261261,32.80117647058823,10,3300.5266663903894,28.693834876717624,39.91306306306306,32.80176470588235
39.91261261261261,32.80941176470588,40,65214.32769606558,39.60018650118895,39.91306306306306,32.809999999999995
39.91261261261261,32.82,26,45416.28268572781,41.933611912739494,39.91306306306306,32.82058823529412
39.91261261261261,32.821176470588235,4,9973.76923076923,20.90811965811966,39.91306306306306,32.82176470588235
39.91261261261261,32.82588235294117,1,1609.1709401709402,34.833333333333336,39.91306306306306,32.82647058823529
39.91261261261261,32.85647058823529,9,12525.48635235732,41.43356921851545,39.91306306306306,32.85705882352941
39.91261261261261,32.864705882352936,6,5281.670113041081,34.73653616395551,39.91306306306306,32.86529411764705
39.91261261261261,32.87176470588235,1,2693.5641025641025,47.99145299145299,39.91306306306306,32.872352941176466
39.91261261261261,32.87294117647058,1,2693.5641025641025,47.99145299145299,39.91306306306306,32.8735294117647
39.91261261261261,32.91882352941176,4,9787.927350427351,38.004273504273506,39.91306306306306,32.91941176470588
39.91261261261261,32.92588235294117,1,4151.226495726496,77.9957264957265,39.91306306306306,32.92647058823529
39.91261261261261,32.93176470588235,1,3650.7735042735044,61.2008547008547,39.91306306306306,32.93235294117647
39.91261261261261,32.94941176470588,23,32324.232608472445,31.415164377857483,39.91306306306306,32.949999999999996
39.91261261261261,32.959999999999994,36,37413.31646455435,27.710523471487342,39.91306306306306,32.96058823529411
39.91261261261261,32.96470588235294,11,3877.507676223121,20.267335663831446,39.91306306306306,32.965294117647055
39.91261261261261,32.97411764705882,11,3877.507676223121,20.267335663831446,39.91306306306306,32.974705882352936
39.91261261261261,32.97529411764705,11,3877.507676223121,20.267335663831446,39.91306306306306,32.97588235294117
39.913513513513514,32.758823529411764,1,323.9188034188034,21.354700854700855,39.913963963963965,32.75941176470588
39.913513513513514,32.77176470588235,1,323.9188034188034,21.354700854700855,39.913963963963965,32.772352941176464
39.913513513513514,32.78588235294117,3,181.9000881575081,50.35990302674111,39.913963963963965,32.78647058823529
39.913513513513514,32.79176470588235,1,132.21341463414635,47.1280487804878,39.913963963963965,32.79235294117647
39.913513513513514,32.802352941176466,9,3010.7148362053595,28.71318607764391,39.913963963963965,32.80294117647058
39.913513513513514,32.82235294117647,4,9973.76923076923,20.90811965811966,39.913963963963965,32.822941176470586
39.913513513513514,32.8235294117647,4,9973.76923076923,20.90811965811966,39.913963963963965,32.82411764705882
39.913513513513514,32.868235294117646,1,2693.5641025641025,47.99145299145299,39.913963963963965,32.86882352941176
39.913513513513514,32.879999999999995,7,3764.6702532833024,27.498835730665,39.913963963963965,32.88058823529411
39.913513513513514,32.88470588235294,3,1211.5761798587887,17.363123993558776,39.913963963963965,32.88529411764706
39.913513513513514,32.89176470588235,2,5537.333333333334,40.51709401709402,39.913963963963965,32.89235294117647
39.913513513513514,32.895294117647055,3,5415.035181788759,64.34630408809932,39.913963963963965,32.89588235294117
39.913513513513514,32.9035294117647,32,39704.87386312301,36.7641356623761,39.913963963963965,32.90411764705882
39.913513513513514,32.91294117647058,12,22657.654398757666,33.792119466796855,39.913963963963965,32.9135294117647
39.913513513513514,32.921176470588236,6,12453.679487179488,38.99786324786325,39.913963963963965,32.92176470588235
39.913513513513514,32.935294117647054,9,11240.705128205129,27.35185185185185,39.913963963963965,32.93588235294117
39.913513513513514,32.93764705882353,4,10888.900752647021,72.90021048603138,39.913963963963965,32.938235294117646
39.913513513513514,32.945882352941176,22,32445.27508293565,35.09020553540465,39.913963963963965,32.94647058823529
39.913513513513514,32.95411764705882,69,96972.69782541733,31.41516437785748,39.913963963963965,32.95470588235294
39.913513513513514,32.957647058823525,3,6400.452991452991,29.84757834757835,39.913963963963965,32.95823529411764
39.913513513513514,32.96470588235294,6,31917.76923076923,49.07692307692307,39.913963963963965,32.965294117647055
39.913513513513514,32.97882352941176,1,335.7692307692308,40.77350427350427,39.913963963963965,32.97941176470588
39.914414414414416,32.63647058823529,3,1211.5761798587887,17.363123993558776,39.91486486486487,32.63705882352941
39.914414414414416,32.637647058823525,27,12695.639937839938,22.607663529885752,39.91486486486487,32.63823529411764
39.914414414414416,32.70941176470588,49,79495.59253646631,40.106301439795025,39.91486486486487,32.709999999999994
39.914414414414416,32.77176470588235,1,323.9188034188034,21.354700854700855,39.91486486486487,32.772352941176464
39.914414414414416,32.78235294117647,4,415.20210108727593,32.82118718777549,39.91486486486487,32.78294117647059
39.914414414414416,32.802352941176466,1,108.54878048780488,28.554878048780488,39.91486486486487,32.80294117647058
39.914414414414416,32.817647058823525,34,48898.8287543551,39.846531940820284,39.91486486486487,32.81823529411764
39.914414414414416,32.821176470588235,32,46342.16208768843,41.680690187121556,39.91486486486487,32.82176470588235
39.914414414414416,32.82588235294117,3,1609.1709401709402,11.611111111111112,39.91486486486487,32.82647058823529
39.914414414414416,32.87176470588235,1,2693.5641025641025,47.99145299145299,39.91486486486487,32.872352941176466
39.914414414414416,32.89764705882352,3,5415.035181788759,64.34630408809932,39.91486486486487,32.89823529411764
39.914414414414416,32.91176470588235,14,26241.099463155304,41.61217231754711,39.91486486486487,32.912352941176465
39.914414414414416,32.91294117647058,12,22657.654398757666,33.792119466796855,39.91486486486487,32.9135294117647
39.914414414414416,32.91882352941176,1,5486.735042735043,48.15384615384615,39.91486486486487,32.91941176470588
39.914414414414416,32.923529411764704,4,8302.452991452992,38.99786324786325,39.91486486486487,32.92411764705882
39.914414414414416,32.948235294117644,23,32324.232608472445,31.415164377857483,39.91486486486487,32.94882352941176
39.914414414414416,32.95647058823529,5,9934.92735042735,26.20769230769231,39.91486486486487,32.95705882352941
39.914414414414416,32.96470588235294,8,4323.2991452991455,20.232905982905983,39.91486486486487,32.965294117647055
39.914414414414416,32.972941176470584,2,1080.8247863247864,20.232905982905983,39.91486486486487,32.9735294117647
39.914414414414416,32.98,2,671.5384615384615,40.77350427350427,39.91486486486487,32.980588235294114
39.91531531531532,32.59176470588235,4,3147.3203167882066,42.24317807574688,39.91576576576577,32.592352941176465
39.91531531531532,32.63529411764706,7,3971.627661227661,26.995182595182595,39.91576576576577,32.635882352941174
39.91531531531532,32.65176470588235,14,7113.794871794872,24.743589743589745,39.91576576576577,32.65235294117647
39.91531531531532,32.781176470588235,3,78.8780487804878,37.53861788617886,39.91576576576577,32.78176470588235
39.91531531531532,32.78705882352941,21,2625.492738867232,35.55281248393209,39.91576576576577,32.787647058823524
39.91531531531532,32.78941176470588,37,4940.51412892459,36.26579113086607,39.91576576576577,32.79
39.91531531531532,32.79411764705882,1,485.53418803418805,16.02991452991453,39.91576576576577,32.794705882352936
39.91531531531532,32.832941176470584,2,0.0,0.0,39.91576576576577,32.8335294117647
39.91531531531532,32.83764705882353,30,54442.55619000131,39.591324056567956,39.91576576576577,32.838235294117645
39.91531531531532,32.84117647058823,65,116678.76857337473,38.56903848781265,39.91576576576577,32.84176470588235
39.91531531531532,32.85411764705882,4,1211.5761798587887,13.022342995169083,39.91576576576577,32.85470588235294
39.91531531531532,32.86,10,2423.1523597175774,10.417874396135266,39.91576576576577,32.86058823529412
39.91531531531532,32.86588235294117,1,2693.5641025641025,47.99145299145299,39.91576576576577,32.86647058823529
39.91531531531532,32.88117647058823,7,3764.6702532833024,27.498835730665,39.91576576576577,32.88176470588235
39.91531531531532,32.91176470588235,41,73236.56334673087,41.452619297149575,39.91576576576577,32.912352941176465
39.91531531531532,32.91411764705882,2,5636.7008547008545,37.01068376068376,39.91576576576577,32.91470588235294
39.91531531531532,32.91529411764706,2,5636.7008547008545,37.01068376068376,39.91576576576577,32.915882352941175
39.91531531531532,32.91882352941176,12,29363.782051282054,38.004273504273506,39.91576576576577,32.91941176470588
39.91531531531532,32.93058823529412,17,20711.390898073732,37.504269706538494,39.91576576576577,32.931176470588234
39.91531531531532,32.93764705882353,44,54009.208806688475,30.61235716426359,39.91576576576577,32.938235294117646
39.91531531531532,32.93882352941176,8,29368.384094225556,51.33008911819888,39.91576576576577,32.93941176470588
39.91531531531532,32.95882352941176,1,922.2264957264957,39.48290598290598,39.91576576576577,32.95941176470588
39.91531531531532,32.96235294117647,8,35416.41025641026,45.28632478632478,39.91576576576577,32.962941176470586
39.91531531531532,32.9635294117647,4,3688.905982905983,39.48290598290598,39.91576576576577,32.96411764705882
39.91531531531532,32.967058823529406,6,19552.65811965812,43.35185185185185,39.91576576576577,32.96764705882352
39.91621621621621,32.80117647058823,5,753.0893599413288,37.263211821645555,39.916666666666664,32.80176470588235
39.91621621621621,32.827058823529406,69,114486.35112113357,38.435987653710505,39.916666666666664,32.82764705882352
39.91621621621621,32.85294117647059,3,13765.706902112563,51.69330215556631,39.916666666666664,32.853529411764704
39.91621621621621,32.85411764705882,3,962.008547008547,22.353276353276353,39.916666666666664,32.85470588235294
39.91621621621621,32.89411764705882,2,5537.333333333334,40.51709401709402,39.916666666666664,32.89470588235294
39.91621621621621,32.90705882352941,1,0.0,0.0,39.916666666666664,32.90764705882353
39.91621621621621,32.910588235294114,26,48898.75386191297,38.00291715566238,39.916666666666664,32.91117647058823
39.91621621621621,32.92588235294117,2,8302.452991452992,77.9957264957265,39.916666666666664,32.92647058823529
39.91621621621621,32.93176470588235,17,20711.390898073732,37.504269706538494,39.916666666666664,32.93235294117647
39.91621621621621,32.959999999999994,6,21206.846153846152,41.495726495726494,39.916666666666664,32.96058823529411
39.91621621621621,32.98470588235294,22,7755.015352446242,20.267335663831446,39.916666666666664,32.98529411764706
39.917117117117115,32.63411764705882,3,1211.5761798587887,17.363123993558776,39.917567567567566,32.63470588235294
39.917117117117115,32.64470588235294,2,3225.410447761194,53.007462686567166,39.917567567567566,32.645294117647055
39.917117117117115,32.734117647058824,1,77.17469879518072,27.512048192771083,39.917567567567566,32.73470588235294
39.917117117117115,32.81411764705882,1,89.59734513274336,7.048672566371682,39.917567567567566,32.81470588235294
39.917117117117115,32.82,1,223.7012195121951,39.76219512195122,39.917567567567566,32.82058823529412
39.917117117117115,32.827058823529406,2,463.5407546383156,19.65866687513029,39.917567567567566,32.82764705882352
39.917117117117115,32.839999999999996,1,26.412121212121214,12.284848484848485,39.917567567567566,32.84058823529411
39.917117117117115,32.84470588235294,8,17749.836884749755,54.21263674146241,39.917567567567566,32.84529411764706
39.917117117117115,32.85294117647059,18,61457.42885192885,46.386386386386384,39.917567567567566,32.853529411764704
39.917117117117115,32.85411764705882,1,4865.6324786324785,80.44444444444444,39.917567567567566,32.85470588235294
39.917117117117115,32.855294117647055,7,29310.055555555555,58.985958485958484,39.917567567567566,32.85588235294117
39.917117117117115,32.879999999999995,7,3764.6702532833024,27.498835730665,39.917567567567566,32.88058823529411
39.917117117117115,32.9,33,36628.153252533055,33.01919469464855,39.917567567567566,32.900588235294116
39.917117117117115,32.91411764705882,1,5486.735042735043,48.15384615384615,39.917567567567566,32.91470588235294
39.917117117117115,32.91647058823529,4,599.8632478632478,25.867521367521366,39.917567567567566,32.91705882352941
39.917117117117115,32.93411764705882,24,32445.27508293565,32.16602174078759,39.917567567567566,32.93470588235294
39.917117117117115,32.94117647058823,5,1211.5761798587887,10.417874396135266,39.917567567567566,32.94176470588235
39.917117117117115,32.95176470588235,1,3534.474358974359,41.495726495726494,39.917567567567566,32.952352941176464
39.917117117117115,32.976470588235294,22,11889.07264957265,20.232905982905983,39.917567567567566,32.97705882352941
39.917117117117115,32.985882352941175,22,7755.015352446242,20.267335663831446,39.917567567567566,32.98647058823529
39.91801801801802,32.59411764705882,4,3147.3203167882066,42.24317807574688,39.91846846846847,32.59470588235294
39.91801801801802,32.790588235294116,2,531.1185253835856,18.433631963752447,39.91846846846847,32.79117647058823
39.91801801801802,32.80941176470588,37,18695.166565161227,42.69695744540775,39.91846846846847,32.809999999999995
39.91801801801802,32.81294117647059,36,19908.682384502423,40.63239445285508,39.91846846846847,32.813529411764705
39.91801801801802,32.85411764705882,3,9437.24358974359,38.418803418803414,39.91846846846847,32.85470588235294
39.91801801801802,32.857647058823524,6,16617.55623306233,42.742252102008194,39.91846846846847,32.85823529411764
39.91801801801802,32.864705882352936,1,2693.5641025641025,47.99145299145299,39.91846846846847,32.86529411764705
39.91801801801802,32.870588235294115,4,1904.4676266416511,27.982106264331875,39.91846846846847,32.87117647058823
39.91801801801802,32.89058823529412,7,9395.802057445324,44.07246661668719,39.91846846846847,32.891176470588235
39.91801801801802,32.89647058823529,13,30810.939368855754,47.62379595191803,39.91846846846847,32.897058823529406
39.91801801801802,32.898823529411764,7,15554.903820423942,47.31136795406434,39.91846846846847,32.89941176470588
39.91801801801802,32.904705882352935,1,6019.0641025641025,45.598290598290596,39.91846846846847,32.90529411764705
39.91801801801802,32.910588235294114,12,22657.654398757666,33.792119466796855,39.91846846846847,32.91117647058823
39.91801801801802,32.93176470588235,29,20975.817727342026,25.235471812832067,39.91846846846847,32.93235294117647
39.91801801801802,32.94,2,0.0,0.0,39.91846846846847,32.940588235294115
39.91801801801802,32.98941176470588,11,3877.507676223121,20.267335663831446,39.91846846846847,32.989999999999995
39.91801801801802,32.99882352941176,6,4049.469830335502,36.69545435217077,39.91846846846847,32.999411764705876
39.91891891891892,32.79764705882353,5,1211.5761798587887,10.417874396135266,39.91936936936937,32.798235294117646
39.91891891891892,32.82941176470588,2,463.5407546383156,19.65866687513029,39.91936936936937,32.83
39.91891891891892,32.86705882352941,4,1904.4676266416511,27.982106264331875,39.91936936936937,32.86764705882353
39.91891891891892,32.87764705882353,4,1904.4676266416511,27.982106264331875,39.91936936936937,32.878235294117644
39.91891891891892,32.87882352941176,3,1860.202626641651,26.854475019109163,39.91936936936937,32.87941176470588
39.91891891891892,32.89176470588235,7,21504.180046453166,46.67392366764409,39.91936936936937,32.89235294117647
39.91891891891892,32.89411764705882,7,21504.180046453166,46.67392366764409,39.91936936936937,32.89470588235294
39.91891891891892,32.9,6,15256.03554843181,47.98829528274734,39.91936936936937,32.900588235294116
39.91891891891892,32.90705882352941,14,26241.099463155304,41.61217231754711,39.91936936936937,32.90764705882353
39.91891891891892,32.91529411764706,4,11273.40170940171,37.01068376068376,39.91936936936937,32.915882352941175
39.91891891891892,32.91882352941176,8,19575.854700854703,38.004273504273506,39.91936936936937,32.91941176470588
39.91891891891892,32.95411764705882,6,21206.846153846152,41.495726495726494,39.91936936936937,32.95470588235294
39.91891891891892,32.95882352941176,1,922.2264957264957,39.48290598290598,39.91936936936937,32.95941176470588
39.91891891891892,32.982352941176465,8,4323.2991452991455,20.232905982905983,39.91936936936937,32.98294117647058
39.91981981981982,32.817647058823525,2,0.0,0.0,39.92027027027027,32.81823529411764
39.91981981981982,32.8235294117647,1,0.0,0.0,39.92027027027027,32.82411764705882
39.91981981981982,32.82588235294117,2,463.5407546383156,19.65866687513029,39.92027027027027,32.82647058823529
39.91981981981982,32.83529411764706,4,1090.310350218887,33.738899312070046,39.92027027027027,32.83588235294118
39.91981981981982,32.83882352941176,1,0.0,0.0,39.92027027027027,32.83941176470588
39.91981981981982,32.85294117647059,147,197203.98695817468,32.695515976091365,39.92027027027027,32.853529411764704
39.91981981981982,32.855294117647055,4,0.0,0.0,39.92027027027027,32.85588235294117
39.91981981981982,32.86705882352941,4,1904.4676266416511,27.982106264331875,39.92027027027027,32.86764705882353
39.91981981981982,32.87294117647058,3,1860.202626641651,26.854475019109163,39.92027027027027,32.8735294117647
39.91981981981982,32.885882352941174,7,9395.802057445324,44.07246661668719,39.92027027027027,32.88647058823529
39.91981981981982,32.90117647058823,5,1454.3034709193246,23.526203877423388,39.92027027027027,32.90176470588235
39.91981981981982,32.90705882352941,12,22657.654398757666,33.792119466796855,39.92027027027027,32.90764705882353
39.91981981981982,32.91529411764706,4,21946.94017094017,48.15384615384615,39.92027027027027,32.915882352941175
39.91981981981982,32.95411764705882,2,7068.948717948718,41.495726495726494,39.92027027027027,32.95470588235294
39.92072072072072,32.79411764705882,2,531.1185253835856,18.433631963752447,39.921171171171174,32.794705882352936
39.92072072072072,32.79764705882353,9,3010.7148362053595,28.71318607764391,39.921171171171174,32.798235294117646
39.92072072072072,32.80470588235294,9,4197.087310467637,23.60044276892156,39.921171171171174,32.80529411764706
39.92072072072072,32.83411764705882,6,1277.2025224098395,30.701905704954484,39.921171171171174,32.834705882352935
39.92072072072072,32.85176470588235,6,0.0,0.0,39.921171171171174,32.85235294117647
39.92072072072072,32.85411764705882,6,14496.06350318032,54.231933795491244,39.921171171171174,32.85470588235294
39.92072072072072,32.855294117647055,24,51959.96935535368,33.210773801814945,39.921171171171174,32.85588235294117
39.92072072072072,32.85647058823529,2,10332.402155887232,45.71766169154229,39.921171171171174,32.85705882352941
39.92072072072072,32.857647058823524,2,9658.74358974359,74.23717948717949,39.921171171171174,32.85823529411764
39.92072072072072,32.86235294117647,1,2693.5641025641025,47.99145299145299,39.921171171171174,32.862941176470585
39.92072072072072,32.889411764705876,7,21504.180046453166,46.67392366764409,39.921171171171174,32.88999999999999
39.92072072072072,32.919999999999995,8,19575.854700854703,38.004273504273506,39.921171171171174,32.92058823529411
39.92072072072072,32.92705882352941,65,85601.94106394504,33.5621789010609,39.921171171171174,32.927647058823524
39.92072072072072,32.93647058823529,1,384.1951219512195,16.896341463414632,39.921171171171174,32.937058823529405
39.921621621621625,32.63176470588235,5,1211.5761798587887,10.417874396135266,39.922072072072076,32.632352941176464
39.921621621621625,32.65411764705882,9,6427.5940170940175,26.935422602089268,39.922072072072076,32.654705882352935
39.921621621621625,32.78588235294117,1,117.03012048192771,42.0722891566265,39.922072072072076,32.78647058823529
39.921621621621625,32.81411764705882,24,17844.172137323414,47.11058278593794,39.922072072072076,32.81470588235294
39.921621621621625,32.82588235294117,2,463.5407546383156,19.65866687513029,39.922072072072076,32.82647058823529
39.921621621621625,32.84705882352941,8,17749.836884749755,54.21263674146241,39.922072072072076,32.847647058823526
39.921621621621625,32.85058823529411,6,0.0,0.0,39.922072072072076,32.85117647058823
39.921621621621625,32.85294117647059,5,11340.68376068376,34.57948717948718,39.922072072072076,32.853529411764704
39.921621621621625,32.857647058823524,8,23897.654523660618,51.242052324369396,39.922072072072076,32.85823529411764
39.921621621621625,32.858823529411765,12,24828.46565906755,34.735577179669335,39.922072072072076,32.85941176470588
39.921621621621625,32.8635294117647,4,1904.4676266416511,27.982106264331875,39.922072072072076,32.86411764705882
39.921621621621625,32.908235294117645,2,209.4878048780488,22.567073170731707,39.922072072072076,32.90882352941176
39.921621621621625,32.91647058823529,8,19575.854700854703,38.004273504273506,39.922072072072076,32.91705882352941
39.921621621621625,32.917647058823526,4,9787.927350427351,38.004273504273506,39.922072072072076,32.91823529411764
39.921621621621625,32.93647058823529,2,768.390243902439,16.896341463414632,39.922072072072076,32.937058823529405
39.921621621621625,32.93764705882353,5,2997.03835730665,25.93096727121117,39.922072072072076,32.938235294117646
39.921621621621625,32.93882352941176,3,1211.5761798587887,17.363123993558776,39.922072072072076,32.93941176470588
39.921621621621625,32.9435294117647,4,3688.905982905983,39.48290598290598,39.922072072072076,32.94411764705882
39.921621621621625,32.95058823529411,2,1844.4529914529915,39.48290598290598,39.922072072072076,32.95117647058823
39.921621621621625,32.95294117647059,1,3534.474358974359,41.495726495726494,39.922072072072076,32.953529411764706
39.921621621621625,32.96470588235294,9,8300.038461538461,39.48290598290598,39.922072072072076,32.965294117647055
39.92252252252252,32.6435294117647,2,3225.410447761194,53.007462686567166,39.92297297297297,32.64411764705882
39.92252252252252,32.68941176470588,6,3015.175213675214,25.10042735042735,39.92297297297297,32.69
39.92252252252252,32.830588235294115,2,463.5407546383156,19.65866687513029,39.92297297297297,32.83117647058823
39.92252252252252,32.83764705882353,4,650.4329268292684,22.143292682926827,39.92297297297297,32.838235294117645
39.92252252252252,32.84823529411764,8,17749.836884749755,54.21263674146241,39.92297297297297,32.84882352941176
39.92252252252252,32.85294117647059,1,0.0,0.0,39.92297297297297,32.853529411764704
39.92252252252252,32.85411764705882,227,403373.80524578335,37.29948552773804,39.92297297297297,32.85470588235294
39.92252252252252,32.87882352941176,6,15465.861085381208,52.510698510510956,39.92297297297297,32.87941176470588
39.92252252252252,32.889411764705876,7,21504.180046453166,46.67392366764409,39.92297297297297,32.88999999999999
39.92252252252252,32.90235294117647,3,5415.035181788759,64.34630408809932,39.92297297297297,32.902941176470584
39.92252252252252,32.90941176470588,5,1211.5761798587887,10.417874396135266,39.92297297297297,32.91
39.92252252252252,32.917647058823526,4,9787.927350427351,38.004273504273506,39.92297297297297,32.91823529411764
39.92252252252252,32.92470588235294,30,37386.70543119436,32.1920086160004,39.92297297297297,32.925294117647056
39.92252252252252,32.9435294117647,2,3918.6694809255782,29.196033979570565,39.92297297297297,32.94411764705882
39.92252252252252,32.95176470588235,2,4456.7008547008545,40.48931623931624,39.92297297297297,32.952352941176464
39.92252252252252,32.95882352941176,1,922.2264957264957,39.48290598290598,39.92297297297297,32.95941176470588
39.92252252252252,32.99176470588235,4,2161.6495726495727,20.232905982905983,39.92297297297297,32.99235294117647
39.92342342342342,32.73529411764706,3,1211.5761798587887,17.363123993558776,39.92387387387387,32.735882352941175
39.92342342342342,32.80705882352941,4,2343.5459141129872,15.321789660204296,39.92387387387387,32.80764705882353
39.92342342342342,32.815294117647056,2,0.0,0.0,39.92387387387387,32.81588235294117
39.92342342342342,32.817647058823525,2,0.0,0.0,39.92387387387387,32.81823529411764
39.92342342342342,32.82941176470588,2,463.5407546383156,19.65866687513029,39.92387387387387,32.83
39.92342342342342,32.85294117647059,4,16547.397435897437,49.22649572649573,39.92387387387387,32.853529411764704
39.92342342342342,32.85647058823529,3,9767.418803418803,64.55270655270655,39.92387387387387,32.85705882352941
39.92342342342342,32.86,4,1211.5761798587887,13.022342995169083,39.92387387387387,32.86058823529412
39.92342342342342,32.861176470588234,16,45521.418803418805,43.34348290598291,39.92387387387387,32.86176470588235
39.92342342342342,32.86235294117647,36,97164.97790236222,39.89787579190322,39.92387387387387,32.862941176470585
39.92342342342342,32.88470588235294,26,49513.500748703664,46.923403668968085,39.92387387387387,32.88529411764706
39.92342342342342,32.88705882352941,7,21504.180046453166,46.67392366764409,39.92387387387387,32.887647058823525
39.92342342342342,32.90235294117647,8,6869.338652708083,38.833741456426864,39.92387387387387,32.902941176470584
39.92342342342342,32.91529411764706,3,4243.542735042735,40.40883190883191,39.92387387387387,32.915882352941175
39.92342342342342,32.92823529411764,4,3688.905982905983,39.48290598290598,39.92387387387387,32.92882352941176
39.92342342342342,32.95176470588235,2,7068.948717948718,41.495726495726494,39.92387387387387,32.952352941176464
39.924324324324324,32.8,5,2389.130251462385,16.42490160768151,39.924774774774775,32.800588235294114
39.924324324324324,32.84470588235294,1,0.0,0.0,39.924774774774775,32.84529411764706
39.924324324324324,32.845882352941175,11,24828.46565906755,37.89335692327564,39.924774774774775,32.84647058823529
39.924324324324324,32.84705882352941,11,29286.96503911436,34.053727921908596,39.924774774774775,32.847647058823526
39.924324324324324,32.85058823529411,1,26.412121212121214,12.284848484848485,39.924774774774775,32.85117647058823
39.924324324324324,32.85411764705882,7,25590.06571956572,45.86999636999637,39.924774774774775,32.85470588235294
39.924324324324324,32.9,32,56076.11873080697,33.79522768118999,39.924774774774775,32.900588235294116
39.924324324324324,32.904705882352935,2,8302.452991452992,77.9957264957265,39.924774774774775,32.90529411764705
39.924324324324324,32.90588235294118,1,4151.226495726496,77.9957264957265,39.924774774774775,32.906470588235294
39.924324324324324,32.91176470588235,2,4151.226495726496,38.99786324786325,39.924774774774775,32.912352941176465
39.924324324324324,32.91294117647058,4,8302.452991452992,38.99786324786325,39.924774774774775,32.9135294117647
39.924324324324324,32.92235294117647,33,42816.34553197252,33.37988055111874,39.924774774774775,32.92294117647059
39.924324324324324,32.92823529411764,6,10757.854700854701,40.15384615384615,39.924774774774775,32.92882352941176
39.924324324324324,32.945882352941176,6,11756.008442776736,29.19603397957056,39.924774774774775,32.94647058823529
39.924324324324324,32.95647058823529,5,4611.1324786324785,39.48290598290598,39.924774774774775,32.95705882352941
39.924324324324324,33.06117647058823,2,1080.8247863247864,20.232905982905983,39.924774774774775,33.06176470588235
39.925225225225226,32.64470588235294,4,1884.4615384615383,25.470085470085472,39.92567567567568,32.645294117647055
39.925225225225226,32.78588235294117,2,172.06531002057008,61.0314061122539,39.92567567567568,32.78647058823529
39.925225225225226,32.827058823529406,6,1390.6222639149469,19.65866687513029,39.92567567567568,32.82764705882352
39.925225225225226,32.83176470588235,6,1277.2025224098395,30.701905704954484,39.92567567567568,32.83235294117647
39.925225225225226,32.84705882352941,35,52272.75302652938,37.798116371729705,39.92567567567568,32.847647058823526
39.925225225225226,32.86,1,108.54878048780488,28.554878048780488,39.92567567567568,32.86058823529412
39.925225225225226,32.864705882352936,17,29798.027876078184,36.80146194031178,39.92567567567568,32.86529411764705
39.925225225225226,32.86705882352941,3,1860.202626641651,26.854475019109163,39.92567567567568,32.86764705882353
39.925225225225226,32.895294117647055,37,63351.55764009005,39.57113841986635,39.92567567567568,32.89588235294117
39.925225225225226,32.910588235294114,4,12453.679487179488,58.496794871794876,39.92567567567568,32.91117647058823
39.925225225225226,32.91176470588235,2,4151.226495726496,38.99786324786325,39.92567567567568,32.912352941176465
39.925225225225226,32.91647058823529,5,15461.747863247863,51.91794871794872,39.92567567567568,32.91705882352941
39.925225225225226,32.917647058823526,5,15461.747863247863,51.91794871794872,39.92567567567568,32.91823529411764
39.925225225225226,32.91882352941176,10,30923.495726495727,51.91794871794872,39.92567567567568,32.91941176470588
39.925225225225226,32.919999999999995,4,0.0,0.0,39.92567567567568,32.92058823529411
39.925225225225226,32.92235294117647,6,15461.747863247863,43.26495726495727,39.92567567567568,32.92294117647059
39.925225225225226,32.92705882352941,2,7068.948717948718,41.495726495726494,39.92567567567568,32.927647058823524
39.925225225225226,32.95294117647059,4,7837.3389618511565,29.196033979570565,39.92567567567568,32.953529411764706
39.925225225225226,32.95411764705882,5,4611.1324786324785,39.48290598290598,39.92567567567568,32.95470588235294
39.925225225225226,32.957647058823525,4,3688.905982905983,39.48290598290598,39.92567567567568,32.95823529411764
39.925225225225226,32.995294117647056,6,3242.4743589743593,20.232905982905983,39.92567567567568,32.99588235294117
39.92612612612613,32.58117647058823,4,3147.3203167882066,42.24317807574688,39.92657657657658,32.58176470588235
39.92612612612613,32.64470588235294,10,10034.107879924954,40.04545549301647,39.92657657657658,32.645294117647055
39.92612612612613,32.65411764705882,14,7113.794871794872,24.743589743589745,39.92657657657658,32.654705882352935
39.92612612612613,32.77647058823529,1,63.34939759036145,23.174698795180724,39.92657657657658,32.77705882352941
39.92612612612613,32.78705882352941,9,889.4236551527619,35.32799782525025,39.92657657657658,32.787647058823524
39.92612612612613,32.839999999999996,3,650.4329268292684,29.524390243902435,39.92657657657658,32.84058823529411
39.92612612612613,32.85058823529411,3,4789.175213675214,67.78062678062679,39.92657657657658,32.85117647058823
39.92612612612613,32.857647058823524,3,0.0,0.0,39.92657657657658,32.85823529411764
39.92612612612613,32.88235294117647,12,30721.89663381302,50.24949689662915,39.92657657657658,32.88294117647059
39.92612612612613,32.885882352941174,6,15256.03554843181,47.98829528274734,39.92657657657658,32.88647058823529
39.92612612612613,32.9,1,104.7439024390244,22.567073170731707,39.92657657657658,32.900588235294116
39.92612612612613,32.90705882352941,2,209.4878048780488,22.567073170731707,39.92657657657658,32.90764705882353
39.92612612612613,32.91882352941176,14,29255.58364602877,42.19299636677685,39.92657657657658,32.91941176470588
39.92612612612613,32.92588235294117,2,7068.948717948718,41.495726495726494,39.92657657657658,32.92647058823529
39.92612612612613,32.93411764705882,2,7068.948717948718,41.495726495726494,39.92657657657658,32.93470588235294
39.92612612612613,32.9435294117647,8,15674.677923702313,29.196033979570565,39.92657657657658,32.94411764705882
39.92612612612613,32.99882352941176,20,10808.247863247863,20.232905982905983,39.92657657657658,32.999411764705876
39.92702702702703,32.6435294117647,7,8635.381612942394,41.32298117076034,39.92747747747748,32.64411764705882
39.92702702702703,32.702352941176464,54,84244.38395043589,47.10384253526742,39.92747747747748,32.70294117647058
39.92702702702703,32.84705882352941,21,27444.28736746183,43.147959374024175,39.92747747747748,32.847647058823526
39.92702702702703,32.85058823529411,5,8041.944444444444,26.965811965811962,39.92747747747748,32.85117647058823
39.92702702702703,32.857647058823524,2,205.84146341463415,37.146341463414636,39.92747747747748,32.85823529411764
39.92702702702703,32.8635294117647,51,123685.09900958124,38.87593634263711,39.92747747747748,32.86411764705882
39.92702702702703,32.86705882352941,3,1860.202626641651,26.854475019109163,39.92747747747748,32.86764705882353
39.92702702702703,32.89176470588235,19,31741.8855273621,39.77000448198796,39.92747747747748,32.89235294117647
39.92702702702703,32.892941176470586,36,59900.325990326564,37.06097754087348,39.92747747747748,32.8935294117647
39.92702702702703,32.904705882352935,3,314.2317073170732,22.567073170731707,39.92747747747748,32.90529411764705
39.92702702702703,32.91882352941176,40,34336.263400822245,30.840436430296513,39.92747747747748,32.91941176470588
39.92702702702703,32.92235294117647,2,7068.948717948718,41.495726495726494,39.92747747747748,32.92294117647059
39.92702702702703,32.92941176470588,1,3534.474358974359,41.495726495726494,39.92747747747748,32.93
39.92702702702703,32.95647058823529,2,1844.4529914529915,39.48290598290598,39.92747747747748,32.95705882352941
39.92702702702703,32.961176470588235,2,1844.4529914529915,39.48290598290598,39.92747747747748,32.96176470588235
39.927927927927925,32.572941176470586,16,24534.955884700885,51.022339416475596,39.928378378378376,32.5735294117647
39.927927927927925,32.58588235294118,6,4720.98047518231,42.24317807574689,39.928378378378376,32.586470588235294
39.927927927927925,32.64,6,13807.013862830936,75.4247620040303,39.928378378378376,32.64058823529412
39.927927927927925,32.64470588235294,14,18539.090785907858,37.42440960123887,39.928378378378376,32.645294117647055
39.927927927927925,32.81647058823529,32,18181.715129806165,37.53775153956158,39.928378378378376,32.81705882352941
39.927927927927925,32.82588235294117,2,463.5407546383156,19.65866687513029,39.928378378378376,32.82647058823529
39.927927927927925,32.830588235294115,6,1277.2025224098395,30.701905704954484,39.928378378378376,32.83117647058823
39.927927927927925,32.845882352941175,1,94.82478632478633,30.73931623931624,39.928378378378376,32.84647058823529
39.927927927927925,32.85411764705882,45,86108.1135345858,42.496717521595315,39.928378378378376,32.85470588235294
39.927927927927925,32.858823529411765,7,17398.662393162394,61.21978021978022,39.928378378378376,32.85941176470588
39.927927927927925,32.86235294117647,4,1211.5761798587887,13.022342995169083,39.928378378378376,32.862941176470585
39.927927927927925,32.86588235294117,5,1681.6837606837607,11.688034188034187,39.928378378378376,32.86647058823529
39.927927927927925,32.86705882352941,1,0.0,0.0,39.928378378378376,32.86764705882353
39.927927927927925,32.86941176470588,57,135928.13139653506,37.7094723896362,39.928378378378376,32.87
39.927927927927925,32.88235294117647,6,15465.861085381208,52.510698510510956,39.928378378378376,32.88294117647059
39.927927927927925,32.889411764705876,36,59900.325990326564,37.06097754087348,39.928378378378376,32.88999999999999
39.927927927927925,32.89176470588235,17,28158.440462964463,34.03324154786318,39.928378378378376,32.89235294117647
39.927927927927925,32.90588235294118,2,209.4878048780488,22.567073170731707,39.928378378378376,32.906470588235294
39.927927927927925,32.910588235294114,9,27915.42735042735,54.84188034188034,39.928378378378376,32.91117647058823
39.927927927927925,32.91411764705882,11,30923.495726495727,47.1981351981352,39.928378378378376,32.91470588235294
39.927927927927925,32.921176470588236,1,3534.474358974359,41.495726495726494,39.928378378378376,32.92176470588235
39.927927927927925,33.001176470588234,8,4323.2991452991455,20.232905982905983,39.928378378378376,33.00176470588235
39.927927927927925,33.023529411764706,23,5867.195094760313,13.332186192299615,39.928378378378376,33.02411764705882
39.92882882882883,32.57764705882353,4,3147.3203167882066,42.24317807574688,39.92927927927928,32.57823529411765
39.92882882882883,32.612941176470585,10,16520.727590160517,57.87742860120909,39.92927927927928,32.6135294117647
39.92882882882883,32.61882352941176,3,6167.136804252658,54.10800152873323,39.92927927927928,32.61941176470588
39.92882882882883,32.63411764705882,4,1083.4444444444443,11.301282051282051,39.92927927927928,32.63470588235294
39.92882882882883,32.650588235294116,6,6824.837606837607,30.605413105413106,39.92927927927928,32.65117647058823
39.92882882882883,32.77411764705882,1,99.69277108433735,35.963855421686745,39.92927927927928,32.77470588235294
39.92882882882883,32.79411764705882,10,2170.426322550992,29.46425646300022,39.92927927927928,32.794705882352936
39.92882882882883,32.811764705882354,5,2389.130251462385,16.42490160768151,39.92927927927928,32.81235294117647
39.92882882882883,32.81294117647059,2,270.91441375257125,26.495885982956217,39.92927927927928,32.813529411764705
39.92882882882883,32.82588235294117,2,463.5407546383156,19.65866687513029,39.92927927927928,32.82647058823529
39.92882882882883,32.83882352941176,3,650.4329268292684,29.524390243902435,39.92927927927928,32.83941176470588
39.92882882882883,32.84470588235294,39,73517.77362119929,40.06912872621729,39.92927927927928,32.84529411764706
39.92882882882883,32.84941176470588,69,103397.87185707386,48.10583845798919,39.92927927927928,32.849999999999994
39.92882882882883,32.85411764705882,118,199913.0391481493,34.69414064921195,39.92927927927928,32.85470588235294
39.92882882882883,32.88823529411764,19,31741.8855273621,39.77000448198796,39.92927927927928,32.88882352941176
39.92972972972973,32.61176470588235,6,11143.677923702315,59.39672364672364,39.93018018018018,32.61235294117647
39.92972972972973,32.637647058823525,2,801.017094017094,28.337606837606838,39.93018018018018,32.63823529411764
39.92972972972973,32.64823529411765,9,13554.811965811967,30.798670465337132,39.93018018018018,32.648823529411764
39.92972972972973,32.65411764705882,26,17624.316445268254,28.59252394192153,39.93018018018018,32.654705882352935
39.92972972972973,32.66705882352941,1,910.0982905982906,49.542735042735046,39.93018018018018,32.667647058823526
39.92972972972973,32.77058823529411,1,27.902439024390244,39.890243902439025,39.93018018018018,32.77117647058823
39.92972972972973,32.817647058823525,2,23.91304347826087,8.478260869565217,39.93018018018018,32.81823529411764
39.92972972972973,32.864705882352936,3,1211.5761798587887,17.363123993558776,39.93018018018018,32.86529411764705
39.92972972972973,32.87294117647058,48,126025.98432544895,40.29265502755992,39.93018018018018,32.8735294117647
39.92972972972973,32.898823529411764,2,209.4878048780488,22.567073170731707,39.93018018018018,32.89941176470588
39.92972972972973,32.91411764705882,30,58511.16729205754,39.38012994232506,39.93018018018018,32.91470588235294
39.92972972972973,32.91647058823529,1,6019.0641025641025,45.598290598290596,39.93018018018018,32.91705882352941
39.92972972972973,33.007058823529405,2,1080.8247863247864,20.232905982905983,39.93018018018018,33.00764705882352
39.93063063063063,32.63411764705882,10,10389.444444444445,22.536752136752135,39.93108108108108,32.63470588235294
39.93063063063063,32.641176470588235,4,8149.6463414634145,74.6435532624557,39.93108108108108,32.64176470588235
39.93063063063063,32.64941176470588,6,8661.521367521367,26.202279202279204,39.93108108108108,32.65
39.93063063063063,32.652941176470584,22,16363.094428998043,31.853114088053847,39.93108108108108,32.6535294117647
39.93063063063063,32.79882352941176,7,1501.9403272878883,30.47822712273197,39.93108108108108,32.79941176470588
39.93063063063063,32.81647058823529,4,2343.5459141129872,15.321789660204296,39.93108108108108,32.81705882352941
39.93063063063063,32.82588235294117,2,463.5407546383156,19.65866687513029,39.93108108108108,32.82647058823529
39.93063063063063,32.839999999999996,2,1138.0670731707316,59.23170731707317,39.93108108108108,32.84058823529411
39.93063063063063,32.843529411764706,27,27444.28736746183,33.559523957574356,39.93108108108108,32.84411764705882
39.93063063063063,32.84470588235294,1,0.0,0.0,39.93108108108108,32.84529411764706
39.93063063063063,32.85411764705882,58,138778.65452045616,41.39984734041491,39.93108108108108,32.85470588235294
39.93063063063063,32.86,11,29933.58029816521,49.3225639385086,39.93108108108108,32.86058823529412
39.93063063063063,32.87882352941176,26,40967.55391392143,35.16867071354363,39.93108108108108,32.87941176470588
39.93063063063063,32.88470588235294,22,43305.92723090847,38.08818181642625,39.93108108108108,32.88529411764706
39.93063063063063,32.910588235294114,7,19612.97435897436,48.22649572649573,39.93108108108108,32.91117647058823
39.93063063063063,33.022352941176464,5,1211.5761798587887,10.417874396135266,39.93108108108108,33.02294117647058
39.93153153153153,32.62117647058823,4,8149.6463414634145,74.6435532624557,39.931981981981984,32.62176470588235
39.93153153153153,32.625882352941176,5,1211.5761798587887,10.417874396135266,39.931981981981984,32.62647058823529
39.93153153153153,32.63882352941176,12,12192.880341880342,26.242165242165242,39.931981981981984,32.639411764705876
39.93153153153153,32.82588235294117,2,463.5407546383156,19.65866687513029,39.931981981981984,32.82647058823529
39.93153153153153,32.82941176470588,6,1277.2025224098395,30.701905704954484,39.931981981981984,32.83
39.93153153153153,32.84823529411764,8,885.5669174509169,36.30710074506908,39.931981981981984,32.84882352941176
39.93153153153153,32.85058823529411,1,8.61965811965812,3.2051282051282053,39.931981981981984,32.85117647058823
39.93153153153153,32.85176470588235,4,3095.4188034188037,37.86538461538461,39.931981981981984,32.85235294117647
39.93153153153153,32.861176470588234,57,107700.24861872545,40.36307149323837,39.931981981981984,32.86176470588235
39.93153153153153,32.864705882352936,4,1211.5761798587887,13.022342995169083,39.931981981981984,32.86529411764705
39.93153153153153,32.87176470588235,6,0.0,0.0,39.931981981981984,32.872352941176466
39.93153153153153,32.910588235294114,47,105691.72983114446,39.61218447700025,39.931981981981984,32.91117647058823
39.93153153153153,32.91176470588235,6,15461.747863247863,43.26495726495727,39.931981981981984,32.912352941176465
39.93153153153153,32.91529411764706,1,6019.0641025641025,45.598290598290596,39.931981981981984,32.915882352941175
39.93153153153153,32.91882352941176,14,2555.71487739674,23.730214138637955,39.931981981981984,32.91941176470588
39.93153153153153,33.012941176470584,46,13313.333635612351,17.05313852915636,39.931981981981984,33.0135294117647
39.932432432432435,32.57647058823529,4,3147.3203167882066,42.24317807574688,39.932882882882886,32.577058823529406
39.932432432432435,32.61882352941176,23,38017.99629977069,58.76543083992713,39.932882882882886,32.61941176470588
39.932432432432435,32.63529411764706,1,901.7179487179487,44.76923076923077,39.932882882882886,32.635882352941174
39.932432432432435,32.63647058823529,6,9953.082238899313,64.68544576471406,39.932882882882886,32.63705882352941
39.932432432432435,32.650588235294116,2,988.646483369375,38.81654824425909,39.932882882882886,32.65117647058823
39.932432432432435,32.65176470588235,9,7261.121048295747,29.384169155253492,39.932882882882886,32.65235294117647
39.932432432432435,32.74588235294117,2,0.0,0.0,39.932882882882886,32.74647058823529
39.932432432432435,32.821176470588235,65,38785.86244855435,38.336694254856845,39.932882882882886,32.82176470588235
39.932432432432435,32.8235294117647,2,914.9786324786324,31.237179487179485,39.932882882882886,32.82411764705882
39.932432432432435,32.827058823529406,1,337.4188034188034,15.213675213675213,39.932882882882886,32.82764705882352
39.932432432432435,32.82823529411765,3,1041.1005836981446,28.85933917031478,39.932882882882886,32.828823529411764
39.932432432432435,32.836470588235294,3,650.4329268292684,29.524390243902435,39.932882882882886,32.83705882352941
39.932432432432435,32.84117647058823,26,27444.28736746183,34.85027487901952,39.932882882882886,32.84176470588235
39.932432432432435,32.85058823529411,11,42490.470085470086,54.602564102564095,39.932882882882886,32.85117647058823
39.932432432432435,32.857647058823524,18,12785.627461910071,23.546987902060366,39.932882882882886,32.85823529411764
39.932432432432435,32.868235294117646,36,69064.41767205385,37.45264546692026,39.932882882882886,32.86882352941176
39.932432432432435,32.87294117647058,27,67062.25187617261,43.63674634609594,39.932882882882886,32.8735294117647
39.932432432432435,32.87647058823529,1,0.0,0.0,39.932882882882886,32.87705882352941
39.932432432432435,32.87764705882353,104,209025.88625418613,37.7649484768189,39.932882882882886,32.878235294117644
39.932432432432435,32.883529411764705,26,54557.84754096057,35.95405713543518,39.932882882882886,32.88411764705882
39.932432432432435,32.89647058823529,2,209.4878048780488,22.567073170731707,39.932882882882886,32.897058823529406
39.932432432432435,32.9035294117647,44,109475.38148843027,42.36660697026551,39.932882882882886,32.90411764705882
39.932432432432435,32.90941176470588,2,275.1752136752137,22.867521367521366,39.932882882882886,32.91
39.932432432432435,32.917647058823526,2,12038.128205128205,45.598290598290596,39.932882882882886,32.91823529411764
39.932432432432435,33.01176470588235,18,4786.370308435526,14.787470580948842,39.932882882882886,33.01235294117647
39.93333333333334,32.61529411764705,14,21897.77725661872,57.22630215313142,39.93378378378379,32.61588235294117
39.93333333333334,32.63058823529411,4,8504.982905982906,30.871794871794872,39.93378378378379,32.63117647058823
39.93333333333334,32.63176470588235,10,10389.444444444445,22.536752136752135,39.93378378378379,32.632352941176464
39.93333333333334,32.63411764705882,3,4976.541119449656,64.68544576471406,39.93378378378379,32.63470588235294
39.93333333333334,32.64941176470588,27,21783.36314488724,29.384169155253492,39.93378378378379,32.65
39.93333333333334,32.69411764705882,54,84244.38395043589,47.10384253526742,39.93378378378379,32.694705882352935
39.93333333333334,32.712941176470586,32,51418.94215821786,52.7351933102356,39.93378378378379,32.7135294117647
39.93333333333334,32.827058823529406,34,41758.10813962492,55.232194919996275,39.93378378378379,32.82764705882352
39.93333333333334,32.832941176470584,16,19441.405390715696,45.91137903500832,39.93378378378379,32.8335294117647
39.93333333333334,32.83882352941176,19,49656.9313181351,43.876518542740214,39.93378378378379,32.83941176470588
39.93333333333334,32.839999999999996,5,21245.020594669913,47.952389462386954,39.93378378378379,32.84058823529411
39.93333333333334,32.842352941176465,4,4786.907754846779,43.85239472587034,39.93378378378379,32.84294117647058
39.93333333333334,32.845882352941175,3,1211.5761798587887,17.363123993558776,39.93378378378379,32.84647058823529
39.93333333333334,32.85058823529411,2,318.53871583896563,41.39836173964149,39.93378378378379,32.85117647058823
39.93333333333334,32.855294117647055,17,38774.2905982906,44.74660633484163,39.93378378378379,32.85588235294117
39.93333333333334,32.857647058823524,39,27723.9845671309,26.097344509764017,39.93378378378379,32.85823529411764
39.93333333333334,32.8635294117647,24,65054.69658119658,44.926103988603984,39.93378378378379,32.86411764705882
39.93333333333334,32.883529411764705,76,180320.6415468001,41.38438840613102,39.93378378378379,32.88411764705882
39.93333333333334,32.9,24,54737.690744215135,38.83605638941005,39.93378378378379,32.900588235294116
39.93333333333334,32.91529411764706,1,6019.0641025641025,45.598290598290596,39.93378378378379,32.915882352941175
39.93423423423423,32.58588235294118,2,213.76068376068375,13.935897435897436,39.93468468468468,32.586470588235294
39.93423423423423,32.58705882352941,14,27339.25194071983,46.00476638550033,39.93468468468468,32.58764705882353
39.93423423423423,32.588235294117645,1,106.88034188034187,13.935897435897436,39.93468468468468,32.58882352941176
39.93423423423423,32.601176470588236,1,1466.7798165137615,70.55045871559633,39.93468468468468,32.60176470588235
39.93423423423423,32.62117647058823,10,16520.727590160517,57.87742860120909,39.93468468468468,32.62176470588235
39.93423423423423,32.63411764705882,1,901.7179487179487,44.76923076923077,39.93468468468468,32.63470588235294
39.93423423423423,32.641176470588235,12,11363.270684991372,44.90961437997142,39.93468468468468,32.64176470588235
39.93423423423423,32.64470588235294,6,1410.1884460920605,25.133782995228774,39.93468468468468,32.645294117647055
39.93423423423423,32.777647058823526,3,182.609756097561,21.709349593495933,39.93468468468468,32.77823529411764
39.93423423423423,32.796470588235294,1,177.39634146341464,21.817073170731707,39.93468468468468,32.79705882352941
39.93423423423423,32.817647058823525,38,94669.27590466617,36.60575104617966,39.93468468468468,32.81823529411764
39.93423423423423,32.830588235294115,25,23823.761376879225,54.008358009562855,39.93468468468468,32.83117647058823
39.93423423423423,32.832941176470584,3,1211.5761798587887,17.363123993558776,39.93468468468468,32.8335294117647
39.93423423423423,32.84117647058823,65,98610.96410222708,48.367588841504194,39.93468468468468,32.84176470588235
39.93423423423423,32.84823529411764,51,53300.8755343257,30.17693907235014,39.93468468468468,32.84882352941176
39.93423423423423,32.84941176470588,4,4534.547008547009,45.88034188034188,39.93468468468468,32.849999999999994
39.93423423423423,32.85176470588235,1,4271.619658119658,51.35897435897436,39.93468468468468,32.85235294117647
39.93423423423423,32.85294117647059,1,0.0,0.0,39.93468468468468,32.853529411764704
39.93423423423423,32.85411764705882,35,63487.90533466045,32.6879881736294,39.93468468468468,32.85470588235294
39.93423423423423,32.858823529411765,26,66806.35042735042,43.470578566732414,39.93468468468468,32.85941176470588
39.93423423423423,32.87411764705882,24,40967.55391392143,38.099393273005596,39.93468468468468,32.874705882352934
39.93423423423423,32.89058823529412,2,209.4878048780488,22.567073170731707,39.93468468468468,32.891176470588235
39.935135135135134,32.572941176470586,2,3372.008547008547,66.97863247863248,39.935585585585585,32.5735294117647
39.935135135135134,32.57647058823529,4,3147.3203167882066,42.24317807574688,39.935585585585585,32.577058823529406
39.935135135135134,32.58235294117647,14,19364.598949077892,45.20923263575524,39.935585585585585,32.582941176470584
39.935135135135134,32.62117647058823,4,4965.128205128205,26.215811965811966,39.935585585585585,32.62176470588235
39.935135135135134,32.63294117647059,9,14929.623358348968,64.68544576471406,39.935585585585585,32.633529411764705
39.935135135135134,32.647058823529406,6,6556.026825249717,31.50936223526585,39.935585585585585,32.64764705882352
39.935135135135134,32.70470588235294,2,0.0,0.0,39.935585585585585,32.70529411764706
39.935135135135134,32.81647058823529,1,0.0,0.0,39.935585585585585,32.81705882352941
39.935135135135134,32.82470588235294,34,41758.10813962492,55.232194919996275,39.935585585585585,32.825294117647054
39.935135135135134,32.832941176470584,1,0.0,0.0,39.935585585585585,32.8335294117647
39.935135135135134,32.83411764705882,20,23228.73797926153,57.41529719998533,39.935585585585585,32.834705882352935
39.935135135135134,32.84823529411764,80,119424.00724068432,39.970014418374724,39.935585585585585,32.84882352941176
39.935135135135134,32.85058823529411,4,13245.23076923077,45.54891077756931,39.935585585585585,32.85117647058823
39.935135135135134,32.85294117647059,154,279946.4576729433,39.051142664017966,39.935585585585585,32.853529411764704
39.935135135135134,32.85411764705882,1,3725.196581196581,49.38034188034188,39.935585585585585,32.85470588235294
39.935135135135134,32.855294117647055,11,22874.303418803418,33.87995337995338,39.935585585585585,32.85588235294117
39.935135135135134,32.857647058823524,26,66806.35042735042,43.470578566732414,39.935585585585585,32.85823529411764
39.935135135135134,32.858823529411765,4,1211.5761798587887,13.022342995169083,39.935585585585585,32.85941176470588
39.935135135135134,32.87294117647058,9,2002.1657958812405,18.90034282939323,39.935585585585585,32.8735294117647
39.935135135135134,32.88705882352941,25,61250.25057327496,42.22722951844903,39.935585585585585,32.887647058823525
39.935135135135134,32.895294117647055,2,209.4878048780488,22.567073170731707,39.935585585585585,32.89588235294117
39.935135135135134,32.89647058823529,23,57505.90869293308,42.00655754049179,39.935585585585585,32.897058823529406
39.935135135135134,32.921176470588236,13,2524.96487739674,23.89942385661948,39.935585585585585,32.92176470588235
39.936036036036036,32.61529411764705,4,5377.049666458203,55.59848603293725,39.93648648648649,32.61588235294117
39.936036036036036,32.63176470588235,12,11837.54377736085,40.83275137238552,39.93648648648649,32.632352941176464
39.936036036036036,32.64235294117647,5,4779.917393777738,44.93769110211955,39.93648648648649,32.642941176470586
39.936036036036036,32.64823529411765,6,6556.026825249717,31.50936223526585,39.93648648648649,32.648823529411764
39.936036036036036,32.656470588235294,17,13603.034805890227,32.72215861939463,39.93648648648649,32.65705882352941
39.936036036036036,32.65882352941176,3,2440.854700854701,28.044159544159545,39.93648648648649,32.65941176470588
39.936036036036036,32.66,4,2519.1239316239316,25.248931623931625,39.93648648648649,32.660588235294114
39.936036036036036,32.78941176470588,22,2268.29312371437,42.14354980899207,39.93648648648649,32.79
39.936036036036036,32.80470588235294,3,532.189024390244,21.817073170731707,39.93648648648649,32.80529411764706
39.936036036036036,32.855294117647055,2,0.0,0.0,39.93648648648649,32.85588235294117
39.936036036036036,32.85647058823529,3,1171.8760683760684,18.316239316239315,39.93648648648649,32.85705882352941
39.936036036036036,32.861176470588234,2,264.4268292682927,47.1280487804878,39.93648648648649,32.86176470588235
39.936036036036036,32.87647058823529,25,40116.147899055344,36.31321044577647,39.93648648648649,32.87705882352941
39.936036036036036,32.89176470588235,69,172517.72607879926,42.0065575404918,39.93648648648649,32.89235294117647
39.936036036036036,32.908235294117645,6,12400.52564102564,41.651709401709404,39.93648648648649,32.90882352941176
39.936036036036036,32.91411764705882,1,6019.0641025641025,45.598290598290596,39.93648648648649,32.91470588235294
39.93693693693694,32.58705882352941,12,22473.61946208735,46.968523746046685,39.93738738738739,32.58764705882353
39.93693693693694,32.58941176470588,12,22473.61946208735,46.968523746046685,39.93738738738739,32.589999999999996
39.93693693693694,32.59176470588235,14,27339.25194071983,46.00476638550033,39.93738738738739,32.592352941176465
39.93693693693694,32.597647058823526,22,46801.78185524975,43.9020230533992,39.93738738738739,32.59823529411764
39.93693693693694,32.63882352941176,8,10052.730723747796,52.95650856595979,39.93738738738739,32.639411764705876
39.93693693693694,32.64823529411765,12,13112.053650499434,31.50936223526585,39.93738738738739,32.648823529411764
39.93693693693694,32.78705882352941,13,1320.3992649088595,45.685330576955614,39.93738738738739,32.787647058823524
39.93693693693694,32.83764705882353,4,890.439024390244,36.891768292682926,39.93738738738739,32.838235294117645
39.93693693693694,32.842352941176465,19,5009.284344381906,13.62588886205432,39.93738738738739,32.84294117647058
39.93693693693694,32.84941176470588,1,0.0,0.0,39.93738738738739,32.849999999999994
39.93693693693694,32.85058823529411,1,126.1219512195122,24.103658536585368,39.93738738738739,32.85117647058823
39.93693693693694,32.85176470588235,10,4469.221563543149,32.698657939984294,39.93738738738739,32.85235294117647
39.93693693693694,32.85294117647059,32,88862.50427350428,40.10069444444444,39.93738738738739,32.853529411764704
39.93693693693694,32.85411764705882,28,70558.7094017094,39.87118437118437,39.93738738738739,32.85470588235294
39.93693693693694,32.855294117647055,11,12841.50121188927,41.04162752670215,39.93738738738739,32.85588235294117
39.93693693693694,32.86,4,3363.3675213675215,29.22008547008547,39.93738738738739,32.86058823529412
39.93693693693694,32.88117647058823,2,0.0,0.0,39.93738738738739,32.88176470588235
39.93693693693694,32.89764705882352,3,8304.653846153846,34.085470085470085,39.93738738738739,32.89823529411764
39.93693693693694,32.9035294117647,4,6165.991452991453,28.634004884004884,39.93738738738739,32.90411764705882
39.93693693693694,32.908235294117645,4,8267.017094017094,41.6517094017094,39.93738738738739,32.90882352941176
39.93693693693694,32.91294117647058,1,6019.0641025641025,45.598290598290596,39.93738738738739,32.9135294117647
39.93693693693694,32.917647058823526,2,12038.128205128205,45.598290598290596,39.93738738738739,32.91823529411764
39.93693693693694,32.921176470588236,4,24076.25641025641,45.598290598290596,39.93738738738739,32.92176470588235
39.93783783783784,32.584705882352935,4,7321.809236947792,47.433773555761505,39.93828828828829,32.58529411764705
39.93783783783784,32.59411764705882,14,27339.25194071983,46.00476638550033,39.93828828828829,32.59470588235294
39.93783783783784,32.616470588235295,1,218.0811965811966,20.871794871794872,39.93828828828829,32.61705882352941
39.93783783783784,32.61764705882353,8,11762.267667292057,50.69871794871795,39.93828828828829,32.618235294117646
39.93783783783784,32.63882352941176,12,11363.270684991372,44.90961437997142,39.93828828828829,32.639411764705876
39.93783783783784,32.66117647058823,1,910.0982905982906,49.542735042735046,39.93828828828829,32.66176470588235
39.93783783783784,32.662352941176465,4,2519.1239316239316,25.248931623931625,39.93828828828829,32.66294117647058
39.93783783783784,32.712941176470586,32,51418.94215821786,52.7351933102356,39.93828828828829,32.7135294117647
39.93783783783784,32.78941176470588,1,126.53658536585365,82.6219512195122,39.93828828828829,32.79
39.93783783783784,32.796470588235294,2,725.5811965811965,26.974358974358974,39.93828828828829,32.79705882352941
39.93783783783784,32.8235294117647,60,42494.77481471693,38.56881041059205,39.93828828828829,32.82411764705882
39.93783783783784,32.83764705882353,19,19071.31883255348,47.446270483996486,39.93828828828829,32.838235294117645
39.93783783783784,32.843529411764706,49,99056.65850313785,38.15676043783329,39.93828828828829,32.84411764705882
39.93783783783784,32.84705882352941,2,0.0,0.0,39.93828828828829,32.847647058823526
39.93783783783784,32.84823529411764,2,0.0,0.0,39.93828828828829,32.84882352941176
39.93783783783784,32.85176470588235,2,1211.5761798587887,26.044685990338166,39.93828828828829,32.85235294117647
39.93783783783784,32.85294117647059,2,6247.25641025641,63.85470085470085,39.93828828828829,32.853529411764704
39.93783783783784,32.85411764705882,8,12928.735042735043,30.99145299145299,39.93828828828829,32.85470588235294
39.93783783783784,32.858823529411765,2,0.0,0.0,39.93828828828829,32.85941176470588
39.93783783783784,32.87647058823529,18,38423.65207163592,51.862868622890474,39.93828828828829,32.87705882352941
39.93783783783784,32.91411764705882,2,12038.128205128205,45.598290598290596,39.93828828828829,32.91470588235294
39.93783783783784,32.921176470588236,14,2555.71487739674,23.730214138637955,39.93828828828829,32.92176470588235
39.93873873873874,32.59411764705882,14,27339.25194071983,46.00476638550033,39.93918918918919,32.59470588235294
39.93873873873874,32.61529411764705,11,16738.808786741713,54.51328008035325,39.93918918918919,32.61588235294117
39.93873873873874,32.6235294117647,20,27688.76212605268,43.62883296789409,39.93918918918919,32.62411764705882
39.93873873873874,32.63529411764706,18,22440.60853015793,37.20948211389978,39.93918918918919,32.635882352941174
39.93873873873874,32.64470588235294,1,78.54819277108433,28.09036144578313,39.93918918918919,32.645294117647055
39.93873873873874,32.83882352941176,138,97162.01189825642,37.60935594478638,39.93918918918919,32.83941176470588
39.93873873873874,32.843529411764706,15,26974.254846779237,49.0253611035919,39.93918918918919,32.84411764705882
39.93873873873874,32.84823529411764,75,102632.67912744108,28.708565710750705,39.93918918918919,32.84882352941176
39.93873873873874,32.85058823529411,5,10554.128205128205,30.18461538461538,39.93918918918919,32.85117647058823
39.93873873873874,32.85176470588235,5,1054.871794871795,14.904273504273505,39.93918918918919,32.85235294117647
39.93873873873874,32.85411764705882,4,15511.119658119658,28.40811965811966,39.93918918918919,32.85470588235294
39.93873873873874,32.85647058823529,3,1271.3803418803418,24.21082621082621,39.93918918918919,32.85705882352941
39.93873873873874,32.857647058823524,6,19947.53846153846,27.87749287749288,39.93918918918919,32.85823529411764
39.93873873873874,32.87764705882353,16,4824.481742657845,25.71078362711785,39.93918918918919,32.878235294117644
39.93873873873874,32.892941176470586,2,0.0,0.0,39.93918918918919,32.8935294117647
39.93873873873874,32.908235294117645,4,8267.017094017094,41.6517094017094,39.93918918918919,32.90882352941176
39.93873873873874,32.90941176470588,2,4133.508547008547,41.6517094017094,39.93918918918919,32.91
39.93873873873874,32.91529411764706,1,6019.0641025641025,45.598290598290596,39.93918918918919,32.915882352941175
39.93873873873874,32.917647058823526,16,20582.157185089047,27.96796137068282,39.93918918918919,32.91823529411764
39.93873873873874,33.02470588235294,18,4786.370308435526,14.787470580948842,39.93918918918919,33.02529411764706
39.93963963963964,32.575294117647054,14,19364.598949077892,45.20923263575524,39.94009009009009,32.57588235294117
39.93963963963964,32.5835294117647,6,8895.469395341894,45.703575062423305,39.94009009009009,32.58411764705882
39.93963963963964,32.64588235294117,6,6556.026825249717,31.50936223526585,39.94009009009009,32.64647058823529
39.93963963963964,32.65764705882353,5,8875.042735042736,29.931623931623932,39.94009009009009,32.658235294117645
39.93963963963964,32.65882352941176,24,19985.60297600659,33.66076056362201,39.94009009009009,32.65941176470588
39.93963963963964,32.70823529411764,4,758.2481751824818,26.642335766423358,39.94009009009009,32.70882352941176
39.93963963963964,32.743529411764705,1,362.79059829059827,26.974358974358974,39.94009009009009,32.74411764705882
39.93963963963964,32.79529411764705,14,1411.8751685233174,44.752987687207494,39.94009009009009,32.79588235294117
39.93963963963964,32.8035294117647,9,5458.804096310194,61.58886920065782,39.94009009009009,32.80411764705882
39.93963963963964,32.80470588235294,10,5944.3382843443815,57.03297373358349,39.94009009009009,32.80529411764706
39.93963963963964,32.81882352941176,26,35748.29908987968,54.46702264229073,39.94009009009009,32.819411764705876
39.93963963963964,32.85176470588235,41,41989.309221075964,30.041959957657348,39.94009009009009,32.85235294117647
39.93963963963964,32.85411764705882,7,19762.64957264957,44.70757020757021,39.94009009009009,32.85470588235294
39.93963963963964,32.87411764705882,17,38290.374963202186,52.11454693309594,39.94009009009009,32.874705882352934
39.93963963963964,32.89411764705882,1,2768.2179487179487,34.085470085470085,39.94009009009009,32.89470588235294
39.93963963963964,32.9,8,12331.982905982906,28.634004884004884,39.94009009009009,32.900588235294116
39.93963963963964,32.91294117647058,1,6019.0641025641025,45.598290598290596,39.94009009009009,32.9135294117647
39.93963963963964,33.02117647058823,2,1080.8247863247864,20.232905982905983,39.94009009009009,33.02176470588235
39.94054054054054,32.56588235294117,2,668.2494078879621,43.344042838018744,39.94099099099099,32.56647058823529
39.94054054054054,32.58588235294118,6,8895.469395341894,45.703575062423305,39.94099099099099,32.586470588235294
39.94054054054054,32.58941176470588,15,27430.727844334288,45.11328396783244,39.94099099099099,32.589999999999996
39.94054054054054,32.599999999999994,24,54029.543094202956,49.775497916200976,39.94099099099099,32.60058823529411
39.94054054054054,32.601176470588236,1,1466.7798165137615,70.55045871559633,39.94099099099099,32.60176470588235
39.94054054054054,32.60235294117647,1,1466.7798165137615,70.55045871559633,39.94099099099099,32.60294117647059
39.94054054054054,32.61529411764705,2,2933.559633027523,70.55045871559633,39.94099099099099,32.61588235294117
39.94054054054054,32.62,35,50792.8458122672,40.821894205967084,39.94099099099099,32.620588235294115
39.94054054054054,32.63058823529411,21,32617.810871377944,48.448494594836056,39.94099099099099,32.63117647058823
39.94054054054054,32.637647058823525,30,39309.57493814019,41.193320174019554,39.94099099099099,32.63823529411764
39.94054054054054,32.63882352941176,14,22537.58377098136,43.11422613531047,39.94099099099099,32.639411764705876
39.94054054054054,32.663529411764706,4,2519.1239316239316,25.248931623931625,39.94099099099099,32.66411764705882
39.94054054054054,32.712941176470586,32,51418.94215821786,52.7351933102356,39.94099099099099,32.7135294117647
39.94054054054054,32.77529411764706,3,87.09146341463415,41.4390243902439,39.94099099099099,32.775882352941174
39.94054054054054,32.77647058823529,2,193.5487804878049,17.134146341463413,39.94099099099099,32.77705882352941
39.94054054054054,32.790588235294116,4,403.7359682632971,42.83035189538643,39.94099099099099,32.79117647058823
39.94054054054054,32.8,1,177.39634146341464,21.817073170731707,39.94099099099099,32.800588235294114
39.94054054054054,32.80470588235294,3,547.829268292683,65.1280487804878,39.94099099099099,32.80529411764706
39.94054054054054,32.80941176470588,9,5458.804096310194,61.58886920065782,39.94099099099099,32.809999999999995
39.94054054054054,32.82470588235294,25,35704.56738256261,54.14302062115309,39.94099099099099,32.825294117647054
39.94054054054054,32.82941176470588,23,28744.6050298756,49.855407053889216,39.94099099099099,32.83
39.94054054054054,32.84823529411764,65,85886.39462797514,43.18155864651206,39.94099099099099,32.84882352941176
39.94054054054054,32.85058823529411,1,70.21341463414635,98.51829268292683,39.94099099099099,32.85117647058823
39.94054054054054,32.85176470588235,19,15224.656295601417,38.440977365239235,39.94099099099099,32.85235294117647
39.94054054054054,32.85411764705882,106,218465.38020615597,36.60270705105881,39.94099099099099,32.85470588235294
39.94054054054054,32.858823529411765,10,35940.54216176777,55.89188555347092,39.94099099099099,32.85941176470588
39.94054054054054,32.861176470588234,2,0.0,0.0,39.94099099099099,32.86176470588235
39.94054054054054,32.87882352941176,53,81506.4287971243,37.00886115428634,39.94099099099099,32.87941176470588
39.94054054054054,32.90235294117647,10,15414.978632478633,28.634004884004884,39.94099099099099,32.902941176470584
39.94054054054054,32.904705882352935,2,3082.9957264957266,28.634004884004884,39.94099099099099,32.90529411764705
39.94054054054054,32.921176470588236,2,12038.128205128205,45.598290598290596,39.94099099099099,32.92176470588235
39.94054054054054,32.92470588235294,25,4748.639156502882,25.498865476300146,39.94099099099099,32.925294117647056
39.94054054054054,33.01529411764706,16,8646.598290598291,20.232905982905983,39.94099099099099,33.015882352941176
39.94144144144144,32.54235294117647,5,1410.4967470340605,31.344865416507208,39.94189189189189,32.542941176470585
39.94144144144144,32.603529411764704,5,11290.786272670419,53.477902855951626,39.94189189189189,32.60411764705882
39.94144144144144,32.60705882352941,3,5266.141025641025,36.26068376068376,39.94189189189189,32.607647058823524
39.94144144144144,32.61764705882353,20,28629.724582370643,40.45379612485989,39.94189189189189,32.618235294117646
39.94144144144144,32.64,4,8149.6463414634145,74.6435532624557,39.94189189189189,32.64058823529412
39.94144144144144,32.64235294117647,32,60910.34191236491,49.42827267873872,39.94189189189189,32.642941176470586
39.94144144144144,32.6435294117647,22,27756.849501685178,41.80436372451907,39.94189189189189,32.64411764705882
39.94144144144144,32.64941176470588,3,1890.3644320873236,40.80077575258298,39.94189189189189,32.65
39.94144144144144,32.65529411764705,10,12954.957264957266,32.19316239316239,39.94189189189189,32.65588235294117
39.94144144144144,32.663529411764706,4,2519.1239316239316,25.248931623931625,39.94189189189189,32.66411764705882
39.94144144144144,32.69176470588235,2,725.5811965811965,26.974358974358974,39.94189189189189,32.692352941176466
39.94144144144144,32.779999999999994,18,10939.731136466105,58.14778077814569,39.94189189189189,32.78058823529411
39.94144144144144,32.82470588235294,2,4678.358974358975,73.42735042735043,39.94189189189189,32.825294117647054
39.94144144144144,32.85411764705882,1,0.0,0.0,39.94189189189189,32.85470588235294
39.94144144144144,32.857647058823524,1,5788.018867924528,43.9559748427673,39.94189189189189,32.85823529411764
39.94144144144144,32.86705882352941,12,36525.22398471172,53.65330867887899,39.94189189189189,32.86764705882353
39.94144144144144,32.9,2,629.5555555555555,23.182539682539684,39.94189189189189,32.900588235294116
39.94144144144144,32.90117647058823,10,15414.978632478633,28.634004884004884,39.94189189189189,32.90176470588235
39.94144144144144,32.917647058823526,1,6019.0641025641025,45.598290598290596,39.94189189189189,32.91823529411764
39.94144144144144,32.919999999999995,1,6019.0641025641025,45.598290598290596,39.94189189189189,32.92058823529411
39.94144144144144,32.92235294117647,2,12038.128205128205,45.598290598290596,39.94189189189189,32.92294117647059
39.94234234234234,32.57176470588235,4,2628.145299145299,52.386752136752136,39.942792792792794,32.57235294117647
39.94234234234234,32.572941176470586,5,564.9762200165426,23.553363661428175,39.942792792792794,32.5735294117647
39.94234234234234,32.59294117647058,18,43791.40685757414,56.63199277549361,39.942792792792794,32.5935294117647
39.94234234234234,32.59411764705882,18,43791.40685757414,56.63199277549361,39.942792792792794,32.59470588235294
39.94234234234234,32.59882352941176,5,11290.786272670419,53.477902855951626,39.942792792792794,32.59941176470588
39.94234234234234,32.60588235294117,5,7917.930008338545,53.724087971648956,39.942792792792794,32.60647058823529
39.94234234234234,32.61764705882353,17,22262.769714745045,38.54292756770847,39.942792792792794,32.618235294117646
39.94234234234234,32.65176470588235,26,32465.941355164246,32.03536235672473,39.942792792792794,32.65235294117647
39.94234234234234,32.66117647058823,5,6063.363247863248,38.24444444444445,39.942792792792794,32.66176470588235
39.94234234234234,32.665882352941175,9,3265.1153846153843,26.974358974358974,39.942792792792794,32.66647058823529
39.94234234234234,32.681176470588234,53,84050.74980409443,46.54793252327753,39.942792792792794,32.68176470588235
39.94234234234234,32.688235294117646,2,0.0,0.0,39.942792792792794,32.68882352941176
39.94234234234234,32.79529411764705,1,0.0,0.0,39.942792792792794,32.79588235294117
39.94234234234234,32.796470588235294,21,16043.57990095554,62.57846508442084,39.942792792792794,32.79705882352941
39.94234234234234,32.811764705882354,2,0.0,0.0,39.942792792792794,32.81235294117647
39.94234234234234,32.81411764705882,18,11166.670160856349,59.96078890822699,39.942792792792794,32.81470588235294
39.94234234234234,32.817647058823525,18,11166.670160856349,59.96078890822699,39.942792792792794,32.81823529411764
39.94234234234234,32.8235294117647,17,2579.8528792219945,53.34956319598974,39.942792792792794,32.82411764705882
39.94234234234234,32.82823529411765,57,42325.413368933805,39.50215088665153,39.942792792792794,32.828823529411764
39.94234234234234,32.83411764705882,44,39599.56497527581,30.274744838282018,39.942792792792794,32.834705882352935
39.94234234234234,32.83529411764706,17,3120.9488491118377,33.12593898517824,39.942792792792794,32.83588235294118
39.94234234234234,32.83882352941176,1,426.7014925373134,41.830845771144276,39.942792792792794,32.83941176470588
39.94234234234234,32.84705882352941,1,0.0,0.0,39.942792792792794,32.847647058823526
39.94234234234234,32.855294117647055,22,42356.34524884046,34.87738398214321,39.942792792792794,32.85588235294117
39.94234234234234,32.857647058823524,16,23335.121624928623,36.745468748583804,39.942792792792794,32.85823529411764
39.94234234234234,32.858823529411765,7,3457.739316239316,29.677045177045176,39.942792792792794,32.85941176470588
39.94234234234234,32.86,1,0.0,0.0,39.942792792792794,32.86058823529412
39.94234234234234,32.86941176470588,12,36525.22398471172,53.65330867887899,39.942792792792794,32.87
39.94234234234234,32.87882352941176,4,8634.765242165242,28.857264957264956,39.942792792792794,32.87941176470588
39.94234234234234,32.879999999999995,8,17269.530484330484,28.857264957264956,39.942792792792794,32.88058823529411
39.94234234234234,32.88117647058823,53,81506.4287971243,37.00886115428634,39.942792792792794,32.88176470588235
39.94234234234234,32.885882352941174,24,39750.52157915609,36.721991545286265,39.942792792792794,32.88647058823529
39.94234234234234,32.9035294117647,2,3082.9957264957266,28.634004884004884,39.942792792792794,32.90411764705882
39.94234234234234,33.00470588235294,4,2161.6495726495727,20.232905982905983,39.942792792792794,33.005294117647054
39.94234234234234,33.03294117647059,10,2933.5975473801564,15.332014121144557,39.942792792792794,33.033529411764704
39.943243243243245,32.572941176470586,7,9147.987492182614,57.17500521159057,39.943693693693696,32.5735294117647
39.943243243243245,32.57411764705882,18,26964.965434533056,52.283114416958135,39.943693693693696,32.57470588235294
39.943243243243245,32.60588235294117,20,25717.661354611693,39.85495741565386,39.943693693693696,32.60647058823529
39.943243243243245,32.61411764705882,11,16738.808786741713,54.51328008035325,39.943693693693696,32.614705882352936
39.943243243243245,32.64,1,362.79059829059827,26.974358974358974,39.943693693693696,32.64058823529412
39.943243243243245,32.647058823529406,2,1811.8162393162393,47.15598290598291,39.943693693693696,32.64764705882352
39.943243243243245,32.64823529411765,14,28333.71471753179,48.04712022394949,39.943693693693696,32.648823529411764
39.943243243243245,32.65411764705882,10,12954.957264957266,32.19316239316239,39.943693693693696,32.654705882352935
39.943243243243245,32.66117647058823,2,1637.4102564102564,30.942307692307693,39.943693693693696,32.66176470588235
39.943243243243245,32.765882352941176,55,64484.67658793263,45.21118604305862,39.943693693693696,32.76647058823529
39.943243243243245,32.82,18,11166.670160856349,59.96078890822699,39.943693693693696,32.82058823529412
39.943243243243245,32.82235294117647,6,852.1107487237663,59.38710058612214,39.943693693693696,32.822941176470586
39.943243243243245,32.8235294117647,9,5458.804096310194,61.58886920065782,39.943693693693696,32.82411764705882
39.943243243243245,32.82588235294117,2,0.0,0.0,39.943693693693696,32.82647058823529
39.943243243243245,32.839999999999996,32,29501.336510182497,45.864714240749976,39.943693693693696,32.84058823529411
39.943243243243245,32.84470588235294,2,94.25,37.6,39.943693693693696,32.84529411764706
39.943243243243245,32.845882352941175,27,14362.016453387874,31.28272860833476,39.943693693693696,32.84647058823529
39.943243243243245,32.84823529411764,1,0.0,0.0,39.943693693693696,32.84882352941176
39.943243243243245,32.85058823529411,2,63.34939759036145,11.587349397590362,39.943693693693696,32.85117647058823
39.943243243243245,32.85411764705882,5,12787.632478632479,46.54957264957265,39.943693693693696,32.85470588235294
39.943243243243245,32.889411764705876,48,83274.01096458,37.84210245289717,39.943693693693696,32.88999999999999
39.943243243243245,32.89058823529412,25,43921.80542716641,39.28937583931431,39.943693693693696,32.891176470588235
39.943243243243245,32.89176470588235,2,4133.508547008547,41.6517094017094,39.943693693693696,32.89235294117647
39.943243243243245,32.90235294117647,4,74.50618153865864,7.175106228514082,39.943693693693696,32.902941176470584
39.943243243243245,33.03176470588235,8,1852.7727610553698,14.1067911557042,39.943693693693696,33.03235294117647
39.943243243243245,33.03294117647059,8,1852.7727610553698,14.1067911557042,39.943693693693696,33.033529411764704
39.943243243243245,33.10235294117647,4,1211.5761798587887,13.022342995169083,39.943693693693696,33.10294117647059
39.94414414414415,32.563529411764705,1,0.0,0.0,39.9445945945946,32.56411764705882
39.94414414414415,32.56470588235294,2,668.2494078879621,43.344042838018744,39.9445945945946,32.565294117647056
39.94414414414415,32.56588235294117,4,2628.145299145299,52.386752136752136,39.9445945945946,32.56647058823529
39.94414414414415,32.57176470588235,21,48921.333333333336,40.520757020757024,39.9445945945946,32.57235294117647
39.94414414414415,32.572941176470586,4,9009.880341880342,54.74679487179487,39.9445945945946,32.5735294117647
39.94414414414415,32.584705882352935,6,8895.469395341894,45.703575062423305,39.9445945945946,32.58529411764705
39.94414414414415,32.59176470588235,1,91.47590361445783,32.63253012048193,39.9445945945946,32.592352941176465
39.94414414414415,32.597647058823526,22,49752.20224487694,54.49197957330488,39.9445945945946,32.59823529411764
39.94414414414415,32.63058823529411,4,1230.5897435897436,11.48076923076923,39.9445945945946,32.63117647058823
39.94414414414415,32.65882352941176,8,7941.658325610133,37.04589511893729,39.9445945945946,32.65941176470588
39.94414414414415,32.66,22,17502.543352898774,33.76141161382125,39.9445945945946,32.660588235294114
39.94414414414415,32.72588235294118,53,64383.76011717153,45.48173579222033,39.9445945945946,32.726470588235294
39.94414414414415,32.74470588235294,42,63167.322685840016,51.20324607236279,39.9445945945946,32.745294117647056
39.94414414414415,32.74823529411764,53,64383.76011717153,45.48173579222033,39.9445945945946,32.74882352941176
39.94414414414415,32.75647058823529,55,64484.67658793263,45.21118604305862,39.9445945945946,32.757058823529405
39.94414414414415,32.76117647058823,115,129302.36063837093,45.572890496006266,39.9445945945946,32.76176470588235
39.94414414414415,32.792941176470585,2,89.59734513274336,3.524336283185841,39.9445945945946,32.7935294117647
39.94414414414415,32.811764705882354,122,113578.85126627231,30.309717787308863,39.9445945945946,32.81235294117647
39.94414414414415,32.82588235294117,1,476.4390243902439,49.46951219512195,39.9445945945946,32.82647058823529
39.94414414414415,32.83176470588235,12,1099.0157948868646,42.038354638064455,39.9445945945946,32.83235294117647
39.94414414414415,32.843529411764706,52,34563.29924238744,34.01905516064451,39.9445945945946,32.84411764705882
39.94414414414415,32.84705882352941,23,13614.390308407703,29.07690845058473,39.9445945945946,32.847647058823526
39.94414414414415,32.85294117647059,1,63.34939759036145,23.174698795180724,39.9445945945946,32.853529411764704
39.94414414414415,32.864705882352936,2,0.0,0.0,39.9445945945946,32.86529411764705
39.94414414414415,32.87529411764706,4,8634.765242165242,28.857264957264956,39.9445945945946,32.875882352941176
39.94414414414415,32.88117647058823,5,17132.241595441596,42.358290598290594,39.9445945945946,32.88176470588235
39.94414414414415,32.88235294117647,1,45.762962962962966,6.355555555555555,39.9445945945946,32.88294117647059
39.94414414414415,32.90117647058823,2,629.5555555555555,23.182539682539684,39.9445945945946,32.90176470588235
39.94414414414415,32.90705882352941,4,8267.017094017094,41.6517094017094,39.9445945945946,32.90764705882353
39.94414414414415,32.921176470588236,2,12038.128205128205,45.598290598290596,39.9445945945946,32.92176470588235
39.94504504504505,32.54941176470588,18,36459.90700344432,39.53454238777622,39.9454954954955,32.55
39.94504504504505,32.55764705882353,5,564.9762200165426,23.553363661428175,39.9454954954955,32.558235294117644
39.94504504504505,32.56823529411764,24,35682.817790172,48.1559594316471,39.9454954954955,32.56882352941176
39.94504504504505,32.57411764705882,22,34529.27078162499,47.61963251129179,39.9454954954955,32.57470588235294
39.94504504504505,32.58705882352941,30,97550.23076923077,64.24444444444444,39.9454954954955,32.58764705882353
39.94504504504505,32.61529411764705,17,22326.590050634055,39.900557015982855,39.9454954954955,32.61588235294117
39.94504504504505,32.628235294117644,8,2461.1794871794873,11.48076923076923,39.9454954954955,32.62882352941176
39.94504504504505,32.63176470588235,16,22834.21091307067,48.62345280904732,39.9454954954955,32.632352941176464
39.94504504504505,32.63411764705882,6,2447.008547008547,24.213675213675213,39.9454954954955,32.63470588235294
39.94504504504505,32.64,18,23137.041932522603,38.43392456032869,39.9454954954955,32.64058823529412
39.94504504504505,32.641176470588235,4,8149.6463414634145,74.6435532624557,39.9454954954955,32.64176470588235
39.94504504504505,32.650588235294116,9,15978.673598082136,47.84908970884581,39.9454954954955,32.65117647058823
39.94504504504505,32.652941176470584,9,15978.673598082136,47.84908970884581,39.9454954954955,32.6535294117647
39.94504504504505,32.65529411764705,5,6477.478632478633,32.19316239316239,39.9454954954955,32.65588235294117
39.94504504504505,32.66470588235294,3,6960.320512820512,75.69658119658119,39.9454954954955,32.66529411764706
39.94504504504505,32.68588235294117,2,379.1240875912409,26.642335766423358,39.9454954954955,32.68647058823529
39.94504504504505,32.712941176470586,55,64382.49678563371,45.82958990295595,39.9454954954955,32.7135294117647
39.94504504504505,32.71411764705882,53,64338.60951476189,45.13779398726465,39.9454954954955,32.71470588235294
39.94504504504505,32.71764705882352,54,64447.10951476189,45.06864251449737,39.9454954954955,32.71823529411764
39.94504504504505,32.728235294117646,55,64427.64738804335,46.16102473318597,39.9454954954955,32.72882352941176
39.94504504504505,32.73647058823529,111,129106.68164286135,45.38119907539658,39.9454954954955,32.73705882352941
39.94504504504505,32.74823529411764,56,64455.549827067734,46.04904650406549,39.9454954954955,32.74882352941176
39.94504504504505,32.7635294117647,1,264.5621890547264,37.039800995024876,39.9454954954955,32.76411764705882
39.94504504504505,32.85411764705882,64,85192.3410089457,31.884282257121036,39.9454954954955,32.85470588235294
39.94504504504505,32.861176470588234,6,2542.7606837606836,24.21082621082621,39.9454954954955,32.86176470588235
39.94504504504505,32.86705882352941,1,0.0,0.0,39.9454954954955,32.86764705882353
39.94504504504505,32.883529411764705,3,849.2977614977615,27.3973137973138,39.9454954954955,32.88411764705882
39.94504504504505,32.895294117647055,4,8267.017094017094,41.6517094017094,39.9454954954955,32.89588235294117
39.94504504504505,32.89647058823529,2,4133.508547008547,41.6517094017094,39.9454954954955,32.897058823529406
39.94504504504505,32.90235294117647,4,8267.017094017094,41.6517094017094,39.9454954954955,32.902941176470584
39.945945945945944,32.550588235294114,18,36459.90700344432,39.53454238777622,39.946396396396395,32.55117647058823
39.945945945945944,32.56235294117647,4,2628.145299145299,52.386752136752136,39.946396396396395,32.56294117647059
39.945945945945944,32.575294117647054,5,16258.371794871797,64.24444444444444,39.946396396396395,32.57588235294117
39.945945945945944,32.57647058823529,2,14044.31623931624,67.40598290598291,39.946396396396395,32.577058823529406
39.945945945945944,32.57764705882353,8,18472.42735042735,63.45405982905983,39.946396396396395,32.57823529411765
39.945945945945944,32.64,3,835.4985583359078,43.79276078673669,39.946396396396395,32.64058823529412
39.945945945945944,32.647058823529406,8,9380.236085053159,43.06216124661247,39.946396396396395,32.64764705882352
39.945945945945944,32.65764705882353,5,6477.478632478633,32.19316239316239,39.946396396396395,32.658235294117645
39.945945945945944,32.66,14,22456.15223056077,42.25768709610173,39.946396396396395,32.660588235294114
39.945945945945944,32.665882352941175,1,2063.3675213675215,62.06837606837607,39.946396396396395,32.66647058823529
39.945945945945944,32.66941176470588,54,85956.28138633333,47.58564057262102,39.946396396396395,32.669999999999995
39.945945945945944,32.718823529411765,56,64490.99678563371,45.750554627150166,39.946396396396395,32.71941176470588
39.945945945945944,32.76235294117647,108,128811.40750521487,45.8276699751195,39.946396396396395,32.762941176470584
39.945945945945944,32.777647058823526,104,128486.9975728023,46.555437735753,39.946396396396395,32.77823529411764
39.945945945945944,32.84117647058823,102,63071.7807775377,28.796505268153993,39.946396396396395,32.84176470588235
39.945945945945944,32.85411764705882,48,112554.82882818396,35.316166442429115,39.946396396396395,32.85470588235294
39.945945945945944,32.86588235294117,3,1271.3803418803418,24.21082621082621,39.946396396396395,32.86647058823529
39.945945945945944,32.898823529411764,8,9526.128205128205,32.41712454212454,39.946396396396395,32.89941176470588
39.945945945945944,33.19411764705882,6,2423.1523597175774,17.363123993558776,39.946396396396395,33.194705882352935
39.946846846846846,32.550588235294114,7,17989.047008547008,44.08974358974359,39.9472972972973,32.55117647058823
39.946846846846846,32.60470588235294,21,25780.173549733645,38.80698615660414,39.9472972972973,32.605294117647055
39.946846846846846,32.61058823529412,39,51119.783453742195,39.64114067510166,39.9472972972973,32.611176470588234
39.946846846846846,32.63176470588235,16,22834.21091307067,48.62345280904732,39.9472972972973,32.632352941176464
39.946846846846846,32.63647058823529,14,5509.311965811966,22.394688644688646,39.9472972972973,32.63705882352941
39.946846846846846,32.64,4,8149.6463414634145,74.6435532624557,39.9472972972973,32.64058823529412
39.946846846846846,32.656470588235294,14,22456.15223056077,42.25768709610173,39.9472972972973,32.65705882352941
39.946846846846846,32.66117647058823,26,48225.633932854624,47.324654368665314,39.9472972972973,32.66176470588235
39.946846846846846,32.665882352941175,3,1211.5761798587887,17.363123993558776,39.9472972972973,32.66647058823529
39.946846846846846,32.703529411764706,106,123819.43682260952,42.344575254360706,39.9472972972973,32.70411764705882
39.946846846846846,32.781176470588235,52,64156.942421837055,46.99310248980963,39.9472972972973,32.78176470588235
39.946846846846846,32.87647058823529,2,4317.382621082621,28.857264957264956,39.9472972972973,32.87705882352941
39.946846846846846,32.879999999999995,2,4317.382621082621,28.857264957264956,39.9472972972973,32.88058823529411
39.946846846846846,32.89176470588235,1,314.77777777777777,23.182539682539684,39.9472972972973,32.89235294117647
39.946846846846846,32.892941176470586,50,87760.07259036809,38.81020112635183,39.9472972972973,32.8935294117647
39.946846846846846,32.9,2,629.5555555555555,23.182539682539684,39.9472972972973,32.900588235294116
39.946846846846846,32.91294117647058,9,2002.1657958812405,18.90034282939323,39.9472972972973,32.9135294117647
39.946846846846846,33.04,18,4786.370308435526,14.787470580948842,39.9472972972973,33.040588235294116
39.94774774774775,32.54235294117647,10,1129.9524400330852,23.553363661428175,39.9481981981982,32.542941176470585
39.94774774774775,32.56588235294117,4,2628.145299145299,52.386752136752136,39.9481981981982,32.56647058823529
39.94774774774775,32.57411764705882,4,5334.833333333334,22.65811965811966,39.9481981981982,32.57470588235294
39.94774774774775,32.57647058823529,13,13117.644921712543,46.434082157865774,39.9481981981982,32.577058823529406
39.94774774774775,32.58235294117647,10,32516.74358974359,64.24444444444444,39.9481981981982,32.582941176470584
39.94774774774775,32.60588235294117,25,33034.45337070609,41.95881170711615,39.9481981981982,32.60647058823529
39.94774774774775,32.60705882352941,36,49912.556729733195,42.577390794503145,39.9481981981982,32.607647058823524
39.94774774774775,32.62470588235294,8,2674.297703635053,28.372605807846774,39.9481981981982,32.62529411764706
39.94774774774775,32.628235294117644,4,1443.7079600453094,45.264442384924315,39.9481981981982,32.62882352941176
39.94774774774775,32.6435294117647,9,9988.44548676256,43.79741968359855,39.9481981981982,32.64411764705882
39.94774774774775,32.64823529411765,9,9988.44548676256,43.79741968359855,39.9481981981982,32.648823529411764
39.94774774774775,32.65411764705882,18,31957.34719616427,47.84908970884581,39.9481981981982,32.654705882352935
39.94774774774775,32.66705882352941,83,132295.99803843265,47.584313473973204,39.9481981981982,32.667647058823526
39.94774774774775,32.66823529411764,27,43743.29977696904,48.662515394075776,39.9481981981982,32.66882352941176
39.94774774774775,32.76941176470588,2,327.0743841766776,27.443680985317314,39.9481981981982,32.769999999999996
39.94774774774775,32.78470588235294,2,23.786585365853657,16.951219512195124,39.9481981981982,32.785294117647055
39.94774774774775,32.78705882352941,50,64113.05515096524,46.30633932265099,39.9481981981982,32.787647058823524
39.94774774774775,32.82941176470588,50,57863.14857232819,34.68323584583237,39.9481981981982,32.83
39.94774774774775,32.83176470588235,50,32003.987921054057,34.52674272746838,39.9481981981982,32.83235294117647
39.94774774774775,32.84941176470588,44,28076.099532879918,35.21287323204941,39.9481981981982,32.849999999999994
39.94774774774775,32.855294117647055,119,234093.0830556857,34.19312835862589,39.9481981981982,32.85588235294117
39.94774774774775,32.8635294117647,3,1271.3803418803418,24.21082621082621,39.9481981981982,32.86411764705882
39.94774774774775,32.885882352941174,3,5075.154456654456,42.3984533984534,39.9481981981982,32.88647058823529
39.94774774774775,32.88705882352941,25,40148.8376208986,37.138762896701365,39.9481981981982,32.887647058823525
39.94774774774775,32.892941176470586,4,1259.111111111111,23.182539682539684,39.9481981981982,32.8935294117647
39.94774774774775,32.895294117647055,49,83672.3270063225,38.03188149121894,39.9481981981982,32.89588235294117
39.94774774774775,32.89647058823529,2,629.5555555555555,23.182539682539684,39.9481981981982,32.897058823529406
39.94774774774775,32.9,1,314.77777777777777,23.182539682539684,39.9481981981982,32.900588235294116
39.94774774774775,32.90235294117647,2,629.5555555555555,23.182539682539684,39.9481981981982,32.902941176470584
39.94774774774775,32.91294117647058,2,61.5,21.53048780487805,39.9481981981982,32.9135294117647
39.94774774774775,33.0435294117647,16,3705.5455221107395,14.1067911557042,39.9481981981982,33.04411764705882
39.94864864864865,32.59529411764706,29,57472.3051373725,50.10920222261888,39.9490990990991,32.595882352941175
39.94864864864865,32.599999999999994,30,38324.40718471133,42.36811751906521,39.9490990990991,32.60058823529411
39.94864864864865,32.61058823529412,13,17388.339254453713,38.0720079529162,39.9490990990991,32.611176470588234
39.94864864864865,32.61176470588235,18,11397.12985274431,35.4096728795524,39.9490990990991,32.61235294117647
39.94864864864865,32.63176470588235,7,10617.773347925788,48.544879240001194,39.9490990990991,32.632352941176464
39.94864864864865,32.63294117647059,8,2674.297703635053,28.372605807846774,39.9490990990991,32.633529411764705
39.94864864864865,32.637647058823525,4,4690.118042526579,43.06216124661247,39.9490990990991,32.63823529411764
39.94864864864865,32.71176470588235,4,1095.7111522678579,45.567436539928096,39.9490990990991,32.71235294117647
39.94864864864865,32.737647058823526,5,1112.6680566621262,29.755750169198212,39.9490990990991,32.73823529411764
39.94864864864865,32.83764705882353,86,62062.43405298896,30.320035393090407,39.9490990990991,32.838235294117645
39.94864864864865,32.87529411764706,4,8809.793533106786,49.471655854185975,39.9490990990991,32.875882352941176
39.94864864864865,32.88117647058823,1,4271.619658119658,51.35897435897436,39.9490990990991,32.88176470588235
39.94864864864865,32.88705882352941,3,5075.154456654456,42.3984533984534,39.9490990990991,32.887647058823525
39.94864864864865,32.895294117647055,25,43921.80542716641,39.28937583931431,39.9490990990991,32.89588235294117
39.94864864864865,32.90941176470588,6,864.7324913892078,25.909576051367097,39.9490990990991,32.91
39.94864864864865,32.91647058823529,11,2524.96487739674,28.244773648732117,39.9490990990991,32.91705882352941
39.94864864864865,32.99294117647059,7,2539.534188034188,26.974358974358974,39.9490990990991,32.993529411764705
39.94864864864865,33.10705882352941,2,0.0,0.0,39.9490990990991,33.107647058823524
39.94954954954955,32.55294117647058,18,36459.90700344432,39.53454238777622,39.95,32.5535294117647
39.94954954954955,32.56117647058823,1,737.2991452991453,50.717948717948715,39.95,32.56176470588235
39.94954954954955,32.56823529411764,24,67872.39316239317,40.27920227920228,39.95,32.56882352941176
39.94954954954955,32.5835294117647,32,58811.29087331189,45.00071818308255,39.95,32.58411764705882
39.94954954954955,32.58588235294118,14,23897.753525044518,43.41468993996176,39.95,32.586470588235294
39.94954954954955,32.58705882352941,18,34913.53734826737,46.23429570550983,39.95,32.58764705882353
39.94954954954955,32.59647058823529,12,11462.57450125706,37.86945436530362,39.95,32.59705882352941
39.94954954954955,32.63294117647059,14,21617.792109651866,48.47259075612734,39.95,32.633529411764705
39.94954954954955,32.641176470588235,5,5298.327444235981,44.38562643318741,39.95,32.64176470588235
39.94954954954955,32.65529411764705,37,50911.271385102635,49.354926899593366,39.95,32.65588235294117
39.94954954954955,32.65764705882353,37,50911.271385102635,49.354926899593366,39.95,32.658235294117645
39.94954954954955,32.702352941176464,109,123234.4518571065,41.79195072577325,39.95,32.70294117647058
39.94954954954955,32.715294117647055,3,2087.2264957264956,35.68945868945869,39.95,32.71588235294117
39.94954954954955,32.724705882352936,1,168.57534246575344,41.57534246575342,39.95,32.72529411764705
39.94954954954955,32.77176470588235,1,1126.636815920398,45.21890547263681,39.95,32.772352941176464
39.94954954954955,32.78823529411764,52,64156.942421837055,46.99310248980963,39.95,32.78882352941176
39.94954954954955,32.82470588235294,18,5140.131991939559,31.28904729599949,39.95,32.825294117647054
39.94954954954955,32.84823529411764,4,4965.128205128205,26.215811965811966,39.95,32.84882352941176
39.94954954954955,32.85294117647059,27,14362.016453387874,31.28272860833476,39.95,32.853529411764704
39.94954954954955,32.864705882352936,3,1271.3803418803418,24.21082621082621,39.95,32.86529411764705
39.94954954954955,32.86705882352941,4,17086.478632478633,51.35897435897436,39.95,32.86764705882353
39.94954954954955,32.879999999999995,4,8722.279387636014,39.164460405725464,39.95,32.88058823529411
39.94954954954955,32.883529411764705,3,4363.145584045584,21.356695156695157,39.95,32.88411764705882
39.94954954954955,32.88470588235294,2,91.52592592592593,6.355555555555555,39.95,32.88529411764706
39.94954954954955,32.885882352941174,1,0.0,0.0,39.95,32.88647058823529
39.94954954954955,32.895294117647055,1,0.0,0.0,39.95,32.89588235294117
39.94954954954955,32.90235294117647,1,314.77777777777777,23.182539682539684,39.95,32.902941176470584
39.950450450450454,32.548235294117646,1,928.6837606837607,62.35897435897436,39.950900900900905,32.54882352941176
39.950450450450454,32.56470588235294,2,1153.5470085470085,54.05555555555556,39.950900900900905,32.565294117647056
39.950450450450454,32.569411764705876,2,5187.880341880342,68.84615384615384,39.950900900900905,32.56999999999999
39.950450450450454,32.578823529411764,18,34913.53734826737,46.23429570550983,39.950900900900905,32.57941176470588
39.950450450450454,32.588235294117645,5,7206.637215528782,41.375131294408405,39.950900900900905,32.58882352941176
39.950450450450454,32.59058823529411,20,37868.770568829415,50.153166794758775,39.950900900900905,32.59117647058823
39.950450450450454,32.60588235294117,5,8558.799145299145,39.79059829059829,39.950900900900905,32.60647058823529
39.950450450450454,32.60705882352941,7,8752.046133250951,38.32633096488518,39.950900900900905,32.607647058823524
39.950450450450454,32.61411764705882,5,1211.5761798587887,10.417874396135266,39.950900900900905,32.614705882352936
39.950450450450454,32.63294117647059,7,11000.018761726078,48.40030227225349,39.950900900900905,32.633529411764705
39.950450450450454,32.70117647058823,52,61825.02172708837,42.06577747622233,39.950900900900905,32.70176470588235
39.950450450450454,32.71764705882352,3,2087.2264957264956,35.68945868945869,39.950900900900905,32.71823529411764
39.950450450450454,32.72588235294118,1,168.57534246575344,41.57534246575342,39.950900900900905,32.726470588235294
39.950450450450454,32.728235294117646,3,2087.2264957264956,35.68945868945869,39.950900900900905,32.72882352941176
39.950450450450454,32.73647058823529,4,1075.1009834913946,23.967553565156305,39.950900900900905,32.73705882352941
39.950450450450454,32.777647058823526,2,2253.273631840796,45.21890547263681,39.950900900900905,32.77823529411764
39.950450450450454,32.79529411764705,46,58936.207379102016,42.0982366516314,39.950900900900905,32.79588235294117
39.950450450450454,32.83411764705882,2,324.1752136752137,8.487179487179487,39.950900900900905,32.834705882352935
39.950450450450454,32.83529411764706,4,1821.264957264957,30.044871794871796,39.950900900900905,32.83588235294118
39.950450450450454,32.842352941176465,1,478.2008547008547,32.1965811965812,39.950900900900905,32.84294117647058
39.950450450450454,32.857647058823524,6,0.0,0.0,39.950900900900905,32.85823529411764
39.950450450450454,32.86588235294117,6,25629.71794871795,51.35897435897436,39.950900900900905,32.86647058823529
39.950450450450454,32.87764705882353,1,133.27710843373495,47.58433734939759,39.950900900900905,32.878235294117644
39.950450450450454,32.88823529411764,1,4271.619658119658,51.35897435897436,39.950900900900905,32.88882352941176
39.950450450450454,32.89411764705882,2,629.5555555555555,23.182539682539684,39.950900900900905,32.89470588235294
39.950450450450454,32.895294117647055,9,28181.92645201136,54.504406257227515,39.950900900900905,32.89588235294117
39.950450450450454,32.91176470588235,14,2935.029117246565,25.73159680801221,39.950900900900905,32.912352941176465
39.950450450450454,32.91647058823529,10,2428.3678624713666,27.37372862554563,39.950900900900905,32.91705882352941
39.950450450450454,33.054117647058824,16,3705.5455221107395,14.1067911557042,39.950900900900905,33.05470588235294
39.95135135135135,32.55764705882353,12,18967.252647021305,33.87740251732789,39.9518018018018,32.558235294117644
39.95135135135135,32.559999999999995,1,737.2991452991453,50.717948717948715,39.9518018018018,32.56058823529411
39.95135135135135,32.56588235294117,4,6341.427350427351,61.450854700854705,39.9518018018018,32.56647058823529
39.95135135135135,32.57647058823529,17,18270.898986753193,42.72998194271748,39.9518018018018,32.577058823529406
39.95135135135135,32.57764705882353,17,18452.478255045877,40.83973804027845,39.9518018018018,32.57823529411765
39.95135135135135,32.578823529411764,12,14931.856089147084,39.17718099833146,39.9518018018018,32.57941176470588
39.95135135135135,32.59176470588235,30,58194.28232630334,45.91216207335073,39.9518018018018,32.592352941176465
39.95135135135135,32.6235294117647,18,7341.025641025642,24.213675213675216,39.9518018018018,32.62411764705882
39.95135135135135,32.64,34,50075.772826766726,49.845706262492484,39.9518018018018,32.64058823529412
39.95135135135135,32.647058823529406,6,0.0,0.0,39.9518018018018,32.64764705882352
39.95135135135135,32.64823529411765,37,50911.271385102635,49.354926899593366,39.9518018018018,32.648823529411764
39.95135135135135,32.715294117647055,7,3182.9376479943535,41.33401746115549,39.9518018018018,32.71588235294117
39.95135135135135,32.728235294117646,1,0.0,0.0,39.9518018018018,32.72882352941176
39.95135135135135,32.796470588235294,93,120673.48902579375,44.28679090203311,39.9518018018018,32.79705882352941
39.95135135135135,32.817647058823525,2,2267.2735042735044,45.88034188034188,39.9518018018018,32.81823529411764
39.95135135135135,32.83411764705882,8,11755.751055102028,60.10493650536865,39.9518018018018,32.834705882352935
39.95135135135135,32.84117647058823,1,478.2008547008547,32.1965811965812,39.9518018018018,32.84176470588235
39.95135135135135,32.84470588235294,1,478.2008547008547,32.1965811965812,39.9518018018018,32.84529411764706
39.95135135135135,32.85058823529411,21,13614.390308407703,31.846137826830894,39.9518018018018,32.85117647058823
39.95135135135135,32.857647058823524,42,104469.07309226204,36.68490673054006,39.9518018018018,32.85823529411764
39.95135135135135,32.858823529411765,9,6686.59673011541,33.0967995727693,39.9518018018018,32.85941176470588
39.95135135135135,32.89411764705882,17,12785.627461910071,24.93210483747568,39.9518018018018,32.89470588235294
39.95135135135135,33.04117647058823,20,10808.247863247863,20.232905982905983,39.9518018018018,33.04176470588235
39.95135135135135,33.06235294117647,16,3705.5455221107395,14.1067911557042,39.9518018018018,33.06294117647059
39.95225225225225,32.554117647058824,22,36459.90700344432,32.34644377181691,39.9527027027027,32.55470588235294
39.95225225225225,32.57764705882353,2,8965.897435897436,68.83974358974359,39.9527027027027,32.57823529411765
39.95225225225225,32.578823529411764,2,182.95180722891567,32.63253012048193,39.9527027027027,32.57941176470588
39.95225225225225,32.5835294117647,5,7206.637215528782,41.375131294408405,39.9527027027027,32.58411764705882
39.95225225225225,32.59647058823529,15,30784.576923076922,66.82820512820513,39.9527027027027,32.59705882352941
39.95225225225225,32.60588235294117,7,8750.991916383482,38.27039292701943,39.9527027027027,32.60647058823529
39.95225225225225,32.61176470588235,24,18749.208884945663,37.76216299427437,39.9527027027027,32.61235294117647
39.95225225225225,32.63647058823529,34,50075.772826766726,49.845706262492484,39.9527027027027,32.63705882352941
39.95225225225225,32.715294117647055,7,3182.9376479943535,41.33401746115549,39.9527027027027,32.71588235294117
39.95225225225225,32.7235294117647,4,2087.2264957264956,26.767094017094017,39.9527027027027,32.72411764705882
39.95225225225225,32.730588235294114,4,2087.2264957264956,26.767094017094017,39.9527027027027,32.73117647058823
39.95225225225225,32.743529411764705,2,1258.9017094017095,34.38034188034188,39.9527027027027,32.74411764705882
39.95225225225225,32.78235294117647,1,1126.636815920398,45.21890547263681,39.9527027027027,32.78294117647059
39.95225225225225,32.792941176470585,1,62.51219512195122,17.847560975609756,39.9527027027027,32.7935294117647
39.95225225225225,32.80117647058823,93,118785.16262145189,42.60275027790036,39.9527027027027,32.80176470588235
39.95225225225225,32.82588235294117,52,57971.64857232819,34.14548859133558,39.9527027027027,32.82647058823529
39.95225225225225,32.85058823529411,2,956.4017094017094,32.1965811965812,39.9527027027027,32.85117647058823
39.95225225225225,32.85647058823529,42,103689.55145776333,37.99464555625743,39.9527027027027,32.85705882352941
39.95225225225225,32.868235294117646,6,2542.7606837606836,24.21082621082621,39.9527027027027,32.86882352941176
39.95225225225225,32.87294117647058,6,2542.7606837606836,24.21082621082621,39.9527027027027,32.8735294117647
39.95225225225225,32.87529411764706,4,1404.6574503140769,30.054203995469056,39.9527027027027,32.875882352941176
39.95225225225225,32.88235294117647,1,0.0,0.0,39.9527027027027,32.88294117647059
39.95225225225225,32.883529411764705,2,8543.239316239316,51.35897435897436,39.9527027027027,32.88411764705882
39.95225225225225,32.88470588235294,6,17178.00455840456,36.35783475783476,39.9527027027027,32.88529411764706
39.95225225225225,32.885882352941174,1,4271.619658119658,51.35897435897436,39.9527027027027,32.88647058823529
39.95225225225225,32.89058823529412,6,2410.6043956043954,37.91819291819292,39.9527027027027,32.891176470588235
39.95225225225225,32.90117647058823,25,43921.80542716641,39.28937583931431,39.9527027027027,32.90176470588235
39.95225225225225,32.91294117647058,3,5700.427988263809,47.524811838244666,39.9527027027027,32.9135294117647
39.95315315315315,32.56235294117647,10,24713.982905982906,31.60769230769231,39.953603603603604,32.56294117647059
39.95315315315315,32.56470588235294,10,24713.982905982906,31.60769230769231,39.953603603603604,32.565294117647056
39.95315315315315,32.58,1,91.47590361445783,32.63253012048193,39.953603603603604,32.580588235294115
39.95315315315315,32.58235294117647,1,91.47590361445783,32.63253012048193,39.953603603603604,32.582941176470584
39.95315315315315,32.597647058823526,11,22036.419214694928,52.378807286682694,39.953603603603604,32.59823529411764
39.95315315315315,32.60470588235294,14,17501.983832766964,38.27039292701943,39.953603603603604,32.605294117647055
39.95315315315315,32.612941176470585,11,3897.1519410977244,32.68251092949888,39.953603603603604,32.6135294117647
39.95315315315315,32.71411764705882,2,547.8555761339289,45.567436539928096,39.953603603603604,32.71470588235294
39.95315315315315,32.71764705882352,5,2635.0820718604245,39.64064982964645,39.953603603603604,32.71823529411764
39.95315315315315,32.72,3,2087.2264957264956,35.68945868945869,39.953603603603604,32.720588235294116
39.95315315315315,32.73176470588235,2,0.0,0.0,39.953603603603604,32.732352941176465
39.95315315315315,32.73647058823529,2,1258.9017094017095,34.38034188034188,39.953603603603604,32.73705882352941
39.95315315315315,32.7635294117647,2,529.1243781094528,37.039800995024876,39.953603603603604,32.76411764705882
39.95315315315315,32.77647058823529,6,6759.820895522388,45.21890547263681,39.953603603603604,32.77705882352941
39.95315315315315,32.783529411764704,2,2253.273631840796,45.21890547263681,39.953603603603604,32.78411764705882
39.95315315315315,32.790588235294116,7,644.5568584532,23.94033473301766,39.953603603603604,32.79117647058823
39.95315315315315,32.808235294117644,51,60227.955242349875,41.7167269413575,39.953603603603604,32.80882352941176
39.95315315315315,32.80941176470588,46,58936.207379102016,42.0982366516314,39.953603603603604,32.809999999999995
39.95315315315315,32.81058823529411,48,59064.58344747808,41.90891858395904,39.953603603603604,32.81117647058823
39.95315315315315,32.82,3,0.0,0.0,39.953603603603604,32.82058823529412
39.95315315315315,32.821176470588235,38,57863.14857232819,45.63583663925312,39.953603603603604,32.82176470588235
39.95315315315315,32.83176470588235,16,1394.1229093379307,19.152569074893453,39.953603603603604,32.83235294117647
39.95315315315315,32.83764705882353,3,756.6068376068376,14.955840455840454,39.953603603603604,32.838235294117645
39.95315315315315,32.839999999999996,18,21960.033566901606,47.56110202511937,39.953603603603604,32.84058823529411
39.95315315315315,32.84705882352941,1,478.2008547008547,32.1965811965812,39.953603603603604,32.847647058823526
39.95315315315315,32.857647058823524,39,64063.54799215951,34.334257566618454,39.953603603603604,32.85823529411764
39.95315315315315,32.90235294117647,24,43523.4893854239,38.96221336050808,39.953603603603604,32.902941176470584
39.95315315315315,32.919999999999995,12,12601.208336824284,46.497910795075605,39.953603603603604,32.92058823529411
39.954054054054055,32.54,16,34602.5394820768,36.681488391376455,39.954504504504506,32.540588235294116
39.954054054054055,32.578823529411764,4,7092.992637215529,41.506564720420144,39.954504504504506,32.57941176470588
39.954054054054055,32.603529411764704,20,18222.37543545037,33.5094034047384,39.954504504504506,32.60411764705882
39.954054054054055,32.60470588235294,2,280.5933917031478,19.359677923702314,39.954504504504506,32.605294117647055
39.954054054054055,32.63176470588235,12,15832.878986866792,50.95990115349871,39.954504504504506,32.632352941176464
39.954054054054055,32.63294117647059,12,15632.212841359184,48.36639218956292,39.954504504504506,32.633529411764705
39.954054054054055,32.73176470588235,7,4133.535300316123,39.53739943465971,39.954504504504506,32.732352941176465
39.954054054054055,32.74235294117647,2,1258.9017094017095,34.38034188034188,39.954504504504506,32.74294117647059
39.954054054054055,32.78470588235294,1,1126.636815920398,45.21890547263681,39.954504504504506,32.785294117647055
39.954054054054055,32.78941176470588,3,86.29878048780488,17.25,39.954504504504506,32.79
39.954054054054055,32.790588235294116,5,468.108140504482,24.942109651865753,39.954504504504506,32.79117647058823
39.954054054054055,32.792941176470585,50,59520.2586611533,41.573625582748754,39.954504504504506,32.7935294117647
39.954054054054055,32.796470588235294,4,694.3504273504274,12.824786324786325,39.954504504504506,32.79705882352941
39.954054054054055,32.802352941176466,1,347.1752136752137,25.64957264957265,39.954504504504506,32.80294117647058
39.954054054054055,32.82941176470588,18,1430.426633457541,17.94469427820701,39.954504504504506,32.83
39.954054054054055,32.83176470588235,3,62.51219512195122,5.949186991869919,39.954504504504506,32.83235294117647
39.954054054054055,32.84705882352941,1,478.2008547008547,32.1965811965812,39.954504504504506,32.847647058823526
39.954054054054055,32.85058823529411,1,478.2008547008547,32.1965811965812,39.954504504504506,32.85117647058823
39.954054054054055,32.85411764705882,34,70928.25411398428,38.179954249965476,39.954504504504506,32.85470588235294
39.954054054054055,32.858823529411765,66,118032.56461081076,33.547307762511316,39.954504504504506,32.85941176470588
39.954054054054055,32.87647058823529,6,2542.7606837606836,24.21082621082621,39.954504504504506,32.87705882352941
39.954054054054055,32.88117647058823,5,228.81481481481484,6.355555555555555,39.954504504504506,32.88176470588235
39.954054054054055,32.90941176470588,3,5700.427988263809,47.524811838244666,39.954504504504506,32.91
39.954054054054055,32.917647058823526,3,217.77985074626866,40.448802734296,39.954504504504506,32.91823529411764
39.954054054054055,33.07176470588235,16,3705.5455221107395,14.1067911557042,39.954504504504506,33.07235294117647
39.954054054054055,33.09411764705882,16,3705.5455221107395,14.1067911557042,39.954504504504506,33.09470588235294
39.95495495495496,32.55529411764706,12,18967.252647021305,33.87740251732789,39.95540540540541,32.555882352941175
39.95495495495496,32.58588235294118,12,25076.26300009293,47.59203543379271,39.95540540540541,32.586470588235294
39.95495495495496,32.58705882352941,8,17983.2703628774,50.63477079047899,39.95540540540541,32.58764705882353
39.95495495495496,32.603529411764704,3,360.195801341702,22.400427852749335,39.95540540540541,32.60411764705882
39.95495495495496,32.60705882352941,7,8750.991916383482,38.27039292701943,39.95540540540541,32.607647058823524
39.95495495495496,32.60823529411764,8,8830.594326022036,37.04683477499743,39.95540540540541,32.60882352941176
39.95495495495496,32.625882352941176,14,16873.62360819079,48.33011487351593,39.95540540540541,32.62647058823529
39.95495495495496,32.628235294117644,33,43638.50927663123,49.89259701454823,39.95540540540541,32.62882352941176
39.95495495495496,32.72941176470588,9,4199.004812511244,41.062286281158094,39.95540540540541,32.73
39.95495495495496,32.734117647058824,5,1103.0034225157847,27.152091632612848,39.95540540540541,32.73470588235294
39.95495495495496,32.7635294117647,1,264.5621890547264,37.039800995024876,39.95540540540541,32.76411764705882
39.95495495495496,32.76941176470588,4,479.9707256400922,37.804157565829385,39.95540540540541,32.769999999999996
39.95495495495496,32.77411764705882,3,35.869565217391305,8.478260869565217,39.95540540540541,32.77470588235294
39.95495495495496,32.8235294117647,16,993.2514197823272,16.12878119055018,39.95540540540541,32.82411764705882
39.95495495495496,32.82470588235294,61,56789.425633136154,30.309717787308863,39.95540540540541,32.825294117647054
39.95495495495496,32.82941176470588,1,432.4316239316239,27.89316239316239,39.95540540540541,32.83
39.95495495495496,32.83411764705882,3,756.6068376068376,14.955840455840454,39.95540540540541,32.834705882352935
39.95495495495496,32.84470588235294,18,21960.033566901606,47.56110202511937,39.95540540540541,32.84529411764706
39.95495495495496,32.845882352941175,1,478.2008547008547,32.1965811965812,39.95540540540541,32.84647058823529
39.95495495495496,32.84941176470588,1,478.2008547008547,32.1965811965812,39.95540540540541,32.849999999999994
39.95495495495496,32.85294117647059,26,66060.47909834952,45.49674218069683,39.95540540540541,32.853529411764704
39.95495495495496,32.86,52,74637.09890939946,27.40385280197431,39.95540540540541,32.86058823529412
39.95495495495496,32.87411764705882,4,1404.6574503140769,30.054203995469056,39.95540540540541,32.874705882352934
39.95495495495496,32.88117647058823,2,8543.239316239316,51.35897435897436,39.95540540540541,32.88176470588235
39.95495495495496,32.90235294117647,36,79367.82833998372,43.76806886990706,39.95540540540541,32.902941176470584
39.95495495495496,32.908235294117645,16,3031.626132171938,24.824848699548,39.95540540540541,32.90882352941176
39.95495495495496,32.91176470588235,1,90.43283582089552,62.86069651741293,39.95540540540541,32.912352941176465
39.95495495495496,33.18705882352941,2,725.5811965811965,26.974358974358974,39.95540540540541,33.18764705882353
39.95585585585586,32.55764705882353,12,18967.252647021305,33.87740251732789,39.95630630630631,32.558235294117644
39.95585585585586,32.575294117647054,17,29141.186599995406,50.86818675032299,39.95630630630631,32.57588235294117
39.95585585585586,32.578823529411764,12,18228.433852294158,48.343583619044324,39.95630630630631,32.57941176470588
39.95585585585586,32.58117647058823,1,91.47590361445783,32.63253012048193,39.95630630630631,32.58176470588235
39.95585585585586,32.584705882352935,12,25076.26300009293,47.59203543379271,39.95630630630631,32.58529411764705
39.95585585585586,32.58705882352941,3,58.128499135225155,7.684118748176144,39.95630630630631,32.58764705882353
39.95585585585586,32.60588235294117,10,15771.139120584903,36.61978169086603,39.95630630630631,32.60647058823529
39.95585585585586,32.616470588235295,19,24536.822586719034,48.09031801318349,39.95630630630631,32.61705882352941
39.95585585585586,32.61764705882353,19,24480.749415987328,49.011049720500566,39.95630630630631,32.618235294117646
39.95585585585586,32.69176470588235,110,124163.13561779025,41.97892366789326,39.95630630630631,32.692352941176466
39.95585585585586,32.70941176470588,2,1955.3760683760684,52.65384615384615,39.95630630630631,32.709999999999994
39.95585585585586,32.73647058823529,2,1258.9017094017095,34.38034188034188,39.95630630630631,32.73705882352941
39.95585585585586,32.74235294117647,2,1258.9017094017095,34.38034188034188,39.95630630630631,32.74294117647059
39.95585585585586,32.77647058823529,6,71.35975609756098,16.951219512195124,39.95630630630631,32.77705882352941
39.95585585585586,32.78235294117647,1,1126.636815920398,45.21890547263681,39.95630630630631,32.78294117647059
39.95585585585586,32.805882352941175,10,3511.790598290598,24.92136752136752,39.95630630630631,32.80647058823529
39.95585585585586,32.82,3,520.4615384615386,28.913105413105413,39.95630630630631,32.82058823529412
39.95585585585586,32.83411764705882,2,324.1752136752137,8.487179487179487,39.95630630630631,32.834705882352935
39.95585585585586,32.83529411764706,3,1297.2948717948716,27.893162393162395,39.95630630630631,32.83588235294118
39.95585585585586,32.86,12,13846.247863247863,18.080128205128204,39.95630630630631,32.86058823529412
39.95585585585586,32.870588235294115,6,5722.040071396697,29.655224316067688,39.95630630630631,32.87117647058823
39.95585585585586,32.87411764705882,16,16899.565997322625,27.414085186901453,39.95630630630631,32.874705882352934
39.95585585585586,32.87647058823529,6,2542.7606837606836,24.21082621082621,39.95630630630631,32.87705882352941
39.95585585585586,32.895294117647055,15,3468.4339292548248,31.59640989193228,39.95630630630631,32.89588235294117
39.95585585585586,32.910588235294114,5,345.1268656716418,35.96642397767262,39.95630630630631,32.91117647058823
39.95585585585586,32.91176470588235,3,217.77985074626866,40.448802734296,39.95630630630631,32.912352941176465
39.95585585585586,32.91647058823529,4,5780.3877505016935,46.8121647000761,39.95630630630631,32.91705882352941
39.95585585585586,32.932941176470585,4,5226.649572649572,45.8034188034188,39.95630630630631,32.9335294117647
39.95585585585586,33.1835294117647,26,6420.671497584542,11.054662264528485,39.95630630630631,33.18411764705882
39.95585585585586,33.18588235294117,8,2299.9479747305836,16.626556112969155,39.95630630630631,33.18647058823529
39.95675675675676,32.56235294117647,32,38288.52031931784,35.83628868228367,39.95720720720721,32.56294117647059
39.95675675675676,32.56470588235294,7,6610.261194029851,35.49862409563902,39.95720720720721,32.565294117647056
39.95675675675676,32.58235294117647,2,91.47590361445783,16.316265060240966,39.95720720720721,32.582941176470584
39.95675675675676,32.59176470588235,16,29912.88739510889,50.19195096521169,39.95720720720721,32.592352941176465
39.95675675675676,32.597647058823526,3,6002.871794871795,64.1025641025641,39.95720720720721,32.59823529411764
39.95675675675676,32.60705882352941,6,8672.443723612398,39.96706484055881,39.95720720720721,32.607647058823524
39.95675675675676,32.60823529411764,8,8830.594326022036,37.04683477499743,39.95720720720721,32.60882352941176
39.95675675675676,32.61411764705882,36,47864.02499415936,48.2448576619135,39.95720720720721,32.614705882352936
39.95675675675676,32.647058823529406,1,608.2094017094017,49.67948717948718,39.95720720720721,32.64764705882352
39.95675675675676,32.690588235294115,53,61931.90290039921,43.08032051364271,39.95720720720721,32.69117647058823
39.95675675675676,32.705882352941174,2,1955.3760683760684,52.65384615384615,39.95720720720721,32.70647058823529
39.95675675675676,32.71764705882352,2,1955.3760683760684,52.65384615384615,39.95720720720721,32.71823529411764
39.95675675675676,32.72,3,1927.088440692099,42.17321589882565,39.95720720720721,32.720588235294116
39.95675675675676,32.72705882352941,5,1112.6680566621262,29.755750169198212,39.95720720720721,32.72764705882353
39.95675675675676,32.728235294117646,9,2178.104406007179,25.736741380409942,39.95720720720721,32.72882352941176
39.95675675675676,32.734117647058824,2,1258.9017094017095,34.38034188034188,39.95720720720721,32.73470588235294
39.95675675675676,32.75411764705882,1,32.055,9.09,39.95720720720721,32.75470588235294
39.95675675675676,32.76117647058823,1,264.5621890547264,37.039800995024876,39.95720720720721,32.76176470588235
39.95675675675676,32.764705882352935,5,350.8609695425313,17.757960199004977,39.95720720720721,32.76529411764705
39.95675675675676,32.77882352941176,3,0.0,0.0,39.95720720720721,32.77941176470588
39.95675675675676,32.79411764705882,3,347.1752136752137,8.54985754985755,39.95720720720721,32.794705882352936
39.95675675675676,32.821176470588235,2,1406.1239316239316,11.935897435897436,39.95720720720721,32.82176470588235
39.95675675675676,32.82235294117647,3,1741.8931623931624,21.54843304843305,39.95720720720721,32.822941176470586
39.95675675675676,32.82941176470588,1,432.4316239316239,27.89316239316239,39.95720720720721,32.83
39.95675675675676,32.83764705882353,2,324.1752136752137,8.487179487179487,39.95720720720721,32.838235294117645
39.95675675675676,32.86235294117647,97,137297.72027682103,29.11041145567752,39.95720720720721,32.862941176470585
39.95675675675676,32.87882352941176,10,11177.525925925926,26.06940170940171,39.95720720720721,32.87941176470588
39.95675675675676,32.883529411764705,1,4271.619658119658,51.35897435897436,39.95720720720721,32.88411764705882
39.95675675675676,32.88470588235294,1,4271.619658119658,51.35897435897436,39.95720720720721,32.88529411764706
39.95675675675676,32.90117647058823,3,5700.427988263809,47.524811838244666,39.95720720720721,32.90176470588235
39.95675675675676,32.91294117647058,2,853.4029850746268,41.830845771144276,39.95720720720721,32.9135294117647
39.95675675675676,32.92470588235294,2,2613.324786324786,45.8034188034188,39.95720720720721,32.925294117647056
39.95675675675676,33.112941176470585,7,0.0,0.0,39.95720720720721,33.1135294117647
39.957657657657656,32.60823529411764,35,47772.5490905449,48.69092416309726,39.95810810810811,32.60882352941176
39.957657657657656,32.718823529411765,2,1955.3760683760684,52.65384615384615,39.95810810810811,32.71941176470588
39.957657657657656,32.72588235294118,4,1075.1009834913946,23.967553565156305,39.95810810810811,32.726470588235294
39.957657657657656,32.72705882352941,3,0.0,0.0,39.95810810810811,32.72764705882353
39.957657657657656,32.779999999999994,2,2253.273631840796,45.21890547263681,39.95810810810811,32.78058823529411
39.957657657657656,32.78941176470588,3,347.1752136752137,8.54985754985755,39.95810810810811,32.79
39.957657657657656,32.80470588235294,5,1917.6880341880342,11.019658119658121,39.95810810810811,32.80529411764706
39.957657657657656,32.81647058823529,10,13161.708837951255,37.864307039725915,39.95810810810811,32.81705882352941
39.957657657657656,32.82941176470588,1,432.4316239316239,27.89316239316239,39.95810810810811,32.83
39.957657657657656,32.83764705882353,2,324.1752136752137,8.487179487179487,39.95810810810811,32.838235294117645
39.957657657657656,32.85647058823529,12,10156.27771583478,43.83949621387588,39.95810810810811,32.85705882352941
39.957657657657656,32.86,3,6466.038461538462,42.0940170940171,39.95810810810811,32.86058823529412
39.957657657657656,32.86588235294117,10,10093.478600971048,29.762031132567007,39.95810810810811,32.86647058823529
39.957657657657656,32.87176470588235,5,9960.201492537313,50.0071947952545,39.95810810810811,32.872352941176466
39.957657657657656,32.87529411764706,6,9960.201492537313,41.672662329378745,39.95810810810811,32.875882352941176
39.957657657657656,32.879999999999995,12,19920.402985074626,41.672662329378745,39.95810810810811,32.88058823529411
39.957657657657656,32.885882352941174,9,10109.594527363184,34.14274779946422,39.95810810810811,32.88647058823529
39.957657657657656,32.892941176470586,2,9197.73076923077,83.71581196581197,39.95810810810811,32.8935294117647
39.957657657657656,32.9035294117647,15,36544.47063757577,43.571850814915756,39.95810810810811,32.90411764705882
39.957657657657656,32.93058823529412,15,17411.20235088,45.226021252768284,39.95810810810811,32.931176470588234
39.957657657657656,32.97529411764705,5,17547.71916971917,40.8003663003663,39.95810810810811,32.97588235294117
39.95855855855856,32.56588235294117,7,6610.261194029851,35.49862409563902,39.95900900900901,32.56647058823529
39.95855855855856,32.569411764705876,2,5187.880341880342,68.84615384615384,39.95900900900901,32.56999999999999
39.95855855855856,32.57764705882353,39,64063.915834353604,48.393072097711816,39.95900900900901,32.57823529411765
39.95855855855856,32.588235294117645,1,191.47863247863248,34.34188034188034,39.95900900900901,32.58882352941176
39.95855855855856,32.59058823529411,8,18155.62393162393,50.001068376068375,39.95900900900901,32.59117647058823
39.95855855855856,32.59529411764706,16,29912.88739510889,50.19195096521169,39.95900900900901,32.595882352941175
39.95855855855856,32.665882352941175,1,0.0,0.0,39.95900900900901,32.66647058823529
39.95855855855856,32.68588235294117,52,61813.72933363396,41.9954669574538,39.95900900900901,32.68647058823529
39.95855855855856,32.69764705882353,3,1935.1175213675212,53.57051282051282,39.95900900900901,32.698235294117644
39.95855855855856,32.703529411764706,2,1955.3760683760684,52.65384615384615,39.95900900900901,32.70411764705882
39.95855855855856,32.72,7,4808.758160814867,51.34683797397601,39.95900900900901,32.720588235294116
39.95855855855856,32.72705882352941,8,4070.5050031269543,31.533289034813425,39.95900900900901,32.72764705882353
39.95855855855856,32.72941176470588,3,971.2078210982321,24.607735237872223,39.95900900900901,32.73
39.95855855855856,32.75411764705882,1,32.055,9.09,39.95900900900901,32.75470588235294
39.95855855855856,32.75647058823529,1,264.5621890547264,37.039800995024876,39.95900900900901,32.757058823529405
39.95855855855856,32.77058823529411,3,343.7695061278971,26.194161307284716,39.95900900900901,32.77117647058823
39.95855855855856,32.81058823529411,13,20779.915155305396,36.34093423774475,39.95900900900901,32.81117647058823
39.95855855855856,32.81647058823529,7,11742.274755055243,25.488125018612823,39.95900900900901,32.81705882352941
39.95855855855856,32.832941176470584,1,432.4316239316239,27.89316239316239,39.95900900900901,32.8335294117647
39.95855855855856,32.83529411764706,8,1843.5671444497532,22.00382027392897,39.95900900900901,32.83588235294118
39.95855855855856,32.836470588235294,1,432.4316239316239,27.89316239316239,39.95900900900901,32.83705882352941
39.95855855855856,32.864705882352936,8,10242.871635796919,44.358633443071945,39.95900900900901,32.86529411764705
39.95855855855856,32.87411764705882,8,10109.594527363184,38.41059127439725,39.95900900900901,32.874705882352934
39.95855855855856,32.87529411764706,1,0.0,0.0,39.95900900900901,32.875882352941176
39.95855855855856,32.87647058823529,51,71023.40702158789,32.65513685489372,39.95900900900901,32.87705882352941
39.95855855855856,32.87764705882353,8,10109.594527363184,38.41059127439725,39.95900900900901,32.878235294117644
39.95855855855856,32.88117647058823,1,0.0,0.0,39.95900900900901,32.88176470588235
39.95855855855856,32.883529411764705,4,1771.5042735042734,18.521367521367523,39.95900900900901,32.88411764705882
39.95855855855856,32.89647058823529,1,96.59701492537313,36.95522388059702,39.95900900900901,32.897058823529406
39.95855855855856,32.90117647058823,3,121.18283582089552,28.130394774096995,39.95900900900901,32.90176470588235
39.95855855855856,32.92235294117647,5,4990.85968569751,49.22735645708856,39.95900900900901,32.92294117647059
39.95855855855856,32.923529411764704,4,4900.426849876614,45.81902144200747,39.95900900900901,32.92411764705882
39.95855855855856,32.945882352941176,4,5226.649572649572,45.8034188034188,39.95900900900901,32.94647058823529
39.95855855855856,32.94705882352941,11,12505.30526852915,45.333553676837255,39.95900900900901,32.94764705882353
39.95945945945946,32.56705882352941,2,5187.880341880342,68.84615384615384,39.95990990990991,32.567647058823525
39.95945945945946,32.569411764705876,5,6022.197091465749,43.03226176808266,39.95990990990991,32.56999999999999
39.95945945945946,32.58588235294118,11,20799.26490514905,50.519093372751904,39.95990990990991,32.586470588235294
39.95945945945946,32.58705882352941,13,10615.879480962676,42.40234299164685,39.95990990990991,32.58764705882353
39.95945945945946,32.59647058823529,9,18522.094017094016,67.13105413105413,39.95990990990991,32.59705882352941
39.95945945945946,32.603529411764704,31,42656.92675504907,48.77552147107641,39.95990990990991,32.60411764705882
39.95945945945946,32.60705882352941,1,126.53658536585365,82.6219512195122,39.95990990990991,32.607647058823524
39.95945945945946,32.70941176470588,2,1955.3760683760684,52.65384615384615,39.95990990990991,32.709999999999994
39.95945945945946,32.712941176470586,2,1955.3760683760684,52.65384615384615,39.95990990990991,32.7135294117647
39.95945945945946,32.7235294117647,3,3976.7478632478633,60.22649572649573,39.95990990990991,32.72411764705882
39.95945945945946,32.73529411764706,1,1155.008547008547,46.71367521367522,39.95990990990991,32.735882352941175
39.95945945945946,32.737647058823526,2,1258.9017094017095,34.38034188034188,39.95990990990991,32.73823529411764
39.95945945945946,32.74117647058823,2,1258.9017094017095,34.38034188034188,39.95990990990991,32.741764705882346
39.95945945945946,32.74470588235294,2,1258.9017094017095,34.38034188034188,39.95990990990991,32.745294117647056
39.95945945945946,32.75411764705882,1,32.055,9.09,39.95990990990991,32.75470588235294
39.95945945945946,32.755294117647054,1,32.055,9.09,39.95990990990991,32.75588235294117
39.95945945945946,32.75764705882353,1,264.5621890547264,37.039800995024876,39.95990990990991,32.75823529411765
39.95945945945946,32.783529411764704,14,4645.200160071379,17.950525142161435,39.95990990990991,32.78411764705882
39.95945945945946,32.802352941176466,2,6471.205128205128,37.480769230769226,39.95990990990991,32.80294117647058
39.95945945945946,32.805882352941175,2,6471.205128205128,37.480769230769226,39.95990990990991,32.80647058823529
39.95945945945946,32.81882352941176,6,15266.373358348968,43.84836877214926,39.95990990990991,32.819411764705876
39.95945945945946,32.827058823529406,4,1098.5543239369326,38.74054653076392,39.95990990990991,32.82764705882352
39.95945945945946,32.830588235294115,2,324.1752136752137,8.487179487179487,39.95990990990991,32.83117647058823
39.95945945945946,32.832941176470584,8,2054.474358974359,7.227564102564102,39.95990990990991,32.8335294117647
39.95945945945946,32.83882352941176,2,324.1752136752137,8.487179487179487,39.95990990990991,32.83941176470588
39.95945945945946,32.86,32,62494.580289041245,37.58274133020163,39.95990990990991,32.86058823529412
39.95945945945946,32.88117647058823,1,0.0,0.0,39.95990990990991,32.88176470588235
39.95945945945946,32.89411764705882,3,9294.327784156143,68.1289492707403,39.95990990990991,32.89470588235294
39.95945945945946,32.895294117647055,8,18516.644374282434,52.40680402319236,39.95990990990991,32.89588235294117
39.95945945945946,32.92470588235294,5,4990.85968569751,49.22735645708856,39.95990990990991,32.925294117647056
39.95945945945946,32.92588235294117,5,4990.85968569751,49.22735645708856,39.95990990990991,32.92647058823529
39.95945945945946,32.93058823529412,1,1306.662393162393,45.8034188034188,39.95990990990991,32.931176470588234
39.95945945945946,32.93764705882353,1,1306.662393162393,45.8034188034188,39.95990990990991,32.938235294117646
39.95945945945946,32.976470588235294,2,502.3174603174603,30.626984126984127,39.95990990990991,32.97705882352941
39.95945945945946,32.98,3,8857.081807081808,38.72751322751323,39.95990990990991,32.980588235294114
39.95945945945946,32.982352941176465,7,27870.489941630185,54.41677834360762,39.95990990990991,32.98294117647058
39.95945945945946,33.190588235294115,5,1813.9529914529912,26.97435897435897,39.95990990990991,33.19117647058823
39.96036036036036,32.56470588235294,19,14139.789877458552,29.45421361559599,39.96081081081081,32.565294117647056
39.96036036036036,32.58588235294118,12,10424.400848484043,43.074048212460724,39.96081081081081,32.586470588235294
39.96036036036036,32.59176470588235,9,20416.307640191786,54.114029601834474,39.96081081081081,32.592352941176465
39.96036036036036,32.599999999999994,30,37723.90080509541,46.15871437604885,39.96081081081081,32.60058823529411
39.96036036036036,32.68588235294117,42,58699.448319734416,45.579846270649355,39.96081081081081,32.68647058823529
39.96036036036036,32.69176470588235,3,1935.1175213675212,53.57051282051282,39.96081081081081,32.692352941176466
39.96036036036036,32.73176470588235,3,971.2078210982321,24.607735237872223,39.96081081081081,32.732352941176465
39.96036036036036,32.74470588235294,2,1258.9017094017095,34.38034188034188,39.96081081081081,32.745294117647056
39.96036036036036,32.74705882352941,1,1155.008547008547,46.71367521367522,39.96081081081081,32.747647058823524
39.96036036036036,32.74823529411764,1,1155.008547008547,46.71367521367522,39.96081081081081,32.74882352941176
39.96036036036036,32.78235294117647,2,125.02439024390245,17.847560975609756,39.96081081081081,32.78294117647059
39.96036036036036,32.8,2,18.918803418803417,3.7051282051282053,39.96081081081081,32.800588235294114
39.96036036036036,32.80705882352941,1,802.4304347826087,48.33913043478261,39.96081081081081,32.80764705882353
39.96036036036036,32.81294117647059,8,7429.05586825099,27.719850948509485,39.96081081081081,32.813529411764705
39.96036036036036,32.81411764705882,3,1425.042735042735,10.427350427350428,39.96081081081081,32.81470588235294
39.96036036036036,32.88117647058823,7,3543.008547008547,21.167277167277167,39.96081081081081,32.88176470588235
39.96036036036036,32.889411764705876,3,9294.327784156143,68.1289492707403,39.96081081081081,32.88999999999999
39.96036036036036,32.89058823529412,3,9294.327784156143,68.1289492707403,39.96081081081081,32.891176470588235
39.96036036036036,32.89764705882352,3,121.18283582089552,28.130394774096995,39.96081081081081,32.89823529411764
39.96036036036036,32.90235294117647,3,1771.5042735042734,24.695156695156697,39.96081081081081,32.902941176470584
39.96036036036036,32.904705882352935,30,73636.65035171992,47.05151853323473,39.96081081081081,32.90529411764705
39.96036036036036,32.90588235294118,11,35965.45454248458,53.40595412555733,39.96081081081081,32.906470588235294
39.96036036036036,32.91294117647058,7,18339.8040317487,51.4441981995677,39.96081081081081,32.9135294117647
39.96036036036036,32.91647058823529,11,35965.45454248458,53.40595412555733,39.96081081081081,32.91705882352941
39.96036036036036,32.92823529411764,4,4900.426849876614,45.81902144200747,39.96081081081081,32.92882352941176
39.96036036036036,32.970588235294116,2,8605.923076923078,42.77777777777778,39.96081081081081,32.97117647058823
39.96036036036036,33.099999999999994,16,3705.5455221107395,14.1067911557042,39.96081081081081,33.10058823529411
39.961261261261264,32.584705882352935,11,9976.182899766096,42.62895391631302,39.961711711711715,32.58529411764705
39.961261261261264,32.59647058823529,8,7742.791282013031,43.26590318060026,39.961711711711715,32.59705882352941
39.961261261261264,32.597647058823526,16,18959.95310190046,41.95979975060865,39.961711711711715,32.59823529411764
39.961261261261264,32.70117647058823,2,238.4188034188034,20.743589743589745,39.961711711711715,32.70176470588235
39.961261261261264,32.703529411764706,2,1955.3760683760684,52.65384615384615,39.961711711711715,32.70411764705882
39.961261261261264,32.70823529411764,2,1955.3760683760684,52.65384615384615,39.961711711711715,32.70882352941176
39.961261261261264,32.724705882352936,3,0.0,0.0,39.961711711711715,32.72529411764705
39.961261261261264,32.730588235294114,4,1075.1009834913946,23.967553565156305,39.961711711711715,32.73117647058823
39.961261261261264,32.73294117647058,1,103.8931623931624,22.04700854700855,39.961711711711715,32.7335294117647
39.961261261261264,32.74823529411764,1,0.0,0.0,39.961711711711715,32.74882352941176
39.961261261261264,32.758823529411764,3,264.5621890547264,12.346600331674958,39.961711711711715,32.75941176470588
39.961261261261264,32.76235294117647,2,0.0,0.0,39.961711711711715,32.762941176470584
39.961261261261264,32.76941176470588,5,102.9939024390244,15.089024390243901,39.961711711711715,32.769999999999996
39.961261261261264,32.781176470588235,1,1126.636815920398,45.21890547263681,39.961711711711715,32.78176470588235
39.961261261261264,32.8,1,11.956521739130435,8.478260869565217,39.961711711711715,32.800588235294114
39.961261261261264,32.8035294117647,4,6471.205128205128,18.740384615384613,39.961711711711715,32.80411764705882
39.961261261261264,32.80705882352941,3,7564.501895206243,46.80443453486932,39.961711711711715,32.80764705882353
39.961261261261264,32.815294117647056,9,3164.6153846153843,24.840455840455842,39.961711711711715,32.81588235294117
39.961261261261264,32.817647058823525,12,30532.746716697937,43.84836877214926,39.961711711711715,32.81823529411764
39.961261261261264,32.82823529411765,5,1730.2991452991453,8.169230769230769,39.961711711711715,32.828823529411764
39.961261261261264,32.830588235294115,2,1406.1239316239316,11.935897435897436,39.961711711711715,32.83117647058823
39.961261261261264,32.85411764705882,7,10976.44237565952,43.18206511635707,39.961711711711715,32.85470588235294
39.961261261261264,32.87411764705882,4,1771.5042735042734,18.521367521367523,39.961711711711715,32.874705882352934
39.961261261261264,32.87882352941176,7,3543.008547008547,21.167277167277167,39.961711711711715,32.87941176470588
39.961261261261264,32.885882352941174,9,5314.51282051282,24.695156695156694,39.961711711711715,32.88647058823529
39.961261261261264,32.904705882352935,18,37188.77672906952,44.16238986966126,39.961711711711715,32.90529411764705
39.961261261261264,32.91294117647058,4,17625.650510735875,56.839026996039195,39.961711711711715,32.9135294117647
39.961261261261264,32.917647058823526,11,35965.45454248458,53.40595412555733,39.961711711711715,32.91823529411764
39.961261261261264,32.923529411764704,22,71930.90908496916,53.40595412555733,39.961711711711715,32.92411764705882
39.961261261261264,32.935294117647054,20,45856.7410780587,50.84391817173017,39.961711711711715,32.93588235294117
39.961261261261264,32.948235294117644,11,12505.30526852915,45.333553676837255,39.961711711711715,32.94882352941176
39.961261261261264,32.94941176470588,2,790.4756097560976,56.609756097560975,39.961711711711715,32.949999999999996
39.961261261261264,32.95529411764706,2,790.4756097560976,56.609756097560975,39.961711711711715,32.955882352941174
39.961261261261264,32.96235294117647,5,9647.557416837906,45.88041037553232,39.961711711711715,32.962941176470586
39.961261261261264,32.97764705882353,1,251.15873015873015,30.626984126984127,39.961711711711715,32.978235294117646
39.961261261261264,32.98,1,251.15873015873015,30.626984126984127,39.961711711711715,32.980588235294114
39.961261261261264,32.982352941176465,22,57391.53881890467,48.172105677156644,39.961711711711715,32.98294117647058
39.962162162162166,32.578823529411764,3,319.45468594623424,25.09101260252132,39.96261261261262,32.57941176470588
39.962162162162166,32.58705882352941,22,26702.744383913494,46.24927370247912,39.96261261261262,32.58764705882353
39.962162162162166,32.59176470588235,22,26702.744383913494,46.24927370247912,39.96261261261262,32.592352941176465
39.962162162162166,32.65882352941176,88,114906.71751136195,45.32727896785953,39.96261261261262,32.65941176470588
39.962162162162166,32.662352941176465,88,114906.71751136195,45.32727896785953,39.96261261261262,32.66294117647058
39.962162162162166,32.663529411764706,36,55723.67810949808,49.98250300342616,39.96261261261262,32.66411764705882
39.962162162162166,32.68941176470588,3,1935.1175213675212,53.57051282051282,39.96261261261262,32.69
39.962162162162166,32.69764705882353,2,3073.3162393162393,64.21794871794872,39.96261261261262,32.698235294117644
39.962162162162166,32.72117647058823,9,4874.227673009988,50.247405145070765,39.96261261261262,32.72176470588235
39.962162162162166,32.724705882352936,1,1889.5213675213674,73.61111111111111,39.96261261261262,32.72529411764705
39.962162162162166,32.72588235294118,2,2087.2264957264956,53.534188034188034,39.96261261261262,32.726470588235294
39.962162162162166,32.737647058823526,1,6805.811965811966,87.2051282051282,39.96261261261262,32.73823529411764
39.962162162162166,32.74705882352941,1,1155.008547008547,46.71367521367522,39.96261261261262,32.747647058823524
39.962162162162166,32.75058823529412,12,64.11,1.515,39.96261261261262,32.751176470588234
39.962162162162166,32.758823529411764,2,0.0,0.0,39.96261261261262,32.75941176470588
39.962162162162166,32.77058823529411,2,0.0,0.0,39.96261261261262,32.77117647058823
39.962162162162166,32.77647058823529,3,305.43469877006464,27.50972830241123,39.96261261261262,32.77705882352941
39.962162162162166,32.80470588235294,1,5959.641025641025,43.73504273504273,39.96261261261262,32.80529411764706
39.962162162162166,32.80941176470588,5,5997.478632478632,11.711111111111112,39.96261261261262,32.809999999999995
39.962162162162166,32.817647058823525,6,15266.373358348968,43.84836877214926,39.96261261261262,32.81823529411764
39.962162162162166,32.821176470588235,2,2812.2478632478633,23.871794871794872,39.96261261261262,32.82176470588235
39.962162162162166,32.868235294117646,95,136785.0772780733,29.13167948802469,39.96261261261262,32.86882352941176
39.962162162162166,32.87411764705882,3,1771.5042735042734,24.695156695156697,39.96261261261262,32.874705882352934
39.962162162162166,32.879999999999995,4,1771.5042735042734,18.521367521367523,39.96261261261262,32.88058823529411
39.962162162162166,32.89647058823529,4,9197.73076923077,41.85790598290598,39.96261261261262,32.897058823529406
39.962162162162166,32.904705882352935,1,0.0,0.0,39.96261261261262,32.90529411764705
39.962162162162166,32.90588235294118,14,19386.613391652914,44.324269112544165,39.96261261261262,32.906470588235294
39.962162162162166,32.90941176470588,3,9225.51343101343,38.65059015059015,39.96261261261262,32.91
39.962162162162166,32.91529411764706,4,18118.13797313797,43.79426129426129,39.96261261261262,32.915882352941175
39.962162162162166,32.92470588235294,3,9225.51343101343,38.65059015059015,39.96261261261262,32.925294117647056
39.962162162162166,32.92823529411764,20,45856.7410780587,50.84391817173017,39.96261261261262,32.92882352941176
39.962162162162166,32.95058823529411,11,10682.456091960461,47.29834227577219,39.96261261261262,32.95117647058823
39.962162162162166,32.95294117647059,2,790.4756097560976,56.609756097560975,39.96261261261262,32.953529411764706
39.962162162162166,32.95647058823529,2,4524.765567765568,43.62332112332112,39.96261261261262,32.95705882352941
39.962162162162166,32.970588235294116,3,25318.4358974359,57.1923076923077,39.96261261261262,32.97117647058823
39.96306306306306,32.57176470588235,11,12122.942375702582,41.673907193328155,39.96351351351351,32.57235294117647
39.96306306306306,32.578823529411764,27,32171.61018718765,38.811236651067034,39.96351351351351,32.57941176470588
39.96306306306306,32.584705882352935,17,21193.344719653523,46.71459197908115,39.96351351351351,32.58529411764705
39.96306306306306,32.60823529411764,4,872.3247863247864,20.871794871794872,39.96351351351351,32.60882352941176
39.96306306306306,32.612941176470585,12,7435.2209714404835,36.87915190049336,39.96351351351351,32.6135294117647
39.96306306306306,32.650588235294116,90,116624.97392161835,45.41943630133729,39.96351351351351,32.65117647058823
39.96306306306306,32.66470588235294,9,11520.487700646237,40.71952119505748,39.96351351351351,32.66529411764706
39.96306306306306,32.67411764705882,30,48150.9651927906,51.36026619878862,39.96351351351351,32.67470588235294
39.96306306306306,32.688235294117646,3,1935.1175213675212,53.57051282051282,39.96351351351351,32.68882352941176
39.96306306306306,32.703529411764706,2,1655.8675213675212,42.480769230769226,39.96351351351351,32.70411764705882
39.96306306306306,32.739999999999995,3,1075.1009834913946,31.956738086875074,39.96351351351351,32.74058823529411
39.96306306306306,32.74235294117647,3,1075.1009834913946,31.956738086875074,39.96351351351351,32.74294117647059
39.96306306306306,32.74705882352941,1,1155.008547008547,46.71367521367522,39.96351351351351,32.747647058823524
39.96306306306306,32.75411764705882,12,64.11,1.515,39.96351351351351,32.75470588235294
39.96306306306306,32.77294117647059,3,592.4181780279341,22.57026961295254,39.96351351351351,32.773529411764706
39.96306306306306,32.77647058823529,9,708.0157390035439,25.57965626664814,39.96351351351351,32.77705882352941
39.96306306306306,32.805882352941175,2,0.0,0.0,39.96351351351351,32.80647058823529
39.96306306306306,32.808235294117644,3,12721.71248606466,45.26973863495602,39.96351351351351,32.80882352941176
39.96306306306306,32.821176470588235,4,1098.5543239369326,38.74054653076392,39.96351351351351,32.82176470588235
39.96306306306306,32.842352941176465,24,58592.46627783669,44.19554476982896,39.96351351351351,32.84294117647058
39.96306306306306,32.87176470588235,7,3543.008547008547,21.167277167277167,39.96351351351351,32.872352941176466
39.96306306306306,32.88705882352941,3,1771.5042735042734,24.695156695156697,39.96351351351351,32.887647058823525
39.96306306306306,32.89764705882352,12,34086.22222222222,39.982193732193736,39.96351351351351,32.89823529411764
39.96306306306306,32.90588235294118,4,790.4756097560976,28.304878048780488,39.96351351351351,32.906470588235294
39.96306306306306,32.908235294117645,5,9298.068890948409,50.73202553804963,39.96351351351351,32.90882352941176
39.96306306306306,32.91411764705882,3,9225.51343101343,38.65059015059015,39.96351351351351,32.91470588235294
39.96306306306306,32.942352941176466,12,23330.66371744621,50.520514140201385,39.96351351351351,32.94294117647058
39.96306306306306,32.9435294117647,8,22526.077360612493,51.32902421902333,39.96351351351351,32.94411764705882
39.96306306306306,32.96235294117647,6,26071.91208791209,43.90964590964591,39.96351351351351,32.962941176470586
39.96306306306306,32.970588235294116,2,8605.923076923078,42.77777777777778,39.96351351351351,32.97117647058823
39.96306306306306,32.98117647058823,2,502.3174603174603,30.626984126984127,39.96351351351351,32.98176470588235
39.96306306306306,32.982352941176465,19,56849.48965127014,49.878147140414114,39.96351351351351,32.98294117647058
39.96396396396396,32.57411764705882,11,12122.942375702582,41.673907193328155,39.964414414414414,32.57470588235294
39.96396396396396,32.5835294117647,28,37696.161469238934,42.93763631890134,39.964414414414414,32.58411764705882
39.96396396396396,32.603529411764704,18,18158.109669447018,49.932459181455165,39.964414414414414,32.60411764705882
39.96396396396396,32.6435294117647,41,55279.687275470096,45.81190497023796,39.964414414414414,32.64411764705882
39.96396396396396,32.675294117647056,11,3041.8376953624847,24.084632309356106,39.964414414414414,32.67588235294117
39.96396396396396,32.69294117647058,3,1935.1175213675212,53.57051282051282,39.964414414414414,32.6935294117647
39.96396396396396,32.70117647058823,1,0.0,0.0,39.964414414414414,32.70176470588235
39.96396396396396,32.702352941176464,1,1536.6581196581196,64.21794871794872,39.964414414414414,32.70294117647058
39.96396396396396,32.70470588235294,5,3192.525641025641,29.835897435897436,39.964414414414414,32.70529411764706
39.96396396396396,32.73294117647058,8,2150.201966982789,23.967553565156305,39.964414414414414,32.7335294117647
39.96396396396396,32.73882352941176,2,1258.9017094017095,34.38034188034188,39.964414414414414,32.73941176470588
39.96396396396396,32.781176470588235,3,1488.6717856931728,30.667541487890958,39.964414414414414,32.78176470588235
39.96396396396396,32.79882352941176,2,18.918803418803417,3.7051282051282053,39.964414414414414,32.79941176470588
39.96396396396396,32.8035294117647,2,18.918803418803417,3.7051282051282053,39.964414414414414,32.80411764705882
39.96396396396396,32.817647058823525,15,31744.322896556725,38.55131981643116,39.964414414414414,32.81823529411764
39.96396396396396,32.82470588235294,2,2812.2478632478633,23.871794871794872,39.964414414414414,32.825294117647054
39.96396396396396,32.82941176470588,21,54298.75891181989,37.52891688257542,39.964414414414414,32.83
39.96396396396396,32.839999999999996,50,120167.68004158704,45.600117832969374,39.964414414414414,32.84058823529411
39.96396396396396,32.84117647058823,25,58652.769919189115,44.356421377246406,39.964414414414414,32.84176470588235
39.96396396396396,32.84941176470588,4,3280.5470085470088,27.923076923076923,39.964414414414414,32.849999999999994
39.96396396396396,32.898823529411764,7,24089.299145299145,60.873015873015866,39.964414414414414,32.89941176470588
39.96396396396396,32.90117647058823,2,382.95726495726495,34.34188034188034,39.964414414414414,32.90176470588235
39.96396396396396,32.908235294117645,5,9298.068890948409,50.73202553804963,39.964414414414414,32.90882352941176
39.96396396396396,32.91529411764706,14,19653.167608520387,51.12203159102954,39.964414414414414,32.915882352941175
39.96396396396396,32.92588235294117,6,27177.206959706957,43.7942612942613,39.964414414414414,32.92647058823529
39.96396396396396,32.92823529411764,3,9225.51343101343,38.65059015059015,39.964414414414414,32.92882352941176
39.96396396396396,32.932941176470585,3,9225.51343101343,38.65059015059015,39.964414414414414,32.9335294117647
39.96396396396396,32.94470588235294,40,91713.4821561174,50.84391817173017,39.964414414414414,32.94529411764706
39.96396396396396,32.945882352941176,1,251.15873015873015,30.626984126984127,39.964414414414414,32.94647058823529
39.96396396396396,32.95058823529411,7,42530.282051282054,48.95543345543346,39.964414414414414,32.95117647058823
39.96396396396396,32.961176470588235,9,19519.91456714018,48.19930032328406,39.964414414414414,32.96176470588235
39.96396396396396,32.97529411764705,2,502.3174603174603,30.626984126984127,39.964414414414414,32.97588235294117
39.96396396396396,32.99411764705882,2,515.8589743589744,40.02184589871157,39.964414414414414,32.99470588235294
39.96396396396396,33.11764705882353,2,0.0,0.0,39.964414414414414,33.118235294117646
39.964864864864865,32.58588235294118,8,8860.973638142314,53.5650422201627,39.965315315315316,32.586470588235294
39.964864864864865,32.59647058823529,22,27906.408814746166,55.70581159135375,39.965315315315316,32.59705882352941
39.964864864864865,32.597647058823526,16,17721.947276284627,53.5650422201627,39.965315315315316,32.59823529411764
39.964864864864865,32.63411764705882,43,52888.634008078785,44.28466568662614,39.965315315315316,32.63470588235294
39.964864864864865,32.6435294117647,47,59627.03023589185,44.904520114720896,39.965315315315316,32.64411764705882
39.964864864864865,32.647058823529406,86,114582.71751136195,45.93468184562648,39.965315315315316,32.64764705882352
39.964864864864865,32.69411764705882,3,1935.1175213675212,53.57051282051282,39.965315315315316,32.694705882352935
39.964864864864865,32.705882352941174,3,1655.8675213675212,28.320512820512818,39.965315315315316,32.70647058823529
39.964864864864865,32.7235294117647,2,2087.2264957264956,53.534188034188034,39.965315315315316,32.72411764705882
39.964864864864865,32.72588235294118,1,1889.5213675213674,73.61111111111111,39.965315315315316,32.726470588235294
39.964864864864865,32.73647058823529,7,663.5487697966348,16.525610833082286,39.965315315315316,32.73705882352941
39.964864864864865,32.73882352941176,6,2150.201966982789,31.956738086875074,39.965315315315316,32.73941176470588
39.964864864864865,32.79411764705882,6,713.2692307692307,9.784900284900285,39.965315315315316,32.794705882352936
39.964864864864865,32.79764705882353,2,18.918803418803417,3.7051282051282053,39.965315315315316,32.798235294117646
39.964864864864865,32.802352941176466,6,2109.74358974359,24.840455840455842,39.965315315315316,32.80294117647058
39.964864864864865,32.81294117647059,12,4219.48717948718,24.840455840455842,39.965315315315316,32.813529411764705
39.964864864864865,32.82470588235294,9,2828.853469236078,21.756482218801057,39.965315315315316,32.825294117647054
39.964864864864865,32.843529411764706,30,71703.27657166682,45.13197732709928,39.965315315315316,32.84411764705882
39.964864864864865,32.86235294117647,18,23722.029519477433,25.675436729555642,39.965315315315316,32.862941176470585
39.964864864864865,32.86705882352941,6,1793.3037314988535,18.940535751511362,39.965315315315316,32.86764705882353
39.964864864864865,32.86941176470588,6,1793.3037314988535,18.940535751511362,39.965315315315316,32.87
39.964864864864865,32.89647058823529,4,15690.760683760684,36.23076923076923,39.965315315315316,32.897058823529406
39.964864864864865,32.923529411764704,2,9059.068986568986,43.79426129426129,39.965315315315316,32.92411764705882
39.964864864864865,32.94117647058823,1,4273.606837606838,56.61965811965812,39.965315315315316,32.94176470588235
39.964864864864865,32.948235294117644,5,13654.007673483738,49.21290669852738,39.965315315315316,32.94882352941176
39.964864864864865,32.957647058823525,2,8605.923076923078,42.77777777777778,39.965315315315316,32.95823529411764
39.964864864864865,32.961176470588235,4,10456.656608296853,59.600088597039814,39.965315315315316,32.96176470588235
39.964864864864865,33.15882352941176,33,10281.41861761427,17.447096381878993,39.965315315315316,33.15941176470588
39.96576576576577,32.59058823529411,20,15074.971475646174,48.85534960354237,39.96621621621622,32.59117647058823
39.96576576576577,32.59176470588235,3,5092.2307692307695,61.41452991452991,39.96621621621622,32.592352941176465
39.96576576576577,32.60235294117647,16,17721.947276284627,53.5650422201627,39.96621621621622,32.60294117647059
39.96576576576577,32.61176470588235,2,436.1623931623932,20.871794871794872,39.96621621621622,32.61235294117647
39.96576576576577,32.612941176470585,4,872.3247863247864,20.871794871794872,39.96621621621622,32.6135294117647
39.96576576576577,32.66,7,10915.31623931624,42.252747252747255,39.96621621621622,32.660588235294114
39.96576576576577,32.662352941176465,10,12396.060871377944,41.34452029506393,39.96621621621622,32.66294117647058
39.96576576576577,32.69764705882353,2,1536.6581196581196,32.10897435897436,39.96621621621622,32.698235294117644
39.96576576576577,32.703529411764706,1,1536.6581196581196,64.21794871794872,39.96621621621622,32.70411764705882
39.96576576576577,32.705882352941174,2,1536.6581196581196,32.10897435897436,39.96621621621622,32.70647058823529
39.96576576576577,32.72,7,4808.758160814867,51.34683797397601,39.96621621621622,32.720588235294116
39.96576576576577,32.7235294117647,3,0.0,0.0,39.96621621621622,32.72411764705882
39.96576576576577,32.76941176470588,1,264.95299145299145,24.931623931623932,39.96621621621622,32.769999999999996
39.96576576576577,32.77058823529411,6,317.3414634146342,34.980691056910565,39.96621621621622,32.77117647058823
39.96576576576577,32.77176470588235,2,288.73957681884514,29.41703147800709,39.96621621621622,32.772352941176464
39.96576576576577,32.77529411764706,3,342.32494267250365,21.304443749565703,39.96621621621622,32.775882352941174
39.96576576576577,32.78235294117647,3,1488.6717856931728,30.667541487890958,39.96621621621622,32.78294117647059
39.96576576576577,32.79176470588235,5,7666.498540754638,21.244152595372107,39.96621621621622,32.79235294117647
39.96576576576577,32.79529411764705,4,37.837606837606835,3.7051282051282053,39.96621621621622,32.79588235294117
39.96576576576577,32.8,4,1857.3022296544036,30.715124489037535,39.96621621621622,32.800588235294114
39.96576576576577,32.80470588235294,4,1857.3022296544036,30.715124489037535,39.96621621621622,32.80529411764706
39.96576576576577,32.808235294117644,3,1054.871794871795,24.840455840455842,39.96621621621622,32.80882352941176
39.96576576576577,32.81647058823529,6,15266.373358348968,43.84836877214926,39.96621621621622,32.81705882352941
39.96576576576577,32.85647058823529,8,11101.604768821915,40.223409540915,39.96621621621622,32.85705882352941
39.96576576576577,32.857647058823524,8,12746.719791443034,40.39253709952427,39.96621621621622,32.85823529411764
39.96576576576577,32.88117647058823,1,0.0,0.0,39.96621621621622,32.88176470588235
39.96576576576577,32.88470588235294,3,1771.5042735042734,24.695156695156697,39.96621621621622,32.88529411764706
39.96576576576577,32.90235294117647,12,34086.22222222222,39.982193732193736,39.96621621621622,32.902941176470584
39.96576576576577,32.90941176470588,2,790.4756097560976,56.609756097560975,39.96621621621622,32.91
39.96576576576577,32.910588235294114,6,9693.306695826457,51.71164729796819,39.96621621621622,32.91117647058823
39.96576576576577,32.91176470588235,6,9693.306695826457,51.71164729796819,39.96621621621622,32.912352941176465
39.96576576576577,32.91294117647058,2,0.0,0.0,39.96621621621622,32.9135294117647
39.96576576576577,32.935294117647054,3,9310.227716727717,39.4051689051689,39.96621621621622,32.93588235294117
39.96576576576577,32.94117647058823,1,8807.910256410256,56.96153846153846,39.96621621621622,32.94176470588235
39.96576576576577,32.967058823529406,2,8605.923076923078,42.77777777777778,39.96621621621622,32.96764705882352
39.96576576576577,32.982352941176465,18,56386.90389826975,52.071021577194976,39.96621621621622,32.98294117647058
39.96576576576577,33.10470588235294,7,1852.7727610553698,16.122047035090514,39.96621621621622,33.105294117647055
39.96576576576577,33.13176470588235,6,1852.7727610553698,18.809054874272267,39.96621621621622,33.132352941176464
39.96576576576577,33.13294117647059,6,1852.7727610553698,18.809054874272267,39.96621621621622,33.133529411764705
39.96576576576577,33.147058823529406,12,3705.5455221107395,18.809054874272267,39.96621621621622,33.14764705882352
39.96666666666667,32.58588235294118,16,17721.947276284627,53.5650422201627,39.96711711711712,32.586470588235294
39.96666666666667,32.59647058823529,10,7537.485737823087,48.85534960354237,39.96711711711712,32.59705882352941
39.96666666666667,32.601176470588236,2,436.1623931623932,20.871794871794872,39.96711711711712,32.60176470588235
39.96666666666667,32.63529411764706,11,12633.265595126262,47.55491273475064,39.96711711711712,32.635882352941174
39.96666666666667,32.63647058823529,15,17173.41516535184,48.162866391561664,39.96711711711712,32.63705882352941
39.96666666666667,32.65411764705882,27,33458.30735072875,37.556010552296506,39.96711711711712,32.654705882352935
39.96666666666667,32.65764705882353,7,11214.688555347093,41.205046308704844,39.96711711711712,32.658235294117645
39.96666666666667,32.715294117647055,2,0.0,0.0,39.96711711711712,32.71588235294117
39.96666666666667,32.73176470588235,11,3155.1060866018165,26.01006258320807,39.96711711711712,32.732352941176465
39.96666666666667,32.74588235294117,20,4524.329060999883,15.167388947430045,39.96711711711712,32.74647058823529
39.96666666666667,32.77529411764706,32,29069.497299916755,47.19167826043224,39.96711711711712,32.775882352941174
39.96666666666667,32.808235294117644,3,12721.71248606466,45.26973863495602,39.96711711711712,32.80882352941176
39.96666666666667,32.82,5,1098.5543239369326,30.992437224611137,39.96711711711712,32.82058823529412
39.96666666666667,32.830588235294115,5,1730.2991452991453,8.169230769230769,39.96711711711712,32.83117647058823
39.96666666666667,32.85411764705882,7,6459.942167195899,27.580915588378275,39.96711711711712,32.85470588235294
39.96666666666667,32.86,21,56774.68201906896,43.66923473043074,39.96711711711712,32.86058823529412
39.96666666666667,32.86705882352941,3,896.6518657494267,18.940535751511362,39.96711711711712,32.86764705882353
39.96666666666667,32.87411764705882,85,117349.27852190782,29.356060358277432,39.96711711711712,32.874705882352934
39.96666666666667,32.88470588235294,3,1771.5042735042734,24.695156695156697,39.96711711711712,32.88529411764706
39.96666666666667,32.89411764705882,2,15511.119658119658,56.81623931623932,39.96711711711712,32.89470588235294
39.96666666666667,32.91529411764706,14,19653.167608520387,51.12203159102954,39.96711711711712,32.915882352941175
39.96666666666667,32.93647058823529,3,9225.51343101343,38.65059015059015,39.96711711711712,32.937058823529405
39.96666666666667,32.93882352941176,2,8974.354700854701,42.66239316239316,39.96711711711712,32.93941176470588
39.96666666666667,32.9435294117647,3,17782.264957264957,47.42877492877492,39.96711711711712,32.94411764705882
39.96666666666667,32.94470588235294,11,11456.402651255428,50.92648620521086,39.96711711711712,32.94529411764706
39.96666666666667,33.10588235294117,6,1852.7727610553698,18.809054874272267,39.96711711711712,33.10647058823529
39.96666666666667,33.10705882352941,13,3705.5455221107395,17.362204499328246,39.96711711711712,33.107647058823524
39.96756756756757,32.56823529411764,2,986.2051282051282,72.18376068376068,39.96801801801802,32.56882352941176
39.96756756756757,32.59058823529411,9,15276.692307692309,61.41452991452991,39.96801801801802,32.59117647058823
39.96756756756757,32.601176470588236,1,218.0811965811966,20.871794871794872,39.96801801801802,32.60176470588235
39.96756756756757,32.64,27,37233.4142208989,47.47691443631434,39.96801801801802,32.64058823529412
39.96756756756757,32.66,8,4167.545874555131,38.70326945681413,39.96801801801802,32.660588235294114
39.96756756756757,32.68705882352941,2,0.0,0.0,39.96801801801802,32.68764705882353
39.96756756756757,32.69411764705882,2,238.4188034188034,20.743589743589745,39.96801801801802,32.694705882352935
39.96756756756757,32.69764705882353,2,558.5,75.75,39.96801801801802,32.698235294117644
39.96756756756757,32.70117647058823,4,0.0,0.0,39.96801801801802,32.70176470588235
39.96756756756757,32.715294117647055,9,4874.227673009988,50.247405145070765,39.96801801801802,32.71588235294117
39.96756756756757,32.72705882352941,6,1095.7111522678579,30.37829102661873,39.96801801801802,32.72764705882353
39.96756756756757,32.728235294117646,1,1466.0470085470085,51.86752136752137,39.96801801801802,32.72882352941176
39.96756756756757,32.734117647058824,8,2510.476120223985,22.230208624246146,39.96801801801802,32.73470588235294
39.96756756756757,32.77058823529411,5,573.0444548676256,43.92169063998332,39.96801801801802,32.77117647058823
39.96756756756757,32.78235294117647,15,14726.721879989535,48.87945493307707,39.96801801801802,32.78294117647059
39.96756756756757,32.783529411764704,1,347.1752136752137,25.64957264957265,39.96801801801802,32.78411764705882
39.96756756756757,32.78823529411764,3,7302.628205128205,18.95868945868946,39.96801801801802,32.78882352941176
39.96756756756757,32.79882352941176,4,1857.3022296544036,30.715124489037535,39.96801801801802,32.79941176470588
39.96756756756757,32.80470588235294,9,4731.051282051281,36.59021842355176,39.96801801801802,32.80529411764706
39.96756756756757,32.80705882352941,5,0.0,0.0,39.96801801801802,32.80764705882353
39.96756756756757,32.81647058823529,12,30532.746716697937,43.84836877214926,39.96801801801802,32.81705882352941
39.96756756756757,32.83764705882353,15,5190.897435897436,8.16923076923077,39.96801801801802,32.838235294117645
39.96756756756757,32.85411764705882,6,6394.338563592295,24.602659778032915,39.96801801801802,32.85470588235294
39.96756756756757,32.868235294117646,4,896.6518657494267,14.205401813633522,39.96801801801802,32.86882352941176
39.96756756756757,32.86941176470588,4,1793.3037314988535,28.410803627267043,39.96801801801802,32.87
39.96756756756757,32.89058823529412,10,898.2051282051282,15.645299145299145,39.96801801801802,32.891176470588235
39.96756756756757,32.90941176470588,6,7870.043464665416,30.839535126120495,39.96801801801802,32.91
39.96756756756757,32.91176470588235,7,7870.043464665416,26.433887250960424,39.96801801801802,32.912352941176465
39.96756756756757,32.92235294117647,14,19653.167608520387,51.12203159102954,39.96801801801802,32.92294117647059
39.96756756756757,32.92588235294117,3,9225.51343101343,38.65059015059015,39.96801801801802,32.92647058823529
39.96756756756757,32.9435294117647,5,1669.5505543123086,50.63693761914449,39.96801801801802,32.94411764705882
39.96756756756757,32.95294117647059,4,1004.6349206349206,30.626984126984127,39.96801801801802,32.953529411764706
39.96756756756757,32.95411764705882,10,14498.325737634528,49.25260703984766,39.96801801801802,32.95470588235294
39.96756756756757,32.961176470588235,4,10312.577533577534,53.104395604395606,39.96801801801802,32.96176470588235
39.96756756756757,32.970588235294116,2,8605.923076923078,42.77777777777778,39.96801801801802,32.97117647058823
39.96756756756757,32.98,20,56759.55450067939,50.430786889355,39.96801801801802,32.980588235294114
39.96756756756757,33.11058823529412,1,0.0,0.0,39.96801801801802,33.111176470588234
39.96846846846847,32.58588235294118,8,8860.973638142314,53.5650422201627,39.968918918918924,32.586470588235294
39.96846846846847,32.59647058823529,6,10184.461538461539,61.41452991452991,39.968918918918924,32.59705882352941
39.96846846846847,32.61882352941176,91,106745.30469822302,42.09659099212269,39.968918918918924,32.61941176470588
39.96846846846847,32.6235294117647,24,26892.036564584305,40.17353424089831,39.968918918918924,32.62411764705882
39.96846846846847,32.628235294117644,5,1211.5761798587887,10.417874396135266,39.968918918918924,32.62882352941176
39.96846846846847,32.63529411764706,24,29679.98196529738,49.96656826522169,39.968918918918924,32.635882352941174
39.96846846846847,32.65529411764705,11,6806.526057952888,43.070300132818495,39.968918918918924,32.65588235294117
39.96846846846847,32.656470588235294,7,4104.19647696477,40.921636694190326,39.968918918918924,32.65705882352941
39.96846846846847,32.66,3,1047.4225683220689,37.18260848271134,39.968918918918924,32.660588235294114
39.96846846846847,32.69764705882353,2,1536.6581196581196,32.10897435897436,39.968918918918924,32.698235294117644
39.96846846846847,32.69882352941176,2,0.0,0.0,39.968918918918924,32.69941176470588
39.96846846846847,32.70117647058823,1,1536.6581196581196,64.21794871794872,39.968918918918924,32.70176470588235
39.96846846846847,32.703529411764706,1,0.0,0.0,39.968918918918924,32.70411764705882
39.96846846846847,32.70705882352941,2,1536.6581196581196,32.10897435897436,39.968918918918924,32.707647058823525
39.96846846846847,32.70823529411764,3,1655.8675213675212,28.320512820512818,39.968918918918924,32.70882352941176
39.96846846846847,32.72235294117647,15,8635.904408737639,38.393391510861925,39.968918918918924,32.722941176470584
39.96846846846847,32.72588235294118,9,5833.16552011674,39.29138002918491,39.968918918918924,32.726470588235294
39.96846846846847,32.72705882352941,23,15809.266030316638,38.93685339866529,39.968918918918924,32.72764705882353
39.96846846846847,32.728235294117646,3,6855.431623931624,71.9957264957265,39.968918918918924,32.72882352941176
39.96846846846847,32.73529411764706,1,1846.9273504273503,62.162393162393165,39.968918918918924,32.735882352941175
39.96846846846847,32.739999999999995,2,0.0,0.0,39.968918918918924,32.74058823529411
39.96846846846847,32.7635294117647,2,529.1243781094528,37.039800995024876,39.968918918918924,32.76411764705882
39.96846846846847,32.77176470588235,1,264.95299145299145,24.931623931623932,39.968918918918924,32.772352941176464
39.96846846846847,32.779999999999994,14,12579.533845801501,49.11138181169124,39.968918918918924,32.78058823529411
39.96846846846847,32.78235294117647,4,7630.884615384615,18.778846153846153,39.968918918918924,32.78294117647059
39.96846846846847,32.783529411764704,22,24788.905478691428,46.02699415668109,39.968918918918924,32.78411764705882
39.96846846846847,32.78705882352941,3,7302.628205128205,18.95868945868946,39.968918918918924,32.787647058823524
39.96846846846847,32.796470588235294,1,802.4304347826087,48.33913043478261,39.968918918918924,32.79705882352941
39.96846846846847,32.79882352941176,2,1054.871794871795,37.26068376068376,39.968918918918924,32.79941176470588
39.96846846846847,32.802352941176466,2,0.0,0.0,39.968918918918924,32.80294117647058
39.96846846846847,32.805882352941175,6,1054.871794871795,12.420227920227921,39.968918918918924,32.80647058823529
39.96846846846847,32.827058823529406,21,34212.13668623118,43.43936898721022,39.968918918918924,32.82764705882352
39.96846846846847,32.832941176470584,12,33121.27435729111,51.67431653172639,39.968918918918924,32.8335294117647
39.96846846846847,32.868235294117646,5,1793.3037314988535,22.728642901813636,39.968918918918924,32.86882352941176
39.96846846846847,32.870588235294115,3,896.6518657494267,18.940535751511362,39.968918918918924,32.87117647058823
39.96846846846847,32.87411764705882,3,896.6518657494267,18.940535751511362,39.968918918918924,32.874705882352934
39.96846846846847,32.904705882352935,5,17043.11111111111,47.978632478632484,39.968918918918924,32.90529411764705
39.96846846846847,32.92470588235294,28,39306.335217040774,51.12203159102954,39.968918918918924,32.925294117647056
39.96846846846847,32.93176470588235,21,29479.751412780577,51.12203159102953,39.968918918918924,32.93235294117647
39.96846846846847,32.93764705882353,1,251.15873015873015,30.626984126984127,39.968918918918924,32.938235294117646
39.96846846846847,32.94,4,1629.8188469952354,50.58428178002818,39.968918918918924,32.940588235294115
39.96846846846847,32.942352941176466,1,8807.910256410256,56.96153846153846,39.968918918918924,32.94294117647058
39.96846846846847,32.9435294117647,3,9014.086408171774,45.390782433465354,39.968918918918924,32.94411764705882
39.96846846846847,32.95176470588235,46,81693.28066604082,45.090843810543674,39.968918918918924,32.952352941176464
39.96846846846847,32.961176470588235,6,10518.753685339052,48.604731876073345,39.968918918918924,32.96176470588235
39.96846846846847,32.96588235294117,10,21119.48936835522,55.60115176151762,39.968918918918924,32.96647058823529
39.96936936936937,32.58,16,17721.947276284627,53.5650422201627,39.96981981981982,32.580588235294115
39.96936936936937,32.5835294117647,16,17721.947276284627,53.5650422201627,39.96981981981982,32.58411764705882
39.96936936936937,32.597647058823526,1,218.0811965811966,20.871794871794872,39.96981981981982,32.59823529411764
39.96936936936937,32.612941176470585,32,2249.924386545354,15.434694580499077,39.96981981981982,32.6135294117647
39.96936936936937,32.62470588235294,10,20944.972299454228,54.21357223766862,39.96981981981982,32.62529411764706
39.96936936936937,32.69176470588235,1,76.5,55.0,39.96981981981982,32.692352941176466
39.96936936936937,32.71411764705882,11,4819.268813841984,31.841866128451496,39.96981981981982,32.71470588235294
39.96936936936937,32.715294117647055,10,4791.366374817594,31.037028351052744,39.96981981981982,32.71588235294117
39.96936936936937,32.71764705882352,27,15930.50242806523,40.100508205963145,39.96981981981982,32.71823529411764
39.96936936936937,32.72235294117647,15,7322.500458351982,36.44687285336766,39.96981981981982,32.722941176470584
39.96936936936937,32.7635294117647,2,529.1243781094528,37.039800995024876,39.96981981981982,32.76411764705882
39.96936936936937,32.76705882352941,3,343.7695061278971,26.194161307284716,39.96981981981982,32.76764705882353
39.96936936936937,32.79411764705882,2,694.3504273504274,25.64957264957265,39.96981981981982,32.794705882352936
39.96936936936937,32.808235294117644,6,13776.584280936455,35.05509723770593,39.96981981981982,32.80882352941176
39.96936936936937,32.811764705882354,4,0.0,0.0,39.96981981981982,32.81235294117647
39.96936936936937,32.81647058823529,6,15145.89774859287,38.66849072336877,39.96981981981982,32.81705882352941
39.96936936936937,32.82235294117647,6,15145.89774859287,38.66849072336877,39.96981981981982,32.822941176470586
39.96936936936937,32.83176470588235,10,41731.25891181989,52.13978528246821,39.96981981981982,32.83235294117647
39.96936936936937,32.836470588235294,24,74498.28075929752,48.8171368708418,39.96981981981982,32.83705882352941
39.96936936936937,32.85647058823529,4,9353.770325203252,62.09976287262873,39.96981981981982,32.85705882352941
39.96936936936937,32.87529411764706,83,117109.76044961867,29.04050019271988,39.96981981981982,32.875882352941176
39.96936936936937,32.883529411764705,3,7755.559829059829,18.93874643874644,39.96981981981982,32.88411764705882
39.96936936936937,32.88470588235294,4,15690.760683760684,36.23076923076923,39.96981981981982,32.88529411764706
39.96936936936937,32.89176470588235,2,15511.119658119658,56.81623931623932,39.96981981981982,32.89235294117647
39.96936936936937,32.9035294117647,10,17442.942436412315,38.26461744413552,39.96981981981982,32.90411764705882
39.96936936936937,32.90941176470588,13,15516.385709818636,25.408632799345746,39.96981981981982,32.91
39.96936936936937,32.94117647058823,4,1629.8188469952354,50.58428178002818,39.96981981981982,32.94176470588235
39.96936936936937,32.95529411764706,10,20268.688052689067,45.9136597192109,39.96981981981982,32.955882352941174
39.96936936936937,32.97176470588235,6,25857.53094428998,45.21292005629355,39.96981981981982,32.97235294117647
39.96936936936937,32.97764705882353,20,56759.55450067939,50.430786889355,39.96981981981982,32.978235294117646
39.96936936936937,33.11176470588235,1,0.0,0.0,39.96981981981982,33.11235294117647
39.97027027027027,32.53411764705882,2,190.17094017094018,13.094017094017094,39.97072072072072,32.53470588235294
39.97027027027027,32.544705882352936,2,190.17094017094018,13.094017094017094,39.97072072072072,32.54529411764705
39.97027027027027,32.572941176470586,2,986.2051282051282,72.18376068376068,39.97072072072072,32.5735294117647
39.97027027027027,32.60823529411764,19,23355.1231291038,37.509601945142705,39.97072072072072,32.60882352941176
39.97027027027027,32.64235294117647,21,31228.834041519716,48.450072174434744,39.97072072072072,32.642941176470586
39.97027027027027,32.6435294117647,19,23623.262434265183,43.03584938652483,39.97072072072072,32.64411764705882
39.97027027027027,32.64823529411765,1,875.5731707317074,46.96951219512195,39.97072072072072,32.648823529411764
39.97027027027027,32.652941176470584,6,4420.5859912445285,47.71176042506486,39.97072072072072,32.6535294117647
39.97027027027027,32.67647058823529,20,6157.668197474168,31.353597397627247,39.97072072072072,32.67705882352941
39.97027027027027,32.69411764705882,1,119.2094017094017,20.743589743589745,39.97072072072072,32.694705882352935
39.97027027027027,32.702352941176464,1,0.0,0.0,39.97072072072072,32.70294117647058
39.97027027027027,32.70470588235294,9,3533.958255159475,35.7669260880643,39.97072072072072,32.70529411764706
39.97027027027027,32.70941176470588,22,9648.20226183031,32.43360670494817,39.97072072072072,32.709999999999994
39.97027027027027,32.72,2,0.0,0.0,39.97072072072072,32.720588235294116
39.97027027027027,32.724705882352936,1,1501.4444444444443,49.636752136752136,39.97072072072072,32.72529411764705
39.97027027027027,32.74470588235294,29,7630.207472097787,22.409970862528574,39.97072072072072,32.745294117647056
39.97027027027027,32.74588235294117,5,3220.233830845771,20.148258706467665,39.97072072072072,32.74647058823529
39.97027027027027,32.74705882352941,8,231.38638732541173,6.1361006879299556,39.97072072072072,32.747647058823524
39.97027027027027,32.790588235294116,1,7283.709401709401,49.465811965811966,39.97072072072072,32.79117647058823
39.97027027027027,32.802352941176466,2,1054.871794871795,37.26068376068376,39.97072072072072,32.80294117647058
39.97027027027027,32.82235294117647,7,7066.968209297477,41.788089281991724,39.97072072072072,32.822941176470586
39.97027027027027,32.8235294117647,2,520.4615384615385,43.36965811965812,39.97072072072072,32.82411764705882
39.97027027027027,32.832941176470584,3,9128.170940170941,38.22079772079772,39.97072072072072,32.8335294117647
39.97027027027027,32.85176470588235,13,12854.280730788194,26.206335983603495,39.97072072072072,32.85235294117647
39.97027027027027,32.861176470588234,21,56774.68201906896,43.66923473043074,39.97072072072072,32.86176470588235
39.97027027027027,32.870588235294115,3,896.6518657494267,18.940535751511362,39.97072072072072,32.87117647058823
39.97027027027027,32.87176470588235,3,896.6518657494267,18.940535751511362,39.97072072072072,32.872352941176466
39.97027027027027,32.87529411764706,3,896.6518657494267,18.940535751511362,39.97072072072072,32.875882352941176
39.97027027027027,32.87647058823529,1,1484.905982905983,39.77350427350427,39.97072072072072,32.87705882352941
39.97027027027027,32.9,4,533.1084337349398,47.58433734939759,39.97072072072072,32.900588235294116
39.97027027027027,32.908235294117645,4,3935.021732332708,23.12965134459037,39.97072072072072,32.90882352941176
39.97027027027027,32.93058823529412,26,40967.55391392143,35.16867071354363,39.97072072072072,32.931176470588234
39.97027027027027,32.94941176470588,1,4273.606837606838,56.61965811965812,39.97072072072072,32.949999999999996
39.97027027027027,32.95176470588235,4,9265.245138330505,41.69983285684505,39.97072072072072,32.952352941176464
39.97027027027027,32.967058823529406,10,21119.48936835522,55.60115176151762,39.97072072072072,32.96764705882352
39.97027027027027,32.96823529411765,10,21119.48936835522,55.60115176151762,39.97072072072072,32.968823529411765
39.97027027027027,33.00470588235294,3,606.1923076923077,41.53197686779776,39.97072072072072,33.005294117647054
39.97117117117117,32.52823529411764,15,12798.970898543032,30.008208603796,39.97162162162162,32.52882352941176
39.97117117117117,32.5835294117647,2,0.0,0.0,39.97162162162162,32.58411764705882
39.97117117117117,32.63294117647059,32,50760.78054550854,50.665298539327466,39.97162162162162,32.633529411764705
39.97117117117117,32.64,9,2941.971828527368,35.00028220728093,39.97162162162162,32.64058823529412
39.97117117117117,32.66117647058823,18,5831.952205300344,24.878743959125185,39.97162162162162,32.66176470588235
39.97117117117117,32.69411764705882,1,926.2179487179487,43.072649572649574,39.97162162162162,32.694705882352935
39.97117117117117,32.699999999999996,5,1205.4679487179487,23.764529914529913,39.97162162162162,32.70058823529411
39.97117117117117,32.70470588235294,8,3173.065926620805,34.78966020429435,39.97162162162162,32.70529411764706
39.97117117117117,32.71411764705882,1,1501.4444444444443,49.636752136752136,39.97162162162162,32.71470588235294
39.97117117117117,32.72705882352941,6,9440.656035021888,60.05195955805712,39.97162162162162,32.72764705882353
39.97117117117117,32.765882352941176,8,7738.380788365863,53.136018624824594,39.97162162162162,32.76647058823529
39.97117117117117,32.78235294117647,4,2757.7200277200277,54.991250866250866,39.97162162162162,32.78294117647059
39.97117117117117,32.78823529411764,2,9430.897435897436,47.549145299145295,39.97162162162162,32.78882352941176
39.97117117117117,32.79764705882353,1,802.4304347826087,48.33913043478261,39.97162162162162,32.798235294117646
39.97117117117117,32.80470588235294,4,2109.74358974359,37.26068376068376,39.97162162162162,32.80529411764706
39.97117117117117,32.81058823529411,3,7273.635562987737,41.10022296544036,39.97162162162162,32.81117647058823
39.97117117117117,32.82,2,4652.93402126329,39.76732853867,39.97162162162162,32.82058823529412
39.97117117117117,32.82470588235294,3,2117.8268709610174,58.853745396428316,39.97162162162162,32.825294117647054
39.97117117117117,32.832941176470584,4,9171.96362309777,44.25248853450073,39.97162162162162,32.8335294117647
39.97117117117117,32.85411764705882,4,9353.770325203252,62.09976287262873,39.97162162162162,32.85470588235294
39.97117117117117,32.86705882352941,5,1793.3037314988535,22.728642901813636,39.97162162162162,32.86764705882353
39.97117117117117,32.87176470588235,3,896.6518657494267,18.940535751511362,39.97162162162162,32.872352941176466
39.97117117117117,32.87529411764706,3,896.6518657494267,18.940535751511362,39.97162162162162,32.875882352941176
39.97117117117117,32.885882352941174,4,15690.760683760684,36.23076923076923,39.97162162162162,32.88647058823529
39.97117117117117,32.88705882352941,2,15511.119658119658,56.81623931623932,39.97162162162162,32.887647058823525
39.97117117117117,32.90235294117647,2,89.82051282051282,7.822649572649572,39.97162162162162,32.902941176470584
39.97117117117117,32.9035294117647,3,11349.273504273504,49.54843304843305,39.97162162162162,32.90411764705882
39.97117117117117,32.90588235294118,5,16953.290598290598,44.84957264957265,39.97162162162162,32.906470588235294
39.97117117117117,32.94470588235294,4,17821.996664582028,48.28347144048364,39.97162162162162,32.94529411764706
39.97117117117117,32.95529411764706,10,20268.688052689067,45.9136597192109,39.97162162162162,32.955882352941174
39.97117117117117,32.97176470588235,20,56759.55450067939,50.430786889355,39.97162162162162,32.97235294117647
39.97117117117117,33.11058823529412,4,0.0,0.0,39.97162162162162,33.111176470588234
39.97207207207207,32.622352941176466,11,21163.053496035423,51.18250156804374,39.972522522522524,32.62294117647058
39.97207207207207,32.63529411764706,42,52753.524251981224,44.956513127480775,39.972522522522524,32.635882352941174
39.97207207207207,32.6435294117647,3,5553.932145090682,64.60807101660761,39.972522522522524,32.64411764705882
39.97207207207207,32.65529411764705,2,1718.2564102564104,49.47435897435898,39.972522522522524,32.65588235294117
39.97207207207207,32.66823529411764,10,3078.834098737084,31.353597397627247,39.972522522522524,32.66882352941176
39.97207207207207,32.688235294117646,2,1045.4273504273503,31.90811965811966,39.972522522522524,32.68882352941176
39.97207207207207,32.69529411764706,2,1045.4273504273503,31.90811965811966,39.972522522522524,32.695882352941176
39.97207207207207,32.69647058823529,1,926.2179487179487,43.072649572649574,39.972522522522524,32.69705882352941
39.97207207207207,32.715294117647055,1,1501.4444444444443,49.636752136752136,39.972522522522524,32.71588235294117
39.97207207207207,32.72117647058823,1,1501.4444444444443,49.636752136752136,39.972522522522524,32.72176470588235
39.97207207207207,32.734117647058824,1,1846.9273504273503,62.162393162393165,39.972522522522524,32.73470588235294
39.97207207207207,32.7635294117647,6,7209.25641025641,58.5014245014245,39.972522522522524,32.76411764705882
39.97207207207207,32.765882352941176,2,0.0,0.0,39.972522522522524,32.76647058823529
39.97207207207207,32.77647058823529,1,264.95299145299145,24.931623931623932,39.972522522522524,32.77705882352941
39.97207207207207,32.77882352941176,6,2781.6330711982882,39.48692086735565,39.972522522522524,32.77941176470588
39.97207207207207,32.78235294117647,6,2776.638831138831,37.89587664587665,39.972522522522524,32.78294117647059
39.97207207207207,32.78941176470588,2,9430.897435897436,47.549145299145295,39.972522522522524,32.79
39.97207207207207,32.792941176470585,1,802.4304347826087,48.33913043478261,39.972522522522524,32.7935294117647
39.97207207207207,32.79529411764705,2,1604.8608695652174,48.33913043478261,39.972522522522524,32.79588235294117
39.97207207207207,32.796470588235294,1,802.4304347826087,48.33913043478261,39.972522522522524,32.79705882352941
39.97207207207207,32.8,1,802.4304347826087,48.33913043478261,39.972522522522524,32.800588235294114
39.97207207207207,32.81058823529411,3,7273.635562987737,41.10022296544036,39.972522522522524,32.81117647058823
39.97207207207207,32.817647058823525,2,4652.93402126329,39.76732853867,39.972522522522524,32.81823529411764
39.97207207207207,32.81882352941176,1,296.2073170731707,36.420731707317074,39.972522522522524,32.819411764705876
39.97207207207207,32.82235294117647,8,9787.770481550968,35.42329841567646,39.972522522522524,32.822941176470586
39.97207207207207,32.827058823529406,7,7011.712111736501,45.4649185502844,39.972522522522524,32.82764705882352
39.97207207207207,32.842352941176465,15,35880.504139491946,47.88157082303424,39.972522522522524,32.84294117647058
39.97207207207207,32.84941176470588,13,12854.280730788194,26.206335983603495,39.972522522522524,32.849999999999994
39.97207207207207,32.86941176470588,3,896.6518657494267,18.940535751511362,39.972522522522524,32.87
39.97207207207207,32.879999999999995,88,121022.41527404457,29.143649986700567,39.972522522522524,32.88058823529411
39.97207207207207,32.89058823529412,2,3637.1702708268976,61.88404901657914,39.972522522522524,32.891176470588235
39.97207207207207,32.89411764705882,2,3503.8931623931626,38.09188034188034,39.972522522522524,32.89470588235294
39.97207207207207,32.9035294117647,2,11259.452991452992,66.5,39.972522522522524,32.90411764705882
39.97207207207207,32.90705882352941,11,11805.065196998123,25.232346921371313,39.972522522522524,32.90764705882353
39.97207207207207,32.93764705882353,2,3923.1581196581196,49.44871794871795,39.972522522522524,32.938235294117646
39.97207207207207,32.942352941176466,3,753.4761904761905,30.626984126984127,39.972522522522524,32.94294117647058
39.97207207207207,32.95529411764706,4,9265.245138330505,41.69983285684505,39.972522522522524,32.955882352941174
39.97207207207207,33.00823529411765,3,606.1923076923077,41.53197686779776,39.972522522522524,33.008823529411764
39.97207207207207,33.11647058823529,1,0.0,0.0,39.972522522522524,33.117058823529405
39.97207207207207,33.11764705882353,1,0.0,0.0,39.972522522522524,33.118235294117646
39.972972972972975,32.56588235294117,2,190.17094017094018,13.094017094017094,39.97342342342343,32.56647058823529
39.972972972972975,32.59882352941176,37,46453.60408601664,37.52387359313695,39.97342342342343,32.59941176470588
39.972972972972975,32.603529411764704,4,8766.948717948719,68.88247863247864,39.97342342342343,32.60411764705882
39.972972972972975,32.62705882352941,16,41636.54700854701,61.973290598290596,39.97342342342343,32.62764705882353
39.972972972972975,32.641176470588235,9,2941.971828527368,35.00028220728093,39.97342342342343,32.64176470588235
39.972972972972975,32.64588235294117,1,74.01807228915662,26.8855421686747,39.97342342342343,32.64647058823529
39.972972972972975,32.64823529411765,10,12788.467375442986,47.09235748497429,39.97342342342343,32.648823529411764
39.972972972972975,32.64941176470588,2,949.591243020864,36.92752718189833,39.97342342342343,32.65
39.972972972972975,32.69294117647058,2,1045.4273504273503,31.90811965811966,39.97342342342343,32.6935294117647
39.972972972972975,32.69529411764706,2,1045.4273504273503,31.90811965811966,39.97342342342343,32.695882352941176
39.972972972972975,32.70117647058823,14,5529.458672086721,37.23480076833736,39.97342342342343,32.70176470588235
39.972972972972975,32.70470588235294,3,4468.9358974358975,50.38034188034188,39.97342342342343,32.70529411764706
39.972972972972975,32.71058823529412,3,4468.9358974358975,50.38034188034188,39.97342342342343,32.711176470588235
39.972972972972975,32.71764705882352,1,37.56707317073171,52.90853658536585,39.97342342342343,32.71823529411764
39.972972972972975,32.737647058823526,1,1846.9273504273503,62.162393162393165,39.97342342342343,32.73823529411764
39.972972972972975,32.75058823529412,3,2334.094527363184,54.11940298507463,39.97342342342343,32.751176470588234
39.972972972972975,32.755294117647054,3,115.69319366270587,8.181467583906608,39.97342342342343,32.75588235294117
39.972972972972975,32.77294117647059,9,3691.1759432978943,39.20549301646863,39.97342342342343,32.773529411764706
39.972972972972975,32.78941176470588,2,14567.418803418803,49.465811965811966,39.97342342342343,32.79
39.972972972972975,32.792941176470585,1,802.4304347826087,48.33913043478261,39.97342342342343,32.7935294117647
39.972972972972975,32.79764705882353,1,802.4304347826087,48.33913043478261,39.97342342342343,32.798235294117646
39.972972972972975,32.817647058823525,4,4949.141338336461,28.988847196164272,39.97342342342343,32.81823529411764
39.972972972972975,32.81882352941176,2,240.9512195121951,31.079268292682926,39.97342342342343,32.819411764705876
39.972972972972975,32.82,2,240.9512195121951,31.079268292682926,39.97342342342343,32.82058823529412
39.972972972972975,32.827058823529406,7,26435.10496143423,52.32302182911939,39.97342342342343,32.82764705882352
39.972972972972975,32.82823529411765,5,21782.17094017094,57.345299145299144,39.97342342342343,32.828823529411764
39.972972972972975,32.82941176470588,7,18300.134563268708,41.66747818577086,39.97342342342343,32.83
39.972972972972975,32.84117647058823,15,35822.77243217487,42.38238383116432,39.97342342342343,32.84176470588235
39.972972972972975,32.85647058823529,1,46.84146341463415,33.24390243902439,39.97342342342343,32.85705882352941
39.972972972972975,32.864705882352936,1,0.0,0.0,39.97342342342343,32.86529411764705
39.972972972972975,32.88470588235294,2,133.27710843373495,23.792168674698797,39.97342342342343,32.88529411764706
39.972972972972975,32.88705882352941,1,133.27710843373495,47.58433734939759,39.97342342342343,32.887647058823525
39.972972972972975,32.889411764705876,2,0.0,0.0,39.97342342342343,32.88999999999999
39.972972972972975,32.89647058823529,7,24527.252136752137,76.18376068376067,39.97342342342343,32.897058823529406
39.972972972972975,32.89764705882352,2,3503.8931623931626,38.09188034188034,39.97342342342343,32.89823529411764
39.972972972972975,32.9,1,3503.8931623931626,76.18376068376068,39.97342342342343,32.900588235294116
39.972972972972975,32.90117647058823,7,22698.547008547008,42.470085470085465,39.97342342342343,32.90176470588235
39.972972972972975,32.91294117647058,5,28469.18803418803,91.24786324786325,39.97342342342343,32.9135294117647
39.972972972972975,32.948235294117644,2,9059.068986568986,43.79426129426129,39.97342342342343,32.94882352941176
39.972972972972975,32.96235294117647,12,19912.221038223066,41.11983579575443,39.97342342342343,32.962941176470586
39.972972972972975,32.970588235294116,9,21079.75766103815,56.12932851550738,39.97342342342343,32.97117647058823
39.972972972972975,32.97411764705882,15,39341.50218886804,52.96870167610976,39.97342342342343,32.974705882352936
39.972972972972975,33.11882352941176,1,0.0,0.0,39.97342342342343,33.11941176470588
39.97387387387388,32.58117647058823,48,76572.4642660699,47.0091533792037,39.97432432432433,32.58176470588235
39.97387387387388,32.60705882352941,2,366.6238795080259,43.140165728580364,39.97432432432433,32.607647058823524
39.97387387387388,32.60823529411764,7,10379.435428392746,48.87090890139671,39.97432432432433,32.60882352941176
39.97387387387388,32.6435294117647,6,14035.076923076924,73.42735042735043,39.97432432432433,32.64411764705882
39.97387387387388,32.64470588235294,3,2626.719512195122,46.96951219512195,39.97432432432433,32.645294117647055
39.97387387387388,32.712941176470586,2,1529.3468834688347,44.76349801959558,39.97432432432433,32.7135294117647
39.97387387387388,32.71411764705882,1,1466.0470085470085,51.86752136752137,39.97432432432433,32.71470588235294
39.97387387387388,32.72705882352941,4,9170.059829059828,66.0405982905983,39.97432432432433,32.72764705882353
39.97387387387388,32.728235294117646,1,1846.9273504273503,62.162393162393165,39.97432432432433,32.72882352941176
39.97387387387388,32.75764705882353,4,553.4543876925566,27.551523573502095,39.97432432432433,32.75823529411765
39.97387387387388,32.76941176470588,2,208.3725766103815,29.676047529706064,39.97432432432433,32.769999999999996
39.97387387387388,32.77176470588235,5,622.3839899937461,32.98120700437774,39.97432432432433,32.772352941176464
39.97387387387388,32.77294117647059,3,508.74290134692393,61.99698661165716,39.97432432432433,32.773529411764706
39.97387387387388,32.77529411764706,8,4405.479703009554,52.21190478653165,39.97432432432433,32.775882352941174
39.97387387387388,32.77647058823529,5,2793.835881378564,54.31129337592753,39.97432432432433,32.77705882352941
39.97387387387388,32.781176470588235,4,2757.7200277200277,54.991250866250866,39.97432432432433,32.78176470588235
39.97387387387388,32.790588235294116,2,9430.897435897436,47.549145299145295,39.97432432432433,32.79117647058823
39.97387387387388,32.805882352941175,2,0.0,0.0,39.97432432432433,32.80647058823529
39.97387387387388,32.815294117647056,4,9043.209505941213,40.16976756306025,39.97432432432433,32.81588235294117
39.97387387387388,32.86588235294117,14,22778.36880595417,28.67202685800247,39.97432432432433,32.86647058823529
39.97387387387388,32.86705882352941,17,23722.029519477433,27.185756537176562,39.97432432432433,32.86764705882353
39.97387387387388,32.879999999999995,1,0.0,0.0,39.97432432432433,32.88058823529411
39.97387387387388,32.88235294117647,42,58983.86313079224,29.18078931333972,39.97432432432433,32.88294117647059
39.97387387387388,32.883529411764705,39,50237.06038133286,27.701738158201152,39.97432432432433,32.88411764705882
39.97387387387388,32.892941176470586,3,10511.679487179488,76.18376068376068,39.97432432432433,32.8935294117647
39.97387387387388,32.89764705882352,3,11349.273504273504,49.54843304843305,39.97432432432433,32.89823529411764
39.97387387387388,32.9,2,7845.380341880342,36.23076923076923,39.97432432432433,32.900588235294116
39.97387387387388,32.9035294117647,6,7870.043464665416,30.839535126120495,39.97432432432433,32.90411764705882
39.97387387387388,32.904705882352935,3,3935.021732332708,30.839535126120495,39.97432432432433,32.90529411764705
39.97387387387388,32.908235294117645,2,5693.8376068376065,45.623931623931625,39.97432432432433,32.90882352941176
39.97387387387388,32.91176470588235,4,3935.021732332708,23.12965134459037,39.97432432432433,32.912352941176465
39.97387387387388,32.94941176470588,3,26423.730769230766,56.96153846153846,39.97432432432433,32.949999999999996
39.97387387387388,33.12,5,0.0,0.0,39.97432432432433,33.120588235294115
39.97477477477477,32.59294117647058,20,1749.4994485800937,18.036038891563685,39.97522522522522,32.5935294117647
39.97477477477477,32.603529411764704,5,12171.440118824266,64.3090577444236,39.97522522522522,32.60411764705882
39.97477477477477,32.64235294117647,3,5553.932145090682,64.60807101660761,39.97522522522522,32.642941176470586
39.97477477477477,32.65411764705882,2,1718.2564102564104,49.47435897435898,39.97522522522522,32.654705882352935
39.97477477477477,32.66,19,5994.810201387256,28.2865615583368,39.97522522522522,32.660588235294114
39.97477477477477,32.69764705882353,7,3254.708255159475,35.16461925608267,39.97522522522522,32.698235294117644
39.97477477477477,32.699999999999996,1,1501.4444444444443,49.636752136752136,39.97522522522522,32.70058823529411
39.97477477477477,32.703529411764706,2,3002.8888888888887,49.636752136752136,39.97522522522522,32.70411764705882
39.97477477477477,32.70941176470588,1,1466.0470085470085,51.86752136752137,39.97522522522522,32.709999999999994
39.97477477477477,32.712941176470586,1,1466.0470085470085,51.86752136752137,39.97522522522522,32.7135294117647
39.97477477477477,32.71647058823529,4,9170.059829059828,66.0405982905983,39.97522522522522,32.717058823529406
39.97477477477477,32.72235294117647,9,20187.047008547008,65.6096866096866,39.97522522522522,32.722941176470584
39.97477477477477,32.730588235294114,1,1846.9273504273503,62.162393162393165,39.97522522522522,32.73117647058823
39.97477477477477,32.734117647058824,1,1846.9273504273503,62.162393162393165,39.97522522522522,32.73470588235294
39.97477477477477,32.73529411764706,1,1846.9273504273503,62.162393162393165,39.97522522522522,32.735882352941175
39.97477477477477,32.74470588235294,4,2173.587064676617,13.126865671641792,39.97522522522522,32.745294117647056
39.97477477477477,32.74941176470588,3,1725.2089552238806,66.59535655058043,39.97522522522522,32.75
39.97477477477477,32.76235294117647,9,700.7024594040429,19.953307259823458,39.97522522522522,32.762941176470584
39.97477477477477,32.77411764705882,19,9267.639403467761,48.86644339668691,39.97522522522522,32.77470588235294
39.97477477477477,32.781176470588235,8,5515.440055440055,54.991250866250866,39.97522522522522,32.78176470588235
39.97477477477477,32.78470588235294,1,191.47863247863248,34.34188034188034,39.97522522522522,32.785294117647055
39.97477477477477,32.78588235294117,4,4386.613873254117,55.512885657702725,39.97522522522522,32.78647058823529
39.97477477477477,32.80117647058823,1,802.4304347826087,48.33913043478261,39.97522522522522,32.80176470588235
39.97477477477477,32.82588235294117,12,48217.27590160517,54.41563737752762,39.97522522522522,32.82647058823529
39.97477477477477,32.82823529411765,1,3979.905982905983,57.68376068376068,39.97522522522522,32.828823529411764
39.97477477477477,32.82941176470588,4,10296.529914529914,28.48931623931624,39.97522522522522,32.83
39.97477477477477,32.85294117647059,4,9353.770325203252,62.09976287262873,39.97522522522522,32.853529411764704
39.97477477477477,32.86,18,56249.205860644885,48.43588256799639,39.97522522522522,32.86058823529412
39.97477477477477,32.89764705882352,1,7755.559829059829,56.81623931623932,39.97522522522522,32.89823529411764
39.97477477477477,32.898823529411764,1,89.82051282051282,15.645299145299145,39.97522522522522,32.89941176470588
39.97477477477477,32.90705882352941,4,3935.021732332708,23.12965134459037,39.97522522522522,32.90764705882353
39.97477477477477,32.919999999999995,1,0.0,0.0,39.97522522522522,32.92058823529411
39.97477477477477,32.93411764705882,4,7846.316239316239,49.44871794871795,39.97522522522522,32.93470588235294
39.97477477477477,32.94470588235294,3,9014.086408171774,45.390782433465354,39.97522522522522,32.94529411764706
39.97477477477477,32.95176470588235,1,8807.910256410256,56.96153846153846,39.97522522522522,32.952352941176464
39.97477477477477,32.97176470588235,15,39341.50218886804,52.96870167610976,39.97522522522522,32.97235294117647
39.97477477477477,33.12117647058823,2,0.0,0.0,39.97522522522522,33.12176470588235
39.97477477477477,33.122352941176466,1,0.0,0.0,39.97522522522522,33.12294117647058
39.97477477477477,33.163529411764706,24,1670.4358974358975,8.447649572649572,39.97522522522522,33.16411764705882
39.975675675675674,32.578823529411764,24,38716.225722778545,48.86981933361966,39.976126126126125,32.57941176470588
39.975675675675674,32.59411764705882,18,23098.480956912845,37.538938110464194,39.976126126126125,32.59470588235294
39.975675675675674,32.60823529411764,4,622.0892224306858,39.55784865540963,39.976126126126125,32.60882352941176
39.975675675675674,32.61058823529412,2,0.0,0.0,39.976126126126125,32.611176470588234
39.975675675675674,32.61529411764705,17,41854.6282051282,59.55555555555556,39.976126126126125,32.61588235294117
39.975675675675674,32.64588235294117,1,62.51219512195122,17.847560975609756,39.976126126126125,32.64647058823529
39.975675675675674,32.64823529411765,25,26864.98361416929,43.4291532019551,39.976126126126125,32.648823529411764
39.975675675675674,32.68941176470588,2,1045.4273504273503,31.90811965811966,39.976126126126125,32.69
39.975675675675674,32.690588235294115,4,2090.854700854701,31.90811965811966,39.976126126126125,32.69117647058823
39.975675675675674,32.69294117647058,2,1045.4273504273503,31.90811965811966,39.976126126126125,32.6935294117647
39.975675675675674,32.699999999999996,1,1501.4444444444443,49.636752136752136,39.976126126126125,32.70058823529411
39.975675675675674,32.70470588235294,1,1466.0470085470085,51.86752136752137,39.976126126126125,32.70529411764706
39.975675675675674,32.734117647058824,1,1846.9273504273503,62.162393162393165,39.976126126126125,32.73470588235294
39.975675675675674,32.74235294117647,1,1846.9273504273503,62.162393162393165,39.976126126126125,32.74294117647059
39.975675675675674,32.743529411764705,1,1846.9273504273503,62.162393162393165,39.976126126126125,32.74411764705882
39.975675675675674,32.74470588235294,8,4347.174129353234,13.126865671641792,39.976126126126125,32.745294117647056
39.975675675675674,32.74941176470588,1,1046.6467661691543,48.233830845771145,39.976126126126125,32.75
39.975675675675674,32.76,2,3411.1153846153848,68.6431623931624,39.976126126126125,32.760588235294115
39.975675675675674,32.78470588235294,4,8588.752136752137,45.63247863247863,39.976126126126125,32.785294117647055
39.975675675675674,32.79176470588235,2,9430.897435897436,47.549145299145295,39.976126126126125,32.79235294117647
39.975675675675674,32.79411764705882,6,18954.03267667292,53.49719442707248,39.976126126126125,32.794705882352936
39.975675675675674,32.79882352941176,2,7319.825255367938,50.52863769022306,39.976126126126125,32.79941176470588
39.975675675675674,32.80117647058823,2,7339.8313529289135,64.33046695851573,39.976126126126125,32.80176470588235
39.975675675675674,32.80941176470588,6,19413.615384615383,37.48076923076923,39.976126126126125,32.809999999999995
39.975675675675674,32.811764705882354,2,4652.93402126329,39.76732853867,39.976126126126125,32.81235294117647
39.975675675675674,32.815294117647056,4,9043.209505941213,40.16976756306025,39.976126126126125,32.81588235294117
39.975675675675674,32.843529411764706,6,16012.32080982081,47.24118664362567,39.976126126126125,32.84411764705882
39.975675675675674,32.84823529411764,11,12603.955944463407,27.423338796473125,39.976126126126125,32.84882352941176
39.975675675675674,32.87647058823529,9,9901.945422716506,23.84039863156329,39.976126126126125,32.87705882352941
39.975675675675674,32.88470588235294,42,50527.011725169745,27.398635055281847,39.976126126126125,32.88529411764706
39.975675675675674,32.89647058823529,6,22698.547008547008,49.54843304843305,39.976126126126125,32.897058823529406
39.975675675675674,32.9035294117647,3,3935.021732332708,30.839535126120495,39.976126126126125,32.90411764705882
39.975675675675674,32.90705882352941,5,3935.021732332708,18.503721075672296,39.976126126126125,32.90764705882353
39.975675675675674,32.917647058823526,5,0.0,0.0,39.976126126126125,32.91823529411764
39.975675675675674,32.93411764705882,5,13890.602564102564,49.35299145299145,39.976126126126125,32.93470588235294
39.975675675675674,32.948235294117644,4,9265.245138330505,41.69983285684505,39.976126126126125,32.94882352941176
39.975675675675674,32.95294117647059,4,9265.245138330505,41.69983285684505,39.976126126126125,32.953529411764706
39.975675675675674,32.96823529411765,6,18261.74452782989,48.22776141701333,39.976126126126125,32.968823529411765
39.975675675675674,33.16470588235294,8,556.8119658119658,8.447649572649572,39.976126126126125,33.16529411764706
39.976576576576576,32.58,28,38078.59561259422,39.965383781171326,39.97702702702703,32.580588235294115
39.976576576576576,32.60705882352941,19,39340.68545350884,58.81689279748268,39.97702702702703,32.607647058823524
39.976576576576576,32.60941176470588,5,10627.21794871795,53.75299145299145,39.97702702702703,32.61
39.976576576576576,32.61764705882353,5,10627.21794871795,53.75299145299145,39.97702702702703,32.618235294117646
39.976576576576576,32.637647058823525,6,9611.250862110104,49.68102951727695,39.97702702702703,32.63823529411764
39.976576576576576,32.641176470588235,4,5553.932145090682,48.456053262455704,39.97702702702703,32.64176470588235
39.976576576576576,32.64235294117647,3,5553.932145090682,64.60807101660761,39.97702702702703,32.642941176470586
39.976576576576576,32.65529411764705,2,1718.2564102564104,49.47435897435898,39.97702702702703,32.65588235294117
39.976576576576576,32.66,1,798.2820512820513,39.0940170940171,39.97702702702703,32.660588235294114
39.976576576576576,32.6835294117647,1,926.2179487179487,43.072649572649574,39.97702702702703,32.68411764705882
39.976576576576576,32.69647058823529,8,2246.847977902856,29.405579007713154,39.97702702702703,32.69705882352941
39.976576576576576,32.71764705882352,1,3118.982905982906,80.21367521367522,39.97702702702703,32.71823529411764
39.976576576576576,32.779999999999994,6,2479.91452991453,17.633903133903136,39.97702702702703,32.78058823529411
39.976576576576576,32.783529411764704,4,4386.613873254117,55.512885657702725,39.97702702702703,32.78411764705882
39.976576576576576,32.8035294117647,2,838.5462884411453,49.96529692470838,39.97702702702703,32.80411764705882
39.976576576576576,32.80941176470588,2,6471.205128205128,37.480769230769226,39.97702702702703,32.809999999999995
39.976576576576576,32.81058823529411,1,802.4304347826087,48.33913043478261,39.97702702702703,32.81117647058823
39.976576576576576,32.81647058823529,2,4521.604752970607,40.16976756306025,39.97702702702703,32.81705882352941
39.976576576576576,32.82588235294117,2,7959.811965811966,57.68376068376068,39.97702702702703,32.82647058823529
39.976576576576576,32.839999999999996,21,39847.72493224932,44.69189324677129,39.97702702702703,32.84058823529411
39.976576576576576,32.84470588235294,11,31961.99297099297,47.48506192408632,39.97702702702703,32.84529411764706
39.976576576576576,32.84705882352941,13,12854.280730788194,26.206335983603495,39.97702702702703,32.847647058823526
39.976576576576576,32.855294117647055,1,46.84146341463415,33.24390243902439,39.97702702702703,32.85588235294117
39.976576576576576,32.858823529411765,22,57206.47525066376,40.717007617095774,39.97702702702703,32.85941176470588
39.976576576576576,32.88117647058823,9,9901.945422716506,23.84039863156329,39.97702702702703,32.88176470588235
39.976576576576576,32.89411764705882,2,11259.452991452992,66.5,39.97702702702703,32.89470588235294
39.976576576576576,32.895294117647055,6,22698.547008547008,49.54843304843305,39.97702702702703,32.89588235294117
39.976576576576576,32.9,3,3935.021732332708,30.839535126120495,39.97702702702703,32.900588235294116
39.976576576576576,32.90117647058823,3,3935.021732332708,30.839535126120495,39.97702702702703,32.90176470588235
39.976576576576576,32.96470588235294,11,19579.3021431305,42.995294647915685,39.97702702702703,32.965294117647055
39.976576576576576,33.11647058823529,2,0.0,0.0,39.97702702702703,33.117058823529405
39.97747747747748,32.58117647058823,36,47555.39048438909,45.48447228564037,39.97792792792793,32.58176470588235
39.97747747747748,32.60235294117647,9,18681.631396756507,60.50592453895912,39.97792792792793,32.60294117647059
39.97747747747748,32.60705882352941,3,8317.34188034188,73.9017094017094,39.97792792792793,32.607647058823524
39.97747747747748,32.60823529411764,1,2063.3675213675215,62.06837606837607,39.97792792792793,32.60882352941176
39.97747747747748,32.64470588235294,6,8587.863769022306,52.866713570981865,39.97792792792793,32.645294117647055
39.97747747747748,32.64588235294117,2,3033.931623931624,61.68803418803419,39.97792792792793,32.64647058823529
39.97747747747748,32.65882352941176,6,2767.3162393162393,28.365384615384613,39.97792792792793,32.65941176470588
39.97747747747748,32.69529411764706,2,1045.4273504273503,31.90811965811966,39.97792792792793,32.695882352941176
39.97747747747748,32.69882352941176,1,1501.4444444444443,49.636752136752136,39.97792792792793,32.69941176470588
39.97747747747748,32.70823529411764,1,1466.0470085470085,51.86752136752137,39.97792792792793,32.70882352941176
39.97747747747748,32.74705882352941,1,1846.9273504273503,62.162393162393165,39.97792792792793,32.747647058823524
39.97747747747748,32.75647058823529,1,193.51282051282053,38.217948717948715,39.97792792792793,32.757058823529405
39.97747747747748,32.758823529411764,3,3604.628205128205,58.5014245014245,39.97792792792793,32.75941176470588
39.97747747747748,32.76235294117647,5,7015.74358974359,62.55811965811965,39.97792792792793,32.762941176470584
39.97747747747748,32.77647058823529,11,4862.159700458207,46.43338056770892,39.97792792792793,32.77705882352941
39.97747747747748,32.8,1,7283.709401709401,49.465811965811966,39.97792792792793,32.800588235294114
39.97747747747748,32.808235294117644,1,802.4304347826087,48.33913043478261,39.97792792792793,32.80882352941176
39.97747747747748,32.81058823529411,2,4652.93402126329,39.76732853867,39.97792792792793,32.81117647058823
39.97747747747748,32.82470588235294,5,21782.17094017094,57.345299145299144,39.97792792792793,32.825294117647054
39.97747747747748,32.82823529411765,16,29100.06029810298,37.84035920888055,39.97792792792793,32.828823529411764
39.97747747747748,32.84470588235294,5,15949.672161172162,47.77771226063909,39.97792792792793,32.84529411764706
39.97747747747748,32.86941176470588,1,0.0,0.0,39.97792792792793,32.87
39.97747747747748,32.870588235294115,13,11582.110716058629,26.081176694572115,39.97792792792793,32.87117647058823
39.97747747747748,32.87176470588235,9,9901.945422716506,23.84039863156329,39.97792792792793,32.872352941176466
39.97747747747748,32.88235294117647,9,9901.945422716506,23.84039863156329,39.97792792792793,32.88294117647059
39.97747747747748,32.88470588235294,42,57002.80409736778,28.7523894420551,39.97792792792793,32.88529411764706
39.97747747747748,32.895294117647055,8,11581.36397748593,29.724202626641652,39.97792792792793,32.89588235294117
39.97747747747748,32.89764705882352,6,7870.043464665416,30.839535126120495,39.97792792792793,32.89823529411764
39.97747747747748,32.90705882352941,4,3935.021732332708,23.12965134459037,39.97792792792793,32.90764705882353
39.97747747747748,32.932941176470585,12,31704.363247863246,49.36894586894587,39.97792792792793,32.9335294117647
39.97747747747748,32.942352941176466,6,25641.641025641027,56.61965811965812,39.97792792792793,32.94294117647058
39.97747747747748,33.02470588235294,3,606.1923076923077,41.53197686779776,39.97792792792793,33.02529411764706
39.97837837837838,32.57764705882353,1,0.0,0.0,39.97882882882883,32.57823529411765
39.97837837837838,32.5835294117647,2,0.0,0.0,39.97882882882883,32.58411764705882
39.97837837837838,32.603529411764704,5,12060.281582238898,61.44320408588701,39.97882882882883,32.60411764705882
39.97837837837838,32.63294117647059,9,11181.88236247052,46.05932980759115,39.97882882882883,32.633529411764705
39.97837837837838,32.64941176470588,7,2172.8940914158306,25.185820459733502,39.97882882882883,32.65
39.97837837837838,32.69411764705882,2,1045.4273504273503,31.90811965811966,39.97882882882883,32.694705882352935
39.97837837837838,32.69882352941176,1,1501.4444444444443,49.636752136752136,39.97882882882883,32.69941176470588
39.97837837837838,32.703529411764706,1,1466.0470085470085,51.86752136752137,39.97882882882883,32.70411764705882
39.97837837837838,32.72117647058823,2,3156.5499791536377,66.56110589952053,39.97882882882883,32.72176470588235
39.97837837837838,32.734117647058824,1,1846.9273504273503,62.162393162393165,39.97882882882883,32.73470588235294
39.97837837837838,32.755294117647054,1,1538.145299145299,61.26923076923077,39.97882882882883,32.75588235294117
39.97837837837838,32.758823529411764,1,1538.145299145299,61.26923076923077,39.97882882882883,32.75941176470588
39.97837837837838,32.80470588235294,6,13800.962642412378,46.242888218179836,39.97882882882883,32.80529411764706
39.97837837837838,32.81058823529411,1,427.5365853658537,35.61585365853659,39.97882882882883,32.81117647058823
39.97837837837838,32.815294117647056,2,4521.604752970607,40.16976756306025,39.97882882882883,32.81588235294117
39.97837837837838,32.81882352941176,2,240.9512195121951,31.079268292682926,39.97882882882883,32.819411764705876
39.97837837837838,32.84470588235294,6,16012.32080982081,47.24118664362567,39.97882882882883,32.84529411764706
39.97837837837838,32.845882352941175,7,6459.942167195899,27.580915588378275,39.97882882882883,32.84647058823529
39.97837837837838,32.85411764705882,4,9353.770325203252,62.09976287262873,39.97882882882883,32.85470588235294
39.97837837837838,32.855294117647055,2,4641.662601626016,64.36043360433604,39.97882882882883,32.85588235294117
39.97837837837838,32.857647058823524,1,46.84146341463415,33.24390243902439,39.97882882882883,32.85823529411764
39.97837837837838,32.86941176470588,12,10638.450002535368,23.19215099245587,39.97882882882883,32.87
39.97837837837838,32.87176470588235,8,6163.2192333046,25.877970078427396,39.97882882882883,32.872352941176466
39.97837837837838,32.885882352941174,40,56025.07924925739,28.108094075315307,39.97882882882883,32.88647058823529
39.97837837837838,32.89058823529412,6,11133.961538461539,26.378205128205128,39.97882882882883,32.891176470588235
39.97837837837838,32.90588235294118,1,223.7012195121951,39.76219512195122,39.97882882882883,32.906470588235294
39.97837837837838,32.91647058823529,8,22775.350427350426,45.623931623931625,39.97882882882883,32.91705882352941
39.97837837837838,32.92941176470588,12,34163.02564102564,45.62393162393162,39.97882882882883,32.93
39.97837837837838,32.93647058823529,2,8547.213675213676,56.61965811965812,39.97882882882883,32.937058823529405
39.97837837837838,32.942352941176466,1,4273.606837606838,56.61965811965812,39.97882882882883,32.94294117647058
39.97837837837838,32.96588235294117,3,570.7893226176809,35.24673640345282,39.97882882882883,32.96647058823529
39.97837837837838,33.11529411764705,3,0.0,0.0,39.97882882882883,33.11588235294117
39.97927927927928,32.58235294117647,38,51328.24228747385,50.3914602652075,39.97972972972973,32.582941176470584
39.97927927927928,32.58941176470588,36,46235.522889435444,37.986431335396446,39.97972972972973,32.589999999999996
39.97927927927928,32.6435294117647,9,4817.894905450445,40.046815920481315,39.97972972972973,32.64411764705882
39.97927927927928,32.64823529411765,44,40297.895957639776,38.30994686721081,39.97972972972973,32.648823529411764
39.97927927927928,32.65529411764705,12,10309.538461538463,49.47435897435898,39.97972972972973,32.65588235294117
39.97927927927928,32.65764705882353,9,2915.976102650172,24.878743959125185,39.97972972972973,32.658235294117645
39.97927927927928,32.662352941176465,11,3877.116150019135,32.05727191548087,39.97972972972973,32.66294117647058
39.97927927927928,32.688235294117646,2,1045.4273504273503,31.90811965811966,39.97972972972973,32.68882352941176
39.97927927927928,32.70705882352941,1,1466.0470085470085,51.86752136752137,39.97972972972973,32.707647058823525
39.97927927927928,32.724705882352936,1,3118.982905982906,80.21367521367522,39.97972972972973,32.72529411764705
39.97927927927928,32.72941176470588,1,1846.9273504273503,62.162393162393165,39.97972972972973,32.73
39.97927927927928,32.737647058823526,1,1046.6467661691543,48.233830845771145,39.97972972972973,32.73823529411764
39.97927927927928,32.755294117647054,3,1746.5178757556805,40.20710860954763,39.97972972972973,32.75588235294117
39.97927927927928,32.777647058823526,6,2776.638831138831,37.89587664587665,39.97972972972973,32.77823529411764
39.97927927927928,32.79764705882353,3,6441.5641025641025,45.63247863247863,39.97972972972973,32.798235294117646
39.97927927927928,32.80117647058823,1,7283.709401709401,49.465811965811966,39.97972972972973,32.80176470588235
39.97927927927928,32.80941176470588,1,802.4304347826087,48.33913043478261,39.97972972972973,32.809999999999995
39.97927927927928,32.817647058823525,2,4521.604752970607,40.16976756306025,39.97972972972973,32.81823529411764
39.97927927927928,32.821176470588235,2,240.9512195121951,31.079268292682926,39.97972972972973,32.82176470588235
39.97927927927928,32.82235294117647,19,74652.3808630394,53.64467375442985,39.97972972972973,32.822941176470586
39.97927927927928,32.8235294117647,2,7959.811965811966,57.68376068376068,39.97972972972973,32.82411764705882
39.97927927927928,32.827058823529406,2,5148.264957264957,28.48931623931624,39.97972972972973,32.82764705882352
39.97927927927928,32.82823529411765,6,3361.8186887638103,41.92211277882009,39.97972972972973,32.828823529411764
39.97927927927928,32.83176470588235,6,3361.8186887638103,41.92211277882009,39.97972972972973,32.83235294117647
39.97927927927928,32.836470588235294,10,19873.10027100271,39.68471961642693,39.97972972972973,32.83705882352941
39.97927927927928,32.84705882352941,19,36597.772480779946,33.32530366841481,39.97972972972973,32.847647058823526
39.97927927927928,32.85411764705882,2,4712.107723577235,59.83909214092141,39.97972972972973,32.85470588235294
39.97927927927928,32.868235294117646,4,4475.2307692307695,17.82051282051282,39.97972972972973,32.86882352941176
39.97927927927928,32.87294117647058,8,6155.396062572892,24.471720078427396,39.97972972972973,32.8735294117647
39.97927927927928,33.165882352941175,8,556.8119658119658,8.447649572649572,39.97972972972973,33.16647058823529
39.97927927927928,33.17647058823529,18,1670.4358974358975,11.263532763532762,39.97972972972973,33.17705882352941
39.98018018018018,32.554117647058824,2,190.17094017094018,13.094017094017094,39.98063063063063,32.55470588235294
39.98018018018018,32.57764705882353,34,47201.11690652947,35.814352721506594,39.98063063063063,32.57823529411765
39.98018018018018,32.60235294117647,7,14443.737817436098,58.01247148874243,39.98063063063063,32.60294117647059
39.98018018018018,32.60941176470588,9,20979.5,65.37986704653372,39.98063063063063,32.61
39.98018018018018,32.62705882352941,2,0.0,0.0,39.98063063063063,32.62764705882353
39.98018018018018,32.647058823529406,3,242.94381905357517,16.896480439163366,39.98063063063063,32.64764705882352
39.98018018018018,32.64823529411765,2,2517.439545549302,51.122498436522825,39.98063063063063,32.648823529411764
39.98018018018018,32.65764705882353,2,0.0,0.0,39.98063063063063,32.658235294117645
39.98018018018018,32.662352941176465,1,798.2820512820513,39.0940170940171,39.98063063063063,32.66294117647058
39.98018018018018,32.69411764705882,7,3738.627788200959,38.83758450221865,39.98063063063063,32.694705882352935
39.98018018018018,32.69764705882353,2,3002.8888888888887,49.636752136752136,39.98063063063063,32.698235294117644
39.98018018018018,32.712941176470586,1,1466.0470085470085,51.86752136752137,39.98063063063063,32.7135294117647
39.98018018018018,32.73176470588235,1,1846.9273504273503,62.162393162393165,39.98063063063063,32.732352941176465
39.98018018018018,32.739999999999995,1,1046.6467661691543,48.233830845771145,39.98063063063063,32.74058823529411
39.98018018018018,32.74941176470588,4,3572.136305651231,65.48711570353362,39.98063063063063,32.75
39.98018018018018,32.752941176470586,3,3604.628205128205,58.5014245014245,39.98063063063063,32.7535294117647
39.98018018018018,32.7635294117647,5,5671.111111111111,57.947863247863246,39.98063063063063,32.76411764705882
39.98018018018018,32.77294117647059,1,6805.811965811966,87.2051282051282,39.98063063063063,32.773529411764706
39.98018018018018,32.77882352941176,1,2147.188034188034,45.63247863247863,39.98063063063063,32.77941176470588
39.98018018018018,32.79411764705882,4,8588.752136752137,45.63247863247863,39.98063063063063,32.794705882352936
39.98018018018018,32.79529411764705,4,8588.752136752137,45.63247863247863,39.98063063063063,32.79588235294117
39.98018018018018,32.79882352941176,1,2147.188034188034,45.63247863247863,39.98063063063063,32.79941176470588
39.98018018018018,32.8,1,7283.709401709401,49.465811965811966,39.98063063063063,32.800588235294114
39.98018018018018,32.80470588235294,3,6527.32707942464,51.38555347091932,39.98063063063063,32.80529411764706
39.98018018018018,32.811764705882354,2,4652.93402126329,39.76732853867,39.98063063063063,32.81235294117647
39.98018018018018,32.82235294117647,1,3979.905982905983,57.68376068376068,39.98063063063063,32.822941176470586
39.98018018018018,32.836470588235294,11,19966.94783197832,48.2660422233593,39.98063063063063,32.83705882352941
39.98018018018018,32.84823529411764,6,14125.509503763235,26.111206786579924,39.98063063063063,32.84882352941176
39.98018018018018,32.858823529411765,19,56634.32248336517,44.87554358446528,39.98063063063063,32.85941176470588
39.98018018018018,32.86588235294117,5,12139.918803418803,24.620512820512822,39.98063063063063,32.86647058823529
39.98018018018018,32.9035294117647,9,7870.043464665416,20.55969008408033,39.98063063063063,32.90411764705882
39.98018018018018,32.92705882352941,2,5693.8376068376065,45.623931623931625,39.98063063063063,32.927647058823524
39.98018018018018,33.11411764705882,1,0.0,0.0,39.98063063063063,33.114705882352936
39.98018018018018,33.16823529411764,4,278.4059829059829,8.447649572649572,39.98063063063063,33.16882352941176
39.98108108108108,32.569411764705876,34,47201.11690652947,35.814352721506594,39.98153153153153,32.56999999999999
39.98108108108108,32.60941176470588,11,16006.780210271983,50.5562470474313,39.98153153153153,32.61
39.98108108108108,32.612941176470585,19,23316.562153494044,36.661720045271075,39.98153153153153,32.6135294117647
39.98108108108108,32.628235294117644,11,11255.900434759677,40.12904640336318,39.98153153153153,32.62882352941176
39.98108108108108,32.63176470588235,4,5553.932145090682,48.456053262455704,39.98153153153153,32.632352941176464
39.98108108108108,32.647058823529406,32,24916.750429479584,33.79731491152836,39.98153153153153,32.64764705882352
39.98108108108108,32.677647058823524,3,2394.846153846154,39.0940170940171,39.98153153153153,32.67823529411764
39.98108108108108,32.68470588235294,2,1045.4273504273503,31.90811965811966,39.98153153153153,32.685294117647054
39.98108108108108,32.68941176470588,9,4793.719772774651,38.74418039052185,39.98153153153153,32.69
39.98108108108108,32.70705882352941,1,1466.0470085470085,51.86752136752137,39.98153153153153,32.707647058823525
39.98108108108108,32.724705882352936,4,6303.435324160933,63.306532728788824,39.98153153153153,32.72529411764705
39.98108108108108,32.72705882352941,1,1846.9273504273503,62.162393162393165,39.98153153153153,32.72764705882353
39.98108108108108,32.73882352941176,1,1046.6467661691543,48.233830845771145,39.98153153153153,32.73941176470588
39.98108108108108,32.74117647058823,5,4020.5144151039676,22.933971169792066,39.98153153153153,32.741764705882346
39.98108108108108,32.74470588235294,16,6632.131530197396,25.16305134722153,39.98153153153153,32.745294117647056
39.98108108108108,32.74823529411764,1,1046.6467661691543,48.233830845771145,39.98153153153153,32.74882352941176
39.98108108108108,32.75411764705882,2,1731.6581196581196,49.74358974358974,39.98153153153153,32.75470588235294
39.98108108108108,32.76117647058823,3,3604.628205128205,58.5014245014245,39.98153153153153,32.76176470588235
39.98108108108108,32.80470588235294,4,7309.751416646273,43.723033077738805,39.98153153153153,32.80529411764706
39.98108108108108,32.83529411764706,7,16647.312070043776,48.34980940468745,39.98153153153153,32.83588235294118
39.98108108108108,32.85176470588235,6,14125.509503763235,26.111206786579924,39.98153153153153,32.85235294117647
39.98108108108108,32.85647058823529,3,4735.1806739151725,53.298522001284276,39.98153153153153,32.85705882352941
39.98108108108108,32.864705882352936,12,32836.320512820515,25.534544159544158,39.98153153153153,32.86529411764705
39.98108108108108,32.90235294117647,6,7422.641025641025,17.585470085470085,39.98153153153153,32.902941176470584
39.98108108108108,32.91411764705882,4,3935.021732332708,23.12965134459037,39.98153153153153,32.91470588235294
39.98108108108108,32.93764705882353,2,8547.213675213676,56.61965811965812,39.98153153153153,32.938235294117646
39.98108108108108,33.17294117647059,6,556.8119658119658,11.263532763532764,39.98153153153153,33.173529411764704
39.98198198198198,32.58117647058823,2,3154.346153846154,67.67948717948718,39.98243243243243,32.58176470588235
39.98198198198198,32.603529411764704,5,4608.929055810484,35.50769092630685,39.98243243243243,32.60411764705882
39.98198198198198,32.60588235294117,5,4608.929055810484,35.50769092630685,39.98243243243243,32.60647058823529
39.98198198198198,32.60823529411764,7,10601.967375442986,53.45584293755025,39.98243243243243,32.60882352941176
39.98198198198198,32.612941176470585,4,4896.440170940171,41.93162393162393,39.98243243243243,32.6135294117647
39.98198198198198,32.61764705882353,4,4896.440170940171,41.93162393162393,39.98243243243243,32.618235294117646
39.98198198198198,32.6435294117647,8,5417.383989993747,42.00071007921618,39.98243243243243,32.64411764705882
39.98198198198198,32.647058823529406,17,13791.939891790855,32.4465202347608,39.98243243243243,32.64764705882352
39.98198198198198,32.702352941176464,1,1466.0470085470085,51.86752136752137,39.98243243243243,32.70294117647058
39.98198198198198,32.715294117647055,1,1466.0470085470085,51.86752136752137,39.98243243243243,32.71588235294117
39.98198198198198,32.730588235294114,1,1846.9273504273503,62.162393162393165,39.98243243243243,32.73117647058823
39.98198198198198,32.74705882352941,2,2893.5741165965046,55.198112004082155,39.98243243243243,32.747647058823524
39.98198198198198,32.764705882352935,2,2066.482905982906,57.11752136752137,39.98243243243243,32.76529411764705
39.98198198198198,32.77647058823529,23,10469.784587112945,55.20509642573238,39.98243243243243,32.77705882352941
39.98198198198198,32.79764705882353,1,7283.709401709401,49.465811965811966,39.98243243243243,32.798235294117646
39.98198198198198,32.8035294117647,2,6471.205128205128,37.480769230769226,39.98243243243243,32.80411764705882
39.98198198198198,32.808235294117644,1,802.4304347826087,48.33913043478261,39.98243243243243,32.80882352941176
39.98198198198198,32.821176470588235,1,0.0,0.0,39.98243243243243,32.82176470588235
39.98198198198198,32.84823529411764,10,16437.002442002442,45.96745585038268,39.98243243243243,32.84882352941176
39.98198198198198,32.85176470588235,8,14253.761756015487,30.834531216061066,39.98243243243243,32.85235294117647
39.98198198198198,32.8635294117647,5,12139.918803418803,24.620512820512822,39.98243243243243,32.86411764705882
39.98198198198198,32.87411764705882,2,1028.423076923077,18.455128205128204,39.98243243243243,32.874705882352934
39.98198198198198,32.88235294117647,9,9901.945422716506,23.84039863156329,39.98243243243243,32.88294117647059
39.98198198198198,32.89764705882352,6,11133.961538461539,26.378205128205128,39.98243243243243,32.89823529411764
39.98198198198198,32.923529411764704,8,22775.350427350426,45.623931623931625,39.98243243243243,32.92411764705882
39.98198198198198,32.92470588235294,2,5693.8376068376065,45.623931623931625,39.98243243243243,32.925294117647056
39.98198198198198,32.92705882352941,4,11387.675213675213,45.623931623931625,39.98243243243243,32.927647058823524
39.98198198198198,32.93176470588235,3,13338.226495726496,67.18518518518518,39.98243243243243,32.93235294117647
39.98198198198198,32.932941176470585,5,13890.602564102564,49.35299145299145,39.98243243243243,32.9335294117647
39.98288288288288,32.569411764705876,30,42042.56059001687,41.36804878108638,39.983333333333334,32.56999999999999
39.98288288288288,32.57647058823529,30,40123.935273300835,52.567812881712385,39.983333333333334,32.577058823529406
39.98288288288288,32.578823529411764,2,3154.346153846154,67.67948717948718,39.983333333333334,32.57941176470588
39.98288288288288,32.59176470588235,2,0.0,0.0,39.983333333333334,32.592352941176465
39.98288288288288,32.59882352941176,18,18604.11944588862,42.233896115348756,39.983333333333334,32.59941176470588
39.98288288288288,32.60823529411764,20,22260.66413864367,43.64231801035169,39.983333333333334,32.60882352941176
39.98288288288288,32.62705882352941,6,11107.864290181364,64.60807101660761,39.983333333333334,32.62764705882353
39.98288288288288,32.637647058823525,4,3436.512820512821,49.47435897435898,39.983333333333334,32.63823529411764
39.98288288288288,32.662352941176465,1,798.2820512820513,39.0940170940171,39.983333333333334,32.66294117647058
39.98288288288288,32.69294117647058,6,3710.7253491765687,38.662141268848586,39.983333333333334,32.6935294117647
39.98288288288288,32.69882352941176,1,37.56707317073171,52.90853658536585,39.983333333333334,32.69941176470588
39.98288288288288,32.702352941176464,1,1466.0470085470085,51.86752136752137,39.983333333333334,32.70294117647058
39.98288288288288,32.705882352941174,2,1503.6140817177402,52.38802897644361,39.983333333333334,32.70647058823529
39.98288288288288,32.71647058823529,3,5003.477329580988,65.09486832047808,39.983333333333334,32.717058823529406
39.98288288288288,32.72235294117647,4,8112.7956014175525,65.61999687304565,39.983333333333334,32.722941176470584
39.98288288288288,32.72588235294118,2,3693.8547008547007,62.162393162393165,39.983333333333334,32.726470588235294
39.98288288288288,32.734117647058824,1,1846.9273504273503,62.162393162393165,39.983333333333334,32.73470588235294
39.98288288288288,32.73647058823529,1,1846.9273504273503,62.162393162393165,39.983333333333334,32.73705882352941
39.98288288288288,32.74235294117647,1,1046.6467661691543,48.233830845771145,39.983333333333334,32.74294117647059
39.98288288288288,32.74705882352941,2,1287.44776119403,57.062189054726375,39.983333333333334,32.747647058823524
39.98288288288288,32.75058823529412,2,1731.6581196581196,49.74358974358974,39.983333333333334,32.751176470588234
39.98288288288288,32.752941176470586,2,1553.00505524286,41.20168855534709,39.983333333333334,32.7535294117647
39.98288288288288,32.764705882352935,2,2066.482905982906,57.11752136752137,39.983333333333334,32.76529411764705
39.98288288288288,32.77529411764706,11,5016.011696541547,53.82070573861619,39.983333333333334,32.775882352941174
39.98288288288288,32.77882352941176,1,2147.188034188034,45.63247863247863,39.983333333333334,32.77941176470588
39.98288288288288,32.790588235294116,6,28292.692307692305,47.549145299145295,39.983333333333334,32.79117647058823
39.98288288288288,32.796470588235294,1,7283.709401709401,49.465811965811966,39.983333333333334,32.79705882352941
39.98288288288288,32.802352941176466,2,6471.205128205128,37.480769230769226,39.983333333333334,32.80294117647058
39.98288288288288,32.80470588235294,1,802.4304347826087,48.33913043478261,39.983333333333334,32.80529411764706
39.98288288288288,32.811764705882354,2,4652.93402126329,39.76732853867,39.983333333333334,32.81235294117647
39.98288288288288,32.815294117647056,16,48559.75151136127,53.74884693558474,39.983333333333334,32.81588235294117
39.98288288288288,32.817647058823525,16,48559.75151136127,53.74884693558474,39.983333333333334,32.81823529411764
39.98288288288288,32.821176470588235,2,7959.811965811966,57.68376068376068,39.983333333333334,32.82176470588235
39.98288288288288,32.832941176470584,7,6047.750781738587,49.20353494743738,39.983333333333334,32.8335294117647
39.98288288288288,32.845882352941175,10,16437.002442002442,45.96745585038268,39.983333333333334,32.84647058823529
39.98288288288288,32.85411764705882,16,33091.37898335596,32.68885467061318,39.983333333333334,32.85470588235294
39.98288288288288,32.858823529411765,19,56634.32248336517,44.87554358446528,39.983333333333334,32.85941176470588
39.98288288288288,32.87411764705882,1,0.0,0.0,39.983333333333334,32.874705882352934
39.98288288288288,32.889411764705876,75,97516.13169507579,29.192361054146925,39.983333333333334,32.88999999999999
39.98288288288288,32.90235294117647,4,3935.021732332708,23.12965134459037,39.983333333333334,32.902941176470584
39.98288288288288,32.94117647058823,2,8547.213675213676,56.61965811965812,39.983333333333334,32.94176470588235
39.98288288288288,33.025882352941174,2,180.66666666666666,44.55223880597015,39.983333333333334,33.02647058823529
39.98288288288288,33.16941176470588,3,278.4059829059829,11.263532763532764,39.983333333333334,33.169999999999995
39.983783783783785,32.55882352941176,17,23728.92811138439,36.21518228410086,39.984234234234236,32.55941176470588
39.983783783783785,32.56235294117647,34,47201.11690652947,35.814352721506594,39.984234234234236,32.56294117647059
39.983783783783785,32.563529411764705,26,37140.74358974359,49.15473613316015,39.984234234234236,32.56411764705882
39.983783783783785,32.58235294117647,13,16403.618576243687,37.25970606822344,39.984234234234236,32.582941176470584
39.983783783783785,32.584705882352935,44,56423.88064955256,47.36439698186686,39.984234234234236,32.58529411764705
39.983783783783785,32.58705882352941,25,27149.746215631756,45.55423891940495,39.984234234234236,32.58764705882353
39.983783783783785,32.6235294117647,4,9356.71794871795,73.42735042735043,39.984234234234236,32.62411764705882
39.983783783783785,32.628235294117644,3,5553.932145090682,64.60807101660761,39.984234234234236,32.62882352941176
39.983783783783785,32.63058823529411,3,5553.932145090682,64.60807101660761,39.984234234234236,32.63117647058823
39.983783783783785,32.650588235294116,14,11598.866718635152,34.01517316707973,39.984234234234236,32.65117647058823
39.983783783783785,32.65411764705882,4,3436.512820512821,49.47435897435898,39.984234234234236,32.654705882352935
39.983783783783785,32.65764705882353,15,6463.694051368121,34.15203270026144,39.984234234234236,32.658235294117645
39.983783783783785,32.68705882352941,1,1501.4444444444443,49.636752136752136,39.984234234234236,32.68764705882353
39.983783783783785,32.69764705882353,1,1466.0470085470085,51.86752136752137,39.984234234234236,32.698235294117644
39.983783783783785,32.702352941176464,2,1503.6140817177402,52.38802897644361,39.984234234234236,32.70294117647058
39.983783783783785,32.71176470588235,2,1503.6140817177402,52.38802897644361,39.984234234234236,32.71235294117647
39.983783783783785,32.715294117647055,2,6237.965811965812,80.21367521367522,39.984234234234236,32.71588235294117
39.983783783783785,32.728235294117646,1,1846.9273504273503,62.162393162393165,39.984234234234236,32.72882352941176
39.983783783783785,32.739999999999995,1,2173.587064676617,52.507462686567166,39.984234234234236,32.74058823529411
39.983783783783785,32.74588235294117,1,1046.6467661691543,48.233830845771145,39.984234234234236,32.74647058823529
39.983783783783785,32.752941176470586,3,1746.5178757556805,40.20710860954763,39.984234234234236,32.7535294117647
39.983783783783785,32.75647058823529,2,1889.665207421305,49.856107984156765,39.984234234234236,32.757058823529405
39.983783783783785,32.75764705882353,1,11.956521739130435,8.478260869565217,39.984234234234236,32.75823529411765
39.983783783783785,32.764705882352935,2,2066.482905982906,57.11752136752137,39.984234234234236,32.76529411764705
39.983783783783785,32.79176470588235,2,9430.897435897436,47.549145299145295,39.984234234234236,32.79235294117647
39.983783783783785,32.796470588235294,2,14567.418803418803,49.465811965811966,39.984234234234236,32.79705882352941
39.983783783783785,32.79882352941176,1,7283.709401709401,49.465811965811966,39.984234234234236,32.79941176470588
39.983783783783785,32.80470588235294,1,802.4304347826087,48.33913043478261,39.984234234234236,32.80529411764706
39.983783783783785,32.808235294117644,1,802.4304347826087,48.33913043478261,39.984234234234236,32.80882352941176
39.983783783783785,32.827058823529406,51,50012.257973733584,43.05226305656721,39.984234234234236,32.82764705882352
39.983783783783785,32.82941176470588,9,8587.821450906817,46.5114191740208,39.984234234234236,32.83
39.983783783783785,32.83411764705882,11,30566.50912028351,47.722762332518435,39.984234234234236,32.834705882352935
39.983783783783785,32.845882352941175,5,8218.501221001221,45.96745585038268,39.984234234234236,32.84647058823529
39.983783783783785,32.855294117647055,5,21817.27706224048,58.73964583720681,39.984234234234236,32.85588235294117
39.983783783783785,32.86,1,8556.482905982906,60.20940170940171,39.984234234234236,32.86058823529412
39.983783783783785,32.861176470588234,2,8600.214613299979,61.38823744006671,39.984234234234236,32.86176470588235
39.983783783783785,32.87411764705882,1,43.73170731707317,62.56707317073171,39.984234234234236,32.874705882352934
39.983783783783785,32.87529411764706,16,12318.615295877491,25.174845078427396,39.984234234234236,32.875882352941176
39.983783783783785,32.879999999999995,21,22889.160076202243,25.707521171376595,39.984234234234236,32.88058823529411
39.983783783783785,32.92235294117647,2,5693.8376068376065,45.623931623931625,39.984234234234236,32.92294117647059
39.983783783783785,33.02823529411764,6,1547.576923076923,40.02184589871157,39.984234234234236,33.02882352941176
39.98468468468469,32.55882352941176,32,45726.51861593117,34.88287797172896,39.98513513513514,32.55941176470588
39.98468468468469,32.563529411764705,13,18570.371794871797,49.15473613316015,39.98513513513514,32.56411764705882
39.98468468468469,32.58235294117647,14,9381.460456585566,29.7835854272087,39.98513513513514,32.582941176470584
39.98468468468469,32.5835294117647,12,9381.460456585566,34.74751633174348,39.98513513513514,32.58411764705882
39.98468468468469,32.59529411764706,9,9229.269333117336,42.27284406893086,39.98513513513514,32.595882352941175
39.98468468468469,32.597647058823526,9,9374.850112771284,42.19494816176665,39.98513513513514,32.59823529411764
39.98468468468469,32.601176470588236,3,4067.7996664582033,60.69496560350219,39.98513513513514,32.60176470588235
39.98468468468469,32.65882352941176,1,798.2820512820513,39.0940170940171,39.98513513513514,32.65941176470588
39.98468468468469,32.68588235294117,1,1501.4444444444443,49.636752136752136,39.98513513513514,32.68647058823529
39.98468468468469,32.690588235294115,11,7430.434333958724,45.12960751985142,39.98513513513514,32.69117647058823
39.98468468468469,32.69529411764706,1,1466.0470085470085,51.86752136752137,39.98513513513514,32.695882352941176
39.98468468468469,32.70823529411764,2,1503.6140817177402,52.38802897644361,39.98513513513514,32.70882352941176
39.98468468468469,32.715294117647055,2,4965.910256410256,71.1880341880342,39.98513513513514,32.71588235294117
39.98468468468469,32.7235294117647,1,1846.9273504273503,62.162393162393165,39.98513513513514,32.72411764705882
39.98468468468469,32.73647058823529,4,2173.587064676617,13.126865671641792,39.98513513513514,32.73705882352941
39.98468468468469,32.755294117647054,2,2066.482905982906,57.11752136752137,39.98513513513514,32.75588235294117
39.98468468468469,32.76117647058823,2,2066.482905982906,57.11752136752137,39.98513513513514,32.76176470588235
39.98468468468469,32.7635294117647,2,2066.482905982906,57.11752136752137,39.98513513513514,32.76411764705882
39.98468468468469,32.79764705882353,2,14567.418803418803,49.465811965811966,39.98513513513514,32.798235294117646
39.98468468468469,32.80117647058823,2,6471.205128205128,37.480769230769226,39.98513513513514,32.80176470588235
39.98468468468469,32.811764705882354,9,31592.16636348805,63.330734688246174,39.98513513513514,32.81235294117647
39.98468468468469,32.82235294117647,8,8082.931207004378,39.160712424431935,39.98513513513514,32.822941176470586
39.98468468468469,32.8235294117647,9,8587.821450906817,46.5114191740208,39.98513513513514,32.82411764705882
39.98468468468469,32.827058823529406,2,520.4615384615385,43.36965811965812,39.98513513513514,32.82764705882352
39.98468468468469,32.84470588235294,5,8218.501221001221,45.96745585038268,39.98513513513514,32.84529411764706
39.98468468468469,32.858823529411765,10,28160.511466907807,48.724001628269924,39.98513513513514,32.85941176470588
39.98468468468469,32.8635294117647,6,12139.918803418803,20.51709401709402,39.98513513513514,32.86411764705882
39.98468468468469,32.88705882352941,6,1715.931623931624,13.608262108262108,39.98513513513514,32.887647058823525
39.98468468468469,32.90117647058823,9,7870.043464665416,20.55969008408033,39.98513513513514,32.90176470588235
39.98468468468469,33.17294117647059,6,556.8119658119658,11.263532763532764,39.98513513513514,33.173529411764704
39.98558558558559,32.569411764705876,2,0.0,0.0,39.98603603603604,32.56999999999999
39.98558558558559,32.57176470588235,84,107992.16531416473,46.59032282978066,39.98603603603604,32.57235294117647
39.98558558558559,32.578823529411764,13,16403.618576243687,37.25970606822344,39.98603603603604,32.57941176470588
39.98558558558559,32.59176470588235,23,27023.047420451036,47.50028588672879,39.98603603603604,32.592352941176465
39.98558558558559,32.60823529411764,1,2320.1068376068374,75.69658119658119,39.98603603603604,32.60882352941176
39.98558558558559,32.61176470588235,9,8936.03745931849,41.093921768036836,39.98603603603604,32.61235294117647
39.98558558558559,32.62117647058823,17,28612.653846153848,64.00860455396246,39.98603603603604,32.62176470588235
39.98558558558559,32.641176470588235,5,2837.0237359695193,44.462619709607665,39.98603603603604,32.64176470588235
39.98558558558559,32.66,1,798.2820512820513,39.0940170940171,39.98603603603604,32.660588235294114
39.98558558558559,32.688235294117646,1,1501.4444444444443,49.636752136752136,39.98603603603604,32.68882352941176
39.98558558558559,32.70705882352941,1,3118.982905982906,80.21367521367522,39.98603603603604,32.707647058823525
39.98558558558559,32.70823529411764,1,3118.982905982906,80.21367521367522,39.98603603603604,32.70882352941176
39.98558558558559,32.71176470588235,1,3118.982905982906,80.21367521367522,39.98603603603604,32.71235294117647
39.98558558558559,32.73294117647058,4,2173.587064676617,13.126865671641792,39.98603603603604,32.7335294117647
39.98558558558559,32.75764705882353,2,2066.482905982906,57.11752136752137,39.98603603603604,32.75823529411765
39.98558558558559,32.77529411764706,12,5453.7728905713975,56.47412122225555,39.98603603603604,32.775882352941174
39.98558558558559,32.78470588235294,2,9430.897435897436,47.549145299145295,39.98603603603604,32.785294117647055
39.98558558558559,32.78941176470588,4,18861.79487179487,47.549145299145295,39.98603603603604,32.79
39.98558558558559,32.805882352941175,2,6841.927819470502,69.39829580988118,39.98603603603604,32.80647058823529
39.98558558558559,32.80705882352941,3,20417.4358974359,87.20512820512822,39.98603603603604,32.80764705882353
39.98558558558559,32.81411764705882,6,9923.59592845247,46.06288700992053,39.98603603603604,32.81470588235294
39.98558558558559,32.83882352941176,4,13919.197050239733,46.62542995622264,39.98603603603604,32.83941176470588
39.98558558558559,32.85294117647059,11,11203.656799164262,21.669648042782374,39.98603603603604,32.853529411764704
39.98558558558559,32.864705882352936,2,17112.965811965812,60.20940170940171,39.98603603603604,32.86529411764705
39.98558558558559,32.88470588235294,1,0.0,0.0,39.98603603603604,32.88529411764706
39.98558558558559,32.889411764705876,2,344.1524390243902,22.140243902439025,39.98603603603604,32.88999999999999
39.98558558558559,32.90117647058823,5,3935.021732332708,18.503721075672296,39.98603603603604,32.90176470588235
39.98558558558559,33.17176470588235,4,0.0,0.0,39.98603603603604,33.17235294117647
39.98558558558559,33.17294117647059,4,278.4059829059829,8.447649572649572,39.98603603603604,33.173529411764704
39.986486486486484,32.55764705882353,34,34470.44629675676,39.591557784683225,39.986936936936935,32.558235294117644
39.986486486486484,32.569411764705876,16,676.8498759305211,14.247561690102014,39.986936936936935,32.56999999999999
39.986486486486484,32.57647058823529,44,51247.50406629645,42.31917179206336,39.986936936936935,32.577058823529406
39.986486486486484,32.59294117647058,26,42009.13293574548,54.16618516206549,39.986936936936935,32.5935294117647
39.986486486486484,32.599999999999994,3,4067.7996664582033,60.69496560350219,39.986936936936935,32.60058823529411
39.986486486486484,32.628235294117644,3,5553.932145090682,64.60807101660761,39.986936936936935,32.62882352941176
39.986486486486484,32.64235294117647,5,2837.0237359695193,44.462619709607665,39.986936936936935,32.642941176470586
39.986486486486484,32.65529411764705,9,2915.976102650172,24.878743959125185,39.986936936936935,32.65588235294117
39.986486486486484,32.74117647058823,2,3220.233830845771,50.37064676616916,39.986936936936935,32.741764705882346
39.986486486486484,32.76117647058823,4,4132.965811965812,57.11752136752137,39.986936936936935,32.76176470588235
39.986486486486484,32.76705882352941,4,4132.965811965812,57.11752136752137,39.986936936936935,32.76764705882353
39.986486486486484,32.790588235294116,1,2147.188034188034,45.63247863247863,39.986936936936935,32.79117647058823
39.986486486486484,32.79764705882353,2,6471.205128205128,37.480769230769226,39.986936936936935,32.798235294117646
39.986486486486484,32.80117647058823,1,36.11585365853659,51.59146341463415,39.986936936936935,32.80176470588235
39.986486486486484,32.815294117647056,9,9710.505955992396,58.918550704195646,39.986936936936935,32.81588235294117
39.986486486486484,32.82,9,16006.627319157808,41.895750816482526,39.986936936936935,32.82058823529412
39.986486486486484,32.83176470588235,3,7992.948717948718,61.995726495726494,39.986936936936935,32.83235294117647
39.986486486486484,32.843529411764706,10,16437.002442002442,45.96745585038268,39.986936936936935,32.84411764705882
39.986486486486484,32.87529411764706,16,12318.615295877491,25.174845078427396,39.986936936936935,32.875882352941176
39.986486486486484,32.885882352941174,4,4475.2307692307695,17.82051282051282,39.986936936936935,32.88647058823529
39.986486486486484,32.88705882352941,9,9043.979610750695,19.304311262142587,39.986936936936935,32.887647058823525
39.986486486486484,32.889411764705876,2,344.1524390243902,22.140243902439025,39.986936936936935,32.88999999999999
39.986486486486484,32.89647058823529,76,104790.78303966616,30.100576698857044,39.986936936936935,32.897058823529406
39.986486486486484,32.90117647058823,11,11581.36397748593,21.617601910284836,39.986936936936935,32.90176470588235
39.986486486486484,32.97176470588235,3,570.7893226176809,35.24673640345282,39.986936936936935,32.97235294117647
39.987387387387386,32.525882352941174,3,11419.747915363769,63.90857132930304,39.98783783783784,32.52647058823529
39.987387387387386,32.52705882352941,1,99.69277108433735,35.963855421686745,39.98783783783784,32.527647058823526
39.987387387387386,32.54941176470588,44,53098.8988535797,31.70573843582297,39.98783783783784,32.55
39.987387387387386,32.55764705882353,24,18808.889229839933,37.82109601110299,39.98783783783784,32.558235294117644
39.987387387387386,32.578823529411764,20,25405.402635557868,41.9917442754131,39.98783783783784,32.57941176470588
39.987387387387386,32.60588235294117,2,4383.474358974359,68.88247863247864,39.98783783783784,32.60647058823529
39.987387387387386,32.61176470588235,9,8941.152320350822,40.58178966997166,39.98783783783784,32.61235294117647
39.987387387387386,32.62470588235294,6,9356.71794871795,48.95156695156695,39.98783783783784,32.62529411764706
39.987387387387386,32.647058823529406,8,11070.210965186576,46.49685711262812,39.98783783783784,32.64764705882352
39.987387387387386,32.65529411764705,11,3877.116150019135,32.05727191548087,39.98783783783784,32.65588235294117
39.987387387387386,32.662352941176465,1,798.2820512820513,39.0940170940171,39.98783783783784,32.66294117647058
39.987387387387386,32.68588235294117,1,1501.4444444444443,49.636752136752136,39.98783783783784,32.68647058823529
39.987387387387386,32.68705882352941,1,1501.4444444444443,49.636752136752136,39.98783783783784,32.68764705882353
39.987387387387386,32.715294117647055,2,4965.910256410256,71.1880341880342,39.98783783783784,32.71588235294117
39.987387387387386,32.72235294117647,1,1846.9273504273503,62.162393162393165,39.98783783783784,32.722941176470584
39.987387387387386,32.78705882352941,2,9430.897435897436,47.549145299145295,39.98783783783784,32.787647058823524
39.987387387387386,32.796470588235294,2,6471.205128205128,37.480769230769226,39.98783783783784,32.79705882352941
39.987387387387386,32.79882352941176,2,6471.205128205128,37.480769230769226,39.98783783783784,32.79941176470588
39.987387387387386,32.81058823529411,2,12432.940170940172,68.45299145299145,39.98783783783784,32.81117647058823
39.987387387387386,32.817647058823525,1,437.76119402985074,85.66169154228855,39.98783783783784,32.81823529411764
39.987387387387386,32.827058823529406,2,5328.6324786324785,61.995726495726494,39.98783783783784,32.82764705882352
39.987387387387386,32.839999999999996,14,41797.60334584115,43.9080340391316,39.98783783783784,32.84058823529411
39.987387387387386,32.85294117647059,4,1726.2073170731705,76.58841463414635,39.98783783783784,32.853529411764704
39.987387387387386,32.86941176470588,2,8650.000978272063,45.69205025229122,39.98783783783784,32.87
39.987387387387386,32.870588235294115,8,29296.616322701688,38.26105508651241,39.98783783783784,32.87117647058823
39.987387387387386,32.87411764705882,3,17206.48388425497,50.53116740466138,39.98783783783784,32.874705882352934
39.987387387387386,32.89647058823529,39,51617.33199750361,29.76319023323853,39.98783783783784,32.897058823529406
39.98828828828829,32.55764705882353,17,19572.622147752987,39.8575604333975,39.98873873873874,32.558235294117644
39.98828828828829,32.56823529411764,50,51991.008615449915,39.90135120846111,39.98873873873874,32.56882352941176
39.98828828828829,32.58,17,18327.687865910168,50.01740604769074,39.98873873873874,32.580588235294115
39.98828828828829,32.60235294117647,6,8135.599332916407,60.69496560350219,39.98873873873874,32.60294117647059
39.98828828828829,32.612941176470585,18,17877.189779669312,40.837855719004246,39.98873873873874,32.6135294117647
39.98828828828829,32.652941176470584,2,1718.2564102564104,49.47435897435898,39.98873873873874,32.6535294117647
39.98828828828829,32.68941176470588,1,1501.4444444444443,49.636752136752136,39.98873873873874,32.69
39.98828828828829,32.69294117647058,7,5882.1686470710865,57.06977575270258,39.98873873873874,32.6935294117647
39.98828828828829,32.73176470588235,1,2173.587064676617,52.507462686567166,39.98873873873874,32.732352941176465
39.98828828828829,32.76235294117647,2,2066.482905982906,57.11752136752137,39.98873873873874,32.762941176470584
39.98828828828829,32.76705882352941,2,2066.482905982906,57.11752136752137,39.98873873873874,32.76764705882353
39.98828828828829,32.76941176470588,4,399.3343538716673,55.72442275800485,39.98873873873874,32.769999999999996
39.98828828828829,32.78823529411764,2,14567.418803418803,49.465811965811966,39.98873873873874,32.78882352941176
39.98828828828829,32.79176470588235,2,9430.897435897436,47.549145299145295,39.98873873873874,32.79235294117647
39.98828828828829,32.79882352941176,2,6471.205128205128,37.480769230769226,39.98873873873874,32.79941176470588
39.98828828828829,32.8,1,802.4304347826087,48.33913043478261,39.98873873873874,32.800588235294114
39.98828828828829,32.802352941176466,2,13611.623931623932,87.2051282051282,39.98873873873874,32.80294117647058
39.98828828828829,32.808235294117644,1,6216.470085470086,68.45299145299145,39.98873873873874,32.80882352941176
39.98828828828829,32.81294117647059,12,19299.453328444382,50.556205236743295,39.98873873873874,32.813529411764705
39.98828828828829,32.8235294117647,5,13987.854700854701,29.705982905982903,39.98873873873874,32.82411764705882
39.98828828828829,32.82941176470588,5,13321.581196581195,61.99572649572649,39.98873873873874,32.83
39.98828828828829,32.839999999999996,4,13883.081196581195,33.7275641025641,39.98873873873874,32.84058823529411
39.98828828828829,32.842352941176465,10,16437.002442002442,45.96745585038268,39.98873873873874,32.84294117647058
39.98828828828829,32.858823529411765,22,56776.611375916254,45.958092409311924,39.98873873873874,32.85941176470588
39.98828828828829,32.87764705882353,2,2056.846153846154,36.91025641025641,39.98873873873874,32.878235294117644
39.98828828828829,32.87882352941176,2,2056.846153846154,36.91025641025641,39.98873873873874,32.87941176470588
39.98828828828829,32.88705882352941,4,1715.931623931624,20.412393162393162,39.98873873873874,32.887647058823525
39.98828828828829,32.889411764705876,9,9043.979610750695,19.304311262142587,39.98873873873874,32.88999999999999
39.98828828828829,32.89058823529412,4,688.3048780487804,22.140243902439025,39.98873873873874,32.891176470588235
39.98828828828829,32.94,2,8547.213675213676,56.61965811965812,39.98873873873874,32.940588235294115
39.98828828828829,33.02823529411764,1,90.33333333333333,44.55223880597015,39.98873873873874,33.02882352941176
39.98918918918919,32.50823529411765,2,4104.119658119658,28.623931623931625,39.98963963963964,32.508823529411764
39.98918918918919,32.55647058823529,6,3122.701832972917,23.084912298767723,39.98963963963964,32.55705882352941
39.98918918918919,32.578823529411764,21,25579.683123362745,43.61437898471398,39.98963963963964,32.57941176470588
39.98918918918919,32.58941176470588,5,1211.5761798587887,10.417874396135266,39.98963963963964,32.589999999999996
39.98918918918919,32.59411764705882,27,42083.15100803464,53.1557909771251,39.98963963963964,32.59470588235294
39.98918918918919,32.625882352941176,3,5553.932145090682,64.60807101660761,39.98963963963964,32.62647058823529
39.98918918918919,32.637647058823525,4,3436.512820512821,49.47435897435898,39.98963963963964,32.63823529411764
39.98918918918919,32.64235294117647,54,75689.47290197776,48.63937804763501,39.98963963963964,32.642941176470586
39.98918918918919,32.66470588235294,1,798.2820512820513,39.0940170940171,39.98963963963964,32.66529411764706
39.98918918918919,32.688235294117646,1,1501.4444444444443,49.636752136752136,39.98963963963964,32.68882352941176
39.98918918918919,32.70117647058823,1,1012.6495726495726,63.22222222222222,39.98963963963964,32.70176470588235
39.98918918918919,32.70470588235294,1,1012.6495726495726,63.22222222222222,39.98963963963964,32.70529411764706
39.98918918918919,32.70941176470588,1,1012.6495726495726,63.22222222222222,39.98963963963964,32.709999999999994
39.98918918918919,32.71411764705882,1,1012.6495726495726,63.22222222222222,39.98963963963964,32.71470588235294
39.98918918918919,32.718823529411765,1,1012.6495726495726,63.22222222222222,39.98963963963964,32.71941176470588
39.98918918918919,32.72117647058823,2,2859.576923076923,62.69230769230769,39.98963963963964,32.72176470588235
39.98918918918919,32.739999999999995,4,1046.6467661691543,12.058457711442786,39.98963963963964,32.74058823529411
39.98918918918919,32.74117647058823,4,1046.6467661691543,12.058457711442786,39.98963963963964,32.741764705882346
39.98918918918919,32.75176470588235,7,2124.543309095548,60.38339438339438,39.98963963963964,32.75235294117647
39.98918918918919,32.76,2,2066.482905982906,57.11752136752137,39.98963963963964,32.760588235294115
39.98918918918919,32.76117647058823,2,2066.482905982906,57.11752136752137,39.98963963963964,32.76176470588235
39.98918918918919,32.77529411764706,16,9461.375606375606,55.18679256179256,39.98963963963964,32.775882352941174
39.98918918918919,32.78470588235294,5,1132.4925373134329,57.71542288557214,39.98963963963964,32.785294117647055
39.98918918918919,32.78588235294117,1,7283.709401709401,49.465811965811966,39.98963963963964,32.78647058823529
39.98918918918919,32.79176470588235,1,6805.811965811966,87.2051282051282,39.98963963963964,32.79235294117647
39.98918918918919,32.79411764705882,4,9430.897435897436,23.774572649572647,39.98963963963964,32.794705882352936
39.98918918918919,32.79764705882353,2,6471.205128205128,37.480769230769226,39.98963963963964,32.798235294117646
39.98918918918919,32.85058823529411,2,863.1036585365853,76.58841463414635,39.98963963963964,32.85117647058823
39.98918918918919,32.855294117647055,11,11203.656799164262,21.669648042782374,39.98963963963964,32.85588235294117
39.98918918918919,32.87529411764706,2,0.0,0.0,39.98963963963964,32.875882352941176
39.98918918918919,32.885882352941174,4,1715.931623931624,20.412393162393162,39.98963963963964,32.88647058823529
39.99009009009009,32.559999999999995,25,21275.258262568725,35.800074142724746,39.99054054054054,32.56058823529411
39.99009009009009,32.56117647058823,33,32418.386467696928,39.92391009258479,39.99054054054054,32.56176470588235
39.99009009009009,32.56470588235294,20,22476.427350427348,43.55811965811966,39.99054054054054,32.565294117647056
39.99009009009009,32.603529411764704,28,42678.5008099942,61.26856362284661,39.99054054054054,32.60411764705882
39.99009009009009,32.62705882352941,3,5553.932145090682,64.60807101660761,39.99054054054054,32.62764705882353
39.99009009009009,32.64,4,3436.512820512821,49.47435897435898,39.99054054054054,32.64058823529412
39.99009009009009,32.652941176470584,9,983.2934346079973,20.176621411945316,39.99054054054054,32.6535294117647
39.99009009009009,32.65882352941176,1,798.2820512820513,39.0940170940171,39.99054054054054,32.65941176470588
39.99009009009009,32.67176470588235,1,798.2820512820513,39.0940170940171,39.99054054054054,32.67235294117647
39.99009009009009,32.68705882352941,1,1501.4444444444443,49.636752136752136,39.99054054054054,32.68764705882353
39.99009009009009,32.69529411764706,7,5882.1686470710865,57.06977575270258,39.99054054054054,32.695882352941176
39.99009009009009,32.70705882352941,1,3118.982905982906,80.21367521367522,39.99054054054054,32.707647058823525
39.99009009009009,32.718823529411765,1,1846.9273504273503,62.162393162393165,39.99054054054054,32.71941176470588
39.99009009009009,32.737647058823526,1,2173.587064676617,52.507462686567166,39.99054054054054,32.73823529411764
39.99009009009009,32.743529411764705,4,1046.6467661691543,12.058457711442786,39.99054054054054,32.74411764705882
39.99009009009009,32.74941176470588,1,1046.6467661691543,48.233830845771145,39.99054054054054,32.75
39.99009009009009,32.752941176470586,1,1046.6467661691543,48.233830845771145,39.99054054054054,32.7535294117647
39.99009009009009,32.796470588235294,2,523.4179104477612,62.373134328358205,39.99054054054054,32.79705882352941
39.99009009009009,32.8,2,13611.623931623932,87.2051282051282,39.99054054054054,32.800588235294114
39.99009009009009,32.80117647058823,1,6216.470085470086,68.45299145299145,39.99054054054054,32.80176470588235
39.99009009009009,32.80705882352941,4,24865.880341880344,68.45299145299145,39.99054054054054,32.80764705882353
39.99009009009009,32.81058823529411,6,9375.85739999191,55.049523463566054,39.99054054054054,32.81117647058823
39.99009009009009,32.81882352941176,9,12464.482530281675,45.0044098007634,39.99054054054054,32.819411764705876
39.99009009009009,32.82588235294117,2,6993.927350427351,37.13247863247863,39.99054054054054,32.82647058823529
39.99009009009009,32.82941176470588,1,2664.3162393162393,61.995726495726494,39.99054054054054,32.83
39.99009009009009,32.839999999999996,4,13919.197050239733,46.62542995622264,39.99054054054054,32.84058823529411
39.99009009009009,32.84705882352941,6,25472.0,47.611111111111114,39.99054054054054,32.847647058823526
39.99009009009009,32.84823529411764,6,25472.0,47.611111111111114,39.99054054054054,32.84882352941176
39.99009009009009,32.864705882352936,20,48559.67521367522,24.620512820512822,39.99054054054054,32.86529411764705
39.99009009009009,32.86588235294117,7,12277.168583025034,30.97776229549665,39.99054054054054,32.86647058823529
39.99009009009009,32.87529411764706,29,35942.79450491315,38.34824559588206,39.99054054054054,32.875882352941176
39.99009009009009,32.87764705882353,7,5354.459343959345,59.79426129426129,39.99054054054054,32.878235294117644
39.99009009009009,32.89176470588235,4,688.3048780487804,22.140243902439025,39.99054054054054,32.89235294117647
39.99009009009009,32.9,5,3935.021732332708,18.503721075672296,39.99054054054054,32.900588235294116
39.99009009009009,33.03058823529412,3,606.1923076923077,41.53197686779776,39.99054054054054,33.031176470588235
39.99009009009009,33.17411764705882,7,556.8119658119658,9.654456654456654,39.99054054054054,33.17470588235294
39.99009009009009,33.177647058823524,4,278.4059829059829,8.447649572649572,39.99054054054054,33.17823529411764
39.990990990990994,32.56705882352941,10,11238.213675213676,43.55811965811966,39.991441441441445,32.567647058823525
39.990990990990994,32.5835294117647,19,25462.425033467203,50.56300968331375,39.991441441441445,32.58411764705882
39.990990990990994,32.588235294117645,28,34663.27800256686,49.97456808830964,39.991441441441445,32.58882352941176
39.990990990990994,32.60823529411764,5,8913.594017094018,62.47901348985687,39.991441441441445,32.60882352941176
39.990990990990994,32.61529411764705,15,17620.653635091,42.66044694312639,39.991441441441445,32.61588235294117
39.990990990990994,32.61882352941176,8,10816.886908396855,45.453064419275194,39.991441441441445,32.61941176470588
39.990990990990994,32.62470588235294,13,21444.401086434835,48.4072622162853,39.991441441441445,32.62529411764706
39.990990990990994,32.63176470588235,20,27022.482694920058,49.393507383227806,39.991441441441445,32.632352941176464
39.990990990990994,32.66,1,798.2820512820513,39.0940170940171,39.991441441441445,32.660588235294114
39.990990990990994,32.69764705882353,1,1012.6495726495726,63.22222222222222,39.991441441441445,32.698235294117644
39.990990990990994,32.715294117647055,1,3118.982905982906,80.21367521367522,39.991441441441445,32.71588235294117
39.990990990990994,32.7235294117647,3,4706.504273504273,62.515669515669515,39.991441441441445,32.72411764705882
39.990990990990994,32.73529411764706,2,4347.174129353234,52.507462686567166,39.991441441441445,32.735882352941175
39.990990990990994,32.743529411764705,6,1725.2089552238806,33.29767827529022,39.991441441441445,32.74411764705882
39.990990990990994,32.78705882352941,3,609.0746268656717,54.61028192371475,39.991441441441445,32.787647058823524
39.990990990990994,32.78823529411764,1,85.65671641791045,39.08457711442786,39.991441441441445,32.78882352941176
39.990990990990994,32.796470588235294,2,6302.126801887996,53.76878428370966,39.991441441441445,32.79705882352941
39.990990990990994,32.8035294117647,2,12432.940170940172,68.45299145299145,39.991441441441445,32.80411764705882
39.990990990990994,32.81058823529411,6,9923.59592845247,46.06288700992053,39.991441441441445,32.81117647058823
39.990990990990994,32.811764705882354,2,13611.623931623932,87.2051282051282,39.991441441441445,32.81235294117647
39.990990990990994,32.82470588235294,3,7992.948717948718,61.995726495726494,39.991441441441445,32.825294117647054
39.990990990990994,32.827058823529406,5,13987.854700854701,29.705982905982903,39.991441441441445,32.82764705882352
39.990990990990994,32.82823529411765,1,2664.3162393162393,61.995726495726494,39.991441441441445,32.828823529411764
39.990990990990994,32.830588235294115,3,6993.927350427351,24.754985754985753,39.991441441441445,32.83117647058823
39.990990990990994,32.839999999999996,5,8218.501221001221,45.96745585038268,39.991441441441445,32.84058823529411
39.990990990990994,32.85176470588235,2,863.1036585365853,76.58841463414635,39.991441441441445,32.85235294117647
39.990990990990994,32.86,12,28616.099909008444,43.653168060180256,39.991441441441445,32.86058823529412
39.990990990990994,32.88705882352941,2,857.965811965812,20.412393162393162,39.991441441441445,32.887647058823525
39.990990990990994,32.89058823529412,13,9732.284488799476,20.176905920695337,39.991441441441445,32.891176470588235
39.990990990990994,32.898823529411764,4,9083.495726495727,45.4017094017094,39.991441441441445,32.89941176470588
39.990990990990994,32.948235294117644,2,498.15748182166095,35.30791555045286,39.991441441441445,32.94882352941176
39.99189189189189,32.55529411764706,39,48926.18400613286,39.300635469969535,39.99234234234234,32.555882352941175
39.99189189189189,32.559999999999995,10,11238.213675213676,43.55811965811966,39.99234234234234,32.56058823529411
39.99189189189189,32.56588235294117,16,12845.76431994394,39.99440660547129,39.99234234234234,32.56647058823529
39.99189189189189,32.57411764705882,12,25149.46013133208,59.22601365436731,39.99234234234234,32.57470588235294
39.99189189189189,32.58941176470588,10,16261.57206436754,52.21064614932526,39.99234234234234,32.589999999999996
39.99189189189189,32.597647058823526,8,16620.72597456744,59.313646549927036,39.99234234234234,32.59823529411764
39.99189189189189,32.62,8,11078.741085668502,46.58044144997752,39.99234234234234,32.620588235294115
39.99189189189189,32.625882352941176,14,21661.567753101503,46.58024776005491,39.99234234234234,32.62647058823529
39.99189189189189,32.62705882352941,1,217.16666666666666,22.82905982905983,39.99234234234234,32.62764705882353
39.99189189189189,32.641176470588235,6,3584.548965091134,41.94475337246421,39.99234234234234,32.64176470588235
39.99189189189189,32.69529411764706,3,2190.3621013133206,58.30861302202766,39.99234234234234,32.695882352941176
39.99189189189189,32.70823529411764,1,3118.982905982906,80.21367521367522,39.99234234234234,32.70882352941176
39.99189189189189,32.73647058823529,1,2173.587064676617,52.507462686567166,39.99234234234234,32.73705882352941
39.99189189189189,32.74823529411764,10,3898.7960199004974,25.229353233830846,39.99234234234234,32.74882352941176
39.99189189189189,32.77529411764706,16,9461.375606375606,55.18679256179256,39.99234234234234,32.775882352941174
39.99189189189189,32.792941176470585,2,6302.126801887996,53.76878428370966,39.99234234234234,32.7935294117647
39.99189189189189,32.8,11,37141.70164284486,56.826641193545804,39.99234234234234,32.800588235294114
39.99189189189189,32.8035294117647,2,7608.242400594574,67.77212931995541,39.99234234234234,32.80411764705882
39.99189189189189,32.80705882352941,2,7608.242400594574,67.77212931995541,39.99234234234234,32.80764705882353
39.99189189189189,32.82,5,13987.854700854701,29.705982905982903,39.99234234234234,32.82058823529412
39.99189189189189,32.8235294117647,2,5328.6324786324785,61.995726495726494,39.99234234234234,32.82411764705882
39.99189189189189,32.827058823529406,7,19316.48717948718,38.931623931623925,39.99234234234234,32.82764705882352
39.99189189189189,32.83764705882353,2,2182.867924528302,60.2311320754717,39.99234234234234,32.838235294117645
39.99189189189189,32.83882352941176,9,27858.400198040443,44.51189979848516,39.99234234234234,32.83941176470588
39.99189189189189,32.839999999999996,5,8218.501221001221,45.96745585038268,39.99234234234234,32.84058823529411
39.99189189189189,32.86235294117647,4,143.6341463414634,51.31707317073171,39.99234234234234,32.862941176470585
39.99189189189189,32.87882352941176,22,13988.72638022638,49.26709401709402,39.99234234234234,32.87941176470588
39.99189189189189,32.879999999999995,4,2464.5,32.86645299145299,39.99234234234234,32.88058823529411
39.99189189189189,32.95176470588235,1,0.0,0.0,39.99234234234234,32.952352941176464
39.99189189189189,33.035294117647055,3,606.1923076923077,41.53197686779776,39.99234234234234,33.03588235294117
39.99189189189189,33.175294117647056,3,278.4059829059829,11.263532763532764,39.99234234234234,33.17588235294117
39.99279279279279,32.522352941176464,12,29626.97446320617,46.68078139114724,39.99324324324324,32.52294117647058
39.99279279279279,32.57411764705882,8,16475.145194913486,59.401279445486765,39.99324324324324,32.57470588235294
39.99279279279279,32.58,10,16261.57206436754,52.21064614932526,39.99324324324324,32.580588235294115
39.99279279279279,32.59294117647058,12,24712.717792370233,59.40127944548676,39.99324324324324,32.5935294117647
39.99279279279279,32.61882352941176,4,7106.965811965812,65.98872412727835,39.99324324324324,32.61941176470588
39.99279279279279,32.62705882352941,12,16468.77923199992,60.28292542695275,39.99324324324324,32.62764705882353
39.99279279279279,32.65411764705882,17,16214.54651652938,39.45411225159787,39.99324324324324,32.654705882352935
39.99279279279279,32.65529411764705,10,3188.138446563171,33.987945223714206,39.99324324324324,32.65588235294117
39.99279279279279,32.65882352941176,1,798.2820512820513,39.0940170940171,39.99324324324324,32.65941176470588
39.99279279279279,32.68941176470588,1,1501.4444444444443,49.636752136752136,39.99324324324324,32.69
39.99279279279279,32.69764705882353,3,2679.1569731081927,53.780122993537624,39.99324324324324,32.698235294117644
39.99279279279279,32.70705882352941,2,6237.965811965812,80.21367521367522,39.99324324324324,32.707647058823525
39.99279279279279,32.74117647058823,1,2173.587064676617,52.507462686567166,39.99324324324324,32.741764705882346
39.99279279279279,32.74470588235294,1,2173.587064676617,52.507462686567166,39.99324324324324,32.745294117647056
39.99279279279279,32.74941176470588,2,199.66717693583365,55.72442275800485,39.99324324324324,32.75
39.99279279279279,32.75647058823529,1,1046.6467661691543,48.233830845771145,39.99324324324324,32.757058823529405
39.99279279279279,32.79882352941176,5,22118.57264957265,47.7025641025641,39.99324324324324,32.79941176470588
39.99279279279279,32.80470588235294,4,14135.041842071692,74.7891312667432,39.99324324324324,32.80529411764706
39.99279279279279,32.80705882352941,3,7329.2298762597275,70.65046562061487,39.99324324324324,32.80764705882353
39.99279279279279,32.81058823529411,1,6805.811965811966,87.2051282051282,39.99324324324324,32.81117647058823
39.99279279279279,32.82235294117647,5,13987.854700854701,29.705982905982903,39.99324324324324,32.822941176470586
39.99279279279279,32.827058823529406,7,19316.48717948718,38.931623931623925,39.99324324324324,32.82764705882352
39.99279279279279,32.82823529411765,10,11156.223317668915,52.34258016852855,39.99324324324324,32.828823529411764
39.99279279279279,32.82941176470588,5,4843.944322439509,59.29234416903881,39.99324324324324,32.83
39.99279279279279,32.83176470588235,5,13987.854700854701,29.705982905982903,39.99324324324324,32.83235294117647
39.99279279279279,32.83411764705882,9,27858.400198040443,44.51189979848516,39.99324324324324,32.834705882352935
39.99279279279279,32.855294117647055,12,11297.174871453419,22.461735605482232,39.99324324324324,32.85588235294117
39.99279279279279,32.858823529411765,10,28160.511466907807,48.724001628269924,39.99324324324324,32.85941176470588
39.99279279279279,32.87529411764706,13,16241.473963921879,29.362570514427475,39.99324324324324,32.875882352941176
39.99279279279279,32.87882352941176,10,6595.226380226381,68.94786324786324,39.99324324324324,32.87941176470588
39.99369369369369,32.519999999999996,12,29626.97446320617,46.68078139114724,39.994144144144144,32.52058823529411
39.99369369369369,32.572941176470586,4,8383.153377110693,59.226013654367314,39.994144144144144,32.5735294117647
39.99369369369369,32.575294117647054,4,8237.572597456743,59.401279445486765,39.994144144144144,32.57588235294117
39.99369369369369,32.588235294117645,4,8237.572597456743,59.401279445486765,39.994144144144144,32.58882352941176
39.99369369369369,32.58941176470588,16,33532.61350844277,59.226013654367314,39.994144144144144,32.589999999999996
39.99369369369369,32.60823529411764,12,17640.353426212667,59.30418997231369,39.994144144144144,32.60882352941176
39.99369369369369,32.61058823529412,3,6741.726495726496,69.64102564102565,39.994144144144144,32.611176470588234
39.99369369369369,32.64,4,4965.128205128205,26.215811965811966,39.994144144144144,32.64058823529412
39.99369369369369,32.641176470588235,3,1792.274482545567,41.94475337246421,39.994144144144144,32.64176470588235
39.99369369369369,32.64235294117647,6,3584.548965091134,41.94475337246421,39.994144144144144,32.642941176470586
39.99369369369369,32.647058823529406,7,6757.402687673773,32.956786854377214,39.994144144144144,32.64764705882352
39.99369369369369,32.724705882352936,2,2859.576923076923,62.69230769230769,39.994144144144144,32.72529411764705
39.99369369369369,32.73294117647058,1,2173.587064676617,52.507462686567166,39.994144144144144,32.7335294117647
39.99369369369369,32.76,1,1046.6467661691543,48.233830845771145,39.994144144144144,32.760588235294115
39.99369369369369,32.79176470588235,2,6302.126801887996,53.76878428370966,39.994144144144144,32.79235294117647
39.99369369369369,32.796470588235294,15,66355.71794871795,47.702564102564104,39.994144144144144,32.79705882352941
39.99369369369369,32.8035294117647,5,24951.537058298254,62.57930858527874,39.994144144144144,32.80411764705882
39.99369369369369,32.80470588235294,2,6302.126801887996,53.76878428370966,39.994144144144144,32.80529411764706
39.99369369369369,32.81058823529411,2,13611.623931623932,87.2051282051282,39.994144144144144,32.81117647058823
39.99369369369369,32.81882352941176,18,25159.157300582763,43.64076899395732,39.994144144144144,32.819411764705876
39.99369369369369,32.82470588235294,7,19316.48717948718,38.931623931623925,39.994144144144144,32.825294117647054
39.99369369369369,32.82588235294117,10,11156.223317668915,52.34258016852855,39.994144144144144,32.82647058823529
39.99369369369369,32.830588235294115,7,11640.911473861885,50.136504833077765,39.994144144144144,32.83117647058823
39.99369369369369,32.832941176470584,12,18032.841464427307,58.436502339731675,39.994144144144144,32.8335294117647
39.99369369369369,32.85058823529411,4,7541.416868247057,43.07808216416707,39.994144144144144,32.85117647058823
39.99369369369369,32.85294117647059,2,863.1036585365853,76.58841463414635,39.994144144144144,32.853529411764704
39.99369369369369,32.87411764705882,24,32303.73495399715,29.680309824364702,39.994144144144144,32.874705882352934
39.99369369369369,32.87764705882353,1,93.51807228915662,31.174698795180724,39.994144144144144,32.878235294117644
39.99369369369369,32.883529411764705,6,2573.897435897436,20.412393162393162,39.994144144144144,32.88411764705882
39.99369369369369,32.88705882352941,4,1715.931623931624,20.412393162393162,39.994144144144144,32.887647058823525
39.99369369369369,32.89058823529412,13,9732.284488799476,20.176905920695337,39.994144144144144,32.891176470588235
39.99369369369369,33.038823529411765,3,606.1923076923077,41.53197686779776,39.994144144144144,33.03941176470588
39.99369369369369,33.063529411764705,7,2978.6794871794873,35.49145299145299,39.994144144144144,33.06411764705882
39.99369369369369,33.17882352941176,4,278.4059829059829,8.447649572649572,39.994144144144144,33.179411764705875
39.994594594594595,32.61058823529412,3,6998.465811965812,74.18376068376068,39.995045045045046,32.611176470588234
39.994594594594595,32.64235294117647,6,3584.548965091134,41.94475337246421,39.995045045045046,32.642941176470586
39.994594594594595,32.69529411764706,3,2190.3621013133206,58.30861302202766,39.995045045045046,32.695882352941176
39.994594594594595,32.69882352941176,3,2679.1569731081927,53.780122993537624,39.995045045045046,32.69941176470588
39.994594594594595,32.70470588235294,2,6237.965811965812,80.21367521367522,39.995045045045046,32.70529411764706
39.994594594594595,32.71058823529412,1,3118.982905982906,80.21367521367522,39.995045045045046,32.711176470588235
39.994594594594595,32.71647058823529,1,3118.982905982906,80.21367521367522,39.995045045045046,32.717058823529406
39.994594594594595,32.752941176470586,6,2852.1492537313434,34.00995024875622,39.995045045045046,32.7535294117647
39.994594594594595,32.76705882352941,2,199.66717693583365,55.72442275800485,39.995045045045046,32.76764705882353
39.994594594594595,32.77294117647059,3,2567.9379764379764,57.749018249018256,39.995045045045046,32.773529411764706
39.994594594594595,32.79411764705882,5,22118.57264957265,47.7025641025641,39.995045045045046,32.794705882352936
39.994594594594595,32.796470588235294,4,15902.102564102563,42.51495726495726,39.995045045045046,32.79705882352941
39.994594594594595,32.79882352941176,5,22118.57264957265,47.7025641025641,39.995045045045046,32.79941176470588
39.994594594594595,32.80117647058823,2,12432.940170940172,68.45299145299145,39.995045045045046,32.80176470588235
39.994594594594595,32.80705882352941,2,6302.126801887996,53.76878428370966,39.995045045045046,32.80764705882353
39.994594594594595,32.80941176470588,9,17252.8258047122,54.25874654681864,39.995045045045046,32.809999999999995
39.994594594594595,32.81058823529411,5,8938.09620596206,48.927089847821556,39.995045045045046,32.81117647058823
39.994594594594595,32.82,18,28603.570948533554,37.96316211277787,39.995045045045046,32.82058823529412
39.994594594594595,32.82235294117647,6,8976.595234545644,48.159967889302976,39.995045045045046,32.822941176470586
39.994594594594595,32.8235294117647,4,2179.62808312327,58.61649858736689,39.995045045045046,32.82411764705882
39.994594594594595,32.82588235294117,3,9658.24358974359,45.42022792022792,39.995045045045046,32.82647058823529
39.994594594594595,32.82823529411765,3,9658.24358974359,45.42022792022792,39.995045045045046,32.828823529411764
39.994594594594595,32.83764705882353,5,8218.501221001221,45.96745585038268,39.995045045045046,32.838235294117645
39.994594594594595,32.83882352941176,5,8218.501221001221,45.96745585038268,39.995045045045046,32.83941176470588
39.994594594594595,32.84823529411764,4,7541.416868247057,43.07808216416707,39.995045045045046,32.84882352941176
39.994594594594595,32.85058823529411,4,7541.416868247057,43.07808216416707,39.995045045045046,32.85117647058823
39.994594594594595,32.85411764705882,6,6035.800988024232,28.087485363468257,39.995045045045046,32.85470588235294
39.994594594594595,32.86235294117647,7,12277.168583025034,30.97776229549665,39.995045045045046,32.862941176470585
39.994594594594595,32.87411764705882,26,34560.28462045535,30.71188691216834,39.995045045045046,32.874705882352934
39.994594594594595,32.883529411764705,4,2464.5,32.86645299145299,39.995045045045046,32.88411764705882
39.994594594594595,32.88823529411764,4,1715.931623931624,20.412393162393162,39.995045045045046,32.88882352941176
39.994594594594595,32.9,4,9083.495726495727,45.4017094017094,39.995045045045046,32.900588235294116
39.9954954954955,32.51411764705882,12,29626.97446320617,46.68078139114724,39.99594594594595,32.514705882352935
39.9954954954955,32.522352941176464,30,2624.2491728701407,18.03603889156369,39.99594594594595,32.52294117647058
39.9954954954955,32.53647058823529,21,26549.44942678985,33.21553550419549,39.99594594594595,32.53705882352941
39.9954954954955,32.56117647058823,10,11238.213675213676,43.55811965811966,39.99594594594595,32.56176470588235
39.9954954954955,32.563529411764705,10,11238.213675213676,43.55811965811966,39.99594594594595,32.56411764705882
39.9954954954955,32.575294117647054,4,8237.572597456743,59.401279445486765,39.99594594594595,32.57588235294117
39.9954954954955,32.58,16,33241.45194913488,59.313646549927036,39.99594594594595,32.580588235294115
39.9954954954955,32.58117647058823,12,24858.29857202418,59.342857515113614,39.99594594594595,32.58176470588235
39.9954954954955,32.62117647058823,8,16017.718991036065,69.55541223681467,39.99594594594595,32.62176470588235
39.9954954954955,32.628235294117644,12,16468.77923199992,60.28292542695275,39.99594594594595,32.62882352941176
39.9954954954955,32.64235294117647,3,1792.274482545567,41.94475337246421,39.99594594594595,32.642941176470586
39.9954954954955,32.656470588235294,1,798.2820512820513,39.0940170940171,39.99594594594595,32.65705882352941
39.9954954954955,32.690588235294115,1,1501.4444444444443,49.636752136752136,39.99594594594595,32.69117647058823
39.9954954954955,32.702352941176464,2,6237.965811965812,80.21367521367522,39.99594594594595,32.70294117647058
39.9954954954955,32.70705882352941,1,1012.6495726495726,63.22222222222222,39.99594594594595,32.707647058823525
39.9954954954955,32.71176470588235,1,3118.982905982906,80.21367521367522,39.99594594594595,32.71235294117647
39.9954954954955,32.715294117647055,1,3118.982905982906,80.21367521367522,39.99594594594595,32.71588235294117
39.9954954954955,32.73882352941176,1,2173.587064676617,52.507462686567166,39.99594594594595,32.73941176470588
39.9954954954955,32.752941176470586,4,1046.6467661691543,12.058457711442786,39.99594594594595,32.7535294117647
39.9954954954955,32.7635294117647,4,878.22936599056,65.75027108049497,39.99594594594595,32.76411764705882
39.9954954954955,32.79529411764705,2,6302.126801887996,53.76878428370966,39.99594594594595,32.79588235294117
39.9954954954955,32.8,3,12518.596887358082,58.663520006803594,39.99594594594595,32.800588235294114
39.9954954954955,32.8035294117647,4,12604.253603775993,53.76878428370966,39.99594594594595,32.80411764705882
39.9954954954955,32.81058823529411,1,6805.811965811966,87.2051282051282,39.99594594594595,32.81117647058823
39.9954954954955,32.817647058823525,2,7959.811965811966,57.68376068376068,39.99594594594595,32.81823529411764
39.9954954954955,32.81882352941176,9,15481.743739208076,34.17968384328256,39.99594594594595,32.819411764705876
39.9954954954955,32.82235294117647,2,6993.927350427351,37.13247863247863,39.99594594594595,32.822941176470586
39.9954954954955,32.82588235294117,2,5328.6324786324785,61.995726495726494,39.99594594594595,32.82647058823529
39.9954954954955,32.83529411764706,8,4162.295967241565,56.145105552541025,39.99594594594595,32.83588235294118
39.9954954954955,32.85294117647059,7,5728.1482736730895,24.726141179386996,39.99594594594595,32.853529411764704
39.9954954954955,32.85411764705882,2,863.1036585365853,76.58841463414635,39.99594594594595,32.85470588235294
39.9954954954955,32.85647058823529,28,65910.86391582918,46.94939400709074,39.99594594594595,32.85705882352941
39.9954954954955,32.86,5,4567.126269956459,30.35049991936784,39.99594594594595,32.86058823529412
39.9954954954955,32.861176470588234,2,2423.9040477342364,52.95317287534269,39.99594594594595,32.86176470588235
39.9954954954955,32.87882352941176,11,6688.744452515537,65.51393920671029,39.99594594594595,32.87941176470588
39.9954954954955,32.88117647058823,3,1734.3333333333333,53.73076923076923,39.99594594594595,32.88176470588235
39.9954954954955,32.88823529411764,3,857.965811965812,13.608262108262108,39.99594594594595,32.88882352941176
39.9954954954955,32.9035294117647,4,9083.495726495727,45.4017094017094,39.99594594594595,32.90411764705882
39.9954954954955,32.90588235294118,2,3634.9529914529912,52.38034188034188,39.99594594594595,32.906470588235294
39.9954954954955,33.18,5,278.4059829059829,6.758119658119658,39.99594594594595,33.18058823529412
39.9963963963964,32.525882352941174,24,59253.94892641234,46.68078139114724,39.99684684684685,32.52647058823529
39.9963963963964,32.537647058823524,1,0.0,0.0,39.99684684684685,32.53823529411764
39.9963963963964,32.58235294117647,4,8383.153377110693,59.226013654367314,39.99684684684685,32.582941176470584
39.9963963963964,32.59882352941176,6,14266.57264957265,77.0840455840456,39.99684684684685,32.59941176470588
39.9963963963964,32.601176470588236,8,15741.170940170941,70.49252136752136,39.99684684684685,32.60176470588235
39.9963963963964,32.61764705882353,8,16017.718991036065,69.55541223681467,39.99684684684685,32.618235294117646
39.9963963963964,32.652941176470584,4,3436.512820512821,49.47435897435898,39.99684684684685,32.6535294117647
39.9963963963964,32.70941176470588,2,2025.2991452991453,63.22222222222222,39.99684684684685,32.709999999999994
39.9963963963964,32.71058823529412,1,1012.6495726495726,63.22222222222222,39.99684684684685,32.711176470588235
39.9963963963964,32.72117647058823,1,1012.6495726495726,63.22222222222222,39.99684684684685,32.72176470588235
39.9963963963964,32.75411764705882,2,199.66717693583365,55.72442275800485,39.99684684684685,32.75470588235294
39.9963963963964,32.76705882352941,2,1287.44776119403,57.062189054726375,39.99684684684685,32.76764705882353
39.9963963963964,32.77647058823529,13,6893.43762993763,54.595509710894326,39.99684684684685,32.77705882352941
39.9963963963964,32.796470588235294,2,6302.126801887996,53.76878428370966,39.99684684684685,32.79705882352941
39.9963963963964,32.811764705882354,1,6805.811965811966,87.2051282051282,39.99684684684685,32.81235294117647
39.9963963963964,32.827058823529406,3,7992.948717948718,61.995726495726494,39.99684684684685,32.82764705882352
39.9963963963964,32.832941176470584,3,13814.423545966229,57.62735390174415,39.99684684684685,32.8335294117647
39.9963963963964,32.83764705882353,10,16437.002442002442,45.96745585038268,39.99684684684685,32.838235294117645
39.9963963963964,32.84470588235294,7,7844.866511920582,40.39449063984406,39.99684684684685,32.84529411764706
39.9963963963964,32.85176470588235,8,15082.833736494114,43.07808216416707,39.99684684684685,32.85235294117647
39.9963963963964,32.85294117647059,1,396.3292682926829,81.10975609756098,39.99684684684685,32.853529411764704
39.9963963963964,32.861176470588234,7,11277.47476213514,49.9073075771189,39.99684684684685,32.86176470588235
39.9963963963964,32.8635294117647,5,12139.918803418803,24.620512820512822,39.99684684684685,32.86411764705882
39.9963963963964,32.864705882352936,6,12233.43687570796,25.712877149624138,39.99684684684685,32.86529411764705
39.9963963963964,32.883529411764705,3,3085.2692307692305,36.91025641025641,39.99684684684685,32.88411764705882
39.9963963963964,32.88705882352941,1,0.0,0.0,39.99684684684685,32.887647058823525
39.9963963963964,32.889411764705876,4,951.4838842549686,17.999871279991762,39.99684684684685,32.88999999999999
39.9963963963964,32.892941176470586,12,26807.0,53.72008547008547,39.99684684684685,32.8935294117647
39.9963963963964,32.90588235294118,1,3056.8418803418804,51.02991452991453,39.99684684684685,32.906470588235294
39.9963963963964,32.99294117647059,2,498.15748182166095,35.30791555045286,39.99684684684685,32.993529411764705
39.9972972972973,32.51764705882353,12,29626.97446320617,46.68078139114724,39.99774774774775,32.518235294117645
39.9972972972973,32.59647058823529,10,15793.675213675215,57.777777777777786,39.99774774774775,32.59705882352941
39.9972972972973,32.603529411764704,6,14266.57264957265,77.0840455840456,39.99774774774775,32.60411764705882
39.9972972972973,32.60705882352941,10,16165.755135614378,61.02143822318668,39.99774774774775,32.607647058823524
39.9972972972973,32.63294117647059,1,74.01807228915662,26.8855421686747,39.99774774774775,32.633529411764705
39.9972972972973,32.641176470588235,4,1866.2925548347237,38.17995057151684,39.99774774774775,32.64176470588235
39.9972972972973,32.65411764705882,2,1718.2564102564104,49.47435897435898,39.99774774774775,32.654705882352935
39.9972972972973,32.65529411764705,22,6778.9307392801875,28.532164655591,39.99774774774775,32.65588235294117
39.9972972972973,32.69529411764706,1,1501.4444444444443,49.636752136752136,39.99774774774775,32.695882352941176
39.9972972972973,32.69764705882353,1,1501.4444444444443,49.636752136752136,39.99774774774775,32.698235294117644
39.9972972972973,32.699999999999996,4,2355.4250573274962,55.85180842193037,39.99774774774775,32.70058823529411
39.9972972972973,32.71647058823529,1,1012.6495726495726,63.22222222222222,39.99774774774775,32.717058823529406
39.9972972972973,32.73294117647058,10,2983.9047103444627,53.332201873683495,39.99774774774775,32.7335294117647
39.9972972972973,32.74470588235294,1,2173.587064676617,52.507462686567166,39.99774774774775,32.745294117647056
39.9972972972973,32.81647058823529,1,3979.905982905983,57.68376068376068,39.99774774774775,32.81705882352941
39.9972972972973,32.817647058823525,1,3979.905982905983,57.68376068376068,39.99774774774775,32.81823529411764
39.9972972972973,32.827058823529406,2,5328.6324786324785,61.995726495726494,39.99774774774775,32.82764705882352
39.9972972972973,32.84117647058823,31,48117.93387733855,46.279585541190635,39.99774774774775,32.84176470588235
39.9972972972973,32.885882352941174,2,857.965811965812,20.412393162393162,39.99774774774775,32.88647058823529
39.9972972972973,32.88705882352941,2,578.1111111111111,26.865384615384617,39.99774774774775,32.887647058823525
39.9972972972973,32.88823529411764,6,5847.806285178236,25.412132582864288,39.99774774774775,32.88882352941176
39.9972972972973,32.89058823529412,1,0.0,0.0,39.99774774774775,32.891176470588235
39.9972972972973,32.89411764705882,1,3889.722222222222,53.70940170940171,39.99774774774775,32.89470588235294
39.9972972972973,32.99294117647059,6,1194.683122847302,39.96066675171153,39.99774774774775,32.993529411764705
39.9972972972973,33.17882352941176,3,278.4059829059829,11.263532763532764,39.99774774774775,33.179411764705875
39.998198198198196,32.44,1,0.0,0.0,39.99864864864865,32.440588235294115
39.998198198198196,32.519999999999996,17,53176.85063581405,53.6770407975573,39.99864864864865,32.52058823529411
39.998198198198196,32.525882352941174,6,14813.487231603085,46.68078139114724,39.99864864864865,32.52647058823529
39.998198198198196,32.60588235294117,3,3351.270209041293,60.98321491092576,39.99864864864865,32.60647058823529
39.998198198198196,32.60941176470588,2,4731.607358765896,61.07877319157807,39.99864864864865,32.61
39.998198198198196,32.61529411764705,5,8117.359495518032,63.92505268101801,39.99864864864865,32.61588235294117
39.998198198198196,32.62941176470588,16,17428.132594166535,53.42310502171287,39.99864864864865,32.629999999999995
39.998198198198196,32.74941176470588,1,2173.587064676617,52.507462686567166,39.99864864864865,32.75
39.998198198198196,32.755294117647054,10,3898.7960199004974,25.229353233830846,39.99864864864865,32.75588235294117
39.998198198198196,32.75764705882353,4,878.22936599056,65.75027108049497,39.99864864864865,32.75823529411765
39.998198198198196,32.758823529411764,2,199.66717693583365,55.72442275800485,39.99864864864865,32.75941176470588
39.998198198198196,32.808235294117644,3,13142.75766103815,62.245795983600864,39.99864864864865,32.80882352941176
39.998198198198196,32.80941176470588,9,31189.13341671878,57.67053482500637,39.99864864864865,32.809999999999995
39.998198198198196,32.811764705882354,2,13611.623931623932,87.2051282051282,39.99864864864865,32.81235294117647
39.998198198198196,32.81411764705882,2,13611.623931623932,87.2051282051282,39.99864864864865,32.81470588235294
39.998198198198196,32.832941176470584,5,7223.681780279341,34.72620387742339,39.99864864864865,32.8335294117647
39.998198198198196,32.83411764705882,2,6925.269699812382,56.11838127996665,39.99864864864865,32.834705882352935
39.998198198198196,32.85411764705882,9,6217.995614254929,31.707493683161186,39.99864864864865,32.85470588235294
39.998198198198196,32.855294117647055,25,58494.609440744505,46.47134096218772,39.99864864864865,32.85588235294117
39.998198198198196,32.86588235294117,11,12175.827340004169,15.85633066120871,39.99864864864865,32.86647058823529
39.998198198198196,32.86941176470588,2,2248.726495726496,37.465811965811966,39.99864864864865,32.87
39.998198198198196,32.87294117647058,24,32295.91178326544,29.211559824364702,39.99864864864865,32.8735294117647
39.998198198198196,32.87882352941176,11,6688.744452515537,65.51393920671029,39.99864864864865,32.87941176470588
39.998198198198196,32.889411764705876,2,344.1524390243902,22.140243902439025,39.99864864864865,32.88999999999999
39.998198198198196,32.89176470588235,5,4819.38320825516,23.11250781738587,39.99864864864865,32.89235294117647
39.998198198198196,32.898823529411764,2,2063.0170940170938,46.75213675213675,39.99864864864865,32.89941176470588
39.998198198198196,32.90941176470588,5,9661.606837606838,47.067521367521366,39.99864864864865,32.91
39.998198198198196,32.91176470588235,2,2969.811965811966,39.77350427350427,39.99864864864865,32.912352941176465
39.998198198198196,32.91294117647058,1,1484.905982905983,39.77350427350427,39.99864864864865,32.9135294117647
39.998198198198196,33.00588235294117,3,278.4059829059829,11.263532763532764,39.99864864864865,33.00647058823529
39.998198198198196,33.0435294117647,12,2424.769230769231,41.53197686779776,39.99864864864865,33.04411764705882
39.998198198198196,33.181176470588234,2,0.0,0.0,39.99864864864865,33.18176470588235
39.9990990990991,32.55647058823529,10,11238.213675213676,43.55811965811966,39.99954954954955,32.55705882352941
39.9990990990991,32.59529411764706,4,7870.585470085471,70.49252136752136,39.99954954954955,32.595882352941175
39.9990990990991,32.60823529411764,2,4731.607358765896,61.07877319157807,39.99954954954955,32.60882352941176
39.9990990990991,32.61176470588235,13,22707.428913904525,62.73403514476437,39.99954954954955,32.61235294117647
39.9990990990991,32.63058823529411,16,18091.413667176523,54.912630431042494,39.99954954954955,32.63117647058823
39.9990990990991,32.70941176470588,7,5393.3737752762145,59.010557193484026,39.99954954954955,32.709999999999994
39.9990990990991,32.71411764705882,1,1012.6495726495726,63.22222222222222,39.99954954954955,32.71470588235294
39.9990990990991,32.75176470588235,1,2173.587064676617,52.507462686567166,39.99954954954955,32.75235294117647
39.9990990990991,32.805882352941175,7,26526.316317101173,62.766474737898115,39.99954954954955,32.80647058823529
39.9990990990991,32.83529411764706,3,13836.039399624764,67.92613438954902,39.99954954954955,32.83588235294118
39.9990990990991,32.845882352941175,3,17186.457264957266,50.63817663817664,39.99954954954955,32.84647058823529
39.9990990990991,32.85176470588235,36,50539.16729777419,42.61759670985902,39.99954954954955,32.85235294117647
39.9990990990991,32.883529411764705,26,41606.21940796331,29.98541556421481,39.99954954954955,32.88411764705882
39.9990990990991,32.89058823529412,22,19277.53283302064,21.01137074307806,39.99954954954955,32.891176470588235
39.9990990990991,32.89411764705882,66,83071.79476574495,27.12779040642734,39.99954954954955,32.89470588235294
39.9990990990991,32.91529411764706,4,5939.623931623932,39.77350427350427,39.99954954954955,32.915882352941175
40.0,32.519999999999996,12,29626.97446320617,46.68078139114724,40.00045045045045,32.52058823529411
40.0,32.53058823529412,12,12294.497639653817,31.007175241962162,40.00045045045045,32.531176470588235
40.0,32.53294117647059,7,14155.259016051697,41.35375532326752,40.00045045045045,32.533529411764704
40.0,32.599999999999994,2,6310.961538461539,79.79273504273505,40.00045045045045,32.60058823529411
40.0,32.601176470588236,16,31482.341880341883,70.49252136752136,40.00045045045045,32.60176470588235
40.0,32.62117647058823,5,1102.3352898774585,37.45925239419215,40.00045045045045,32.62176470588235
40.0,32.64235294117647,3,1792.274482545567,41.94475337246421,40.00045045045045,32.642941176470586
40.0,32.647058823529406,2,1718.2564102564104,49.47435897435898,40.00045045045045,32.64764705882352
40.0,32.699999999999996,2,2025.2991452991453,63.22222222222222,40.00045045045045,32.70058823529411
40.0,32.75411764705882,3,2373.2542416124506,54.65210273419228,40.00045045045045,32.75470588235294
40.0,32.758823529411764,4,1046.6467661691543,12.058457711442786,40.00045045045045,32.75941176470588
40.0,32.764705882352935,4,1046.6467661691543,12.058457711442786,40.00045045045045,32.76529411764705
40.0,32.77294117647059,4,1972.9677754677755,55.38233425733426,40.00045045045045,32.773529411764706
40.0,32.77882352941176,13,6893.43762993763,54.595509710894326,40.00045045045045,32.77941176470588
40.0,32.815294117647056,2,7959.811965811966,57.68376068376068,40.00045045045045,32.81588235294117
40.0,32.83176470588235,2,2722.047946633312,72.24176568688763,40.00045045045045,32.83235294117647
40.0,32.836470588235294,11,16927.973629351676,46.10193871169481,40.00045045045045,32.83705882352941
40.0,32.842352941176465,15,35464.21519321519,43.31019057116619,40.00045045045045,32.84294117647058
40.0,32.84470588235294,7,10953.332012839475,28.477212492137863,40.00045045045045,32.84529411764706
40.0,32.855294117647055,34,66291.66054847345,48.85063024881224,40.00045045045045,32.85588235294117
40.0,32.87647058823529,12,28754.384615384617,30.601139601139604,40.00045045045045,32.87705882352941
40.0,32.88117647058823,11,26850.65482442591,29.574545267316353,40.00045045045045,32.88176470588235
40.0,32.88235294117647,2,1576.7350427350427,45.13247863247864,40.00045045045045,32.88294117647059
40.0,32.88705882352941,5,4819.38320825516,23.11250781738587,40.00045045045045,32.887647058823525
40.0,32.88823529411764,8,6876.229362101313,23.672881488430267,40.00045045045045,32.88882352941176
40.0009009009009,32.53294117647059,8,14254.951787136035,40.68001783556992,40.00135135135135,32.533529411764704
40.0009009009009,32.60705882352941,9,10053.810627123881,60.98321491092575,40.00135135135135,32.607647058823524
40.0009009009009,32.628235294117644,6,5601.811965811966,49.53347578347578,40.00135135135135,32.62882352941176
40.0009009009009,32.64823529411765,2,1718.2564102564104,49.47435897435898,40.00135135135135,32.648823529411764
40.0009009009009,32.705882352941174,1,1012.6495726495726,63.22222222222222,40.00135135135135,32.70647058823529
40.0009009009009,32.712941176470586,1,1012.6495726495726,63.22222222222222,40.00135135135135,32.7135294117647
40.0009009009009,32.77294117647059,8,4781.706746930628,57.58336738000917,40.00135135135135,32.773529411764706
40.0009009009009,32.80470588235294,4,13383.558656063024,63.156983803621046,40.00135135135135,32.80529411764706
40.0009009009009,32.808235294117644,7,17577.50948509485,49.23207957354299,40.00135135135135,32.80882352941176
40.0009009009009,32.83176470588235,4,5420.870283510527,63.69450958932666,40.00135135135135,32.83235294117647
40.0009009009009,32.86588235294117,10,24279.837606837606,24.620512820512822,40.00135135135135,32.86647058823529
40.0009009009009,32.87176470588235,25,36815.06577383686,31.179249444068724,40.00135135135135,32.872352941176466
40.0009009009009,32.87882352941176,6,4296.237121737122,63.54558404558404,40.00135135135135,32.87941176470588
40.0009009009009,32.883529411764705,15,13692.860433604335,25.200931137516502,40.00135135135135,32.88411764705882
40.0009009009009,32.889411764705876,5,4819.38320825516,23.11250781738587,40.00135135135135,32.88999999999999
40.0009009009009,33.05529411764706,1,425.52564102564105,35.49145299145299,40.00135135135135,33.055882352941175
40.001801801801804,32.41529411764706,45,5084.785980148883,23.55336366142818,40.002252252252255,32.415882352941175
40.001801801801804,32.51882352941176,18,44440.46169480926,46.68078139114724,40.002252252252255,32.51941176470588
40.001801801801804,32.597647058823526,4,7870.585470085471,70.49252136752136,40.002252252252255,32.59823529411764
40.001801801801804,32.60941176470588,4,5126.854700854701,62.90052517763361,40.002252252252255,32.61
40.001801801801804,32.616470588235295,2,1644.6495726495727,71.66666666666667,40.002252252252255,32.61705882352941
40.001801801801804,32.61882352941176,1,737.2991452991453,50.717948717948715,40.002252252252255,32.61941176470588
40.001801801801804,32.62117647058823,4,4965.128205128205,26.215811965811966,40.002252252252255,32.62176470588235
40.001801801801804,32.6235294117647,1,737.2991452991453,50.717948717948715,40.002252252252255,32.62411764705882
40.001801801801804,32.625882352941176,1,822.3247863247864,71.66666666666667,40.002252252252255,32.62647058823529
40.001801801801804,32.65176470588235,10,8591.282051282053,49.47435897435897,40.002252252252255,32.65235294117647
40.001801801801804,32.71176470588235,1,1012.6495726495726,63.22222222222222,40.002252252252255,32.71235294117647
40.001801801801804,32.802352941176466,7,21960.378257244112,57.18479555674678,40.002252252252255,32.80294117647058
40.001801801801804,32.8035294117647,7,22143.447544951912,54.81375875469433,40.002252252252255,32.80411764705882
40.001801801801804,32.82235294117647,16,31390.639917440538,38.15374493344897,40.002252252252255,32.822941176470586
40.001801801801804,32.82941176470588,4,7511.5004031607805,61.113429285599096,40.002252252252255,32.83
40.001801801801804,32.836470588235294,11,16927.973629351676,46.10193871169481,40.002252252252255,32.83705882352941
40.001801801801804,32.864705882352936,16,37752.2264957265,25.936431623931625,40.002252252252255,32.86529411764705
40.001801801801804,32.87294117647058,12,7967.1630861630865,31.75773850773851,40.002252252252255,32.8735294117647
40.002702702702706,32.50823529411765,2,4104.119658119658,28.623931623931625,40.00315315315316,32.508823529411764
40.002702702702706,32.53294117647059,4,10761.519699812383,50.27932822597457,40.00315315315316,32.533529411764704
40.002702702702706,32.61058823529412,2,1559.6239316239316,61.19230769230769,40.00315315315316,32.611176470588234
40.002702702702706,32.6235294117647,3,2466.9743589743593,71.66666666666667,40.00315315315316,32.62411764705882
40.002702702702706,32.64470588235294,2,1718.2564102564104,49.47435897435898,40.00315315315316,32.645294117647055
40.002702702702706,32.72,1,1012.6495726495726,63.22222222222222,40.00315315315316,32.720588235294116
40.002702702702706,32.779999999999994,3,620.3650975889782,53.10881489985968,40.00315315315316,32.78058823529411
40.002702702702706,32.8,14,44103.82580219602,55.99927715572055,40.00315315315316,32.800588235294114
40.002702702702706,32.842352941176465,22,53482.498465498466,44.36746158697378,40.00315315315316,32.84294117647058
40.002702702702706,32.87176470588235,1,93.51807228915662,31.174698795180724,40.00315315315316,32.872352941176466
40.002702702702706,32.87294117647058,6,3983.5815430815433,31.75773850773851,40.00315315315316,32.8735294117647
40.002702702702706,32.87411764705882,7,6425.917396289347,29.45765210399357,40.00315315315316,32.874705882352934
40.002702702702706,32.879999999999995,12,8592.474243474244,63.54558404558404,40.00315315315316,32.88058823529411
40.002702702702706,32.883529411764705,2,1576.7350427350427,45.13247863247864,40.00315315315316,32.88411764705882
40.002702702702706,32.885882352941174,15,12851.834792578695,27.493808630393996,40.00315315315316,32.88647058823529
40.002702702702706,32.889411764705876,2,1028.423076923077,18.455128205128204,40.00315315315316,32.88999999999999
40.002702702702706,32.89764705882352,6,18678.700854700855,50.198005698005694,40.00315315315316,32.89823529411764
40.002702702702706,32.90117647058823,1,2392.7863247863247,45.85470085470085,40.00315315315316,32.90176470588235
40.002702702702706,32.90235294117647,3,5362.598290598291,41.8005698005698,40.00315315315316,32.902941176470584
40.002702702702706,32.9035294117647,3,4455.803418803419,46.452991452991455,40.00315315315316,32.90411764705882
40.002702702702706,32.904705882352935,5,8333.495726495727,44.99743589743589,40.00315315315316,32.90529411764705
40.002702702702706,33.04705882352941,3,606.1923076923077,41.53197686779776,40.00315315315316,33.04764705882353
40.0036036036036,32.519999999999996,12,29626.97446320617,46.68078139114724,40.00405405405405,32.52058823529411
40.0036036036036,32.523529411764706,6,14813.487231603085,46.68078139114724,40.00405405405405,32.52411764705882
40.0036036036036,32.525882352941174,12,12019.865624413367,30.073251512857713,40.00405405405405,32.52647058823529
40.0036036036036,32.599999999999994,4,7870.585470085471,70.49252136752136,40.00405405405405,32.60058823529411
40.0036036036036,32.601176470588236,6,14181.547008547008,73.5925925925926,40.00405405405405,32.60176470588235
40.0036036036036,32.61411764705882,4,365.03614457831327,34.144578313253014,40.00405405405405,32.614705882352936
40.0036036036036,32.637647058823525,5,2881.0042735042734,54.3034188034188,40.00405405405405,32.63823529411764
40.0036036036036,32.65529411764705,13,3533.471779896504,30.068307634283773,40.00405405405405,32.65588235294117
40.0036036036036,32.699999999999996,2,2025.2991452991453,63.22222222222222,40.00405405405405,32.70058823529411
40.0036036036036,32.74941176470588,4,399.3343538716673,55.72442275800485,40.00405405405405,32.75
40.0036036036036,32.796470588235294,12,30591.57426438788,57.84667779250506,40.00405405405405,32.79705882352941
40.0036036036036,32.80705882352941,7,17577.50948509485,49.23207957354299,40.00405405405405,32.80764705882353
40.0036036036036,32.80941176470588,2,4037.637690223056,70.08578278090474,40.00405405405405,32.809999999999995
40.0036036036036,32.81058823529411,2,4037.637690223056,70.08578278090474,40.00405405405405,32.81117647058823
40.0036036036036,32.81294117647059,1,3979.905982905983,57.68376068376068,40.00405405405405,32.813529411764705
40.0036036036036,32.81411764705882,3,8017.543673129039,65.95177541519006,40.00405405405405,32.81470588235294
40.0036036036036,32.864705882352936,10,24279.837606837606,24.620512820512822,40.00405405405405,32.86529411764705
40.0036036036036,32.870588235294115,2,3280.5470085470088,55.84615384615385,40.00405405405405,32.87117647058823
40.0036036036036,32.87529411764706,12,8279.818664818666,47.65166127666128,40.00405405405405,32.875882352941176
40.0036036036036,32.88235294117647,4,3153.4700854700855,45.13247863247864,40.00405405405405,32.88294117647059
40.0036036036036,32.889411764705876,1,578.1111111111111,53.73076923076923,40.00405405405405,32.88999999999999
40.0036036036036,32.90235294117647,8,10973.538461538461,44.022970085470085,40.00405405405405,32.902941176470584
40.0036036036036,32.9035294117647,2,6946.5641025641025,52.36965811965812,40.00405405405405,32.90411764705882
40.0036036036036,32.91411764705882,8,11879.247863247863,39.77350427350427,40.00405405405405,32.91470588235294
40.0036036036036,32.91529411764706,2,2969.811965811966,39.77350427350427,40.00405405405405,32.915882352941175
40.0036036036036,33.05647058823529,1,90.33333333333333,44.55223880597015,40.00405405405405,33.05705882352941
40.0036036036036,33.06470588235294,4,1031.7179487179487,40.02184589871157,40.00405405405405,33.065294117647056
40.0045045045045,32.50941176470588,3,11419.747915363769,63.90857132930304,40.004954954954954,32.51
40.0045045045045,32.510588235294115,3,11419.747915363769,63.90857132930304,40.004954954954954,32.51117647058823
40.0045045045045,32.52470588235294,10,874.7497242900469,18.036038891563685,40.004954954954954,32.52529411764706
40.0045045045045,32.52705882352941,14,28310.518032103395,41.35375532326752,40.004954954954954,32.527647058823526
40.0045045045045,32.647058823529406,2,1718.2564102564104,49.47435897435898,40.004954954954954,32.64764705882352
40.0045045045045,32.79411764705882,1,189.78205128205127,46.717948717948715,40.004954954954954,32.794705882352936
40.0045045045045,32.802352941176466,7,17577.50948509485,49.23207957354299,40.004954954954954,32.80294117647058
40.0045045045045,32.80941176470588,1,3979.905982905983,57.68376068376068,40.004954954954954,32.809999999999995
40.0045045045045,32.84470588235294,12,28171.167277167275,53.58567358567359,40.004954954954954,32.84529411764706
40.0045045045045,32.868235294117646,5,8201.367521367521,55.84615384615385,40.004954954954954,32.86882352941176
40.0045045045045,32.87294117647058,1,93.51807228915662,31.174698795180724,40.004954954954954,32.8735294117647
40.0045045045045,32.898823529411764,6,18678.700854700855,50.198005698005694,40.004954954954954,32.89941176470588
40.0045045045045,32.90235294117647,1,2392.7863247863247,45.85470085470085,40.004954954954954,32.902941176470584
40.0045045045045,32.985882352941175,3,570.7893226176809,35.24673640345282,40.004954954954954,32.98647058823529
40.005405405405405,32.523529411764706,18,44440.46169480926,46.68078139114724,40.005855855855856,32.52411764705882
40.005405405405405,32.61176470588235,2,1559.6239316239316,61.19230769230769,40.005855855855856,32.61235294117647
40.005405405405405,32.65529411764705,11,3296.5957115204355,24.943198066624415,40.005855855855856,32.65588235294117
40.005405405405405,32.70117647058823,6,4380.724202626641,58.30861302202766,40.005855855855856,32.70176470588235
40.005405405405405,32.76,2,199.66717693583365,55.72442275800485,40.005855855855856,32.760588235294115
40.005405405405405,32.781176470588235,2,430.5830463069269,56.304247990815156,40.005855855855856,32.78176470588235
40.005405405405405,32.783529411764704,3,1725.2089552238806,66.59535655058043,40.005855855855856,32.78411764705882
40.005405405405405,32.78470588235294,3,569.3461538461538,46.71794871794871,40.005855855855856,32.785294117647055
40.005405405405405,32.836470588235294,7,9582.676874500965,50.24900207171261,40.005855855855856,32.83705882352941
40.005405405405405,32.843529411764706,9,21378.631554631556,36.459868561494574,40.005855855855856,32.84411764705882
40.005405405405405,32.857647058823524,1,1332.4700854700855,45.675213675213676,40.005855855855856,32.85823529411764
40.005405405405405,32.86588235294117,5,12139.918803418803,24.620512820512822,40.005855855855856,32.86647058823529
40.005405405405405,32.90235294117647,4,6848.589743589743,46.3034188034188,40.005855855855856,32.902941176470584
40.005405405405405,32.9035294117647,2,3877.6923076923076,42.81410256410256,40.005855855855856,32.90411764705882
40.005405405405405,32.90705882352941,4,5939.623931623932,39.77350427350427,40.005855855855856,32.90764705882353
40.005405405405405,32.90941176470588,4,8176.7008547008545,48.89102564102564,40.005855855855856,32.91
40.005405405405405,32.99647058823529,2,498.15748182166095,35.30791555045286,40.005855855855856,32.99705882352941
40.00630630630631,32.50705882352941,12,29626.97446320617,46.68078139114724,40.00675675675676,32.50764705882353
40.00630630630631,32.52823529411764,4,10761.519699812383,50.27932822597457,40.00675675675676,32.52882352941176
40.00630630630631,32.63058823529411,1,737.2991452991453,50.717948717948715,40.00675675675676,32.63117647058823
40.00630630630631,32.63176470588235,1,737.2991452991453,50.717948717948715,40.00675675675676,32.632352941176464
40.00630630630631,32.69411764705882,1,1012.6495726495726,63.22222222222222,40.00675675675676,32.694705882352935
40.00630630630631,32.70705882352941,4,2355.4250573274962,55.85180842193037,40.00675675675676,32.707647058823525
40.00630630630631,32.8035294117647,7,17577.50948509485,49.23207957354299,40.00675675675676,32.80411764705882
40.00630630630631,32.805882352941175,3,8017.543673129039,65.95177541519006,40.00675675675676,32.80647058823529
40.00630630630631,32.82470588235294,3,7992.948717948718,61.995726495726494,40.00675675675676,32.825294117647054
40.00630630630631,32.843529411764706,4,10975.491452991453,41.41856889722743,40.00675675675676,32.84411764705882
40.00630630630631,32.85058823529411,2,863.1036585365853,76.58841463414635,40.00675675675676,32.85117647058823
40.00630630630631,32.857647058823524,1,1332.4700854700855,45.675213675213676,40.00675675675676,32.85823529411764
40.00630630630631,32.8635294117647,1,1332.4700854700855,45.675213675213676,40.00675675675676,32.86411764705882
40.00630630630631,32.870588235294115,4,6561.0940170940175,55.84615384615385,40.00675675675676,32.87117647058823
40.00630630630631,32.89647058823529,32,41041.407703788456,26.23777986533647,40.00675675675676,32.897058823529406
40.00630630630631,32.90117647058823,1,2392.7863247863247,45.85470085470085,40.00675675675676,32.90176470588235
40.00630630630631,33.048235294117646,1,90.33333333333333,44.55223880597015,40.00675675675676,33.04882352941176
40.00720720720721,32.522352941176464,12,29626.97446320617,46.68078139114724,40.00765765765766,32.52294117647058
40.00720720720721,32.53176470588235,14,28310.518032103395,41.35375532326752,40.00765765765766,32.53235294117647
40.00720720720721,32.62,3,2381.948717948718,64.68376068376068,40.00765765765766,32.620588235294115
40.00720720720721,32.64941176470588,2,1718.2564102564104,49.47435897435898,40.00765765765766,32.65
40.00720720720721,32.68470588235294,2,2482.5641025641025,26.215811965811966,40.00765765765766,32.685294117647054
40.00720720720721,32.73647058823529,6,599.001530807501,55.724422758004856,40.00765765765766,32.73705882352941
40.00720720720721,32.737647058823526,4,399.3343538716673,55.72442275800485,40.00765765765766,32.73823529411764
40.00720720720721,32.76941176470588,20,9081.811503811503,39.477639177639176,40.00765765765766,32.769999999999996
40.00720720720721,32.80470588235294,3,8017.543673129039,65.95177541519006,40.00765765765766,32.80529411764706
40.00720720720721,32.8235294117647,14,29207.771992912236,34.99983248458858,40.00765765765766,32.82411764705882
40.00720720720721,32.82941176470588,2,4866.059829059829,48.20940170940171,40.00765765765766,32.83
40.00720720720721,32.842352941176465,8,17445.931920931922,40.40269527769528,40.00765765765766,32.84294117647058
40.00720720720721,32.843529411764706,5,10403.140101640101,32.4929082929083,40.00765765765766,32.84411764705882
40.00720720720721,32.855294117647055,10,26643.85334724969,53.18682214109043,40.00765765765766,32.85588235294117
40.00720720720721,32.86,1,1332.4700854700855,45.675213675213676,40.00765765765766,32.86058823529412
40.00720720720721,32.864705882352936,12,26944.777777777777,28.12962962962963,40.00765765765766,32.86529411764705
40.00720720720721,32.870588235294115,1,93.51807228915662,31.174698795180724,40.00765765765766,32.87117647058823
40.00720720720721,32.87529411764706,12,7967.1630861630865,31.75773850773851,40.00765765765766,32.875882352941176
40.00720720720721,32.87882352941176,12,7751.448602448603,66.4116809116809,40.00765765765766,32.87941176470588
40.00720720720721,32.89411764705882,1,5788.018867924528,43.9559748427673,40.00765765765766,32.89470588235294
40.00720720720721,32.89647058823529,6,18678.700854700855,50.198005698005694,40.00765765765766,32.897058823529406
40.00720720720721,32.90235294117647,4,6848.589743589743,46.3034188034188,40.00765765765766,32.902941176470584
40.00720720720721,32.90588235294118,2,3634.9529914529912,52.38034188034188,40.00765765765766,32.906470588235294
40.00720720720721,32.91176470588235,3,5119.858974358975,48.17806267806268,40.00765765765766,32.912352941176465
40.00810810810811,32.51529411764706,12,29626.97446320617,46.68078139114724,40.00855855855856,32.515882352941176
40.00810810810811,32.519999999999996,5,2793.393162393162,26.621367521367517,40.00855855855856,32.52058823529411
40.00810810810811,32.535294117647055,14,28310.518032103395,41.35375532326752,40.00855855855856,32.53588235294117
40.00810810810811,32.54,8,15160.979570564936,43.94065301229935,40.00855855855856,32.540588235294116
40.00810810810811,32.612941176470585,4,3119.2478632478633,61.19230769230769,40.00855855855856,32.6135294117647
40.00810810810811,32.652941176470584,2,2482.5641025641025,26.215811965811966,40.00855855855856,32.6535294117647
40.00810810810811,32.74470588235294,4,399.3343538716673,55.72442275800485,40.00855855855856,32.745294117647056
40.00810810810811,32.768235294117645,3,2567.9379764379764,57.749018249018256,40.00855855855856,32.76882352941176
40.00810810810811,32.781176470588235,1,240.80099502487562,65.8905472636816,40.00855855855856,32.78176470588235
40.00810810810811,32.792941176470585,1,189.78205128205127,46.717948717948715,40.00855855855856,32.7935294117647
40.00810810810811,32.79764705882353,3,8017.543673129039,65.95177541519006,40.00855855855856,32.798235294117646
40.00810810810811,32.8,3,8017.543673129039,65.95177541519006,40.00855855855856,32.800588235294114
40.00810810810811,32.83882352941176,6,6548.603773584906,60.2311320754717,40.00855855855856,32.83941176470588
40.00810810810811,32.84705882352941,10,21378.631554631556,32.81388170534512,40.00855855855856,32.847647058823526
40.00810810810811,32.85058823529411,1,0.0,0.0,40.00855855855856,32.85117647058823
40.00810810810811,32.86705882352941,36,60950.34326634327,27.749698416365085,40.00855855855856,32.86764705882353
40.00810810810811,32.870588235294115,3,1765.1969276969278,26.989835989835992,40.00855855855856,32.87117647058823
40.00810810810811,32.87882352941176,12,7751.448602448603,66.4116809116809,40.00855855855856,32.87941176470588
40.00810810810811,32.879999999999995,18,11735.030145530145,54.86036677703344,40.00855855855856,32.88058823529411
40.00810810810811,32.89647058823529,6,18678.700854700855,50.198005698005694,40.00855855855856,32.897058823529406
40.00810810810811,32.9,2,4785.572649572649,45.85470085470085,40.00855855855856,32.900588235294116
40.00810810810811,32.90117647058823,4,15558.888888888889,53.70940170940171,40.00855855855856,32.90176470588235
40.00810810810811,32.9035294117647,2,2969.811965811966,39.77350427350427,40.00855855855856,32.90411764705882
40.00810810810811,32.910588235294114,1,3056.8418803418804,51.02991452991453,40.00855855855856,32.91117647058823
40.00810810810811,32.99882352941176,2,498.15748182166095,35.30791555045286,40.00855855855856,32.999411764705876
40.00900900900901,32.37176470588235,1,0.0,0.0,40.009459459459464,32.372352941176466
40.00900900900901,32.51764705882353,12,29626.97446320617,46.68078139114724,40.009459459459464,32.518235294117645
40.00900900900901,32.52823529411764,36,82317.50207333398,46.01296805246139,40.009459459459464,32.52882352941176
40.00900900900901,32.537647058823524,4,7580.489785282469,43.94065301229935,40.009459459459464,32.53823529411764
40.00900900900901,32.54117647058823,8,15160.979570564936,43.94065301229935,40.009459459459464,32.54176470588235
40.00900900900901,32.65411764705882,11,3296.5957115204355,24.943198066624415,40.009459459459464,32.654705882352935
40.00900900900901,32.82588235294117,4,10657.264957264957,61.995726495726494,40.009459459459464,32.82647058823529
40.00900900900901,32.83764705882353,8,16495.663331248696,60.52859860329372,40.009459459459464,32.838235294117645
40.00900900900901,32.84470588235294,8,9620.402484257063,50.82839510543146,40.009459459459464,32.84529411764706
40.00900900900901,32.84823529411764,5,17258.120879120877,51.83003663003662,40.009459459459464,32.84882352941176
40.00900900900901,32.85647058823529,7,20333.827002270395,57.52036431495842,40.009459459459464,32.85705882352941
40.00900900900901,32.857647058823524,2,35.90853658536585,25.658536585365855,40.009459459459464,32.85823529411764
40.00900900900901,32.86235294117647,11,25612.30769230769,26.534576534576537,40.009459459459464,32.862941176470585
40.00900900900901,32.870588235294115,4,1858.7149999860844,28.036051691172176,40.009459459459464,32.87117647058823
40.00900900900901,32.87647058823529,6,3983.5815430815433,31.75773850773851,40.009459459459464,32.87705882352941
40.00900900900901,32.89058823529412,4,8935.666666666666,53.72008547008547,40.009459459459464,32.891176470588235
40.00900900900901,32.895294117647055,9,9663.667595689334,28.432276311986456,40.009459459459464,32.89588235294117
40.00900900900901,32.90117647058823,3,4455.803418803419,46.452991452991455,40.009459459459464,32.90176470588235
40.00900900900901,33.037647058823524,7,2978.6794871794873,35.49145299145299,40.009459459459464,33.03823529411764
40.00900900900901,33.048235294117646,2,515.8589743589744,40.02184589871157,40.009459459459464,33.04882352941176
40.00990990990991,32.51529411764706,12,29626.97446320617,46.68078139114724,40.01036036036036,32.515882352941176
40.00990990990991,32.519999999999996,13,35280.09412132583,47.53143791792948,40.01036036036036,32.52058823529411
40.00990990990991,32.612941176470585,2,1559.6239316239316,61.19230769230769,40.01036036036036,32.6135294117647
40.00990990990991,32.62,4,4965.128205128205,26.215811965811966,40.01036036036036,32.620588235294115
40.00990990990991,32.622352941176466,4,4965.128205128205,26.215811965811966,40.01036036036036,32.62294117647058
40.00990990990991,32.6435294117647,3,1792.274482545567,41.94475337246421,40.01036036036036,32.64411764705882
40.00990990990991,32.66117647058823,8,8177.138708680877,58.41689836268149,40.01036036036036,32.66176470588235
40.00990990990991,32.734117647058824,2,199.66717693583365,55.72442275800485,40.01036036036036,32.73470588235294
40.00990990990991,32.781176470588235,1,240.80099502487562,65.8905472636816,40.01036036036036,32.78176470588235
40.00990990990991,32.83411764705882,2,6959.376068376068,36.292735042735046,40.01036036036036,32.834705882352935
40.00990990990991,32.86705882352941,20,33755.71864171864,30.55934395934396,40.01036036036036,32.86764705882353
40.00990990990991,32.87176470588235,4,1858.7149999860844,28.036051691172176,40.01036036036036,32.872352941176466
40.00990990990991,32.87529411764706,20,13406.167244167245,48.1554978054978,40.01036036036036,32.875882352941176
40.00990990990991,32.89647058823529,6,18678.700854700855,50.198005698005694,40.01036036036036,32.897058823529406
40.00990990990991,32.9,3,7524.675213675214,52.82336182336183,40.01036036036036,32.900588235294116
40.00990990990991,32.90117647058823,1,2392.7863247863247,45.85470085470085,40.01036036036036,32.90176470588235
40.00990990990991,32.90235294117647,8,16522.226495726496,48.57905982905983,40.01036036036036,32.902941176470584
40.00990990990991,32.96941176470588,4,690.0933792575584,24.27361589488455,40.01036036036036,32.97
40.00990990990991,32.9835294117647,1,72.6318407960199,35.124378109452735,40.01036036036036,32.98411764705882
40.01081081081081,32.49882352941176,3,11419.747915363769,63.90857132930304,40.01126126126126,32.499411764705876
40.01081081081081,32.61411764705882,2,1559.6239316239316,61.19230769230769,40.01126126126126,32.614705882352936
40.01081081081081,32.650588235294116,2,1718.2564102564104,49.47435897435898,40.01126126126126,32.65117647058823
40.01081081081081,32.72,8,2754.759411199164,55.78811558996761,40.01126126126126,32.720588235294116
40.01081081081081,32.73647058823529,1,85.09452736318408,67.94029850746269,40.01126126126126,32.73705882352941
40.01081081081081,32.73882352941176,1,85.09452736318408,67.94029850746269,40.01126126126126,32.73941176470588
40.01081081081081,32.82823529411765,13,36096.92583906608,42.35715030227225,40.01126126126126,32.828823529411764
40.01081081081081,32.83882352941176,2,6959.376068376068,36.292735042735046,40.01126126126126,32.83941176470588
40.01081081081081,32.839999999999996,2,13778.307692307691,60.64529914529915,40.01126126126126,32.84058823529411
40.01081081081081,32.84941176470588,5,11059.744810744809,44.925763125763126,40.01126126126126,32.849999999999994
40.01081081081081,32.864705882352936,12,26944.777777777777,28.12962962962963,40.01126126126126,32.86529411764705
40.01081081081081,32.86941176470588,3,1765.1969276969278,26.989835989835992,40.01126126126126,32.87
40.01081081081081,32.895294117647055,31,35253.38883586393,25.666225188645154,40.01126126126126,32.89588235294117
40.01081081081081,32.9,1,2392.7863247863247,45.85470085470085,40.01126126126126,32.900588235294116
40.01081081081081,32.9035294117647,1,3056.8418803418804,51.02991452991453,40.01126126126126,32.90411764705882
40.01081081081081,32.908235294117645,4,8176.7008547008545,48.89102564102564,40.01126126126126,32.90882352941176
40.01081081081081,32.97411764705882,6,882.0292766934558,20.595516009695114,40.01126126126126,32.974705882352936
40.01081081081081,33.001176470588234,2,498.15748182166095,35.30791555045286,40.01126126126126,33.00176470588235
40.01171171171171,32.53647058823529,7,14155.259016051697,41.35375532326752,40.01216216216216,32.53705882352941
40.01171171171171,32.77529411764706,17,9081.811503811503,46.444281385457856,40.01216216216216,32.775882352941174
40.01171171171171,32.836470588235294,13,4647.426412341047,49.56987941181187,40.01216216216216,32.83705882352941
40.01171171171171,32.84823529411764,22,46008.83321783322,56.4366317963879,40.01216216216216,32.84882352941176
40.01171171171171,32.85058823529411,9,13992.92942942943,56.04795821462488,40.01216216216216,32.85117647058823
40.01171171171171,32.85176470588235,27,24677.27479127479,63.44744989189434,40.01216216216216,32.85235294117647
40.01171171171171,32.86588235294117,20,33755.71864171864,30.55934395934396,40.01216216216216,32.86647058823529
40.01171171171171,32.86705882352941,3,1765.1969276969278,26.989835989835992,40.01216216216216,32.86764705882353
40.01171171171171,32.87176470588235,3,1765.1969276969278,26.989835989835992,40.01216216216216,32.872352941176466
40.01171171171171,32.87411764705882,20,13406.167244167245,48.1554978054978,40.01216216216216,32.874705882352934
40.01171171171171,32.892941176470586,4,8935.666666666666,53.72008547008547,40.01216216216216,32.8935294117647
40.01171171171171,32.89647058823529,3,6860.619658119658,51.098290598290596,40.01216216216216,32.897058823529406
40.01171171171171,32.898823529411764,6,16199.970085470086,50.64814814814815,40.01216216216216,32.89941176470588
40.01171171171171,32.9,5,12627.98717948718,46.88974358974359,40.01216216216216,32.900588235294116
40.01171171171171,32.90117647058823,3,6860.619658119658,51.098290598290596,40.01216216216216,32.90176470588235
40.01171171171171,32.90588235294118,4,8176.7008547008545,48.89102564102564,40.01216216216216,32.906470588235294
40.01171171171171,32.98,4,690.0933792575584,24.27361589488455,40.01216216216216,32.980588235294114
40.012612612612614,32.51764705882353,20,51150.013862830936,48.12020012507817,40.013063063063065,32.518235294117645
40.012612612612614,32.53058823529412,56,113242.0721284136,41.35375532326752,40.013063063063065,32.531176470588235
40.012612612612614,32.54,4,7580.489785282469,43.94065301229935,40.013063063063065,32.540588235294116
40.012612612612614,32.72235294117647,1,1012.6495726495726,63.22222222222222,40.013063063063065,32.722941176470584
40.012612612612614,32.72941176470588,6,599.001530807501,55.724422758004856,40.013063063063065,32.73
40.012612612612614,32.805882352941175,2,1650.6239316239316,51.15811965811966,40.013063063063065,32.80647058823529
40.012612612612614,32.83176470588235,1,6889.153846153846,60.64529914529915,40.013063063063065,32.83235294117647
40.012612612612614,32.836470588235294,1,70.22222222222223,11.94017094017094,40.013063063063065,32.83705882352941
40.012612612612614,32.83882352941176,3,14869.741654571842,60.507243455356665,40.013063063063065,32.83941176470588
40.012612612612614,32.84117647058823,2,6959.376068376068,36.292735042735046,40.013063063063065,32.84176470588235
40.012612612612614,32.86,2,2664.940170940171,45.675213675213676,40.013063063063065,32.86058823529412
40.012612612612614,32.86705882352941,3,1765.1969276969278,26.989835989835992,40.013063063063065,32.86764705882353
40.012612612612614,32.87176470588235,15,9969.291461062547,55.489709264408056,40.013063063063065,32.872352941176466
40.012612612612614,32.9,2,1156.2222222222222,53.73076923076923,40.013063063063065,32.900588235294116
40.012612612612614,32.90117647058823,3,6860.619658119658,51.098290598290596,40.013063063063065,32.90176470588235
40.012612612612614,32.9035294117647,3,5119.858974358975,48.17806267806268,40.013063063063065,32.90411764705882
40.012612612612614,32.904705882352935,2,4541.747863247863,45.4017094017094,40.013063063063065,32.90529411764705
40.012612612612614,32.90588235294118,3,5119.858974358975,48.17806267806268,40.013063063063065,32.906470588235294
40.012612612612614,32.90705882352941,2,4541.747863247863,45.4017094017094,40.013063063063065,32.90764705882353
40.012612612612614,32.970588235294116,4,690.0933792575584,24.27361589488455,40.013063063063065,32.97117647058823
40.012612612612614,32.98117647058823,1,425.52564102564105,35.49145299145299,40.013063063063065,32.98176470588235
40.012612612612614,33.001176470588234,4,690.0933792575584,24.27361589488455,40.013063063063065,33.00176470588235
40.013513513513516,32.33764705882353,1,0.0,0.0,40.01396396396397,32.338235294117645
40.013513513513516,32.544705882352936,8,15160.979570564936,43.94065301229935,40.01396396396397,32.54529411764705
40.013513513513516,32.54588235294117,10,15360.36511273361,42.34529349417683,40.01396396396397,32.54647058823529
40.013513513513516,32.652941176470584,37,10363.539271313444,28.544626411466123,40.01396396396397,32.6535294117647
40.013513513513516,32.77529411764706,18,12003.668283668283,57.59334334334335,40.01396396396397,32.775882352941174
40.013513513513516,32.836470588235294,4,1533.4765999583074,55.55477381696894,40.01396396396397,32.83705882352941
40.013513513513516,32.83764705882353,3,8050.810030640219,44.272200720313926,40.01396396396397,32.838235294117645
40.013513513513516,32.864705882352936,2,3280.5470085470088,55.84615384615385,40.01396396396397,32.86529411764705
40.013513513513516,32.86705882352941,1,1640.2735042735044,55.84615384615385,40.01396396396397,32.86764705882353
40.013513513513516,32.86941176470588,15,9969.291461062547,55.489709264408056,40.01396396396397,32.87
40.013513513513516,32.89764705882352,2,6282.508547008547,49.782051282051285,40.01396396396397,32.89823529411764
40.013513513513516,32.90117647058823,3,6860.619658119658,51.098290598290596,40.01396396396397,32.90176470588235
40.013513513513516,32.904705882352935,5,9661.606837606838,47.067521367521366,40.01396396396397,32.90529411764705
40.013513513513516,32.98705882352941,5,1115.6190202831995,26.517183314198235,40.01396396396397,32.987647058823526
40.013513513513516,32.99411764705882,3,617.4615384615385,20.656695156695154,40.01396396396397,32.99470588235294
40.013513513513516,32.99647058823529,2,498.15748182166095,35.30791555045286,40.01396396396397,32.99705882352941
40.01441441441442,32.32470588235294,13,324.0,2.955223880597015,40.01486486486487,32.325294117647054
40.01441441441442,32.32588235294117,9,324.0,4.268656716417911,40.01486486486487,32.32647058823529
40.01441441441442,32.32823529411765,1,0.0,0.0,40.01486486486487,32.328823529411764
40.01441441441442,32.330588235294115,1,0.0,0.0,40.01486486486487,32.33117647058823
40.01441441441442,32.332941176470584,5,162.0,3.8417910447761194,40.01486486486487,32.3335294117647
40.01441441441442,32.53294117647059,1,99.69277108433735,35.963855421686745,40.01486486486487,32.533529411764704
40.01441441441442,32.82941176470588,3,108.34756097560975,51.59146341463415,40.01486486486487,32.83
40.01441441441442,32.836470588235294,2,13778.307692307691,60.64529914529915,40.01486486486487,32.83705882352941
40.01441441441442,32.84470588235294,2,4866.059829059829,48.20940170940171,40.01486486486487,32.84529411764706
40.01441441441442,32.84941176470588,1,2433.0299145299145,48.20940170940171,40.01486486486487,32.849999999999994
40.01441441441442,32.85647058823529,4,374.0722891566265,31.174698795180724,40.01486486486487,32.85705882352941
40.01441441441442,32.86588235294117,3,4920.820512820514,55.84615384615385,40.01486486486487,32.86647058823529
40.01441441441442,32.90588235294118,5,9661.606837606838,47.067521367521366,40.01486486486487,32.906470588235294
40.01441441441442,33.00470588235294,4,690.0933792575584,24.27361589488455,40.01486486486487,33.005294117647054
40.01441441441442,33.010588235294115,1,425.52564102564105,35.49145299145299,40.01486486486487,33.01117647058823
40.01531531531531,32.31294117647059,1,0.0,0.0,40.015765765765764,32.313529411764705
40.01531531531531,32.327058823529406,9,324.0,4.268656716417911,40.015765765765764,32.32764705882352
40.01531531531531,32.523529411764706,16,43046.07879924953,50.27932822597457,40.015765765765764,32.52411764705882
40.01531531531531,32.54,16,30321.95914112987,43.94065301229935,40.015765765765764,32.540588235294116
40.01531531531531,32.72705882352941,4,399.3343538716673,55.72442275800485,40.015765765765764,32.72764705882353
40.01531531531531,32.82941176470588,1,6889.153846153846,60.64529914529915,40.015765765765764,32.83
40.01531531531531,32.83529411764706,5,2623.3008061248975,55.83150888330364,40.015765765765764,32.83588235294118
40.01531531531531,32.836470588235294,5,8422.630446112153,56.572878882634974,40.015765765765764,32.83705882352941
40.01531531531531,32.857647058823524,40,99238.45665516543,51.82189274836709,40.015765765765764,32.85823529411764
40.01531531531531,32.90588235294118,5,9661.606837606838,47.067521367521366,40.015765765765764,32.906470588235294
40.016216216216215,32.52941176470588,14,28310.518032103395,41.35375532326752,40.016666666666666,32.529999999999994
40.016216216216215,32.535294117647055,14,28310.518032103395,41.35375532326752,40.016666666666666,32.53588235294117
40.016216216216215,32.537647058823524,8,14254.951787136035,40.68001783556992,40.016666666666666,32.53823529411764
40.016216216216215,32.538823529411765,14,28310.518032103395,41.35375532326752,40.016666666666666,32.53941176470588
40.016216216216215,32.71647058823529,4,399.3343538716673,55.72442275800485,40.016666666666666,32.717058823529406
40.016216216216215,32.718823529411765,4,399.3343538716673,55.72442275800485,40.016666666666666,32.71941176470588
40.016216216216215,32.768235294117645,1,0.0,0.0,40.016666666666666,32.76882352941176
40.016216216216215,32.802352941176466,2,1650.6239316239316,51.15811965811966,40.016666666666666,32.80294117647058
40.016216216216215,32.81294117647059,3,2475.9358974358975,51.15811965811966,40.016666666666666,32.813529411764705
40.016216216216215,32.82823529411765,5,2623.3008061248975,55.83150888330364,40.016666666666666,32.828823529411764
40.016216216216215,32.82941176470588,6,1416.3292682926829,57.020325203252035,40.016666666666666,32.83
40.016216216216215,32.84823529411764,3,7299.089743589744,48.20940170940171,40.016666666666666,32.84882352941176
40.016216216216215,32.86705882352941,13,6688.744452515537,55.43487163644717,40.016666666666666,32.86764705882353
40.016216216216215,32.99176470588235,2,191.93589743589743,13.239316239316238,40.016666666666666,32.99235294117647
40.016216216216215,33.048235294117646,4,1031.7179487179487,40.02184589871157,40.016666666666666,33.04882352941176
40.01711711711712,32.30117647058823,1,0.0,0.0,40.01756756756757,32.30176470588235
40.01711711711712,32.53294117647059,14,28310.518032103395,41.35375532326752,40.01756756756757,32.533529411764704
40.01711711711712,32.53411764705882,8,14254.951787136035,40.68001783556992,40.01756756756757,32.53470588235294
40.01711711711712,32.548235294117646,10,15360.36511273361,42.34529349417683,40.01756756756757,32.54882352941176
40.01711711711712,32.7235294117647,2,199.66717693583365,55.72442275800485,40.01756756756757,32.72411764705882
40.01711711711712,32.72588235294118,2,199.66717693583365,55.72442275800485,40.01756756756757,32.726470588235294
40.01711711711712,32.82,21,51601.911180730094,56.805061508006744,40.01756756756757,32.82058823529412
40.01711711711712,32.821176470588235,11,26033.394614755292,56.50072944389557,40.01756756756757,32.82176470588235
40.01711711711712,32.82235294117647,31,53772.29152261044,44.358295044161174,40.01756756756757,32.822941176470586
40.01711711711712,32.86235294117647,6,3297.6131901131903,57.456552706552706,40.01756756756757,32.862941176470585
40.01711711711712,32.8635294117647,7,3391.1312624023467,53.70200214778528,40.01756756756757,32.86411764705882
40.01801801801802,32.327058823529406,21,1749.4994485800937,17.17717989672732,40.01846846846847,32.32764705882352
40.01801801801802,32.51176470588235,8,19683.09505941213,46.48641729205753,40.01846846846847,32.51235294117647
40.01801801801802,32.51647058823529,4,10761.519699812383,50.27932822597457,40.01846846846847,32.51705882352941
40.01801801801802,32.5435294117647,4,7580.489785282469,43.94065301229935,40.01846846846847,32.54411764705882
40.01801801801802,32.54941176470588,10,15360.36511273361,42.34529349417683,40.01846846846847,32.55
40.01801801801802,32.84470588235294,11,13484.380226380226,68.1930846930847,40.01846846846847,32.84529411764706
40.01801801801802,32.85176470588235,10,6595.226380226381,68.94786324786324,40.01846846846847,32.85235294117647
40.01801801801802,32.88117647058823,6,13403.5,53.72008547008547,40.01846846846847,32.88176470588235
40.01891891891892,32.3035294117647,1,0.0,0.0,40.01936936936937,32.30411764705882
40.01891891891892,32.31058823529411,5,564.9762200165426,23.553363661428175,40.01936936936937,32.31117647058823
40.01891891891892,32.315294117647056,17,1587.4994485800937,20.08893074161136,40.01936936936937,32.31588235294117
40.01891891891892,32.321176470588235,10,874.7497242900469,18.036038891563685,40.01936936936937,32.32176470588235
40.01891891891892,32.3235294117647,10,874.7497242900469,18.036038891563685,40.01936936936937,32.32411764705882
40.01891891891892,32.33176470588235,10,874.7497242900469,18.036038891563685,40.01936936936937,32.33235294117647
40.01891891891892,32.332941176470584,20,1749.4994485800937,18.036038891563685,40.01936936936937,32.3335294117647
40.01891891891892,32.49882352941176,3,6574.7692307692305,37.9045584045584,40.01936936936937,32.499411764705876
40.01891891891892,32.832941176470584,8,7666.983712304467,55.694625866795676,40.01936936936937,32.8335294117647
40.01891891891892,32.842352941176465,2,1916.7459280761168,55.694625866795676,40.01936936936937,32.84294117647058
40.01891891891892,32.84823529411764,2,1650.6239316239316,51.15811965811966,40.01936936936937,32.84882352941176
40.01891891891892,32.857647058823524,4,7771.774338127996,51.88289555972483,40.01936936936937,32.85823529411764
40.01981981981982,32.49882352941176,6,14045.22482801751,45.97325585435342,40.020270270270274,32.499411764705876
40.01981981981982,32.51529411764706,13,27905.737544298518,41.29841567646445,40.020270270270274,32.515882352941176
40.01981981981982,32.550588235294114,4,7580.489785282469,43.94065301229935,40.020270270270274,32.55117647058823
40.01981981981982,32.77529411764706,7,4540.9057519057515,56.3966273966274,40.020270270270274,32.775882352941174
40.01981981981982,32.836470588235294,6,5750.23778422835,55.69462586679568,40.020270270270274,32.83705882352941
40.01981981981982,32.857647058823524,43,96430.82965092848,57.829742473956884,40.020270270270274,32.85823529411764
40.01981981981982,32.861176470588234,2,609.1531531531532,72.28828828828829,40.020270270270274,32.86176470588235
40.01981981981982,32.8635294117647,2,609.1531531531532,72.28828828828829,40.020270270270274,32.86411764705882
40.01981981981982,33.04705882352941,2,851.0512820512821,35.49145299145299,40.020270270270274,33.04764705882353
40.020720720720725,32.49647058823529,4,7580.489785282469,43.94065301229935,40.021171171171176,32.49705882352941
40.020720720720725,32.49882352941176,7,14155.259016051697,41.35375532326752,40.021171171171176,32.499411764705876
40.020720720720725,32.50588235294117,15,28715.298519908276,41.401716350496834,40.021171171171176,32.50647058823529
40.020720720720725,32.50941176470588,22,49833.557431728164,44.59941819697917,40.021171171171176,32.51
40.020720720720725,32.51529411764706,10,874.7497242900469,18.036038891563685,40.021171171171176,32.515882352941176
40.020720720720725,32.51647058823529,11,22433.688972274336,46.88958739759614,40.021171171171176,32.51705882352941
40.020720720720725,32.72588235294118,4,399.3343538716673,55.72442275800485,40.021171171171176,32.726470588235294
40.020720720720725,32.78705882352941,3,2567.9379764379764,57.749018249018256,40.021171171171176,32.787647058823524
40.020720720720725,32.85176470588235,2,1650.6239316239316,51.15811965811966,40.021171171171176,32.85235294117647
40.020720720720725,32.858823529411765,21,30663.73404212535,54.63912399799539,40.021171171171176,32.85941176470588
40.02162162162162,32.5,6,8627.422972691265,34.51020603154749,40.02207207207207,32.50058823529412
40.02162162162162,32.637647058823525,1,74.64179104477611,26.83084577114428,40.02207207207207,32.63823529411764
40.02162162162162,32.84705882352941,3,1315.1456739758628,73.11007705819027,40.02207207207207,32.847647058823526
40.02162162162162,32.85411764705882,12,8245.850311850312,65.98290598290599,40.02207207207207,32.85470588235294
40.02162162162162,32.855294117647055,3,791.5057915057915,58.14385814385815,40.02207207207207,32.85588235294117
40.02162162162162,32.895294117647055,35,35297.120543181,24.520572971963755,40.02207207207207,32.89588235294117
40.02162162162162,32.98823529411764,2,191.93589743589743,13.239316239316238,40.02207207207207,32.98882352941176
40.02252252252252,32.31058823529411,21,1749.4994485800937,17.17717989672732,40.02297297297297,32.31117647058823
40.02252252252252,32.31882352941176,4,0.0,0.0,40.02297297297297,32.319411764705876
40.02252252252252,32.5,2,0.0,0.0,40.02297297297297,32.50058823529412
40.02252252252252,32.64,1,74.64179104477611,26.83084577114428,40.02297297297297,32.64058823529412
40.02252252252252,32.781176470588235,6,5135.875952875953,57.749018249018256,40.02297297297297,32.78176470588235
40.02252252252252,32.84941176470588,7,3189.4813173115062,68.67793851284418,40.02297297297297,32.849999999999994
40.02252252252252,32.86235294117647,2,609.1531531531532,72.28828828828829,40.02297297297297,32.862941176470585
40.02252252252252,32.89647058823529,34,35253.38883586393,23.401558260235287,40.02297297297297,32.897058823529406
40.02252252252252,33.050588235294114,4,1031.7179487179487,40.02184589871157,40.02297297297297,33.05117647058823
40.023423423423424,32.63529411764706,1,74.64179104477611,26.83084577114428,40.023873873873875,32.635882352941174
40.023423423423424,32.85058823529411,6,6016.359780680536,57.206794603021024,40.023873873873875,32.85117647058823
40.023423423423424,32.92235294117647,3,4534.5641025641025,29.729344729344728,40.023873873873875,32.92294117647059
40.024324324324326,32.652941176470584,3,1792.274482545567,41.94475337246421,40.02477477477478,32.6535294117647
40.024324324324326,32.790588235294116,3,2567.9379764379764,57.749018249018256,40.02477477477478,32.79117647058823
40.024324324324326,32.84117647058823,4,3833.4918561522336,55.694625866795676,40.02477477477478,32.84176470588235
40.024324324324326,32.85176470588235,6,2098.0473550473553,70.08573958573959,40.02477477477478,32.85235294117647
40.024324324324326,32.855294117647055,4,3833.4918561522336,55.694625866795676,40.02477477477478,32.85588235294117
40.024324324324326,32.91411764705882,4,7450.393162393162,24.69017094017094,40.02477477477478,32.91470588235294
40.024324324324326,32.91882352941176,4,7450.393162393162,24.69017094017094,40.02477477477478,32.91941176470588
40.02522522522523,32.637647058823525,1,74.64179104477611,26.83084577114428,40.02567567567568,32.63823529411764
40.02522522522523,32.64,1,74.64179104477611,26.83084577114428,40.02567567567568,32.64058823529412
40.02522522522523,32.86,32,56416.060506857924,59.01679611618864,40.02567567567568,32.86058823529412
40.02612612612613,32.30470588235294,1,374.3247863247863,47.17094017094017,40.02657657657658,32.30529411764706
40.02612612612613,32.54117647058823,8,14254.951787136035,40.68001783556992,40.02657657657658,32.54176470588235
40.02612612612613,32.55647058823529,9,15260.672341649273,43.054342168897946,40.02657657657658,32.55705882352941
40.02612612612613,32.64588235294117,12,3368.5700704947944,31.060111048251866,40.02657657657658,32.64647058823529
40.02612612612613,32.70117647058823,8,2754.759411199164,55.78811558996761,40.02657657657658,32.70176470588235
40.02612612612613,32.75647058823529,11,3893.1068376068374,73.88034188034187,40.02657657657658,32.757058823529405
40.02612612612613,32.758823529411764,15,6057.880899293943,17.363123993558776,40.02657657657658,32.75941176470588
40.02612612612613,32.76117647058823,2,707.8376068376068,73.88034188034187,40.02657657657658,32.76176470588235
40.02612612612613,32.76941176470588,14,9081.811503811503,56.3966273966274,40.02657657657658,32.769999999999996
40.02612612612613,32.892941176470586,7,8788.823443958987,31.41903916780976,40.02657657657658,32.8935294117647
40.027027027027025,32.305882352941175,6,536.3247863247864,11.063315899136795,40.027477477477476,32.30647058823529
40.027027027027025,32.75176470588235,1,353.9188034188034,73.88034188034187,40.027477477477476,32.75235294117647
40.027027027027025,32.78941176470588,3,2567.9379764379764,57.749018249018256,40.027477477477476,32.79
40.027027027027025,32.88823529411764,6,7102.216301101844,31.692110321628395,40.027477477477476,32.88882352941176
40.027027027027025,32.889411764705876,13,15891.03974506083,31.545072008033745,40.027477477477476,32.88999999999999
40.027027027027025,32.895294117647055,34,35177.361507036425,23.99318372911223,40.027477477477476,32.89588235294117
40.027027027027025,32.919999999999995,2,1618.7350427350427,39.80769230769231,40.027477477477476,32.92058823529411
40.027027027027025,33.05529411764706,4,1031.7179487179487,40.02184589871157,40.027477477477476,33.055882352941175
40.02792792792793,32.77176470588235,14,9081.811503811503,56.3966273966274,40.02837837837838,32.772352941176464
40.02792792792793,32.77529411764706,4,4587.335412335412,54.481635481635486,40.02837837837838,32.775882352941174
40.02792792792793,32.967058823529406,4,690.0933792575584,24.27361589488455,40.02837837837838,32.96764705882352
40.02792792792793,32.976470588235294,2,191.93589743589743,13.239316239316238,40.02837837837838,32.97705882352941
40.02882882882883,32.30705882352941,6,162.0,3.201492537313433,40.02927927927928,32.30764705882353
40.02882882882883,32.51176470588235,8,338.4249379652606,14.247561690102014,40.02927927927928,32.51235294117647
40.02882882882883,32.64,2,149.28358208955223,26.83084577114428,40.02927927927928,32.64058823529412
40.02882882882883,32.78941176470588,3,2567.9379764379764,57.749018249018256,40.02927927927928,32.79
40.02882882882883,32.88117647058823,3,7960.709706959708,34.320033141461714,40.02927927927928,32.88176470588235
40.02882882882883,32.883529411764705,3,7960.709706959708,34.320033141461714,40.02927927927928,32.88411764705882
40.02882882882883,32.895294117647055,13,15891.03974506083,31.545072008033745,40.02927927927928,32.89588235294117
40.02882882882883,32.89764705882352,26,25900.12979971935,19.956455395605797,40.02927927927928,32.89823529411764
40.02882882882883,32.90941176470588,2,3725.196581196581,24.69017094017094,40.02927927927928,32.91
40.02882882882883,32.98705882352941,2,191.93589743589743,13.239316239316238,40.02927927927928,32.987647058823526
40.02972972972973,32.302352941176466,5,162.0,3.8417910447761194,40.03018018018018,32.30294117647058
40.02972972972973,32.88117647058823,1,3137.051282051282,36.58974358974359,40.03018018018018,32.88176470588235
40.02972972972973,32.88705882352941,13,15891.03974506083,31.545072008033745,40.03018018018018,32.887647058823525
40.02972972972973,32.89411764705882,4,3895.277301289497,52.23777084317154,40.03018018018018,32.89470588235294
40.02972972972973,32.91647058823529,4,3237.4700854700855,39.80769230769231,40.03018018018018,32.91705882352941
40.02972972972973,32.919999999999995,3,2428.102564102564,39.80769230769231,40.03018018018018,32.92058823529411
40.02972972972973,32.923529411764704,4,383.87179487179486,13.239316239316238,40.03018018018018,32.92411764705882
40.03063063063063,32.30705882352941,8,162.0,2.4011194029850746,40.03108108108108,32.30764705882353
40.03063063063063,32.69647058823529,16,4042.2716063211146,48.26296023400819,40.03108108108108,32.69705882352941
40.03063063063063,32.76117647058823,2,707.8376068376068,73.88034188034187,40.03108108108108,32.76176470588235
40.03063063063063,32.78823529411764,3,2567.9379764379764,57.749018249018256,40.03108108108108,32.78882352941176
40.03063063063063,32.858823529411765,43,98891.52002553681,52.385425482780555,40.03108108108108,32.85941176470588
40.03063063063063,32.88235294117647,2,4823.658424908425,33.18517791732077,40.03108108108108,32.88294117647059
40.03063063063063,32.88705882352941,2,6274.102564102564,36.58974358974359,40.03108108108108,32.887647058823525
40.03063063063063,32.89058823529412,4,3895.277301289497,52.23777084317154,40.03108108108108,32.891176470588235
40.03063063063063,32.89764705882352,55,54173.315154994256,20.831169328184256,40.03108108108108,32.89823529411764
40.03063063063063,32.904705882352935,4,7450.393162393162,24.69017094017094,40.03108108108108,32.90529411764705
40.03063063063063,32.91176470588235,4,5343.931623931624,32.248931623931625,40.03108108108108,32.912352941176465
40.03063063063063,32.9435294117647,8,767.7435897435897,13.239316239316238,40.03108108108108,32.94411764705882
40.031531531531535,32.690588235294115,4,4067.094017094017,70.96581196581197,40.031981981981986,32.69117647058823
40.031531531531535,32.76941176470588,1,353.9188034188034,73.88034188034187,40.031981981981986,32.769999999999996
40.031531531531535,32.783529411764704,2,2285.9650034650035,53.49289674289675,40.031981981981986,32.78411764705882
40.031531531531535,32.79176470588235,3,2567.9379764379764,57.749018249018256,40.031981981981986,32.79235294117647
40.031531531531535,32.792941176470585,3,2567.9379764379764,57.749018249018256,40.031981981981986,32.7935294117647
40.031531531531535,32.857647058823524,16,48010.92938042192,55.49010925596747,40.031981981981986,32.85823529411764
40.031531531531535,32.879999999999995,1,3137.051282051282,36.58974358974359,40.031981981981986,32.88058823529411
40.031531531531535,32.88705882352941,8,7690.811965811967,27.77777777777778,40.031981981981986,32.887647058823525
40.031531531531535,32.91411764705882,5,4046.837606837607,39.80769230769231,40.031981981981986,32.91470588235294
40.031531531531535,32.921176470588236,2,191.93589743589743,13.239316239316238,40.031981981981986,32.92176470588235
40.03243243243244,32.68470588235294,9,9150.961538461539,70.96581196581197,40.03288288288289,32.685294117647054
40.03243243243244,32.755294117647054,1,353.9188034188034,73.88034188034187,40.03288288288289,32.75588235294117
40.03243243243244,32.78705882352941,5,4853.9029799029795,56.04656964656965,40.03288288288289,32.787647058823524
40.03243243243244,32.792941176470585,3,2567.9379764379764,57.749018249018256,40.03288288288289,32.7935294117647
40.03243243243244,32.858823529411765,8,5512.024397286592,65.28232471448935,40.03288288288289,32.85941176470588
40.03243243243244,32.87764705882353,1,3137.051282051282,36.58974358974359,40.03288288288289,32.878235294117644
40.03243243243244,32.879999999999995,2,6274.102564102564,36.58974358974359,40.03288288288289,32.88058823529411
40.03243243243244,32.908235294117645,2,1618.7350427350427,39.80769230769231,40.03288288288289,32.90882352941176
40.03243243243244,32.90941176470588,9,7284.307692307692,39.80769230769231,40.03288288288289,32.91
40.03243243243244,32.91294117647058,2,1618.7350427350427,39.80769230769231,40.03288288288289,32.9135294117647
40.03243243243244,32.921176470588236,3,1001.3034188034188,22.095441595441596,40.03288288288289,32.92176470588235
40.03333333333333,32.69529411764706,4,399.3343538716673,55.72442275800485,40.03378378378378,32.695882352941176
40.03333333333333,32.74941176470588,1,353.9188034188034,73.88034188034187,40.03378378378378,32.75
40.03333333333333,32.76235294117647,2,707.8376068376068,73.88034188034187,40.03378378378378,32.762941176470584
40.03333333333333,32.768235294117645,6,2593.454146454146,59.61933086933087,40.03378378378378,32.76882352941176
40.03333333333333,32.78941176470588,3,2567.9379764379764,57.749018249018256,40.03378378378378,32.79
40.03333333333333,32.79882352941176,3,2567.9379764379764,57.749018249018256,40.03378378378378,32.79941176470588
40.03333333333333,32.845882352941175,3,2796.9758604758604,61.858204358204354,40.03378378378378,32.84647058823529
40.03333333333333,32.855294117647055,9,26213.749479018137,57.15545303107493,40.03378378378378,32.85588235294117
40.03333333333333,32.91647058823529,1,809.3675213675214,39.80769230769231,40.03378378378378,32.91705882352941
40.03333333333333,32.94705882352941,4,383.87179487179486,13.239316239316238,40.03378378378378,32.94764705882353
40.03423423423423,32.70941176470588,2,321.8780487804878,40.73780487804878,40.034684684684684,32.709999999999994
40.03423423423423,32.75411764705882,1,353.9188034188034,73.88034188034187,40.034684684684684,32.75470588235294
40.03423423423423,32.75764705882353,1,353.9188034188034,73.88034188034187,40.034684684684684,32.75823529411765
40.03423423423423,32.758823529411764,1,353.9188034188034,73.88034188034187,40.034684684684684,32.75941176470588
40.03423423423423,32.76235294117647,2,707.8376068376068,73.88034188034187,40.034684684684684,32.762941176470584
40.03423423423423,32.76705882352941,5,2239.535343035343,56.76712866712867,40.034684684684684,32.76764705882353
40.03423423423423,32.76941176470588,6,2593.454146454146,59.61933086933087,40.034684684684684,32.769999999999996
40.03423423423423,32.77882352941176,3,2507.919958419958,54.46373296373296,40.034684684684684,32.77941176470588
40.03423423423423,32.79764705882353,3,2567.9379764379764,57.749018249018256,40.034684684684684,32.798235294117646
40.03423423423423,32.79882352941176,6,5135.875952875953,57.749018249018256,40.034684684684684,32.79941176470588
40.03423423423423,32.8,6,5135.875952875953,57.749018249018256,40.034684684684684,32.800588235294114
40.03423423423423,32.855294117647055,9,26055.23973046361,56.001702265383855,40.034684684684684,32.85588235294117
40.03423423423423,32.87647058823529,1,3137.051282051282,36.58974358974359,40.034684684684684,32.87705882352941
40.03423423423423,32.89176470588235,14,17148.80294231514,36.68820314688906,40.034684684684684,32.89235294117647
40.03423423423423,32.91882352941176,5,1193.2393162393162,18.552991452991453,40.034684684684684,32.91941176470588
40.03423423423423,33.063529411764705,4,1031.7179487179487,40.02184589871157,40.034684684684684,33.06411764705882
40.035135135135135,32.61411764705882,5,161.95299145299145,18.80854700854701,40.035585585585586,32.614705882352936
40.035135135135135,32.616470588235295,2,25.568376068376068,9.38888888888889,40.035585585585586,32.61705882352941
40.035135135135135,32.74823529411764,1,353.9188034188034,73.88034188034187,40.035585585585586,32.74882352941176
40.035135135135135,32.77647058823529,6,1975.9186879186877,58.734773234773236,40.035585585585586,32.77705882352941
40.035135135135135,32.781176470588235,2,503.92792792792795,61.333333333333336,40.035585585585586,32.78176470588235
40.035135135135135,32.84705882352941,1,353.1981981981982,64.83783783783784,40.035585585585586,32.847647058823526
40.035135135135135,32.85176470588235,7,23755.779509048167,59.01463899758143,40.035585585585586,32.85235294117647
40.035135135135135,32.85294117647059,16,51601.0432635358,56.132881836240045,40.035585585585586,32.853529411764704
40.035135135135135,32.8635294117647,7,5468.292689969519,65.67021779216901,40.035585585585586,32.86411764705882
40.035135135135135,32.87882352941176,1,3137.051282051282,36.58974358974359,40.035585585585586,32.87941176470588
40.035135135135135,32.90588235294118,2,1618.7350427350427,39.80769230769231,40.035585585585586,32.906470588235294
40.035135135135135,32.91529411764706,10,8093.675213675214,39.80769230769231,40.035585585585586,32.915882352941175
40.03603603603604,32.616470588235295,3,136.3846153846154,25.088319088319093,40.03648648648649,32.61705882352941
40.03603603603604,32.69529411764706,4,399.3343538716673,55.72442275800485,40.03648648648649,32.695882352941176
40.03603603603604,32.70823529411764,2,321.8780487804878,40.73780487804878,40.03648648648649,32.70882352941176
40.03603603603604,32.75058823529412,1,353.9188034188034,73.88034188034187,40.03648648648649,32.751176470588234
40.03603603603604,32.78705882352941,2,2285.9650034650035,53.49289674289675,40.03648648648649,32.787647058823524
40.03603603603604,32.84470588235294,2,706.3963963963964,64.83783783783784,40.03648648648649,32.84529411764706
40.03603603603604,32.87882352941176,4,9647.31684981685,33.18517791732077,40.03648648648649,32.87941176470588
40.03603603603604,32.889411764705876,2,6274.102564102564,36.58974358974359,40.03648648648649,32.88999999999999
40.03603603603604,32.9035294117647,72,70001.06388714387,20.45724240901069,40.03648648648649,32.90411764705882
40.03603603603604,32.948235294117644,2,191.93589743589743,13.239316239316238,40.03648648648649,32.94882352941176
40.03603603603604,33.06470588235294,10,2579.294871794872,40.02184589871157,40.03648648648649,33.065294117647056
40.03693693693694,32.62,5,161.95299145299145,18.80854700854701,40.03738738738739,32.620588235294115
40.03693693693694,32.77058823529411,10,3948.886463386463,57.39379764379764,40.03738738738739,32.77117647058823
40.03693693693694,32.84823529411764,14,47117.638620086385,56.19018981492329,40.03738738738739,32.84882352941176
40.03693693693694,32.86588235294117,9,9726.352519029348,65.58490823531474,40.03738738738739,32.86647058823529
40.03693693693694,32.88470588235294,2,6274.102564102564,36.58974358974359,40.03738738738739,32.88529411764706
40.03693693693694,32.88705882352941,1,3137.051282051282,36.58974358974359,40.03738738738739,32.887647058823525
40.03693693693694,32.889411764705876,4,6513.620636391721,39.52077540932963,40.03738738738739,32.88999999999999
40.03693693693694,32.89411764705882,12,11586.089267101463,35.931108799575696,40.03738738738739,32.89470588235294
40.03693693693694,32.910588235294114,1,809.3675213675214,39.80769230769231,40.03738738738739,32.91117647058823
40.03693693693694,32.923529411764704,3,1001.3034188034188,22.095441595441596,40.03738738738739,32.92411764705882
40.03783783783784,32.50705882352941,20,1749.4994485800937,18.036038891563685,40.03828828828829,32.50764705882353
40.03783783783784,32.612941176470585,5,161.95299145299145,18.80854700854701,40.03828828828829,32.6135294117647
40.03783783783784,32.792941176470585,3,2567.9379764379764,57.749018249018256,40.03828828828829,32.7935294117647
40.03783783783784,32.79411764705882,3,2567.9379764379764,57.749018249018256,40.03828828828829,32.794705882352936
40.03783783783784,32.80470588235294,3,2567.9379764379764,57.749018249018256,40.03828828828829,32.80529411764706
40.03783783783784,32.845882352941175,7,23755.779509048167,59.01463899758143,40.03828828828829,32.84647058823529
40.03783783783784,32.86705882352941,2,2164.9384511152803,58.30169897852825,40.03828828828829,32.86764705882353
40.03783783783784,32.88470588235294,1,3137.051282051282,36.58974358974359,40.03828828828829,32.88529411764706
40.03783783783784,32.895294117647055,6,8687.237668623211,32.14652627604435,40.03828828828829,32.89588235294117
40.03783783783784,32.89647058823529,6,8687.237668623211,32.14652627604435,40.03828828828829,32.897058823529406
40.03783783783784,32.90235294117647,1,403.0683760683761,55.876068376068375,40.03828828828829,32.902941176470584
40.03783783783784,32.919999999999995,2,1618.7350427350427,39.80769230769231,40.03828828828829,32.92058823529411
40.03783783783784,32.92235294117647,2,1618.7350427350427,39.80769230769231,40.03828828828829,32.92294117647059
40.038738738738736,32.637647058823525,2,51.136752136752136,18.77777777777778,40.03918918918919,32.63823529411764
40.038738738738736,32.69411764705882,2,199.66717693583365,55.72442275800485,40.03918918918919,32.694705882352935
40.038738738738736,32.69529411764706,2,199.66717693583365,55.72442275800485,40.03918918918919,32.695882352941176
40.038738738738736,32.764705882352935,4,1972.9677754677755,55.38233425733426,40.03918918918919,32.76529411764705
40.038738738738736,32.77294117647059,4,1427.3781473781473,55.96026796026796,40.03918918918919,32.773529411764706
40.038738738738736,32.843529411764706,15,47667.79701728956,58.08477596835805,40.03918918918919,32.84411764705882
40.038738738738736,32.879999999999995,1,1686.607142857143,29.78061224489796,40.03918918918919,32.88058823529411
40.038738738738736,32.88235294117647,1,3137.051282051282,36.58974358974359,40.03918918918919,32.88294117647059
40.038738738738736,32.892941176470586,12,17374.475337246422,32.14652627604435,40.03918918918919,32.8935294117647
40.038738738738736,32.90588235294118,21,15463.00586809542,19.66037334694051,40.03918918918919,32.906470588235294
40.038738738738736,32.91294117647058,3,2428.102564102564,39.80769230769231,40.03918918918919,32.9135294117647
40.038738738738736,32.91529411764706,5,1193.2393162393162,18.552991452991453,40.03918918918919,32.915882352941175
40.038738738738736,32.91647058823529,5,1193.2393162393162,18.552991452991453,40.03918918918919,32.91705882352941
40.038738738738736,32.92235294117647,3,1001.3034188034188,22.095441595441596,40.03918918918919,32.92294117647059
40.038738738738736,32.948235294117644,4,383.87179487179486,13.239316239316238,40.03918918918919,32.94882352941176
40.038738738738736,32.94941176470588,2,191.93589743589743,13.239316239316238,40.03918918918919,32.949999999999996
40.03963963963964,32.35411764705882,10,874.7497242900469,18.036038891563685,40.04009009009009,32.35470588235294
40.03963963963964,32.77058823529411,8,3802.04389004389,53.4775641025641,40.04009009009009,32.77117647058823
40.03963963963964,32.77176470588235,2,721.3917763917764,56.9490066990067,40.04009009009009,32.772352941176464
40.03963963963964,32.796470588235294,3,2567.9379764379764,57.749018249018256,40.04009009009009,32.79705882352941
40.03963963963964,32.8035294117647,3,2567.9379764379764,57.749018249018256,40.04009009009009,32.80411764705882
40.03963963963964,32.805882352941175,3,2567.9379764379764,57.749018249018256,40.04009009009009,32.80647058823529
40.03963963963964,32.843529411764706,5,10645.149572649572,65.28632478632478,40.04009009009009,32.84411764705882
40.03963963963964,32.86941176470588,2,2164.9384511152803,58.30169897852825,40.04009009009009,32.87
40.03963963963964,32.87882352941176,1,3137.051282051282,36.58974358974359,40.04009009009009,32.87941176470588
40.03963963963964,32.89058823529412,10,14305.445422716508,34.55916486458655,40.04009009009009,32.891176470588235
40.03963963963964,32.892941176470586,2,9444.145299145299,39.31623931623932,40.04009009009009,32.8935294117647
40.03963963963964,32.985882352941175,2,191.93589743589743,13.239316239316238,40.04009009009009,32.98647058823529
40.04054054054054,32.59411764705882,2,1187.1880341880342,35.48076923076923,40.04099099099099,32.59470588235294
40.04054054054054,32.76941176470588,4,1972.9677754677755,55.38233425733426,40.04099099099099,32.769999999999996
40.04054054054054,32.87764705882353,3,6387.089743589744,65.28632478632478,40.04099099099099,32.878235294117644
40.04054054054054,32.88823529411764,12,23409.05982905983,31.169515669515672,40.04099099099099,32.88882352941176
40.04054054054054,32.889411764705876,6,11704.529914529916,31.169515669515672,40.04099099099099,32.88999999999999
40.04054054054054,32.89058823529412,6,11704.529914529916,31.169515669515672,40.04099099099099,32.891176470588235
40.04054054054054,32.89647058823529,8,14305.437180958266,46.29439585920868,40.04099099099099,32.897058823529406
40.04054054054054,32.910588235294114,3,8513.32905982906,37.73789173789174,40.04099099099099,32.91117647058823
40.04054054054054,32.91176470588235,17,6354.672534762087,12.782321424551451,40.04099099099099,32.912352941176465
40.04144144144144,32.718823529411765,1,160.9390243902439,40.73780487804878,40.04189189189189,32.71941176470588
40.04144144144144,32.792941176470585,3,2567.9379764379764,57.749018249018256,40.04189189189189,32.7935294117647
40.04144144144144,32.79529411764705,3,2567.9379764379764,57.749018249018256,40.04189189189189,32.79588235294117
40.04144144144144,32.839999999999996,15,47667.79701728956,58.08477596835805,40.04189189189189,32.84058823529411
40.04144144144144,32.86,6,1761.4864864864867,69.45045045045045,40.04189189189189,32.86058823529412
40.04144144144144,32.885882352941174,2,4258.059829059829,65.28632478632478,40.04189189189189,32.88647058823529
40.04144144144144,32.89647058823529,5,4203.205128205128,43.14529914529915,40.04189189189189,32.897058823529406
40.04144144144144,32.898823529411764,4,2653.6712454212457,22.486819727891156,40.04189189189189,32.89941176470588
40.04144144144144,32.908235294117645,2,7985.017094017094,53.967948717948715,40.04189189189189,32.90882352941176
40.042342342342344,32.597647058823526,3,136.3846153846154,25.088319088319093,40.042792792792795,32.59823529411764
40.042342342342344,32.764705882352935,4,1972.9677754677755,55.38233425733426,40.042792792792795,32.76529411764705
40.042342342342344,32.76705882352941,2,721.3917763917764,56.9490066990067,40.042792792792795,32.76764705882353
40.042342342342344,32.77647058823529,7,1884.2231512448902,21.210240484153527,40.042792792792795,32.77705882352941
40.042342342342344,32.84941176470588,14,30005.11111111111,45.84615384615385,40.042792792792795,32.849999999999994
40.042342342342344,32.87411764705882,5,10645.149572649572,65.28632478632478,40.042792792792795,32.874705882352934
40.042342342342344,32.88117647058823,3,3305.3421855921856,36.465332286760855,40.042792792792795,32.88176470588235
40.042342342342344,32.88823529411764,3,5567.348707525537,43.480334931554445,40.042792792792795,32.88882352941176
40.042342342342344,32.898823529411764,13,16995.016962964877,39.35534761199737,40.042792792792795,32.89941176470588
40.042342342342344,32.90117647058823,9,14268.838585109668,47.05861623130699,40.042792792792795,32.90176470588235
40.042342342342344,32.91294117647058,2,9444.145299145299,39.31623931623932,40.042792792792795,32.9135294117647
40.042342342342344,32.91529411764706,18,8028.967406556959,14.926655894317586,40.042792792792795,32.915882352941175
40.042342342342344,32.97529411764705,2,191.93589743589743,13.239316239316238,40.042792792792795,32.97588235294117
40.043243243243246,32.6235294117647,5,161.95299145299145,18.80854700854701,40.0436936936937,32.62411764705882
40.043243243243246,32.768235294117645,8,3945.935550935551,55.38233425733426,40.0436936936937,32.76882352941176
40.043243243243246,32.87882352941176,2,6274.102564102564,36.58974358974359,40.0436936936937,32.87941176470588
40.043243243243246,32.88470588235294,6,7791.824786324787,31.2514245014245,40.0436936936937,32.88529411764706
40.043243243243246,32.88705882352941,2,1618.7350427350427,39.80769230769231,40.0436936936937,32.887647058823525
40.043243243243246,32.88823529411764,3,7218.047313797314,36.301514622943195,40.0436936936937,32.88882352941176
40.043243243243246,32.9035294117647,9,14268.838585109668,47.05861623130699,40.0436936936937,32.90411764705882
40.043243243243246,32.90941176470588,9,18828.076923076922,45.48243114909782,40.0436936936937,32.91
40.043243243243246,32.94941176470588,2,191.93589743589743,13.239316239316238,40.0436936936937,32.949999999999996
40.04414414414414,32.765882352941176,4,1972.9677754677755,55.38233425733426,40.04459459459459,32.76647058823529
40.04414414414414,32.857647058823524,2,4258.059829059829,65.28632478632478,40.04459459459459,32.85823529411764
40.04414414414414,32.88235294117647,8,7690.811965811967,27.77777777777778,40.04459459459459,32.88294117647059
40.04414414414414,32.88705882352941,4,7892.837606837607,38.19871794871795,40.04459459459459,32.887647058823525
40.04414414414414,32.89647058823529,1,1686.607142857143,29.78061224489796,40.04459459459459,32.897058823529406
40.04414414414414,32.9,1,35.90853658536585,51.31707317073171,40.04459459459459,32.900588235294116
40.04414414414414,32.90941176470588,30,32314.63798263416,26.509815750266466,40.04459459459459,32.91
40.04414414414414,32.910588235294114,6,20939.363247863246,37.65598290598291,40.04459459459459,32.91117647058823
40.04414414414414,32.921176470588236,2,6408.6797924297925,34.548425780568635,40.04459459459459,32.92176470588235
40.04504504504504,32.88117647058823,8,7690.811965811967,27.77777777777778,40.045495495495494,32.88176470588235
40.04504504504504,32.89176470588235,4,315.3931623931624,10.179487179487179,40.045495495495494,32.89235294117647
40.04504504504504,32.89411764705882,6,12785.396021322851,39.89092477724882,40.045495495495494,32.89470588235294
40.04504504504504,32.9,4,1729.648790910986,49.209284448613715,40.045495495495494,32.900588235294116
40.04504504504504,32.90588235294118,8,3928.1255203966048,23.147848458196997,40.045495495495494,32.906470588235294
40.04504504504504,32.91294117647058,1,4722.072649572649,39.31623931623932,40.045495495495494,32.9135294117647
40.04504504504504,33.08588235294118,5,2099.102564102564,33.794871794871796,40.045495495495494,33.086470588235294
40.045945945945945,32.842352941176465,15,47667.79701728956,58.08477596835805,40.046396396396396,32.84294117647058
40.045945945945945,32.88470588235294,2,3946.4188034188037,38.19871794871795,40.046396396396396,32.88529411764706
40.045945945945945,32.885882352941174,1,2129.0299145299145,65.28632478632478,40.046396396396396,32.88647058823529
40.045945945945945,32.89176470588235,4,315.3931623931624,10.179487179487179,40.046396396396396,32.89235294117647
40.045945945945945,32.892941176470586,4,8516.119658119658,65.28632478632478,40.046396396396396,32.8935294117647
40.045945945945945,32.895294117647055,4,13259.782356532356,43.42485391592534,40.046396396396396,32.89588235294117
40.045945945945945,32.89647058823529,7,4497.97496947497,20.012409359348137,40.046396396396396,32.897058823529406
40.045945945945945,32.90117647058823,3,1685.9170835939128,44.75668820790772,40.046396396396396,32.90176470588235
40.04684684684685,32.62941176470588,9,409.1538461538462,25.08831908831909,40.0472972972973,32.629999999999995
40.04684684684685,32.76941176470588,6,3238.097944097944,49.216331716331716,40.0472972972973,32.769999999999996
40.04684684684685,32.87764705882353,1,2129.0299145299145,65.28632478632478,40.0472972972973,32.878235294117644
40.04684684684685,32.879999999999995,8,7690.811965811967,27.77777777777778,40.0472972972973,32.88058823529411
40.04684684684685,32.88470588235294,2,3946.4188034188037,38.19871794871795,40.0472972972973,32.88529411764706
40.04684684684685,32.889411764705876,4,18888.290598290598,39.31623931623932,40.0472972972973,32.88999999999999
40.04684684684685,32.908235294117645,6,10357.632783882784,27.225543636257925,40.0472972972973,32.90882352941176
40.04684684684685,32.91411764705882,3,277.4556173411595,20.93692719596334,40.0472972972973,32.91470588235294
40.04774774774775,32.59294117647058,3,136.3846153846154,25.088319088319093,40.0481981981982,32.5935294117647
40.04774774774775,32.889411764705876,3,6387.089743589744,65.28632478632478,40.0481981981982,32.88999999999999
40.04774774774775,32.94941176470588,2,191.93589743589743,13.239316239316238,40.0481981981982,32.949999999999996
40.04864864864865,32.4635294117647,2,0.0,0.0,40.0490990990991,32.46411764705882
40.04864864864865,32.69764705882353,4,399.3343538716673,55.72442275800485,40.0490990990991,32.698235294117644
40.04864864864865,32.83882352941176,1,2143.222222222222,45.84615384615385,40.0490990990991,32.83941176470588
40.04864864864865,32.84117647058823,14,45538.767102759644,57.57037962421758,40.0490990990991,32.84176470588235
40.04864864864865,32.842352941176465,1,2143.222222222222,45.84615384615385,40.0490990990991,32.84294117647058
40.04864864864865,32.88117647058823,20,29601.247863247863,31.247008547008544,40.0490990990991,32.88176470588235
40.04864864864865,32.9,2,1681.2820512820513,43.14529914529915,40.0490990990991,32.900588235294116
40.04864864864865,32.91294117647058,18,8028.967406556959,14.926655894317586,40.0490990990991,32.9135294117647
40.04954954954955,32.364705882352936,4,162.0,4.802238805970149,40.050000000000004,32.36529411764705
40.04954954954955,32.83411764705882,4,8572.888888888889,45.84615384615385,40.050000000000004,32.834705882352935
40.04954954954955,32.845882352941175,2,4286.444444444444,45.84615384615385,40.050000000000004,32.84647058823529
40.04954954954955,32.88470588235294,8,14017.598290598291,31.240384615384617,40.050000000000004,32.88529411764706
40.04954954954955,32.89764705882352,2,7703.961538461538,36.702991452991455,40.050000000000004,32.89823529411764
40.04954954954955,32.90117647058823,3,8544.602564102564,38.85042735042735,40.050000000000004,32.90176470588235
40.04954954954955,32.95529411764706,20,1919.3589743589744,13.239316239316238,40.050000000000004,32.955882352941174
40.05045045045045,32.69882352941176,2,199.66717693583365,55.72442275800485,40.0509009009009,32.69941176470588
40.05045045045045,32.855294117647055,7,14903.209401709402,65.28632478632478,40.0509009009009,32.85588235294117
40.05045045045045,32.87529411764706,2,4258.059829059829,65.28632478632478,40.0509009009009,32.875882352941176
40.05045045045045,32.89411764705882,27,49360.06135531136,25.82752711720966,40.0509009009009,32.89470588235294
40.05045045045045,32.91647058823529,18,8028.967406556959,14.926655894317586,40.0509009009009,32.91705882352941
40.05135135135135,32.63058823529411,12,3332.770159791899,25.33595937074198,40.0518018018018,32.63117647058823
40.05135135135135,32.76941176470588,6,3238.097944097944,49.216331716331716,40.0518018018018,32.769999999999996
40.05135135135135,32.89647058823529,4,15407.923076923076,36.702991452991455,40.0518018018018,32.897058823529406
40.05225225225225,32.842352941176465,7,21782.987593711474,56.126120250853724,40.0527027027027,32.84294117647058
40.05225225225225,32.868235294117646,3,6387.089743589744,65.28632478632478,40.0527027027027,32.86882352941176
40.05225225225225,32.898823529411764,3,8544.602564102564,38.85042735042735,40.0527027027027,32.89941176470588
40.05225225225225,32.91529411764706,18,8028.967406556959,14.926655894317586,40.0527027027027,32.915882352941175
40.053153153153154,32.830588235294115,1,2143.222222222222,45.84615384615385,40.053603603603605,32.83117647058823
40.053153153153154,32.8635294117647,6,3798.361927842903,9.352993798112625,40.053603603603605,32.86411764705882
40.053153153153154,32.90705882352941,9,25633.80769230769,38.85042735042735,40.053603603603605,32.90764705882353
40.053153153153154,32.95294117647059,2,191.93589743589743,13.239316239316238,40.053603603603605,32.953529411764706
40.054054054054056,32.839999999999996,6,21626.749594518253,57.969358032790865,40.05450450450451,32.84058823529411
40.054054054054056,32.870588235294115,1,2129.0299145299145,65.28632478632478,40.05450450450451,32.87117647058823
40.054054054054056,33.05882352941176,10,4198.205128205128,33.794871794871796,40.05450450450451,33.05941176470588
40.05495495495496,32.76705882352941,6,3238.097944097944,49.216331716331716,40.05540540540541,32.76764705882353
40.05495495495496,32.839999999999996,22,69479.16922638565,55.694279063682046,40.05540540540541,32.84058823529411
40.05495495495496,32.84117647058823,2,4286.444444444444,45.84615384615385,40.05540540540541,32.84176470588235
40.05495495495496,32.868235294117646,1,2129.0299145299145,65.28632478632478,40.05540540540541,32.86882352941176
40.05495495495496,32.9,1,61.6965811965812,9.273504273504274,40.05540540540541,32.900588235294116
40.05495495495496,33.07411764705882,5,2099.102564102564,33.794871794871796,40.05540540540541,33.07470588235294
40.05585585585585,32.62470588235294,2,221.63247863247864,56.48717948717949,40.056306306306304,32.62529411764706
40.05585585585585,32.69176470588235,14,3738.557413600892,20.87232839624144,40.056306306306304,32.692352941176466
40.05585585585585,32.764705882352935,6,3238.097944097944,49.216331716331716,40.056306306306304,32.76529411764705
40.05585585585585,32.904705882352935,3,8544.602564102564,38.85042735042735,40.056306306306304,32.90529411764705
40.05585585585585,32.91294117647058,18,9604.554764846933,22.745538436086342,40.056306306306304,32.9135294117647
40.056756756756755,32.61764705882353,10,3196.3855444072833,22.87665551839465,40.057207207207206,32.618235294117646
40.056756756756755,32.839999999999996,4,8572.888888888889,45.84615384615385,40.057207207207206,32.84058823529411
40.05765765765766,32.76,6,3238.097944097944,49.216331716331716,40.05810810810811,32.760588235294115
40.05765765765766,32.815294117647056,3,6429.666666666666,45.84615384615385,40.05810810810811,32.81588235294117
40.05765765765766,32.91294117647058,7,10508.665324300866,29.87752512629572,40.05810810810811,32.9135294117647
40.05855855855856,32.75411764705882,9,4857.146916146916,49.216331716331716,40.05900900900901,32.75470588235294
40.05855855855856,32.83882352941176,16,47710.10043609297,52.31558858144679,40.05900900900901,32.83941176470588
40.05945945945946,32.37529411764706,20,1749.4994485800937,18.036038891563685,40.05990990990991,32.375882352941176
40.05945945945946,32.961176470588235,4,383.87179487179486,13.239316239316238,40.05990990990991,32.96176470588235
40.05945945945946,32.97411764705882,2,191.93589743589743,13.239316239316238,40.05990990990991,32.974705882352936
40.06036036036036,32.61882352941176,10,3207.79580081754,29.469817911557044,40.060810810810814,32.61941176470588
40.06036036036036,32.752941176470586,6,3238.097944097944,49.216331716331716,40.060810810810814,32.7535294117647
40.061261261261265,32.616470588235295,5,161.95299145299145,18.80854700854701,40.061711711711716,32.61705882352941
40.061261261261265,32.63647058823529,10,3196.3855444072833,22.87665551839465,40.061711711711716,32.63705882352941
40.061261261261265,32.84117647058823,2,27.837606837606838,4.6581196581196584,40.061711711711716,32.84176470588235
40.061261261261265,32.91176470588235,15,42723.01282051282,38.85042735042735,40.061711711711716,32.912352941176465
40.061261261261265,32.91882352941176,8,8028.967406556959,33.58497576221457,40.061711711711716,32.91941176470588
40.06216216216216,32.60588235294117,10,3196.3855444072833,22.87665551839465,40.06261261261261,32.60647058823529
40.06216216216216,32.843529411764706,2,27.837606837606838,4.6581196581196584,40.06261261261261,32.84411764705882
40.06216216216216,32.91647058823529,14,21017.33064860173,29.87752512629572,40.06261261261261,32.91705882352941
40.06216216216216,32.982352941176465,1,191.93589743589743,26.478632478632477,40.06261261261261,32.98294117647058
40.06306306306306,32.83529411764706,2,2669.7820512820513,33.96367521367521,40.06351351351351,32.83588235294118
40.06306306306306,32.83764705882353,2,2669.7820512820513,33.96367521367521,40.06351351351351,32.838235294117645
40.06306306306306,32.919999999999995,18,8028.967406556959,14.926655894317586,40.06351351351351,32.92058823529411
40.063963963963964,32.75058823529412,3,1619.048972048972,49.216331716331716,40.064414414414415,32.751176470588234
40.063963963963964,32.845882352941175,2,27.837606837606838,4.6581196581196584,40.064414414414415,32.84647058823529
40.063963963963964,32.921176470588236,18,8028.967406556959,14.926655894317586,40.064414414414415,32.92176470588235
40.063963963963964,32.9635294117647,4,383.87179487179486,13.239316239316238,40.064414414414415,32.96411764705882
40.063963963963964,32.98117647058823,2,191.93589743589743,13.239316239316238,40.064414414414415,32.98176470588235
40.063963963963964,33.03294117647059,2,839.6410256410256,33.794871794871796,40.064414414414415,33.033529411764704
40.064864864864866,32.48823529411764,20,1749.4994485800937,18.036038891563685,40.06531531531532,32.48882352941176
40.064864864864866,32.995294117647056,3,1259.4615384615386,33.794871794871796,40.06531531531532,32.99588235294117
40.064864864864866,33.012941176470584,16,6717.128205128205,33.794871794871796,40.06531531531532,33.0135294117647
40.064864864864866,33.03058823529412,2,839.6410256410256,33.794871794871796,40.06531531531532,33.031176470588235
40.064864864864866,33.03176470588235,2,839.6410256410256,33.794871794871796,40.06531531531532,33.03235294117647
40.06576576576577,32.836470588235294,4,5339.564102564103,33.96367521367522,40.06621621621622,32.83705882352941
40.06576576576577,32.97411764705882,2,191.93589743589743,13.239316239316238,40.06621621621622,32.974705882352936
40.06666666666667,32.827058823529406,2,550.3504273504274,45.73504273504273,40.06711711711712,32.82764705882352
40.06666666666667,32.919999999999995,14,21017.33064860173,29.87752512629572,40.06711711711712,32.92058823529411
40.06666666666667,32.96941176470588,2,191.93589743589743,13.239316239316238,40.06711711711712,32.97
40.067567567567565,32.75411764705882,6,3238.097944097944,49.216331716331716,40.068018018018016,32.75470588235294
40.067567567567565,32.92235294117647,10,19096.530525030525,24.709113901971044,40.068018018018016,32.92294117647059
40.067567567567565,32.96588235294117,2,191.93589743589743,13.239316239316238,40.068018018018016,32.96647058823529
40.067567567567565,32.97411764705882,18,4928.948717948718,14.526115859449192,40.068018018018016,32.974705882352936
40.06846846846847,32.47411764705882,20,1749.4994485800937,18.036038891563685,40.06891891891892,32.474705882352936
40.06846846846847,32.61058823529412,10,3196.3855444072833,22.87665551839465,40.06891891891892,32.611176470588234
40.06846846846847,32.830588235294115,4,5339.564102564103,33.96367521367522,40.06891891891892,32.83117647058823
40.06846846846847,32.85411764705882,3,76.11940298507463,11.756218905472636,40.06891891891892,32.85470588235294
40.06846846846847,32.919999999999995,4,1920.800123571208,42.7985531871074,40.06891891891892,32.92058823529411
40.06846846846847,32.921176470588236,5,9548.265262515262,24.709113901971044,40.06891891891892,32.92176470588235
40.06846846846847,32.92588235294117,10,19096.530525030525,24.709113901971044,40.06891891891892,32.92647058823529
40.06846846846847,32.94,37,16177.693849258496,15.670578903360777,40.06891891891892,32.940588235294115
40.06846846846847,32.97176470588235,36,9857.897435897436,14.526115859449192,40.06891891891892,32.97235294117647
40.06846846846847,32.98,8,352.8974358974359,10.717948717948717,40.06891891891892,32.980588235294114
40.06846846846847,32.98823529411764,18,4928.948717948718,14.526115859449192,40.06891891891892,32.98882352941176
40.06936936936937,32.89411764705882,2,2514.9358974358975,47.26282051282051,40.06981981981982,32.89470588235294
40.06936936936937,32.89647058823529,7,5884.48717948718,43.14529914529915,40.06981981981982,32.897058823529406
40.06936936936937,32.92823529411764,5,9548.265262515262,24.709113901971044,40.06981981981982,32.92882352941176
40.06936936936937,32.932941176470585,19,16057.934813113918,28.282084852391215,40.06981981981982,32.9335294117647
40.06936936936937,32.93411764705882,26,21845.953681038445,22.358291809161553,40.06981981981982,32.93470588235294
40.06936936936937,32.96941176470588,20,5120.884615384615,14.397435897435898,40.06981981981982,32.97
40.07027027027027,32.755294117647054,6,3238.097944097944,49.216331716331716,40.07072072072072,32.75588235294117
40.07027027027027,32.91294117647058,4,5029.871794871795,47.26282051282051,40.07072072072072,32.9135294117647
40.07027027027027,32.91647058823529,2,2514.9358974358975,47.26282051282051,40.07072072072072,32.91705882352941
40.07027027027027,32.919999999999995,4,5029.871794871795,47.26282051282051,40.07072072072072,32.92058823529411
40.07027027027027,32.921176470588236,8,11462.078206599292,32.47869073100355,40.07072072072072,32.92176470588235
40.07027027027027,32.92588235294117,3,1742.9786324786323,31.854700854700855,40.07072072072072,32.92647058823529
40.07027027027027,32.92823529411764,5,9548.265262515262,24.709113901971044,40.07072072072072,32.92882352941176
40.07027027027027,32.99294117647059,9,2464.474358974359,14.526115859449192,40.07072072072072,32.993529411764705
40.07117117117117,32.82941176470588,1,13.918803418803419,4.6581196581196584,40.071621621621624,32.83
40.07117117117117,32.89647058823529,2,123.3931623931624,9.273504273504274,40.071621621621624,32.897058823529406
40.07117117117117,32.93764705882353,20,13816.986274481487,15.631789047024194,40.071621621621624,32.938235294117646
40.07117117117117,32.942352941176466,1,1674.2948717948718,51.38034188034188,40.071621621621624,32.94294117647058
40.07117117117117,32.9435294117647,16,6354.672534762087,13.581216513585916,40.071621621621624,32.94411764705882
40.07117117117117,32.99411764705882,8,2044.6538461538462,12.117521367521366,40.071621621621624,32.99470588235294
40.072072072072075,32.917647058823526,2,2514.9358974358975,47.26282051282051,40.072522522522526,32.91823529411764
40.072072072072075,32.921176470588236,1,1674.2948717948718,51.38034188034188,40.072522522522526,32.92176470588235
40.072072072072075,32.92705882352941,7,11342.319170454713,31.053959802730397,40.072522522522526,32.927647058823524
40.072072072072075,32.93647058823529,1,1674.2948717948718,51.38034188034188,40.072522522522526,32.937058823529405
40.07297297297298,32.904705882352935,4,3362.5641025641025,43.14529914529915,40.07342342342343,32.90529411764705
40.07297297297298,32.91411764705882,2,123.3931623931624,9.273504273504274,40.07342342342343,32.91470588235294
40.07297297297298,32.923529411764704,2,3348.5897435897436,51.38034188034188,40.07342342342343,32.92411764705882
40.07297297297298,32.92470588235294,12,20890.584432969976,28.410274010747333,40.07342342342343,32.925294117647056
40.07297297297298,32.92941176470588,14,22684.638340909423,31.053959802730397,40.07342342342343,32.93
40.07297297297298,32.948235294117644,1,0.0,0.0,40.07342342342343,32.94882352941176
40.07387387387387,32.61176470588235,4,1354.2915273132664,16.32732255667038,40.07432432432432,32.61235294117647
40.07387387387387,32.758823529411764,6,3238.097944097944,49.216331716331716,40.07432432432432,32.75941176470588
40.07387387387387,32.821176470588235,1,13.918803418803419,4.6581196581196584,40.07432432432432,32.82176470588235
40.07387387387387,32.82235294117647,3,41.756410256410255,4.6581196581196584,40.07432432432432,32.822941176470586
40.07387387387387,32.8235294117647,1,13.918803418803419,4.6581196581196584,40.07432432432432,32.82411764705882
40.07387387387387,32.91647058823529,2,3348.5897435897436,51.38034188034188,40.07432432432432,32.91705882352941
40.07387387387387,32.923529411764704,5,9548.265262515262,24.709113901971044,40.07432432432432,32.92411764705882
40.07387387387387,32.93058823529412,4,3588.1078158789005,46.91607455462877,40.07432432432432,32.931176470588234
40.07387387387387,32.93411764705882,7,11342.319170454713,31.053959802730397,40.07432432432432,32.93470588235294
40.07387387387387,32.94,1,1674.2948717948718,51.38034188034188,40.07432432432432,32.940588235294115
40.07387387387387,32.94705882352941,33,12709.345069524174,13.169664498022707,40.07432432432432,32.94764705882353
40.07387387387387,32.95176470588235,17,6354.672534762087,12.782321424551451,40.07432432432432,32.952352941176464
40.074774774774774,32.60470588235294,7,2780.2735042735044,32.19230769230769,40.075225225225225,32.605294117647055
40.074774774774774,32.92235294117647,5,9548.265262515262,24.709113901971044,40.075225225225225,32.92294117647059
40.074774774774774,32.923529411764704,5,9548.265262515262,24.709113901971044,40.075225225225225,32.92411764705882
40.074774774774774,32.93882352941176,1,1674.2948717948718,51.38034188034188,40.075225225225225,32.93941176470588
40.074774774774774,32.94470588235294,1,1674.2948717948718,51.38034188034188,40.075225225225225,32.94529411764706
40.074774774774774,32.95882352941176,17,6354.672534762087,12.782321424551451,40.075225225225225,32.95941176470588
40.074774774774774,32.961176470588235,7,2464.474358974359,18.676434676434674,40.075225225225225,32.96176470588235
40.075675675675676,32.76,6,3238.097944097944,49.216331716331716,40.07612612612613,32.760588235294115
40.075675675675676,32.81647058823529,1,13.918803418803419,4.6581196581196584,40.07612612612613,32.81705882352941
40.075675675675676,32.90235294117647,3,5022.884615384615,51.38034188034188,40.07612612612613,32.902941176470584
40.075675675675676,32.91411764705882,1,1674.2948717948718,51.38034188034188,40.07612612612613,32.91470588235294
40.075675675675676,32.93647058823529,1,1674.2948717948718,51.38034188034188,40.07612612612613,32.937058823529405
40.075675675675676,32.942352941176466,4,6697.179487179487,51.38034188034188,40.07612612612613,32.94294117647058
40.07657657657658,32.65764705882353,14,3738.557413600892,20.87232839624144,40.07702702702703,32.658235294117645
40.07657657657658,32.76117647058823,3,1619.048972048972,49.216331716331716,40.07702702702703,32.76176470588235
40.07657657657658,32.91647058823529,1,1674.2948717948718,51.38034188034188,40.07702702702703,32.91705882352941
40.07657657657658,32.92235294117647,5,9548.265262515262,24.709113901971044,40.07702702702703,32.92294117647059
40.07657657657658,32.93647058823529,1,1674.2948717948718,51.38034188034188,40.07702702702703,32.937058823529405
40.07657657657658,32.93882352941176,1,1674.2948717948718,51.38034188034188,40.07702702702703,32.93941176470588
40.07657657657658,32.95647058823529,15,6354.672534762087,14.486630947824978,40.07702702702703,32.95705882352941
40.07837837837838,32.923529411764704,6,11222.560134310135,29.154318565032852,40.07882882882883,32.92411764705882
40.07837837837838,32.9635294117647,13,7780.396351575457,13.317603304974144,40.07882882882883,32.96411764705882
40.07837837837838,33.00823529411765,9,6133.961538461538,32.313390313390315,40.07882882882883,33.008823529411764
40.07837837837838,33.00941176470588,9,6133.961538461538,32.313390313390315,40.07882882882883,33.01
40.07927927927928,32.712941176470586,29,7722.401151988109,21.566533399966684,40.07972972972973,32.7135294117647
40.07927927927928,32.90941176470588,1,61.6965811965812,9.273504273504274,40.07972972972973,32.91
40.07927927927928,32.923529411764704,6,11222.560134310135,29.154318565032852,40.07972972972973,32.92411764705882
40.07927927927928,32.96588235294117,13,11453.533103712209,18.654223949287093,40.07972972972973,32.96647058823529
40.08018018018018,32.612941176470585,7,1854.3342623560015,20.53441630832935,40.08063063063063,32.6135294117647
40.08018018018018,32.86,4,55.675213675213676,4.6581196581196584,40.08063063063063,32.86058823529412
40.08018018018018,33.012941176470584,12,0.0,0.0,40.08063063063063,33.0135294117647
40.08108108108108,32.91176470588235,2,123.3931623931624,9.273504273504274,40.08153153153153,32.912352941176465
40.08108108108108,32.9635294117647,2,0.0,0.0,40.08153153153153,32.96411764705882
40.08198198198198,32.65529411764705,7,1854.3342623560015,20.53441630832935,40.082432432432434,32.65588235294117
40.08198198198198,32.92470588235294,12,22445.120268620267,29.154318565032852,40.082432432432434,32.925294117647056
40.08198198198198,32.96941176470588,1,1836.568376068376,34.68803418803419,40.082432432432434,32.97
40.082882882882885,32.98705882352941,2,267.1741293532338,47.850746268656714,40.083333333333336,32.987647058823526
40.08378378378379,32.92588235294117,12,22445.120268620267,29.154318565032852,40.08423423423424,32.92647058823529
40.08468468468469,32.91647058823529,4,3362.5641025641025,43.14529914529915,40.08513513513514,32.91705882352941
40.085585585585584,32.92705882352941,12,22445.120268620267,29.154318565032852,40.086036036036035,32.927647058823524
40.085585585585584,32.970588235294116,7,4023.785240464345,19.202166821569808,40.086036036036035,32.97117647058823
40.085585585585584,33.02470588235294,6,4089.3076923076924,32.31339031339031,40.086036036036035,33.02529411764706
40.086486486486486,32.65176470588235,7,1854.3342623560015,20.53441630832935,40.08693693693694,32.65235294117647
40.086486486486486,32.80117647058823,2,27.837606837606838,4.6581196581196584,40.08693693693694,32.80176470588235
40.086486486486486,32.8035294117647,1,13.918803418803419,4.6581196581196584,40.08693693693694,32.80411764705882
40.086486486486486,33.01882352941176,12,0.0,0.0,40.08693693693694,33.01941176470588
40.08738738738739,32.79882352941176,2,27.837606837606838,4.6581196581196584,40.08783783783784,32.79941176470588
40.08738738738739,32.892941176470586,1,61.6965811965812,9.273504273504274,40.08783783783784,32.8935294117647
40.08738738738739,32.92823529411764,6,11222.560134310135,29.154318565032852,40.08783783783784,32.92882352941176
40.08738738738739,32.92941176470588,6,11222.560134310135,29.154318565032852,40.08783783783784,32.93
40.08738738738739,32.97176470588235,14,11269.833333333334,8.295787545787546,40.08783783783784,32.97235294117647
40.08738738738739,33.019999999999996,6,0.0,0.0,40.08783783783784,33.02058823529411
40.08828828828829,32.641176470588235,7,1884.2231512448902,21.210240484153527,40.08873873873874,32.64176470588235
40.08918918918919,32.97176470588235,5,3756.6111111111113,7.742735042735044,40.08963963963964,32.97235294117647
40.090090090090094,32.97411764705882,2,133.5870646766169,23.925373134328357,40.090540540540545,32.974705882352936
40.090090090090094,33.03176470588235,8,2044.6538461538462,12.117521367521366,40.090540540540545,33.03235294117647
40.09099099099099,32.9,1,61.6965811965812,9.273504273504274,40.09144144144144,32.900588235294116
40.09099099099099,32.92823529411764,14,24126.40231990232,31.153030076499466,40.09144144144144,32.92882352941176
40.09189189189189,32.92823529411764,12,22445.120268620267,29.154318565032852,40.09234234234234,32.92882352941176
40.09279279279279,32.972941176470584,3,3756.6111111111113,12.904558404558406,40.09324324324324,32.9735294117647
40.09279279279279,33.03411764705882,8,2044.6538461538462,12.117521367521366,40.09324324324324,33.03470588235294
40.093693693693695,32.95176470588235,1,5788.018867924528,43.9559748427673,40.094144144144146,32.952352941176464
40.0945945945946,32.95294117647059,1,5788.018867924528,43.9559748427673,40.09504504504505,32.953529411764706
40.0945945945946,32.99176470588235,9,1660.2227324913893,27.215206021176172,40.09504504504505,32.99235294117647
40.0954954954955,32.972941176470584,5,3756.6111111111113,7.742735042735044,40.09594594594595,32.9735294117647
40.0954954954955,32.99176470588235,5,686.9946421737466,25.899272866437048,40.09594594594595,32.99235294117647
40.0963963963964,32.64588235294117,7,1854.3342623560015,20.53441630832935,40.09684684684685,32.64647058823529
40.0963963963964,32.92705882352941,14,24126.40231990232,31.153030076499466,40.09684684684685,32.927647058823524
40.097297297297295,33.037647058823524,16,4089.3076923076924,12.117521367521366,40.097747747747746,33.03823529411764
40.0990990990991,32.597647058823526,4,502.0683760683761,34.67948717948718,40.09954954954955,32.59823529411764
40.0990990990991,32.97411764705882,6,3756.6111111111113,6.452279202279203,40.09954954954955,32.974705882352936
40.0990990990991,32.995294117647056,9,1087.7558362035975,30.338733682017264,40.09954954954955,32.99588235294117
40.0990990990991,33.04,7,1868.2051282051282,7.724053724053724,40.09954954954955,33.040588235294116
40.1,32.6235294117647,7,1884.2231512448902,21.210240484153527,40.10045045045045,32.62411764705882
40.1009009009009,32.92705882352941,12,24003.009157509157,34.799617710331994,40.101351351351354,32.927647058823524
40.101801801801805,32.39176470588235,2,0.0,0.0,40.102252252252256,32.39235294117647
40.101801801801805,33.04235294117647,8,2044.6538461538462,12.117521367521366,40.102252252252256,33.042941176470585
40.1027027027027,32.97176470588235,9,0.0,0.0,40.10315315315315,32.97235294117647
40.1036036036036,32.79764705882353,4,55.675213675213676,4.6581196581196584,40.10405405405405,32.798235294117646
40.1036036036036,32.889411764705876,1,61.6965811965812,9.273504273504274,40.10405405405405,32.88999999999999
40.1036036036036,33.00823529411765,4,267.1741293532338,23.925373134328357,40.10405405405405,33.008823529411764
40.104504504504504,32.599999999999994,1,96.17094017094017,55.294871794871796,40.104954954954955,32.60058823529411
40.104504504504504,32.88235294117647,1,61.6965811965812,9.273504273504274,40.104954954954955,32.88294117647059
40.104504504504504,33.04588235294117,2,0.0,0.0,40.104954954954955,33.04647058823529
40.105405405405406,32.976470588235294,6,3756.6111111111113,6.452279202279203,40.10585585585586,32.97705882352941
40.10630630630631,32.87529411764706,1,61.6965811965812,9.273504273504274,40.10675675675676,32.875882352941176
40.10720720720721,32.601176470588236,1,96.17094017094017,55.294871794871796,40.10765765765766,32.60176470588235
40.10720720720721,32.89647058823529,3,185.0897435897436,9.273504273504274,40.10765765765766,32.897058823529406
40.10720720720721,33.04941176470588,16,4089.3076923076924,12.117521367521366,40.10765765765766,33.05
40.108108108108105,32.628235294117644,7,1884.2231512448902,21.210240484153527,40.108558558558556,32.62882352941176
40.108108108108105,32.92823529411764,12,24003.009157509157,34.799617710331994,40.108558558558556,32.92882352941176
40.108108108108105,32.97764705882353,24,22539.666666666668,9.678418803418804,40.108558558558556,32.978235294117646
40.10900900900901,32.870588235294115,1,61.6965811965812,9.273504273504274,40.10945945945946,32.87117647058823
40.10990990990991,32.85176470588235,2,123.3931623931624,9.273504273504274,40.11036036036036,32.85235294117647
40.10990990990991,32.97764705882353,6,3756.6111111111113,6.452279202279203,40.11036036036036,32.978235294117646
40.10990990990991,33.01882352941176,4,267.1741293532338,23.925373134328357,40.11036036036036,33.01941176470588
40.11081081081081,32.60235294117647,2,251.03418803418805,34.67948717948718,40.11126126126126,32.60294117647059
40.11081081081081,32.86705882352941,1,61.6965811965812,9.273504273504274,40.11126126126126,32.86764705882353
40.11171171171171,32.904705882352935,1,61.6965811965812,9.273504273504274,40.112162162162164,32.90529411764705
40.11171171171171,33.054117647058824,16,4089.3076923076924,12.117521367521366,40.112162162162164,33.05470588235294
40.112612612612615,33.03294117647059,4,267.1741293532338,23.925373134328357,40.113063063063066,33.033529411764704
40.11351351351352,32.932941176470585,12,24003.009157509157,34.799617710331994,40.11396396396397,32.9335294117647
40.11351351351352,32.97529411764705,2,0.0,0.0,40.11396396396397,32.97588235294117
40.11351351351352,33.05529411764706,22,8178.615384615385,17.625485625485624,40.11396396396397,33.055882352941175
40.11441441441441,32.66823529411764,10,1255.1709401709402,34.67948717948718,40.11486486486486,32.66882352941176
40.11441441441441,32.864705882352936,2,123.3931623931624,9.273504273504274,40.11486486486486,32.86529411764705
40.11441441441441,32.99176470588235,1,1836.568376068376,34.68803418803419,40.11486486486486,32.99235294117647
40.115315315315314,33.050588235294114,2,133.5870646766169,23.925373134328357,40.115765765765765,33.05117647058823
40.116216216216216,32.63294117647059,7,1884.2231512448902,21.210240484153527,40.11666666666667,32.633529411764705
40.116216216216216,33.04,2,133.5870646766169,23.925373134328357,40.11666666666667,33.040588235294116
40.116216216216216,33.05882352941176,20,4356.4818216609265,14.479091720882764,40.11666666666667,33.05941176470588
40.11711711711712,32.63294117647059,7,1854.3342623560015,20.53441630832935,40.11756756756757,32.633529411764705
40.11711711711712,32.8635294117647,2,123.3931623931624,9.273504273504274,40.11756756756757,32.86411764705882
40.11711711711712,32.90235294117647,2,123.3931623931624,9.273504273504274,40.11756756756757,32.902941176470584
40.11711711711712,32.96823529411765,2,0.0,0.0,40.11756756756757,32.968823529411765
40.11711711711712,32.972941176470584,8,100.8119658119658,1.8333333333333333,40.11756756756757,32.9735294117647
40.11711711711712,33.0435294117647,4,267.1741293532338,23.925373134328357,40.11756756756757,33.04411764705882
40.11711711711712,33.04941176470588,4,267.1741293532338,23.925373134328357,40.11756756756757,33.05
40.11801801801802,32.60941176470588,2,251.03418803418805,34.67948717948718,40.11846846846847,32.61
40.11801801801802,32.89764705882352,1,61.6965811965812,9.273504273504274,40.11846846846847,32.89823529411764
40.11801801801802,32.95529411764706,7,11905.504578754579,28.24460516807456,40.11846846846847,32.955882352941174
40.11801801801802,32.95882352941176,6,0.0,0.0,40.11846846846847,32.95941176470588
40.11801801801802,32.9635294117647,7,11905.504578754579,28.24460516807456,40.11846846846847,32.96411764705882
40.11801801801802,33.048235294117646,2,133.5870646766169,23.925373134328357,40.11846846846847,33.04882352941176
40.11801801801802,33.12117647058823,2,267.1741293532338,47.850746268656714,40.11846846846847,33.12176470588235
40.11891891891892,32.796470588235294,2,27.837606837606838,4.6581196581196584,40.11936936936937,32.79705882352941
40.11891891891892,32.942352941176466,6,2514.9358974358975,15.754273504273504,40.11936936936937,32.94294117647058
40.11891891891892,32.96941176470588,8,11676.849701661022,12.822327044025158,40.11936936936937,32.97
40.11891891891892,32.98117647058823,8,7513.222222222223,9.678418803418804,40.11936936936937,32.98176470588235
40.11891891891892,33.10235294117647,2,267.1741293532338,47.850746268656714,40.11936936936937,33.10294117647059
40.11981981981982,32.9435294117647,20,25492.29120879121,24.085753532182103,40.12027027027027,32.94411764705882
40.11981981981982,32.96470588235294,5,11905.504578754579,39.54244723530438,40.12027027027027,32.965294117647055
40.11981981981982,33.0835294117647,2,267.1741293532338,47.850746268656714,40.12027027027027,33.08411764705882
40.12072072072072,32.61882352941176,2,251.03418803418805,34.67948717948718,40.12117117117117,32.61941176470588
40.12072072072072,32.62,5,656.9316239316239,30.556410256410253,40.12117117117117,32.620588235294115
40.12072072072072,32.93882352941176,9,21357.76984126984,34.463592844545225,40.12117117117117,32.93941176470588
40.12072072072072,32.94,12,24003.009157509157,34.799617710331994,40.12117117117117,32.940588235294115
40.12072072072072,32.95529411764706,3,2521.923076923077,43.145299145299155,40.12117117117117,32.955882352941174
40.12072072072072,32.96823529411765,6,100.8119658119658,2.444444444444444,40.12117117117117,32.968823529411765
40.12072072072072,33.06470588235294,20,4356.4818216609265,14.479091720882764,40.12117117117117,33.065294117647056
40.12072072072072,33.12,2,267.1741293532338,47.850746268656714,40.12117117117117,33.120588235294115
40.12162162162162,32.64235294117647,11,3322.4453734671124,26.253836019053413,40.12207207207207,32.642941176470586
40.12162162162162,32.94,17,39548.87656368788,33.26597518542976,40.12207207207207,32.940588235294115
40.12162162162162,33.06470588235294,20,4356.4818216609265,14.479091720882764,40.12207207207207,33.065294117647056
40.12252252252252,32.656470588235294,2,0.0,0.0,40.122972972972974,32.65705882352941
40.12252252252252,32.94117647058823,1,1686.607142857143,29.78061224489796,40.122972972972974,32.94176470588235
40.12252252252252,32.967058823529406,14,24422.995306056626,24.531153691001595,40.122972972972974,32.96764705882352
40.12252252252252,32.97882352941176,6,302.4358974358974,7.333333333333333,40.122972972972974,32.97941176470588
40.12252252252252,33.08235294117647,2,267.1741293532338,47.850746268656714,40.122972972972974,33.082941176470584
40.12252252252252,33.11764705882353,2,267.1741293532338,47.850746268656714,40.122972972972974,33.118235294117646
40.123423423423425,32.94941176470588,3,5788.018867924528,14.651991614255765,40.123873873873876,32.949999999999996
40.12432432432433,32.942352941176466,6,11148.18833943834,28.46201087272516,40.12477477477478,32.94294117647058
40.12432432432433,32.957647058823525,13,22736.388163199485,24.12734918685572,40.12477477477478,32.95823529411764
40.12432432432433,33.06823529411764,14,2354.689628779181,13.404479434330181,40.12477477477478,33.06882352941176
40.12432432432433,33.069411764705876,9,4003.58438576349,22.64869385267395,40.12477477477478,33.06999999999999
40.12432432432433,33.11176470588235,1,133.5870646766169,47.850746268656714,40.12477477477478,33.11235294117647
40.12522522522523,32.84823529411764,2,123.3931623931624,9.273504273504274,40.12567567567568,32.84882352941176
40.12522522522523,33.08,2,267.1741293532338,47.850746268656714,40.12567567567568,33.080588235294115
40.12522522522523,33.084705882352935,1,133.5870646766169,47.850746268656714,40.12567567567568,33.08529411764705
40.12522522522523,33.112941176470585,1,133.5870646766169,47.850746268656714,40.12567567567568,33.1135294117647
40.126126126126124,32.935294117647054,20,688.3119658119658,4.797008547008547,40.126576576576575,32.93588235294117
40.126126126126124,33.03294117647059,4,267.1741293532338,23.925373134328357,40.126576576576575,33.033529411764704
40.126126126126124,33.07058823529412,5,176.44871794871796,8.574358974358974,40.126576576576575,33.071176470588235
40.126126126126124,33.099999999999994,1,133.5870646766169,47.850746268656714,40.126576576576575,33.10058823529411
40.127027027027026,32.554117647058824,2,251.03418803418805,34.67948717948718,40.12747747747748,32.55470588235294
40.127027027027026,33.072941176470586,3,2001.792192881745,33.97304077901092,40.12747747747748,33.0735294117647
40.127027027027026,33.07411764705882,6,2001.792192881745,16.98652038950546,40.12747747747748,33.07470588235294
40.127027027027026,33.099999999999994,1,133.5870646766169,47.850746268656714,40.12747747747748,33.10058823529411
40.127027027027026,33.103529411764704,1,133.5870646766169,47.850746268656714,40.12747747747748,33.10411764705882
40.12792792792793,32.98470588235294,10,7614.034188034188,9.20940170940171,40.12837837837838,32.98529411764706
40.12792792792793,33.07764705882353,16,5738.202449292001,13.128492154611557,40.12837837837838,33.07823529411765
40.12882882882883,32.93176470588235,4,137.66239316239316,4.797008547008547,40.12927927927928,32.93235294117647
40.12882882882883,32.98470588235294,12,7614.034188034188,7.674501424501425,40.12927927927928,32.98529411764706
40.12882882882883,33.08941176470588,1,133.5870646766169,47.850746268656714,40.12927927927928,33.089999999999996
40.12972972972973,32.64,24,6967.602006688963,21.232103926669144,40.13018018018018,32.64058823529412
40.12972972972973,32.92941176470588,2,7474.6260107816715,36.86829354383263,40.13018018018018,32.93
40.12972972972973,32.98,1,0.0,0.0,40.13018018018018,32.980588235294114
40.12972972972973,33.08,17,7472.820512820513,12.721970839617898,40.13018018018018,33.080588235294115
40.12972972972973,33.08705882352941,1,133.5870646766169,47.850746268656714,40.13018018018018,33.08764705882353
40.12972972972973,33.10235294117647,2,267.1741293532338,47.850746268656714,40.13018018018018,33.10294117647059
40.130630630630634,32.85294117647059,2,123.3931623931624,9.273504273504274,40.131081081081085,32.853529411764704
40.130630630630634,32.92588235294117,4,137.66239316239316,4.797008547008547,40.131081081081085,32.92647058823529
40.130630630630634,32.95176470588235,6,10218.897435897436,27.988603988603987,40.131081081081085,32.952352941176464
40.130630630630634,32.9835294117647,12,11269.833333333334,9.678418803418804,40.131081081081085,32.98411764705882
40.130630630630634,33.075294117647054,8,352.8974358974359,10.717948717948717,40.131081081081085,33.07588235294117
40.130630630630634,33.08235294117647,6,310.03578262533483,15.120423523408597,40.131081081081085,33.082941176470584
40.130630630630634,33.0835294117647,5,1868.2051282051282,10.813675213675214,40.131081081081085,33.08411764705882
40.130630630630634,33.08588235294118,6,2001.792192881745,16.98652038950546,40.131081081081085,33.086470588235294
40.13153153153153,32.65411764705882,39,15192.154217762913,27.66665237401023,40.13198198198198,32.654705882352935
40.13153153153153,32.85294117647059,5,308.482905982906,9.273504273504274,40.13198198198198,32.853529411764704
40.13153153153153,32.92470588235294,4,137.66239316239316,4.797008547008547,40.13198198198198,32.925294117647056
40.13243243243243,32.83764705882353,1,61.6965811965812,9.273504273504274,40.13288288288288,32.838235294117645
40.13243243243243,32.982352941176465,8,3958.235042735043,8.505876068376068,40.13288288288288,32.98294117647058
40.13243243243243,33.0835294117647,11,3736.4102564102564,9.83061383061383,40.13288288288288,33.08411764705882
40.13243243243243,33.08588235294118,11,3736.4102564102564,9.83061383061383,40.13288288288288,33.086470588235294
40.13333333333333,32.917647058823526,5,288.0,6.651282051282051,40.133783783783784,32.91823529411764
40.13333333333333,32.94,6,10218.897435897436,27.988603988603987,40.133783783783784,32.940588235294115
40.13333333333333,32.98941176470588,5,3756.6111111111113,7.742735042735044,40.133783783783784,32.989999999999995
40.13333333333333,33.08,8,352.8974358974359,10.717948717948717,40.133783783783784,33.080588235294115
40.134234234234235,32.83882352941176,2,123.3931623931624,9.273504273504274,40.134684684684686,32.83941176470588
40.134234234234235,32.92235294117647,1,41.662393162393165,8.102564102564102,40.134684684684686,32.92294117647059
40.134234234234235,32.94,3,7525.031993687654,27.02330680699953,40.134684684684686,32.940588235294115
40.134234234234235,32.985882352941175,3,100.8119658119658,4.888888888888888,40.134684684684686,32.98647058823529
40.134234234234235,33.08588235294118,2,0.0,0.0,40.134684684684686,33.086470588235294
40.13513513513514,32.85058823529411,1,61.6965811965812,9.273504273504274,40.13558558558559,32.85117647058823
40.13513513513514,32.85176470588235,6,384.0,7.39031339031339,40.13558558558559,32.85235294117647
40.13513513513514,32.976470588235294,2,0.0,0.0,40.13558558558559,32.97705882352941
40.13513513513514,32.9835294117647,1,0.0,0.0,40.13558558558559,32.98411764705882
40.13513513513514,33.08588235294118,6,1868.2051282051282,9.01139601139601,40.13558558558559,33.086470588235294
40.13513513513514,33.09176470588235,10,352.8974358974359,8.574358974358974,40.13558558558559,33.092352941176465
40.13603603603604,32.90941176470588,2,96.0,5.542735042735043,40.13648648648649,32.91
40.13603603603604,33.078823529411764,11,7472.820512820513,19.66122766122766,40.13648648648649,33.07941176470588
40.13603603603604,33.103529411764704,5,176.44871794871796,8.574358974358974,40.13648648648649,33.10411764705882
40.13603603603604,33.11882352941176,5,176.44871794871796,8.574358974358974,40.13648648648649,33.11941176470588
40.13603603603604,33.188235294117646,3,0.0,0.0,40.13648648648649,33.18882352941176
40.13693693693694,32.796470588235294,2,27.837606837606838,4.6581196581196584,40.13738738738739,32.79705882352941
40.13693693693694,32.842352941176465,1,61.6965811965812,9.273504273504274,40.13738738738739,32.84294117647058
40.13693693693694,32.85058823529411,1,61.6965811965812,9.273504273504274,40.13738738738739,32.85117647058823
40.13693693693694,32.85411764705882,1,61.6965811965812,9.273504273504274,40.13738738738739,32.85470588235294
40.13693693693694,32.89176470588235,17,672.0,4.564605329311211,40.13738738738739,32.89235294117647
40.13693693693694,32.892941176470586,4,0.0,0.0,40.13738738738739,32.8935294117647
40.13693693693694,32.919999999999995,3,124.9871794871795,8.102564102564102,40.13738738738739,32.92058823529411
40.13693693693694,33.19176470588235,10,352.8974358974359,8.574358974358974,40.13738738738739,33.192352941176466
40.137837837837836,32.85176470588235,3,96.0,3.695156695156695,40.13828828828829,32.85235294117647
40.137837837837836,32.90117647058823,2,83.32478632478633,8.102564102564102,40.13828828828829,32.90176470588235
40.137837837837836,32.919999999999995,19,32951.89939986638,23.385309072321416,40.13828828828829,32.92058823529411
40.137837837837836,32.99294117647059,4,3756.6111111111113,9.678418803418804,40.13828828828829,32.993529411764705
40.13873873873874,32.84823529411764,4,157.6965811965812,5.089743589743589,40.13918918918919,32.84882352941176
40.13873873873874,32.85294117647059,1,96.0,11.085470085470085,40.13918918918919,32.853529411764704
40.13873873873874,32.985882352941175,2,100.8119658119658,7.333333333333333,40.13918918918919,32.98647058823529
40.13873873873874,33.14588235294117,3,176.44871794871796,14.29059829059829,40.13918918918919,33.14647058823529
40.13963963963964,32.79529411764705,2,27.837606837606838,4.6581196581196584,40.14009009009009,32.79588235294117
40.13963963963964,32.84823529411764,3,96.0,3.695156695156695,40.14009009009009,32.84882352941176
40.13963963963964,32.85058823529411,4,157.6965811965812,5.089743589743589,40.14009009009009,32.85117647058823
40.13963963963964,32.883529411764705,6,288.0,5.542735042735043,40.14009009009009,32.88411764705882
40.14054054054054,32.842352941176465,2,123.3931623931624,9.273504273504274,40.14099099099099,32.84294117647058
40.14054054054054,32.845882352941175,4,157.6965811965812,5.089743589743589,40.14099099099099,32.84647058823529
40.14054054054054,32.85176470588235,4,157.6965811965812,5.089743589743589,40.14099099099099,32.85235294117647
40.14054054054054,32.85294117647059,4,157.6965811965812,5.089743589743589,40.14099099099099,32.853529411764704
40.14054054054054,33.08941176470588,29,9341.02564102564,9.322133804892427,40.14099099099099,33.089999999999996
40.141441441441444,32.845882352941175,1,61.6965811965812,9.273504273504274,40.141891891891895,32.84647058823529
40.141441441441444,32.84705882352941,4,157.6965811965812,5.089743589743589,40.141891891891895,32.847647058823526
40.141441441441444,32.85058823529411,3,96.0,3.695156695156695,40.141891891891895,32.85117647058823
40.141441441441444,33.17411764705882,10,352.8974358974359,8.574358974358974,40.141891891891895,33.17470588235294
40.142342342342346,32.843529411764706,3,96.0,3.695156695156695,40.1427927927928,32.84411764705882
40.142342342342346,32.84470588235294,4,157.6965811965812,5.089743589743589,40.1427927927928,32.84529411764706
40.142342342342346,32.845882352941175,2,96.0,5.542735042735043,40.1427927927928,32.84647058823529
40.142342342342346,32.85411764705882,3,96.0,3.695156695156695,40.1427927927928,32.85470588235294
40.142342342342346,32.85647058823529,2,0.0,0.0,40.1427927927928,32.85705882352941
40.14324324324324,32.84705882352941,4,157.6965811965812,5.089743589743589,40.14369369369369,32.847647058823526
40.14324324324324,32.84941176470588,1,61.6965811965812,9.273504273504274,40.14369369369369,32.849999999999994
40.14324324324324,32.85058823529411,3,61.6965811965812,3.0911680911680914,40.14369369369369,32.85117647058823
40.14324324324324,32.85176470588235,3,96.0,3.695156695156695,40.14369369369369,32.85235294117647
40.14324324324324,32.858823529411765,13,480.0,4.263642340565418,40.14369369369369,32.85941176470588
40.14414414414414,32.91411764705882,2,83.32478632478633,8.102564102564102,40.144594594594594,32.91470588235294
40.145045045045045,32.79882352941176,2,27.837606837606838,4.6581196581196584,40.145495495495496,32.79941176470588
40.145045045045045,32.80117647058823,6,83.51282051282051,4.6581196581196584,40.145495495495496,32.80176470588235
40.145045045045045,33.001176470588234,4,3756.6111111111113,9.678418803418804,40.145495495495496,33.00176470588235
40.14774774774775,33.09176470588235,12,7472.820512820513,18.02279202279202,40.1481981981982,33.092352941176465
40.14954954954955,32.84117647058823,3,288.0,11.085470085470085,40.15,32.84176470588235
40.14954954954955,32.843529411764706,1,96.0,11.085470085470085,40.15,32.84411764705882
40.15405405405406,32.96588235294117,2,100.8119658119658,7.333333333333333,40.15450450450451,32.96647058823529
40.15495495495495,33.09411764705882,8,3743.8499115826703,14.127007810197465,40.1554054054054,33.09470588235294
40.155855855855854,32.83882352941176,8,768.0,11.085470085470085,40.156306306306305,32.83941176470588
40.15675675675676,33.010588235294115,4,3756.6111111111113,9.678418803418804,40.15720720720721,33.01117647058823
40.15855855855856,33.01176470588235,12,11269.833333333334,9.678418803418804,40.15900900900901,33.01235294117647
40.15945945945946,32.91411764705882,1,41.662393162393165,8.102564102564102,40.15990990990991,32.91470588235294
40.16126126126126,32.95176470588235,3,151.2179487179487,7.333333333333333,40.16171171171171,32.952352941176464
40.16216216216216,32.91294117647058,2,83.32478632478633,8.102564102564102,40.16261261261261,32.9135294117647
40.16216216216216,33.012941176470584,4,3756.6111111111113,9.678418803418804,40.16261261261261,33.0135294117647
40.16306306306306,32.95529411764706,1,50.4059829059829,7.333333333333333,40.163513513513514,32.955882352941174
40.163963963963965,32.9435294117647,3,151.2179487179487,7.333333333333333,40.164414414414416,32.94411764705882
40.163963963963965,32.94941176470588,1,50.4059829059829,7.333333333333333,40.164414414414416,32.949999999999996
40.16486486486487,32.82941176470588,1,96.0,11.085470085470085,40.16531531531532,32.83
40.16486486486487,32.91176470588235,5,208.31196581196582,8.102564102564102,40.16531531531532,32.912352941176465
40.17027027027027,32.89647058823529,2,83.32478632478633,8.102564102564102,40.17072072072072,32.897058823529406
40.171171171171174,33.01647058823529,4,3756.6111111111113,9.678418803418804,40.171621621621625,33.01705882352941
40.17297297297297,33.06470588235294,1,3.7198275862068964,2.439655172413793,40.17342342342342,33.065294117647056
40.17387387387387,33.01764705882353,4,3756.6111111111113,9.678418803418804,40.174324324324324,33.018235294117645
40.174774774774775,32.82,4,301.9188034188034,9.478632478632479,40.175225225225226,32.82058823529412
40.17567567567568,32.90588235294118,1,41.662393162393165,8.102564102564102,40.17612612612613,32.906470588235294
40.17657657657658,33.078823529411764,2,7.439655172413793,2.439655172413793,40.17702702702703,33.07941176470588
40.17747747747748,33.09882352941176,1,3.7198275862068964,2.439655172413793,40.17792792792793,33.09941176470588
40.178378378378376,32.68235294117647,14,3738.557413600892,20.87232839624144,40.17882882882883,32.682941176470585
40.17927927927928,32.68235294117647,7,1854.3342623560015,20.53441630832935,40.17972972972973,32.682941176470585
40.17927927927928,33.019999999999996,4,3756.6111111111113,9.678418803418804,40.17972972972973,33.02058823529411
40.18018018018018,33.099999999999994,1,3.7198275862068964,2.439655172413793,40.18063063063063,33.10058823529411
40.18108108108108,32.67647058823529,3,529.9316239316239,27.72079772079772,40.18153153153153,32.67705882352941
40.18108108108108,32.6835294117647,7,1854.3342623560015,20.53441630832935,40.18153153153153,32.68411764705882
40.18108108108108,33.09294117647058,1,3.7198275862068964,2.439655172413793,40.18153153153153,33.0935294117647
40.182882882882886,33.00823529411765,4,0.0,0.0,40.18333333333334,33.008823529411764
40.18378378378378,32.68588235294117,1,1244.9871794871794,38.965811965811966,40.18423423423423,32.68647058823529
40.18468468468468,32.97529411764705,3,151.2179487179487,7.333333333333333,40.185135135135134,32.97588235294117
40.185585585585585,33.022352941176464,4,3756.6111111111113,9.678418803418804,40.186036036036036,33.02294117647058
40.185585585585585,33.03176470588235,16,15026.444444444445,9.678418803418804,40.186036036036036,33.03235294117647
40.18648648648649,32.68588235294117,7,1884.2231512448902,21.210240484153527,40.18693693693694,32.68647058823529
40.18648648648649,32.898823529411764,2,83.32478632478633,8.102564102564102,40.18693693693694,32.89941176470588
40.18738738738739,32.93882352941176,2,100.8119658119658,7.333333333333333,40.18783783783784,32.93941176470588
40.19009009009009,32.688235294117646,7,1884.2231512448902,21.210240484153527,40.19054054054054,32.68882352941176
40.19009009009009,33.02470588235294,4,3756.6111111111113,9.678418803418804,40.19054054054054,33.02529411764706
40.19099099099099,33.025882352941174,4,3756.6111111111113,9.678418803418804,40.19144144144144,33.02647058823529
40.192792792792794,32.68941176470588,1,1244.9871794871794,38.965811965811966,40.193243243243245,32.69
40.193693693693696,32.68941176470588,2,500.04273504273505,39.215811965811966,40.19414414414415,32.69
40.193693693693696,32.70470588235294,2,529.9316239316239,41.58119658119658,40.19414414414415,32.70529411764706
40.193693693693696,32.935294117647054,2,100.8119658119658,7.333333333333333,40.19414414414415,32.93588235294117
40.1945945945946,32.690588235294115,8,2708.583054626533,16.32732255667038,40.19504504504505,32.69117647058823
40.196396396396395,33.02823529411764,4,3756.6111111111113,9.678418803418804,40.196846846846846,33.02882352941176
40.1972972972973,32.66941176470588,4,1354.2915273132664,16.32732255667038,40.19774774774775,32.669999999999995
40.1972972972973,32.92941176470588,2,100.8119658119658,7.333333333333333,40.19774774774775,32.93
40.1981981981982,32.68941176470588,3,500.04273504273505,26.143874643874643,40.19864864864865,32.69
40.1981981981982,32.892941176470586,1,41.662393162393165,8.102564102564102,40.19864864864865,32.8935294117647
40.1981981981982,32.92705882352941,1,50.4059829059829,7.333333333333333,40.19864864864865,32.927647058823524
40.1990990990991,32.68588235294117,4,1354.2915273132664,16.32732255667038,40.19954954954955,32.68647058823529
40.200900900900905,32.675294117647056,10,7579.227424749163,26.013835005574133,40.201351351351356,32.67588235294117
40.200900900900905,32.68588235294117,17,4937.309364548495,23.922099809823596,40.201351351351356,32.68647058823529
40.200900900900905,32.74470588235294,1,275.1752136752137,45.73504273504273,40.201351351351356,32.745294117647056
40.200900900900905,33.03058823529412,4,3756.6111111111113,9.678418803418804,40.201351351351356,33.031176470588235
40.2018018018018,32.675294117647056,4,218.6086956521739,13.171739130434782,40.20225225225225,32.67588235294117
40.2018018018018,32.69882352941176,1,254.75641025641025,37.427350427350426,40.20225225225225,32.69941176470588
40.2018018018018,33.03058823529412,5,3756.6111111111113,7.742735042735044,40.20225225225225,33.031176470588235
40.2027027027027,32.677647058823524,8,1354.2915273132664,8.16366127833519,40.20315315315315,32.67823529411764
40.2027027027027,32.68,9,4062.874581939799,21.76976340889384,40.20315315315315,32.68058823529412
40.2027027027027,32.68235294117647,4,1354.2915273132664,16.32732255667038,40.20315315315315,32.682941176470585
40.2027027027027,32.690588235294115,25,7144.93348197696,26.24064065403196,40.20315315315315,32.69117647058823
40.203603603603604,32.67882352941176,1,0.0,0.0,40.204054054054055,32.679411764705875
40.203603603603604,32.681176470588234,6,1354.2915273132664,10.88488170444692,40.204054054054055,32.68176470588235
40.204504504504506,32.781176470588235,2,275.1752136752137,22.867521367521366,40.20495495495496,32.78176470588235
40.204504504504506,33.03176470588235,4,3756.6111111111113,9.678418803418804,40.20495495495496,33.03235294117647
40.20540540540541,32.68,1,0.0,0.0,40.20585585585586,32.68058823529412
40.20540540540541,32.681176470588234,10,2927.191750278707,18.33055369751022,40.20585585585586,32.68176470588235
40.20630630630631,32.681176470588234,17,12777.784838350055,27.569914967101667,40.20675675675676,32.68176470588235
40.207207207207205,33.03176470588235,4,3756.6111111111113,9.678418803418804,40.207657657657656,33.03235294117647
40.20900900900901,32.88705882352941,4,166.64957264957266,8.102564102564102,40.20945945945946,32.887647058823525
40.20990990990991,33.03294117647059,4,3756.6111111111113,9.678418803418804,40.21036036036036,33.033529411764704
40.21261261261262,33.03294117647059,4,3756.6111111111113,9.678418803418804,40.21306306306307,33.033529411764704
40.21261261261262,33.050588235294114,4,3756.6111111111113,9.678418803418804,40.21306306306307,33.05117647058823
40.214414414414414,32.734117647058824,3,520.4615384615386,28.913105413105413,40.214864864864865,32.73470588235294
40.21621621621622,33.03411764705882,4,3756.6111111111113,9.678418803418804,40.21666666666667,33.03470588235294
40.21801801801802,33.03411764705882,4,3756.6111111111113,9.678418803418804,40.21846846846847,33.03470588235294
40.22072072072072,32.72,6,1000.0854700854701,26.143874643874643,40.22117117117117,32.720588235294116
40.22162162162162,32.72117647058823,4,754.7991452991453,28.96474358974359,40.22207207207207,32.72176470588235
40.22432432432433,33.03411764705882,4,3756.6111111111113,9.678418803418804,40.22477477477478,33.03470588235294
40.226126126126125,32.90941176470588,1,41.662393162393165,8.102564102564102,40.226576576576576,32.91
40.22792792792793,33.03294117647059,5,3756.6111111111113,7.742735042735044,40.22837837837838,33.033529411764704
40.23063063063063,33.03294117647059,5,3756.6111111111113,7.742735042735044,40.23108108108108,33.033529411764704
40.23513513513514,33.050588235294114,60,56349.16666666667,9.678418803418804,40.23558558558559,33.05117647058823
40.23603603603603,33.03176470588235,5,3756.6111111111113,7.742735042735044,40.236486486486484,33.03235294117647
40.236936936936935,33.03176470588235,5,3756.6111111111113,7.742735042735044,40.237387387387386,33.03235294117647
40.23783783783784,33.03176470588235,1,0.0,0.0,40.23828828828829,33.03235294117647
40.23873873873874,33.02470588235294,7,3818.7052114249927,9.384300298879763,40.23918918918919,33.02529411764706
40.23873873873874,33.02823529411764,4,7513.222222222223,19.35683760683761,40.23918918918919,33.02882352941176
40.23963963963964,33.01647058823529,7,3818.7052114249927,9.384300298879763,40.24009009009009,33.01705882352941
40.23963963963964,33.02117647058823,7,3818.7052114249927,9.384300298879763,40.24009009009009,33.02176470588235
40.23963963963964,33.025882352941174,7,3818.7052114249927,9.384300298879763,40.24009009009009,33.02647058823529
40.24054054054054,32.69647058823529,3,500.04273504273505,26.143874643874643,40.240990990990994,32.69705882352941
40.24054054054054,33.01411764705882,8,7575.316322536104,13.050472163229195,40.240990990990994,33.014705882352935
40.24054054054054,33.01764705882353,5,3772.988793514545,8.872348776640623,40.240990990990994,33.018235294117645
40.24054054054054,33.02117647058823,7,3818.7052114249927,9.384300298879763,40.240990990990994,33.02176470588235
40.24054054054054,33.02823529411764,1,16.377682403433475,5.648068669527897,40.240990990990994,33.02882352941176
40.24234234234234,33.03176470588235,1,16.377682403433475,5.648068669527897,40.24279279279279,33.03235294117647
40.24234234234234,33.03294117647059,4,3756.6111111111113,9.678418803418804,40.24279279279279,33.033529411764704
40.24324324324324,33.012941176470584,2,7513.222222222223,38.71367521367522,40.24369369369369,33.0135294117647
40.24324324324324,33.03058823529412,2,3756.6111111111113,19.35683760683761,40.24369369369369,33.031176470588235
40.24324324324324,33.09411764705882,1,25.37313432835821,11.756218905472636,40.24369369369369,33.09470588235294
40.244144144144144,33.01176470588235,1,3756.6111111111113,38.71367521367522,40.244594594594595,33.01235294117647
40.244144144144144,33.02823529411764,4,3756.6111111111113,9.678418803418804,40.244594594594595,33.02882352941176
40.24594594594595,33.010588235294115,1,3756.6111111111113,38.71367521367522,40.2463963963964,33.01117647058823
40.24594594594595,33.03176470588235,3,58.128499135225155,7.684118748176144,40.2463963963964,33.03235294117647
40.24684684684685,33.025882352941174,4,3756.6111111111113,9.678418803418804,40.2472972972973,33.02647058823529
40.24684684684685,33.16117647058823,1,25.37313432835821,11.756218905472636,40.2472972972973,33.16176470588235
40.25765765765766,33.04941176470588,4,3756.6111111111113,9.678418803418804,40.25810810810811,33.05
40.25945945945946,33.10941176470588,1,25.37313432835821,11.756218905472636,40.25990990990991,33.11
40.26396396396397,33.01411764705882,1,20.34328358208955,9.572139303482587,40.26441441441442,33.014705882352935
40.266666666666666,33.025882352941174,1,20.34328358208955,9.572139303482587,40.26711711711712,33.02647058823529
40.27567567567568,33.17882352941176,1,25.37313432835821,11.756218905472636,40.27612612612613,33.179411764705875
40.27927927927928,32.702352941176464,3,500.04273504273505,26.143874643874643,40.27972972972973,32.70294117647058
40.28288288288288,32.62117647058823,9,3067.0906726124117,25.942247821957967,40.28333333333333,32.62176470588235
40.285585585585586,33.125882352941176,1,25.37313432835821,11.756218905472636,40.28603603603604,33.12647058823529
40.29189189189189,32.47176470588235,3,464.5897435897436,14.064102564102564,40.292342342342344,32.47235294117647
40.2990990990991,32.97529411764705,2,40.6865671641791,9.572139303482587,40.29954954954955,32.97588235294117
