grid_id,embedding_instability,grid_lat,grid_lon,regime_shift_embedding,cluster_switch_rate,regime_shift_clustering,regime_shift_consensus
39.5045_32.8235,0.2995213034046314,39.5045045045045,32.8235294117647,False,0.09482758620689655,False,False
39.5045_32.8941,0.34878045362858,39.5045045045045,32.89411764705882,False,0.23706896551724138,False,False
39.5045_32.9529,0.40934062250823583,39.5045045045045,32.95294117647059,False,0.12931034482758622,False,False
39.5135_32.5647,0.42617060054607314,39.51351351351352,32.56470588235294,False,0.25862068965517243,False,False
39.5135_32.8353,0.2995859835858521,39.51351351351352,32.83529411764706,False,0.09482758620689655,False,False
39.5135_32.8588,0.3488788290748537,39.51351351351352,32.858823529411765,False,0.23706896551724138,False,False
39.5135_32.9412,0.40919907657288285,39.51351351351352,32.94117647058823,False,0.12931034482758622,False,False
39.5135_32.9765,0.40934062250823583,39.51351351351352,32.976470588235294,False,0.12931034482758622,False,False
39.5225_32.6471,0.28075519574294,39.52252252252252,32.64705882352941,False,0.10344827586206896,False,False
39.5225_32.8,0.5412670817508546,39.52252252252252,32.8,False,0.31896551724137934,False,False
39.5225_32.8353,0.2995215099043496,39.52252252252252,32.83529411764706,False,0.09482758620689655,False,False
39.5225_32.8588,0.3488788290748537,39.52252252252252,32.858823529411765,False,0.23706896551724138,False,False
39.5225_32.8706,0.3093912050683311,39.52252252252252,32.870588235294115,False,0.3103448275862069,False,False
39.5225_32.8941,0.4091928790162624,39.52252252252252,32.89411764705882,False,0.12931034482758622,False,False
39.5225_32.9059,0.4090537211876047,39.52252252252252,32.90588235294118,False,0.12931034482758622,False,False
39.5225_32.9294,0.4093543357044504,39.52252252252252,32.92941176470588,False,0.12931034482758622,False,False
39.5225_33.0,0.40934062250823583,39.52252252252252,33.0,False,0.12931034482758622,False,False
39.5315_32.6,0.28896638167341765,39.531531531531535,32.6,False,0.12931034482758622,False,False
39.5315_32.6118,0.28736505109623056,39.531531531531535,32.61176470588235,False,0.16379310344827586,False,False
39.5315_32.6353,0.28858403343546846,39.531531531531535,32.63529411764706,False,0.1206896551724138,False,False
39.5315_32.8,0.5412671202609,39.531531531531535,32.8,False,0.3017241379310345,False,False
39.5315_32.8588,0.29955098280748893,39.531531531531535,32.858823529411765,False,0.09482758620689655,False,False
39.5315_32.8706,0.40934062250823583,39.531531531531535,32.870588235294115,False,0.12931034482758622,False,False
39.5315_32.8941,0.4092063673645024,39.531531531531535,32.89411764705882,False,0.12931034482758622,False,False
39.5405_32.6118,0.28858403343546846,39.54054054054054,32.61176470588235,False,0.1206896551724138,False,False
39.5405_32.6235,0.28869862934682883,39.54054054054054,32.62352941176471,False,0.1206896551724138,False,False
39.5405_32.8471,0.30069435106384707,39.54054054054054,32.84705882352941,False,0.09482758620689655,False,False
39.5405_32.8588,0.25508340655100503,39.54054054054054,32.858823529411765,False,0.35344827586206895,False,False
39.5405_32.9294,0.34878025802022344,39.54054054054054,32.92941176470588,False,0.23706896551724138,False,False
39.5405_33.0118,0.40866982381255795,39.54054054054054,33.01176470588235,False,0.12931034482758622,False,False
39.5405_33.0235,0.4091928790162624,39.54054054054054,33.023529411764706,False,0.12931034482758622,False,False
39.5495_32.5882,0.28075447715552915,39.549549549549546,32.588235294117645,False,0.10344827586206896,False,False
39.5495_32.6941,0.536653959898572,39.549549549549546,32.694117647058825,False,0.25,False,False
39.5495_32.8,0.6441504602329431,39.549549549549546,32.8,False,0.43103448275862066,True,True
39.5495_32.8118,0.43191106883335645,39.549549549549546,32.811764705882354,False,0.3620689655172414,False,False
39.5495_32.8471,0.2995855063231345,39.549549549549546,32.84705882352941,False,0.09482758620689655,False,False
39.5495_32.8588,0.4095279710851904,39.549549549549546,32.858823529411765,False,0.12931034482758622,False,False
39.5495_32.8706,0.7883563159937211,39.549549549549546,32.870588235294115,False,0.15517241379310345,False,False
39.5495_32.9059,0.3488788290748537,39.549549549549546,32.90588235294118,False,0.23706896551724138,False,False
39.5495_33.0118,0.40934062250823583,39.549549549549546,33.01176470588235,False,0.12931034482758622,False,False
39.5495_33.1176,0.6029951134306302,39.549549549549546,33.11764705882353,False,0.24568965517241378,False,False
39.5586_32.7412,1.0005317522529797,39.55855855855856,32.74117647058824,True,0.4267241379310345,True,True
39.5586_32.8,0.3840258975601801,39.55855855855856,32.8,False,0.3448275862068966,False,False
39.5586_32.8588,0.7982452312924286,39.55855855855856,32.858823529411765,False,0.15517241379310345,False,False
39.5586_32.9059,0.3487802526382364,39.55855855855856,32.90588235294118,False,0.23706896551724138,False,False
39.5586_33.1059,0.6036507973995247,39.55855855855856,33.10588235294117,False,0.2413793103448276,False,False
39.5676_32.7882,0.3051322541282402,39.567567567567565,32.78823529411765,False,0.22413793103448276,False,False
39.5676_32.8,0.3051322541282402,39.567567567567565,32.8,False,0.22413793103448276,False,False
39.5676_32.8118,0.2995855919417451,39.567567567567565,32.811764705882354,False,0.09482758620689655,False,False
39.5676_32.8471,0.36333871331864365,39.567567567567565,32.84705882352941,False,0.12931034482758622,False,False
39.5766_32.7882,0.3065908971341772,39.57657657657658,32.78823529411765,False,0.2025862068965517,False,False
39.5766_32.8,0.2953547541186477,39.57657657657658,32.8,False,0.21120689655172414,False,False
39.5766_32.8824,0.34887836500945474,39.57657657657658,32.88235294117647,False,0.23706896551724138,False,False
39.5856_32.6588,0.4709813910148971,39.585585585585584,32.65882352941176,False,0.3275862068965517,False,False
39.5856_32.8471,0.24027797097915618,39.585585585585584,32.84705882352941,False,0.12931034482758622,False,False
39.5946_32.5412,0.6285936180782417,39.5945945945946,32.54117647058823,False,0.34051724137931033,False,False
39.5946_32.8353,0.305387335315541,39.5945945945946,32.83529411764706,False,0.22413793103448276,False,False
39.5946_32.8471,0.27874219680896317,39.5945945945946,32.84705882352941,False,0.3275862068965517,False,False
39.5946_32.8588,0.47959629091676664,39.5945945945946,32.858823529411765,False,0.02586206896551724,False,False
39.5946_33.0824,0.7480171539676962,39.5945945945946,33.08235294117647,False,0.3577586206896552,False,False
39.6036_32.6706,0.28158069460467183,39.6036036036036,32.67058823529412,False,0.10344827586206896,False,False
39.6036_32.8353,0.31202408525387976,39.6036036036036,32.83529411764706,False,0.31896551724137934,False,False
39.6036_32.8471,0.3124673566768891,39.6036036036036,32.84705882352941,False,0.33620689655172414,False,False
39.6036_32.8588,0.34882503418309996,39.6036036036036,32.858823529411765,False,0.23706896551724138,False,False
39.6036_32.8706,0.47959629091676664,39.6036036036036,32.870588235294115,False,0.02586206896551724,False,False
39.6126_32.6824,0.28858403343546846,39.612612612612615,32.68235294117647,False,0.1206896551724138,False,False
39.6126_32.6941,0.28869862934682883,39.612612612612615,32.694117647058825,False,0.1206896551724138,False,False
39.6126_32.8235,0.23573303326068143,39.612612612612615,32.8235294117647,False,0.16379310344827586,False,False
39.6126_32.8353,0.31202408525387976,39.612612612612615,32.83529411764706,False,0.31896551724137934,False,False
39.6126_32.8706,0.47974408911448,39.612612612612615,32.870588235294115,False,0.02586206896551724,False,False
39.6126_32.8824,0.47959629091676664,39.612612612612615,32.88235294117647,False,0.02586206896551724,False,False
39.6126_32.8941,0.47959629091676664,39.612612612612615,32.89411764705882,False,0.02586206896551724,False,False
39.6216_32.6471,0.6283722731485438,39.62162162162162,32.64705882352941,False,0.34051724137931033,False,False
39.6216_32.6588,0.6286674358429372,39.62162162162162,32.65882352941176,False,0.34051724137931033,False,False
39.6216_32.6706,0.6283722731485438,39.62162162162162,32.67058823529412,False,0.34051724137931033,False,False
39.6216_32.6941,0.30828928295401264,39.62162162162162,32.694117647058825,False,0.2413793103448276,False,False
39.6216_32.8235,0.29958582906842346,39.62162162162162,32.8235294117647,False,0.09482758620689655,False,False
39.6216_32.9059,0.47959629091676664,39.62162162162162,32.90588235294118,False,0.02586206896551724,False,False
39.6216_33.0588,0.5798564925529032,39.62162162162162,33.05882352941176,False,0.34913793103448276,False,False
39.6306_32.5294,0.6284460352829436,39.63063063063063,32.529411764705884,False,0.34051724137931033,False,False
39.6306_32.5882,0.6283722731485438,39.63063063063063,32.588235294117645,False,0.34051724137931033,False,False
39.6306_32.7059,0.3303887250290131,39.63063063063063,32.705882352941174,False,0.25862068965517243,False,False
39.6306_32.8118,0.35854953505523973,39.63063063063063,32.811764705882354,False,0.2413793103448276,False,False
39.6306_32.8235,0.3878615141646284,39.63063063063063,32.8235294117647,False,0.3232758620689655,False,False
39.6306_32.9059,0.47959629091676664,39.63063063063063,32.90588235294118,False,0.02586206896551724,False,False
39.6306_32.9176,0.47959629091676664,39.63063063063063,32.917647058823526,False,0.02586206896551724,False,False
39.6306_33.1059,0.6839668921882361,39.63063063063063,33.10588235294117,False,0.3232758620689655,False,False
39.6396_32.7059,0.33102592817016513,39.63963963963964,32.705882352941174,False,0.3103448275862069,False,False
39.6396_32.7176,0.2921151692094342,39.63963963963964,32.71764705882353,False,0.21551724137931033,False,False
39.6396_32.9294,0.47952240124902434,39.63963963963964,32.92941176470588,False,0.02586206896551724,False,False
39.6486_32.3294,0.5564104055653362,39.648648648648646,32.32941176470588,False,0.1810344827586207,False,False
39.6486_32.3412,0.5564105738934705,39.648648648648646,32.34117647058824,False,0.1810344827586207,False,False
39.6486_32.7176,0.31129097989555377,39.648648648648646,32.71764705882353,False,0.2672413793103448,False,False
39.6486_32.7882,0.2521846443209313,39.648648648648646,32.78823529411765,False,0.3620689655172414,False,False
39.6486_32.8,0.38594551681803463,39.648648648648646,32.8,False,0.3577586206896552,False,False
39.6486_32.9412,0.47959629091676664,39.648648648648646,32.94117647058823,False,0.02586206896551724,False,False
39.6486_32.9529,0.47952240124902434,39.648648648648646,32.95294117647059,False,0.02586206896551724,False,False
39.6486_33.0353,0.7059700061528642,39.648648648648646,33.035294117647055,False,0.20689655172413793,False,False
39.6577_32.4235,0.5423245664225395,39.65765765765766,32.423529411764704,False,0.02586206896551724,False,False
39.6577_32.4353,0.5399555561291749,39.65765765765766,32.43529411764706,False,0.02586206896551724,False,False
39.6577_32.7176,0.30828928295401264,39.65765765765766,32.71764705882353,False,0.2413793103448276,False,False
39.6577_32.7294,0.32830777616955237,39.65765765765766,32.72941176470588,False,0.28448275862068967,False,False
39.6577_32.8,0.24596948348632353,39.65765765765766,32.8,False,0.3706896551724138,False,False
39.6577_32.8235,0.24774319609352374,39.65765765765766,32.8235294117647,False,0.3620689655172414,False,False
39.6577_32.9529,0.47959629091676664,39.65765765765766,32.95294117647059,False,0.02586206896551724,False,False
39.6577_33.0118,0.7483121932050129,39.65765765765766,33.01176470588235,False,0.3577586206896552,False,False
39.6577_33.0235,0.6178880933047267,39.65765765765766,33.023529411764706,False,0.3017241379310345,False,False
39.6667_32.4353,0.5399555561291749,39.66666666666666,32.43529411764706,False,0.02586206896551724,False,False
39.6667_32.6706,0.4413800532405776,39.66666666666666,32.67058823529412,False,0.25,False,False
39.6667_32.6824,0.4413800532405776,39.66666666666666,32.68235294117647,False,0.25,False,False
39.6667_32.7059,0.2891077285122122,39.66666666666666,32.705882352941174,False,0.14655172413793102,False,False
39.6667_32.7294,0.33523759539798914,39.66666666666666,32.72941176470588,False,0.2413793103448276,False,False
39.6667_33.0118,0.46575169843748143,39.66666666666666,33.01176470588235,False,0.29310344827586204,False,False
39.6757_32.4941,0.2697859739936603,39.67567567567568,32.49411764705882,False,0.0,False,False
39.6757_32.5059,0.25374275111624833,39.67567567567568,32.50588235294118,False,0.0,False,False
39.6757_32.6706,0.4413062487122455,39.67567567567568,32.67058823529412,False,0.25,False,False
39.6757_32.6941,0.4417493945430076,39.67567567567568,32.694117647058825,False,0.25,False,False
39.6757_32.7294,0.3332598256726376,39.67567567567568,32.72941176470588,False,0.23275862068965517,False,False
39.6757_32.8118,0.2514049311195297,39.67567567567568,32.811764705882354,False,0.3706896551724138,False,False
39.6757_32.8235,0.3315662280708076,39.67567567567568,32.8235294117647,False,0.28448275862068967,False,False
39.6757_32.8471,0.4670455208853721,39.67567567567568,32.84705882352941,False,0.29310344827586204,False,False
39.6757_32.8588,0.4670455208853721,39.67567567567568,32.858823529411765,False,0.29310344827586204,False,False
39.6757_32.9176,0.3488783624351766,39.67567567567568,32.917647058823526,False,0.23706896551724138,False,False
39.6757_32.9647,0.46575169843748143,39.67567567567568,32.96470588235294,False,0.29310344827586204,False,False
39.6847_32.6471,0.4413800532405776,39.68468468468468,32.64705882352941,False,0.25,False,False
39.6847_32.6588,0.4413800532405776,39.68468468468468,32.65882352941176,False,0.25,False,False
39.6847_32.6824,0.4413062487122455,39.68468468468468,32.68235294117647,False,0.25,False,False
39.6847_32.7176,0.4261088731606036,39.68468468468468,32.71764705882353,False,0.25862068965517243,False,False
39.6847_32.7294,0.3291397590882543,39.68468468468468,32.72941176470588,False,0.23275862068965517,False,False
39.6847_32.7412,0.3291397590882543,39.68468468468468,32.74117647058824,False,0.23275862068965517,False,False
39.6847_32.8,0.25846875177252976,39.68468468468468,32.8,False,0.27586206896551724,False,False
39.6847_32.8118,0.24544602418241587,39.68468468468468,32.811764705882354,False,0.28448275862068967,False,False
39.6847_32.8235,0.48026156043764584,39.68468468468468,32.8235294117647,False,0.02586206896551724,False,False
39.6847_32.8588,0.47959629091676664,39.68468468468468,32.858823529411765,False,0.02586206896551724,False,False
39.6847_32.8824,0.6468826121603874,39.68468468468468,32.88235294117647,False,0.2801724137931034,False,False
39.6847_32.8941,0.3488090826469098,39.68468468468468,32.89411764705882,False,0.23706896551724138,False,False
39.6847_32.9059,0.3488788290748537,39.68468468468468,32.90588235294118,False,0.23706896551724138,False,False
39.6847_32.9176,0.4696374575962022,39.68468468468468,32.917647058823526,False,0.28448275862068967,False,False
39.6847_32.9294,0.46575169843748143,39.68468468468468,32.92941176470588,False,0.29310344827586204,False,False
39.6847_32.9647,0.7478864588145402,39.68468468468468,32.96470588235294,False,0.3577586206896552,False,False
39.6847_32.9765,0.46575169843748143,39.68468468468468,32.976470588235294,False,0.29310344827586204,False,False
39.6847_32.9882,0.4286660783797636,39.68468468468468,32.98823529411764,False,0.04310344827586207,False,False
39.6847_33.0,0.42875801577172845,39.68468468468468,33.0,False,0.04310344827586207,False,False
39.6937_32.3529,0.2683637114494081,39.693693693693696,32.35294117647059,False,0.2974137931034483,False,False
39.6937_32.4,0.5420657903876562,39.693693693693696,32.4,False,0.02586206896551724,False,False
39.6937_32.4706,0.5399555561291749,39.693693693693696,32.47058823529412,False,0.02586206896551724,False,False
39.6937_32.6471,0.4413062487122455,39.693693693693696,32.64705882352941,False,0.25,False,False
39.6937_32.7412,0.3320519617776481,39.693693693693696,32.74117647058824,False,0.23275862068965517,False,False
39.6937_32.8118,0.4822225820726874,39.693693693693696,32.811764705882354,False,0.02586206896551724,False,False
39.6937_32.8235,0.34884177484079565,39.693693693693696,32.8235294117647,False,0.23706896551724138,False,False
39.6937_32.8353,0.3488788290748537,39.693693693693696,32.83529411764706,False,0.23706896551724138,False,False
39.6937_32.9882,0.6913429764942691,39.693693693693696,32.98823529411764,False,0.33189655172413796,False,False
39.7027_32.3529,0.25809340274054615,39.7027027027027,32.35294117647059,False,0.3275862068965517,False,False
39.7027_32.6,0.441453881950436,39.7027027027027,32.6,False,0.25,False,False
39.7027_32.6235,0.4413800532405776,39.7027027027027,32.62352941176471,False,0.25,False,False
39.7027_32.6353,0.441453881950436,39.7027027027027,32.63529411764706,False,0.25,False,False
39.7027_32.6471,0.4416016025062839,39.7027027027027,32.64705882352941,False,0.25,False,False
39.7027_32.7412,0.2993988078020917,39.7027027027027,32.74117647058824,False,0.14655172413793102,False,False
39.7027_32.8118,0.23867437216224024,39.7027027027027,32.811764705882354,False,0.27586206896551724,False,False
39.7027_32.9647,0.46575169843748143,39.7027027027027,32.96470588235294,False,0.29310344827586204,False,False
39.7117_32.3176,0.43114128358670184,39.71171171171172,32.31764705882353,False,0.28448275862068967,False,False
39.7117_32.3529,0.23551573351170688,39.71171171171172,32.35294117647059,False,0.30603448275862066,False,False
39.7117_32.6588,0.4413062487122455,39.71171171171172,32.65882352941176,False,0.25,False,False
39.7117_32.7529,0.3291397590882543,39.71171171171172,32.752941176470586,False,0.23275862068965517,False,False
39.7117_32.8118,0.24447233154376277,39.71171171171172,32.811764705882354,False,0.3448275862068966,False,False
39.7117_32.9647,0.42864714963070655,39.71171171171172,32.96470588235294,False,0.04310344827586207,False,False
39.7207_32.3176,0.43114128358670184,39.72072072072072,32.31764705882353,False,0.28448275862068967,False,False
39.7207_32.3412,0.2672454527829824,39.72072072072072,32.34117647058824,False,0.375,False,False
39.7207_32.3529,0.24608309377638762,39.72072072072072,32.35294117647059,False,0.34913793103448276,False,False
39.7207_32.3647,0.24060316725983377,39.72072072072072,32.36470588235294,False,0.14655172413793102,False,False
39.7207_32.4,0.49448303147392203,39.72072072072072,32.4,False,0.34913793103448276,False,False
39.7207_32.4118,0.42614277405627654,39.72072072072072,32.411764705882355,False,0.1336206896551724,False,False
39.7207_32.4235,0.33359675677165274,39.72072072072072,32.423529411764704,False,0.06465517241379311,False,False
39.7207_32.4353,0.4139536526575001,39.72072072072072,32.43529411764706,False,0.1336206896551724,False,False
39.7207_32.6588,0.4261902627533524,39.72072072072072,32.65882352941176,False,0.19827586206896552,False,False
39.7207_32.6706,0.441453881950436,39.72072072072072,32.67058823529412,False,0.25,False,False
39.7207_32.7059,0.4927129071256542,39.72072072072072,32.705882352941174,False,0.1896551724137931,False,False
39.7207_32.7529,0.31637856318181057,39.72072072072072,32.752941176470586,False,0.25,False,False
39.7207_32.8,0.24828931622272593,39.72072072072072,32.8,False,0.3275862068965517,False,False
39.7207_32.8118,0.24799239662719894,39.72072072072072,32.811764705882354,False,0.3620689655172414,False,False
39.7207_32.8824,0.47952240124902434,39.72072072072072,32.88235294117647,False,0.02586206896551724,False,False
39.7207_32.9647,0.42864714963070655,39.72072072072072,32.96470588235294,False,0.04310344827586207,False,False
39.7297_32.3529,0.2579561324097127,39.729729729729726,32.35294117647059,False,0.34913793103448276,False,False
39.7297_32.3647,0.22917213131688222,39.729729729729726,32.36470588235294,False,0.22844827586206898,False,False
39.7297_32.3765,0.30361600391793453,39.729729729729726,32.37647058823529,False,0.07758620689655173,False,False
39.7297_32.3882,0.4374462989770123,39.729729729729726,32.38823529411765,False,0.28448275862068967,False,False
39.7297_32.5294,0.23892467377517668,39.729729729729726,32.529411764705884,False,0.0,False,False
39.7297_32.5412,0.23898623300447233,39.729729729729726,32.54117647058823,False,0.0,False,False
39.7297_32.6706,0.36290864914475,39.729729729729726,32.67058823529412,False,0.11206896551724138,False,False
39.7297_32.6824,0.5198936029396155,39.729729729729726,32.68235294117647,False,0.21551724137931033,False,False
39.7297_32.6941,0.8681139630867124,39.729729729729726,32.694117647058825,False,0.34051724137931033,False,False
39.7297_32.7176,0.7580942707060248,39.729729729729726,32.71764705882353,False,0.40948275862068967,True,True
39.7297_32.7294,0.5164411382419926,39.729729729729726,32.72941176470588,False,0.23275862068965517,False,False
39.7297_32.7412,0.7166038016878817,39.729729729729726,32.74117647058824,False,0.28448275862068967,False,False
39.7297_32.7529,0.49671170790465974,39.729729729729726,32.752941176470586,False,0.3103448275862069,False,False
39.7297_32.8,0.25080358433553845,39.729729729729726,32.8,False,0.3017241379310345,False,False
39.7297_32.8235,0.6129286301337566,39.729729729729726,32.8235294117647,False,0.3275862068965517,False,False
39.7297_32.8471,0.2610231118894464,39.729729729729726,32.84705882352941,False,0.0,False,False
39.7297_32.9529,0.42864714963070655,39.729729729729726,32.95294117647059,False,0.04310344827586207,False,False
39.7297_32.9647,0.4288689092233174,39.729729729729726,32.96470588235294,False,0.04310344827586207,False,False
39.7297_33.0118,0.45219227313008886,39.729729729729726,33.01176470588235,False,0.29310344827586204,False,False
39.7297_33.0588,0.42875801577172845,39.729729729729726,33.05882352941176,False,0.04310344827586207,False,False
39.7387_32.4,0.23309458528607147,39.73873873873874,32.4,False,0.2413793103448276,False,False
39.7387_32.4118,0.4339216891132935,39.73873873873874,32.411764705882355,False,0.28448275862068967,False,False
39.7387_32.5412,0.23898623300447233,39.73873873873874,32.54117647058823,False,0.0,False,False
39.7387_32.5882,0.613030923946,39.73873873873874,32.588235294117645,False,0.2672413793103448,False,False
39.7387_32.6588,0.613030923946,39.73873873873874,32.65882352941176,False,0.2672413793103448,False,False
39.7387_32.6706,0.3702299936674157,39.73873873873874,32.67058823529412,False,0.10344827586206896,False,False
39.7387_32.7059,0.34565846953969465,39.73873873873874,32.705882352941174,False,0.11206896551724138,False,False
39.7387_32.7176,0.8605240534537776,39.73873873873874,32.71764705882353,False,0.3577586206896552,False,False
39.7387_32.7412,1.0666037045535068,39.73873873873874,32.74117647058824,True,0.45689655172413796,True,True
39.7387_32.7529,0.4419448811676262,39.73873873873874,32.752941176470586,False,0.3017241379310345,False,False
39.7387_32.7647,0.3303887250290131,39.73873873873874,32.76470588235294,False,0.25862068965517243,False,False
39.7387_32.8235,0.8324088463328146,39.73873873873874,32.8235294117647,False,0.3577586206896552,False,False
39.7387_32.9882,0.42875801577172845,39.73873873873874,32.98823529411764,False,0.04310344827586207,False,False
39.7387_33.0,0.42864714963070655,39.73873873873874,33.0,False,0.04310344827586207,False,False
39.7477_32.4,0.42614277405627654,39.74774774774775,32.4,False,0.1336206896551724,False,False
39.7477_32.4235,0.24937643829463516,39.74774774774775,32.423529411764704,False,0.3103448275862069,False,False
39.7477_32.4353,0.2463568816000803,39.74774774774775,32.43529411764706,False,0.33620689655172414,False,False
39.7477_32.5294,0.23898623300447233,39.74774774774775,32.529411764705884,False,0.0,False,False
39.7477_32.6,0.6132523272153502,39.74774774774775,32.6,False,0.2672413793103448,False,False
39.7477_32.6235,0.6131047056616917,39.74774774774775,32.62352941176471,False,0.2672413793103448,False,False
39.7477_32.6471,0.4302509532942646,39.74774774774775,32.64705882352941,False,0.20689655172413793,False,False
39.7477_32.6588,0.4003879482409327,39.74774774774775,32.65882352941176,False,0.1810344827586207,False,False
39.7477_32.7176,0.7526577122207939,39.74774774774775,32.71764705882353,False,0.3103448275862069,False,False
39.7477_32.7294,0.34565859430525214,39.74774774774775,32.72941176470588,False,0.11206896551724138,False,False
39.7477_32.7412,0.34565846953969465,39.74774774774775,32.74117647058824,False,0.11206896551724138,False,False
39.7477_32.7529,0.4681805005526758,39.74774774774775,32.752941176470586,False,0.3275862068965517,False,False
39.7477_32.7647,0.4680899502528541,39.74774774774775,32.76470588235294,False,0.27586206896551724,False,False
39.7477_32.8118,0.7921571832261072,39.74774774774775,32.811764705882354,False,0.41379310344827586,True,True
39.7477_32.8588,0.2610231118894464,39.74774774774775,32.858823529411765,False,0.0,False,False
39.7477_32.8706,0.2609493848575167,39.74774774774775,32.870588235294115,False,0.0,False,False
39.7477_33.1059,0.42864714963070655,39.74774774774775,33.10588235294117,False,0.04310344827586207,False,False
39.7568_32.3882,0.5564105738934705,39.75675675675676,32.38823529411765,False,0.1810344827586207,False,False
39.7568_32.6353,0.6135477579214058,39.75675675675676,32.63529411764706,False,0.2672413793103448,False,False
39.7568_32.6471,0.6131047056616917,39.75675675675676,32.64705882352941,False,0.2672413793103448,False,False
39.7568_32.6588,0.4079398684763493,39.75675675675676,32.65882352941176,False,0.1810344827586207,False,False
39.7568_32.7294,0.855041973154967,39.75675675675676,32.72941176470588,False,0.3448275862068966,False,False
39.7568_32.7412,0.7682487873986886,39.75675675675676,32.74117647058824,False,0.3793103448275862,False,False
39.7568_32.7529,0.5489692460402176,39.75675675675676,32.752941176470586,False,0.3103448275862069,False,False
39.7568_32.7765,0.28882879934847366,39.75675675675676,32.77647058823529,False,0.12931034482758622,False,False
39.7568_32.8,0.25411747821225583,39.75675675675676,32.8,False,0.36637931034482757,False,False
39.7568_32.8118,0.5459017936685612,39.75675675675676,32.811764705882354,False,0.23706896551724138,False,False
39.7568_32.8353,0.47952240124902434,39.75675675675676,32.83529411764706,False,0.02586206896551724,False,False
39.7568_32.8471,0.2610231118894464,39.75675675675676,32.84705882352941,False,0.0,False,False
39.7568_32.8588,0.26117069288768013,39.75675675675676,32.858823529411765,False,0.0,False,False
39.7658_32.4,0.5423245664225395,39.76576576576576,32.4,False,0.02586206896551724,False,False
39.7658_32.4706,0.2463568816000803,39.76576576576576,32.47058823529412,False,0.33620689655172414,False,False
39.7658_32.5176,0.23911142761041126,39.76576576576576,32.51764705882353,False,0.0,False,False
39.7658_32.6,0.5427853968460672,39.76576576576576,32.6,False,0.02586206896551724,False,False
39.7658_32.6471,0.6746425300556262,39.76576576576576,32.64705882352941,False,0.3879310344827586,True,True
39.7658_32.6588,0.3520713277912698,39.76576576576576,32.65882352941176,False,0.09482758620689655,False,False
39.7658_32.6706,0.44929151916407223,39.76576576576576,32.67058823529412,False,0.23275862068965517,False,False
39.7658_32.6824,0.8681139630867124,39.76576576576576,32.68235294117647,False,0.34051724137931033,False,False
39.7658_32.6941,0.8681139630867124,39.76576576576576,32.694117647058825,False,0.34051724137931033,False,False
39.7658_32.7176,1.0666037045535068,39.76576576576576,32.71764705882353,True,0.45689655172413796,True,True
39.7658_32.7294,1.0716982953699066,39.76576576576576,32.72941176470588,True,0.45689655172413796,True,True
39.7658_32.7412,0.742211109835709,39.76576576576576,32.74117647058824,False,0.35344827586206895,False,False
39.7658_32.7529,0.7476262542563404,39.76576576576576,32.752941176470586,False,0.3448275862068966,False,False
39.7658_32.7647,0.7054063743443031,39.76576576576576,32.76470588235294,False,0.3017241379310345,False,False
39.7658_32.8,0.6443260502508404,39.76576576576576,32.8,False,0.34051724137931033,False,False
39.7658_32.8118,0.56035948631518,39.76576576576576,32.811764705882354,False,0.2543103448275862,False,False
39.7658_32.8235,0.5983878849110014,39.76576576576576,32.8235294117647,False,0.33189655172413796,False,False
39.7658_32.8471,0.26117069288768013,39.76576576576576,32.84705882352941,False,0.0,False,False
39.7658_32.9882,0.42875801577172845,39.76576576576576,32.98823529411764,False,0.04310344827586207,False,False
39.7748_32.3765,0.5564104055653362,39.77477477477478,32.37647058823529,False,0.1810344827586207,False,False
39.7748_32.3882,0.5564101688374624,39.77477477477478,32.38823529411765,False,0.1810344827586207,False,False
39.7748_32.4,0.24777930163871617,39.77477477477478,32.4,False,0.33189655172413796,False,False
39.7748_32.4118,0.5564105738934705,39.77477477477478,32.411764705882355,False,0.1810344827586207,False,False
39.7748_32.4235,0.5564104055653362,39.77477477477478,32.423529411764704,False,0.1810344827586207,False,False
39.7748_32.4353,0.5564100906998342,39.77477477477478,32.43529411764706,False,0.1810344827586207,False,False
39.7748_32.5059,0.24651067005149704,39.77477477477478,32.50588235294118,False,0.3275862068965517,False,False
39.7748_32.5176,0.23898623300447233,39.77477477477478,32.51764705882353,False,0.0,False,False
39.7748_32.5882,0.5450633902660937,39.77477477477478,32.588235294117645,False,0.02586206896551724,False,False
39.7748_32.6588,0.8681139630867124,39.77477477477478,32.65882352941176,False,0.34051724137931033,False,False
39.7748_32.6706,0.4032493777314242,39.77477477477478,32.67058823529412,False,0.1810344827586207,False,False
39.7748_32.7294,0.977056021777396,39.77477477477478,32.72941176470588,True,0.4267241379310345,True,True
39.7748_32.7529,0.5126651003871918,39.77477477477478,32.752941176470586,False,0.2974137931034483,False,False
39.7748_32.7647,0.8841836618593633,39.77477477477478,32.76470588235294,False,0.3706896551724138,False,False
39.7748_32.7765,0.5632739481460886,39.77477477477478,32.77647058823529,False,0.3017241379310345,False,False
39.7748_32.8,0.5226207354911174,39.77477477477478,32.8,False,0.1896551724137931,False,False
39.7748_32.8118,0.6368068226121927,39.77477477477478,32.811764705882354,False,0.1853448275862069,False,False
39.7748_32.8235,0.4458569503856334,39.77477477477478,32.8235294117647,False,0.1206896551724138,False,False
39.7748_32.8353,0.26131840723612276,39.77477477477478,32.83529411764706,False,0.0,False,False
39.7748_33.0353,0.42864714963070655,39.77477477477478,33.035294117647055,False,0.04310344827586207,False,False
39.7838_32.3765,0.5564104055653362,39.78378378378378,32.37647058823529,False,0.1810344827586207,False,False
39.7838_32.4,0.5564105738934705,39.78378378378378,32.4,False,0.1810344827586207,False,False
39.7838_32.4118,0.5564105738934705,39.78378378378378,32.411764705882355,False,0.1810344827586207,False,False
39.7838_32.4235,0.5564105738934705,39.78378378378378,32.423529411764704,False,0.1810344827586207,False,False
39.7838_32.4471,0.5564100344791172,39.78378378378378,32.44705882352941,False,0.1810344827586207,False,False
39.7838_32.5059,0.24651067005149704,39.78378378378378,32.50588235294118,False,0.3275862068965517,False,False
39.7838_32.6,0.540511301451409,39.78378378378378,32.6,False,0.02586206896551724,False,False
39.7838_32.6824,0.4231874436733783,39.78378378378378,32.68235294117647,False,0.21551724137931033,False,False
39.7838_32.6941,0.41474093809079854,39.78378378378378,32.694117647058825,False,0.1810344827586207,False,False
39.7838_32.7059,0.48275166900463407,39.78378378378378,32.705882352941174,False,0.29310344827586204,False,False
39.7838_32.7882,0.6312345685498159,39.78378378378378,32.78823529411765,False,0.3103448275862069,False,False
39.7838_32.8,0.6894633847330527,39.78378378378378,32.8,False,0.0,False,False
39.7838_32.8118,0.5206584351097493,39.78378378378378,32.811764705882354,False,0.31896551724137934,False,False
39.7838_32.8235,0.5350715169823042,39.78378378378378,32.8235294117647,False,0.34913793103448276,False,False
39.7838_32.8353,0.5210761735361917,39.78378378378378,32.83529411764706,False,0.15517241379310345,False,False
39.7838_32.8471,0.425253031283292,39.78378378378378,32.84705882352941,False,0.21551724137931033,False,False
39.7838_32.8588,0.5659460803722624,39.78378378378378,32.858823529411765,False,0.09482758620689655,False,False
39.7838_32.8824,0.5684606458160284,39.78378378378378,32.88235294117647,False,0.09482758620689655,False,False
39.7928_32.3765,0.5564105738934705,39.7927927927928,32.37647058823529,False,0.1810344827586207,False,False
39.7928_32.3882,0.5564101688374624,39.7927927927928,32.38823529411765,False,0.1810344827586207,False,False
39.7928_32.4,0.5564104055653362,39.7927927927928,32.4,False,0.1810344827586207,False,False
39.7928_32.4118,0.5423245664225395,39.7927927927928,32.411764705882355,False,0.02586206896551724,False,False
39.7928_32.4235,0.5564105738934705,39.7927927927928,32.423529411764704,False,0.1810344827586207,False,False
39.7928_32.4471,0.2468621950330447,39.7927927927928,32.44705882352941,False,0.31896551724137934,False,False
39.7928_32.4588,0.5564105738934705,39.7927927927928,32.45882352941177,False,0.1810344827586207,False,False
39.7928_32.5412,0.23892467377517668,39.7927927927928,32.54117647058823,False,0.0,False,False
39.7928_32.5529,0.23892467377517668,39.7927927927928,32.55294117647059,False,0.0,False,False
39.7928_32.6,0.5473451456850814,39.7927927927928,32.6,False,0.02586206896551724,False,False
39.7928_32.6824,0.35339844170233525,39.7927927927928,32.68235294117647,False,0.16810344827586207,False,False
39.7928_32.6941,0.4032493777314242,39.7927927927928,32.694117647058825,False,0.1810344827586207,False,False
39.7928_32.7059,0.41291057376942747,39.7927927927928,32.705882352941174,False,0.28879310344827586,False,False
39.7928_32.7176,1.0053716198000135,39.7927927927928,32.71764705882353,True,0.2801724137931034,False,True
39.7928_32.7882,0.5384146311624791,39.7927927927928,32.78823529411765,False,0.3275862068965517,False,False
39.7928_32.8,0.5652971227521862,39.7927927927928,32.8,False,0.2801724137931034,False,False
39.7928_32.8118,0.4627981586093806,39.7927927927928,32.811764705882354,False,0.17672413793103448,False,False
39.7928_32.8353,0.4426290594349895,39.7927927927928,32.83529411764706,False,0.14655172413793102,False,False
39.7928_32.8471,0.45928602040940286,39.7927927927928,32.84705882352941,False,0.15086206896551724,False,False
39.7928_32.8824,0.5659460803722624,39.7927927927928,32.88235294117647,False,0.09482758620689655,False,False
39.8018_32.3765,0.3094107570090234,39.8018018018018,32.37647058823529,False,0.24568965517241378,False,False
39.8018_32.3882,0.5564105738934705,39.8018018018018,32.38823529411765,False,0.1810344827586207,False,False
39.8018_32.4,0.5518014671487117,39.8018018018018,32.4,False,0.02586206896551724,False,False
39.8018_32.4118,0.5423245664225395,39.8018018018018,32.411764705882355,False,0.02586206896551724,False,False
39.8018_32.4471,0.5564104055653362,39.8018018018018,32.44705882352941,False,0.1810344827586207,False,False
39.8018_32.5294,0.23898623300447233,39.8018018018018,32.529411764705884,False,0.0,False,False
39.8018_32.5412,0.25605001778124936,39.8018018018018,32.54117647058823,False,0.3275862068965517,False,False
39.8018_32.5647,0.3209391176896029,39.8018018018018,32.56470588235294,False,0.05172413793103448,False,False
39.8018_32.6941,0.3765253638554805,39.8018018018018,32.694117647058825,False,0.23706896551724138,False,False
39.8018_32.7059,0.4036462887141256,39.8018018018018,32.705882352941174,False,0.2974137931034483,False,False
39.8018_32.7294,1.0889638122925631,39.8018018018018,32.72941176470588,True,0.33189655172413796,False,True
39.8018_32.8,0.5902167330055822,39.8018018018018,32.8,False,0.20689655172413793,False,False
39.8018_32.8353,0.5431187947913536,39.8018018018018,32.83529411764706,False,0.20689655172413793,False,False
39.8018_32.8588,0.5684606458160284,39.8018018018018,32.858823529411765,False,0.09482758620689655,False,False
39.8108_32.4471,0.5564104055653362,39.81081081081081,32.44705882352941,False,0.1810344827586207,False,False
39.8108_32.5294,0.23911142761041126,39.81081081081081,32.529411764705884,False,0.0,False,False
39.8108_32.5529,0.2559920527467076,39.81081081081081,32.55294117647059,False,0.34913793103448276,False,False
39.8108_32.5647,0.32351235836837,39.81081081081081,32.56470588235294,False,0.10344827586206896,False,False
39.8108_32.5765,0.30626710570893495,39.81081081081081,32.576470588235296,False,0.10344827586206896,False,False
39.8108_32.6471,0.7220738307884282,39.81081081081081,32.64705882352941,False,0.3620689655172414,False,False
39.8108_32.7059,0.4206479304246361,39.81081081081081,32.705882352941174,False,0.3232758620689655,False,False
39.8108_32.7176,0.8681355087210664,39.81081081081081,32.71764705882353,False,0.4051724137931034,True,True
39.8108_32.7647,0.4389602033434195,39.81081081081081,32.76470588235294,False,0.25862068965517243,False,False
39.8108_32.8,0.5887228973867926,39.81081081081081,32.8,False,0.15086206896551724,False,False
39.8108_32.8824,0.4684832151260723,39.81081081081081,32.88235294117647,False,0.28448275862068967,False,False
39.8198_32.4,0.5399555561291749,39.81981981981982,32.4,False,0.02586206896551724,False,False
39.8198_32.4235,0.5564104055653362,39.81981981981982,32.423529411764704,False,0.1810344827586207,False,False
39.8198_32.5294,0.7298162685420715,39.81981981981982,32.529411764705884,False,0.11206896551724138,False,False
39.8198_32.5412,0.7957614695170467,39.81981981981982,32.54117647058823,False,0.30603448275862066,False,False
39.8198_32.5529,1.0460422091011603,39.81981981981982,32.55294117647059,True,0.33620689655172414,False,True
39.8198_32.5647,0.38732476231666696,39.81981981981982,32.56470588235294,False,0.23275862068965517,False,False
39.8198_32.5765,0.8923826550306306,39.81981981981982,32.576470588235296,False,0.3146551724137931,False,False
39.8198_32.5882,0.540511301451409,39.81981981981982,32.588235294117645,False,0.02586206896551724,False,False
39.8198_32.6471,0.4356983089205672,39.81981981981982,32.64705882352941,False,0.2672413793103448,False,False
39.8198_32.6588,0.41125966522766216,39.81981981981982,32.65882352941176,False,0.22413793103448276,False,False
39.8198_32.6941,0.41527868266892637,39.81981981981982,32.694117647058825,False,0.16810344827586207,False,False
39.8198_32.7059,0.4382392111428882,39.81981981981982,32.705882352941174,False,0.3017241379310345,False,False
39.8198_32.7176,0.45952697130653597,39.81981981981982,32.71764705882353,False,0.22413793103448276,False,False
39.8198_32.7294,0.4604619224566864,39.81981981981982,32.72941176470588,False,0.19827586206896552,False,False
39.8198_32.7412,0.4362837424981148,39.81981981981982,32.74117647058824,False,0.21982758620689655,False,False
39.8198_32.7529,0.43477181621015726,39.81981981981982,32.752941176470586,False,0.27586206896551724,False,False
39.8198_32.7647,0.49919468475635687,39.81981981981982,32.76470588235294,False,0.22844827586206898,False,False
39.8198_32.7882,0.5282391162215683,39.81981981981982,32.78823529411765,False,0.1810344827586207,False,False
39.8198_32.8,0.7051033837320184,39.81981981981982,32.8,False,0.29310344827586204,False,False
39.8198_32.8118,0.7507123306676331,39.81981981981982,32.811764705882354,False,0.3577586206896552,False,False
39.8198_32.8235,0.4677920531238279,39.81981981981982,32.8235294117647,False,0.2672413793103448,False,False
39.8198_32.8706,0.4679950789708071,39.81981981981982,32.870588235294115,False,0.2672413793103448,False,False
39.8288_32.4471,0.5564101688374624,39.828828828828826,32.44705882352941,False,0.1810344827586207,False,False
39.8288_32.5294,0.44446273941062536,39.828828828828826,32.529411764705884,False,0.1896551724137931,False,False
39.8288_32.5529,0.29033616212126856,39.828828828828826,32.55294117647059,False,0.10344827586206896,False,False
39.8288_32.5647,1.565604223160818,39.828828828828826,32.56470588235294,True,0.39655172413793105,True,True
39.8288_32.5765,0.28027685861414886,39.828828828828826,32.576470588235296,False,0.0,False,False
39.8288_32.6471,0.4575799979556333,39.828828828828826,32.64705882352941,False,0.2672413793103448,False,False
39.8288_32.6588,0.41446362935382014,39.828828828828826,32.65882352941176,False,0.23275862068965517,False,False
39.8288_32.6824,0.5332963524992899,39.828828828828826,32.68235294117647,False,0.21982758620689655,False,False
39.8288_32.6941,0.4699390288024806,39.828828828828826,32.694117647058825,False,0.15948275862068967,False,False
39.8288_32.7059,0.5987479391895284,39.828828828828826,32.705882352941174,False,0.28879310344827586,False,False
39.8288_32.7176,0.4905246897460851,39.828828828828826,32.71764705882353,False,0.33189655172413796,False,False
39.8288_32.7294,0.5167658460554259,39.828828828828826,32.72941176470588,False,0.23706896551724138,False,False
39.8288_32.7412,0.47477312504365893,39.828828828828826,32.74117647058824,False,0.1724137931034483,False,False
39.8288_32.7529,0.4367117028217502,39.828828828828826,32.752941176470586,False,0.15948275862068967,False,False
39.8288_32.7647,0.42153846127948014,39.828828828828826,32.76470588235294,False,0.2025862068965517,False,False
39.8288_32.8118,0.4968875247914805,39.828828828828826,32.811764705882354,False,0.1724137931034483,False,False
39.8288_32.8471,0.46834223776869033,39.828828828828826,32.84705882352941,False,0.27586206896551724,False,False
39.8288_32.8706,0.4679950789708071,39.828828828828826,32.870588235294115,False,0.2672413793103448,False,False
39.8288_32.8941,0.34878045362858,39.828828828828826,32.89411764705882,False,0.23706896551724138,False,False
39.8288_32.9412,0.65706176587977,39.828828828828826,32.94117647058823,False,0.14224137931034483,False,False
39.8378_32.4,0.5399555561291749,39.83783783783784,32.4,False,0.02586206896551724,False,False
39.8378_32.4471,0.5404074771431014,39.83783783783784,32.44705882352941,False,0.02586206896551724,False,False
39.8378_32.5294,0.3806700051657639,39.83783783783784,32.529411764705884,False,0.17672413793103448,False,False
39.8378_32.5412,0.3028338860316,39.83783783783784,32.54117647058823,False,0.27586206896551724,False,False
39.8378_32.5529,0.3129029236237254,39.83783783783784,32.55294117647059,False,0.15086206896551724,False,False
39.8378_32.5765,0.24805493154796043,39.83783783783784,32.576470588235296,False,0.0,False,False
39.8378_32.5882,0.24805493154796043,39.83783783783784,32.588235294117645,False,0.0,False,False
39.8378_32.6588,0.4241769283728987,39.83783783783784,32.65882352941176,False,0.23275862068965517,False,False
39.8378_32.6706,0.40662962175488393,39.83783783783784,32.67058823529412,False,0.20689655172413793,False,False
39.8378_32.6824,0.4454994115987557,39.83783783783784,32.68235294117647,False,0.22413793103448276,False,False
39.8378_32.7059,0.4867838756837836,39.83783783783784,32.705882352941174,False,0.27155172413793105,False,False
39.8378_32.7176,0.5237582356146528,39.83783783783784,32.71764705882353,False,0.2974137931034483,False,False
39.8378_32.7294,0.6324737260649066,39.83783783783784,32.72941176470588,False,0.3146551724137931,False,False
39.8378_32.7412,0.655314938816825,39.83783783783784,32.74117647058824,False,0.3146551724137931,False,False
39.8378_32.7647,0.4304648222183623,39.83783783783784,32.76470588235294,False,0.14224137931034483,False,False
39.8378_32.7765,0.4278204569065941,39.83783783783784,32.77647058823529,False,0.15086206896551724,False,False
39.8378_32.7882,0.4545369535450623,39.83783783783784,32.78823529411765,False,0.17672413793103448,False,False
39.8378_32.8,0.5446681127765458,39.83783783783784,32.8,False,0.19827586206896552,False,False
39.8378_32.8235,0.4890586785266126,39.83783783783784,32.8235294117647,False,0.1896551724137931,False,False
39.8378_32.8471,0.7490673310491641,39.83783783783784,32.84705882352941,False,0.2413793103448276,False,False
39.8378_32.8588,0.4679950789708071,39.83783783783784,32.858823529411765,False,0.2672413793103448,False,False
39.8378_33.0118,0.427033699607526,39.83783783783784,33.01176470588235,False,0.08620689655172414,False,False
39.8468_32.4118,0.5423245664225395,39.84684684684685,32.411764705882355,False,0.02586206896551724,False,False
39.8468_32.4235,0.3815231290951803,39.84684684684685,32.423529411764704,False,0.017241379310344827,False,False
39.8468_32.4471,0.5404074771431014,39.84684684684685,32.44705882352941,False,0.02586206896551724,False,False
39.8468_32.5529,0.3019746283023384,39.84684684684685,32.55294117647059,False,0.14224137931034483,False,False
39.8468_32.5882,0.36753016473187033,39.84684684684685,32.588235294117645,False,0.1810344827586207,False,False
39.8468_32.6,0.2492270180062524,39.84684684684685,32.6,False,0.0,False,False
39.8468_32.6235,0.4649115224138819,39.84684684684685,32.62352941176471,False,0.2413793103448276,False,False
39.8468_32.6353,0.47770288999414895,39.84684684684685,32.63529411764706,False,0.2629310344827586,False,False
39.8468_32.6471,0.46394456391936917,39.84684684684685,32.64705882352941,False,0.27155172413793105,False,False
39.8468_32.6588,0.5230970600771564,39.84684684684685,32.65882352941176,False,0.2025862068965517,False,False
39.8468_32.6706,0.3478552261255985,39.84684684684685,32.67058823529412,False,0.23275862068965517,False,False
39.8468_32.6824,0.49207332453499,39.84684684684685,32.68235294117647,False,0.21982758620689655,False,False
39.8468_32.7059,0.4173792776175231,39.84684684684685,32.705882352941174,False,0.24568965517241378,False,False
39.8468_32.7176,0.5180857152379683,39.84684684684685,32.71764705882353,False,0.21120689655172414,False,False
39.8468_32.7294,0.5840364419340567,39.84684684684685,32.72941176470588,False,0.23706896551724138,False,False
39.8468_32.7412,0.7134985186291452,39.84684684684685,32.74117647058824,False,0.16379310344827586,False,False
39.8468_32.7529,0.7166453537978216,39.84684684684685,32.752941176470586,False,0.14655172413793102,False,False
39.8468_32.7882,0.43207735256699903,39.84684684684685,32.78823529411765,False,0.2672413793103448,False,False
39.8468_32.8,0.5210391558217756,39.84684684684685,32.8,False,0.1810344827586207,False,False
39.8468_32.8118,0.5892944395994263,39.84684684684685,32.811764705882354,False,0.24568965517241378,False,False
39.8468_32.8235,0.576345793872945,39.84684684684685,32.8235294117647,False,0.38362068965517243,False,False
39.8468_32.8353,0.46917323134262523,39.84684684684685,32.83529411764706,False,0.21120689655172414,False,False
39.8468_32.8471,0.6481341385004012,39.84684684684685,32.84705882352941,False,0.27586206896551724,False,False
39.8468_32.8588,0.5478067742762577,39.84684684684685,32.858823529411765,False,0.28448275862068967,False,False
39.8468_32.9412,0.6584174267581543,39.84684684684685,32.94117647058823,False,0.09482758620689655,False,False
39.8468_32.9529,0.29381881566855816,39.84684684684685,32.95294117647059,False,0.21551724137931033,False,False
39.8468_32.9647,0.3035248943835285,39.84684684684685,32.96470588235294,False,0.22413793103448276,False,False
39.8559_32.4235,0.5399555561291749,39.85585585585586,32.423529411764704,False,0.02586206896551724,False,False
39.8559_32.4706,0.5564105738934705,39.85585585585586,32.47058823529412,False,0.1810344827586207,False,False
39.8559_32.4941,0.5564105738934705,39.85585585585586,32.49411764705882,False,0.1810344827586207,False,False
39.8559_32.5294,0.7299473263150372,39.85585585585586,32.529411764705884,False,0.11206896551724138,False,False
39.8559_32.5412,0.7298162685420715,39.85585585585586,32.54117647058823,False,0.11206896551724138,False,False
39.8559_32.5765,0.3098475301665769,39.85585585585586,32.576470588235296,False,0.0,False,False
39.8559_32.5882,1.0340782439936431,39.85585585585586,32.588235294117645,True,0.33620689655172414,False,True
39.8559_32.6118,0.2553114457828036,39.85585585585586,32.61176470588235,False,0.0,False,False
39.8559_32.6353,0.41340814795041003,39.85585585585586,32.63529411764706,False,0.22844827586206898,False,False
39.8559_32.6471,0.5071258438436451,39.85585585585586,32.64705882352941,False,0.2974137931034483,False,False
39.8559_32.6588,0.5226033457659132,39.85585585585586,32.65882352941176,False,0.1939655172413793,False,False
39.8559_32.6706,0.3914857455726514,39.85585585585586,32.67058823529412,False,0.19827586206896552,False,False
39.8559_32.6824,0.41799535292922757,39.85585585585586,32.68235294117647,False,0.17672413793103448,False,False
39.8559_32.6941,0.42809466234254245,39.85585585585586,32.694117647058825,False,0.17672413793103448,False,False
39.8559_32.7059,0.44094399636638876,39.85585585585586,32.705882352941174,False,0.16810344827586207,False,False
39.8559_32.7176,0.7055677147194614,39.85585585585586,32.71764705882353,False,0.23275862068965517,False,False
39.8559_32.7294,1.5573777173478045,39.85585585585586,32.72941176470588,True,0.3577586206896552,False,True
39.8559_32.7412,0.6185415899413428,39.85585585585586,32.74117647058824,False,0.27155172413793105,False,False
39.8559_32.7529,0.7101180401172386,39.85585585585586,32.752941176470586,False,0.1896551724137931,False,False
39.8559_32.7647,0.79555702539653,39.85585585585586,32.76470588235294,False,0.034482758620689655,False,False
39.8559_32.8,0.5722307891719364,39.85585585585586,32.8,False,0.33189655172413796,False,False
39.8559_32.8118,0.5171805014239984,39.85585585585586,32.811764705882354,False,0.3103448275862069,False,False
39.8559_32.8235,0.5731070126406882,39.85585585585586,32.8235294117647,False,0.28879310344827586,False,False
39.8559_32.8353,0.5044833736094824,39.85585585585586,32.83529411764706,False,0.25,False,False
39.8559_32.8471,0.5006404194903922,39.85585585585586,32.84705882352941,False,0.22844827586206898,False,False
39.8559_32.8588,0.32433017118313245,39.85585585585586,32.858823529411765,False,0.1810344827586207,False,False
39.8559_32.8706,0.46827213862978556,39.85585585585586,32.870588235294115,False,0.27586206896551724,False,False
39.8559_32.9529,0.5886102780082489,39.85585585585586,32.95294117647059,False,0.12931034482758622,False,False
39.8559_32.9647,0.2901566243805345,39.85585585585586,32.96470588235294,False,0.16379310344827586,False,False
39.8649_32.4471,0.5565610519444507,39.86486486486486,32.44705882352941,False,0.1810344827586207,False,False
39.8649_32.5294,0.7303594429075246,39.86486486486486,32.529411764705884,False,0.11206896551724138,False,False
39.8649_32.5412,0.7299473263150372,39.86486486486486,32.54117647058823,False,0.11206896551724138,False,False
39.8649_32.6,0.6052620065399525,39.86486486486486,32.6,False,0.4051724137931034,True,True
39.8649_32.6235,1.0364359294644994,39.86486486486486,32.62352941176471,True,0.33620689655172414,False,True
39.8649_32.6353,0.24333491021182582,39.86486486486486,32.63529411764706,False,0.06896551724137931,False,False
39.8649_32.6471,0.42759823244677464,39.86486486486486,32.64705882352941,False,0.21982758620689655,False,False
39.8649_32.6588,0.43929817624269296,39.86486486486486,32.65882352941176,False,0.24568965517241378,False,False
39.8649_32.6706,0.4435787674528684,39.86486486486486,32.67058823529412,False,0.24568965517241378,False,False
39.8649_32.6824,0.47028430794841297,39.86486486486486,32.68235294117647,False,0.21120689655172414,False,False
39.8649_32.6941,0.5485676811405138,39.86486486486486,32.694117647058825,False,0.008620689655172414,False,False
39.8649_32.7059,0.39733624673867235,39.86486486486486,32.705882352941174,False,0.1336206896551724,False,False
39.8649_32.7176,0.12309636139582046,39.86486486486486,32.71764705882353,False,0.04310344827586207,False,False
39.8649_32.7294,1.6535445193486478,39.86486486486486,32.72941176470588,True,0.02586206896551724,False,True
39.8649_32.7412,0.6678993461138858,39.86486486486486,32.74117647058824,False,0.3232758620689655,False,False
39.8649_32.7647,0.6233840875164924,39.86486486486486,32.76470588235294,False,0.21982758620689655,False,False
39.8649_32.8,0.5243872364958828,39.86486486486486,32.8,False,0.1896551724137931,False,False
39.8649_32.8118,0.38910084787501925,39.86486486486486,32.811764705882354,False,0.22413793103448276,False,False
39.8649_32.8235,0.4737190116691399,39.86486486486486,32.8235294117647,False,0.3103448275862069,False,False
39.8649_32.8353,0.442654485925193,39.86486486486486,32.83529411764706,False,0.19827586206896552,False,False
39.8649_32.8471,0.7269318363211643,39.86486486486486,32.84705882352941,False,0.27586206896551724,False,False
39.8649_32.8588,0.520631891623218,39.86486486486486,32.858823529411765,False,0.21120689655172414,False,False
39.8649_32.8706,0.3036309624910185,39.86486486486486,32.870588235294115,False,0.1810344827586207,False,False
39.8649_32.9412,0.24370279783451596,39.86486486486486,32.94117647058823,False,0.07758620689655173,False,False
39.8649_32.9529,0.2855914842719022,39.86486486486486,32.95294117647059,False,0.14655172413793102,False,False
39.8739_32.4824,0.4224606998127481,39.87387387387388,32.48235294117647,False,0.3879310344827586,True,True
39.8739_32.4941,0.4224606998127481,39.87387387387388,32.49411764705882,False,0.3879310344827586,True,True
39.8739_32.5882,1.5979707225731365,39.87387387387388,32.588235294117645,True,0.4051724137931034,True,True
39.8739_32.6471,0.28784923603701806,39.87387387387388,32.64705882352941,False,0.28448275862068967,False,False
39.8739_32.6588,0.4367151331663428,39.87387387387388,32.65882352941176,False,0.2025862068965517,False,False
39.8739_32.6706,0.4476754273302134,39.87387387387388,32.67058823529412,False,0.3146551724137931,False,False
39.8739_32.6824,0.5222436524656109,39.87387387387388,32.68235294117647,False,0.2801724137931034,False,False
39.8739_32.6941,0.38459258595002277,39.87387387387388,32.694117647058825,False,0.14655172413793102,False,False
39.8739_32.7059,0.42861920835646494,39.87387387387388,32.705882352941174,False,0.3275862068965517,False,False
39.8739_32.7412,0.7098832928153238,39.87387387387388,32.74117647058824,False,0.1896551724137931,False,False
39.8739_32.7529,0.5999873934729052,39.87387387387388,32.752941176470586,False,0.27586206896551724,False,False
39.8739_32.7882,0.6268691276101005,39.87387387387388,32.78823529411765,False,0.05172413793103448,False,False
39.8739_32.8,0.5737340527475354,39.87387387387388,32.8,False,0.31896551724137934,False,False
39.8739_32.8118,0.4212496014925242,39.87387387387388,32.811764705882354,False,0.31896551724137934,False,False
39.8739_32.8235,0.3434939000963963,39.87387387387388,32.8235294117647,False,0.1724137931034483,False,False
39.8739_32.8353,0.5716660480877098,39.87387387387388,32.83529411764706,False,0.2672413793103448,False,False
39.8739_32.8471,0.558128404049062,39.87387387387388,32.84705882352941,False,0.3017241379310345,False,False
39.8739_32.8588,0.4720188762494286,39.87387387387388,32.858823529411765,False,0.20689655172413793,False,False
39.8739_32.8706,0.4790968150402419,39.87387387387388,32.870588235294115,False,0.2801724137931034,False,False
39.8739_32.8824,0.9982270453408538,39.87387387387388,32.88235294117647,True,0.28879310344827586,False,True
39.8739_32.8941,1.2406110815732838,39.87387387387388,32.89411764705882,True,0.3706896551724138,False,True
39.8739_32.9294,0.3340758277938984,39.87387387387388,32.92941176470588,False,0.25,False,False
39.8739_32.9412,0.5616830320258734,39.87387387387388,32.94117647058823,False,0.22413793103448276,False,False
39.8739_32.9529,0.5125435690600011,39.87387387387388,32.95294117647059,False,0.1810344827586207,False,False
39.8739_32.9882,0.4626152616083773,39.87387387387388,32.98823529411764,False,0.33620689655172414,False,False
39.8739_33.0,0.5536975103475811,39.87387387387388,33.0,False,0.31896551724137934,False,False
39.8739_33.1765,0.4393420056716889,39.87387387387388,33.1764705882353,False,0.22413793103448276,False,False
39.8829_32.5765,0.5564105738934705,39.88288288288288,32.576470588235296,False,0.1810344827586207,False,False
39.8829_32.5882,0.5324714186427143,39.88288288288288,32.588235294117645,False,0.375,False,False
39.8829_32.6,0.7713669632745119,39.88288288288288,32.6,False,0.3103448275862069,False,False
39.8829_32.6118,0.33798494657742434,39.88288288288288,32.61176470588235,False,0.1853448275862069,False,False
39.8829_32.6235,0.41995007285307634,39.88288288288288,32.62352941176471,False,0.1810344827586207,False,False
39.8829_32.6353,0.4743799105085426,39.88288288288288,32.63529411764706,False,0.29310344827586204,False,False
39.8829_32.6471,0.43116097925743274,39.88288288288288,32.64705882352941,False,0.2413793103448276,False,False
39.8829_32.6588,0.2748384462033945,39.88288288288288,32.65882352941176,False,0.24568965517241378,False,False
39.8829_32.6706,0.48936910382691934,39.88288288288288,32.67058823529412,False,0.16810344827586207,False,False
39.8829_32.6824,0.35309859926690135,39.88288288288288,32.68235294117647,False,0.21982758620689655,False,False
39.8829_32.6941,0.588337143133539,39.88288288288288,32.694117647058825,False,0.16379310344827586,False,False
39.8829_32.7059,0.5077938631881058,39.88288288288288,32.705882352941174,False,0.12931034482758622,False,False
39.8829_32.7176,0.20700008382826304,39.88288288288288,32.71764705882353,False,0.04310344827586207,False,False
39.8829_32.7294,1.653508272977533,39.88288288288288,32.72941176470588,True,0.02586206896551724,False,True
39.8829_32.7412,0.7098832928153238,39.88288288288288,32.74117647058824,False,0.1896551724137931,False,False
39.8829_32.7529,0.6339744842485944,39.88288288288288,32.752941176470586,False,0.25,False,False
39.8829_32.7647,0.5460637756631442,39.88288288288288,32.76470588235294,False,0.11206896551724138,False,False
39.8829_32.7765,0.4504155571498845,39.88288288288288,32.77647058823529,False,0.15086206896551724,False,False
39.8829_32.7882,0.6152500521725293,39.88288288288288,32.78823529411765,False,0.13793103448275862,False,False
39.8829_32.8,0.5237696514343257,39.88288288288288,32.8,False,0.2801724137931034,False,False
39.8829_32.8118,0.4625394689818697,39.88288288288288,32.811764705882354,False,0.23275862068965517,False,False
39.8829_32.8235,0.3170907972578877,39.88288288288288,32.8235294117647,False,0.1724137931034483,False,False
39.8829_32.8353,0.5411968935865987,39.88288288288288,32.83529411764706,False,0.27155172413793105,False,False
39.8829_32.8471,0.5280982781769754,39.88288288288288,32.84705882352941,False,0.3620689655172414,False,False
39.8829_32.8588,0.4214504777343463,39.88288288288288,32.858823529411765,False,0.29310344827586204,False,False
39.8829_32.8706,0.7571059243342632,39.88288288288288,32.870588235294115,False,0.27586206896551724,False,False
39.8829_32.8824,0.9311882076539532,39.88288288288288,32.88235294117647,True,0.28448275862068967,False,True
39.8829_32.8941,0.9770624293571293,39.88288288288288,32.89411764705882,True,0.3448275862068966,False,True
39.8829_32.9059,1.2430522338869796,39.88288288288288,32.90588235294118,True,0.3706896551724138,False,True
39.8829_32.9176,0.42149535804594607,39.88288288288288,32.917647058823526,False,0.125,False,False
39.8829_32.9294,0.3246063500300496,39.88288288288288,32.92941176470588,False,0.1896551724137931,False,False
39.8829_32.9412,0.597313621462281,39.88288288288288,32.94117647058823,False,0.1206896551724138,False,False
39.8829_32.9529,0.6524708993889964,39.88288288288288,32.95294117647059,False,0.15948275862068967,False,False
39.8829_32.9647,0.7167735709731466,39.88288288288288,32.96470588235294,False,0.375,False,False
39.8829_32.9765,0.46842797036395517,39.88288288288288,32.976470588235294,False,0.3275862068965517,False,False
39.8829_32.9882,0.4568310628754075,39.88288288288288,32.98823529411764,False,0.33620689655172414,False,False
39.8919_32.4824,0.42048504856380375,39.891891891891895,32.48235294117647,False,0.3879310344827586,True,True
39.8919_32.4941,0.42048504856380375,39.891891891891895,32.49411764705882,False,0.3879310344827586,True,True
39.8919_32.5529,0.6596365418411907,39.891891891891895,32.55294117647059,False,0.12931034482758622,False,False
39.8919_32.6118,0.317999168899462,39.891891891891895,32.61176470588235,False,0.2413793103448276,False,False
39.8919_32.6235,0.43221457602259933,39.891891891891895,32.62352941176471,False,0.2672413793103448,False,False
39.8919_32.6353,0.4521855618674799,39.891891891891895,32.63529411764706,False,0.25862068965517243,False,False
39.8919_32.6471,0.3790605416798813,39.891891891891895,32.64705882352941,False,0.19827586206896552,False,False
39.8919_32.6588,0.3744313101415914,39.891891891891895,32.65882352941176,False,0.11206896551724138,False,False
39.8919_32.6706,0.5010651072619887,39.891891891891895,32.67058823529412,False,0.1810344827586207,False,False
39.8919_32.6824,0.19945175204187165,39.891891891891895,32.68235294117647,False,0.034482758620689655,False,False
39.8919_32.6941,0.46009047148532817,39.891891891891895,32.694117647058825,False,0.23275862068965517,False,False
39.8919_32.7059,0.6342329874374046,39.891891891891895,32.705882352941174,False,0.15948275862068967,False,False
39.8919_32.7176,0.6212177744856813,39.891891891891895,32.71764705882353,False,0.29310344827586204,False,False
39.8919_32.7294,0.6222434795427945,39.891891891891895,32.72941176470588,False,0.14655172413793102,False,False
39.8919_32.7412,0.6461786495576436,39.891891891891895,32.74117647058824,False,0.33189655172413796,False,False
39.8919_32.7529,0.7439391086077983,39.891891891891895,32.752941176470586,False,0.39655172413793105,True,True
39.8919_32.7647,0.6374626838113708,39.891891891891895,32.76470588235294,False,0.25862068965517243,False,False
39.8919_32.7882,0.6944615538313486,39.891891891891895,32.78823529411765,False,0.1724137931034483,False,False
39.8919_32.8,0.4399957450256791,39.891891891891895,32.8,False,0.1810344827586207,False,False
39.8919_32.8118,0.5687198262896779,39.891891891891895,32.811764705882354,False,0.02586206896551724,False,False
39.8919_32.8235,0.33649098073482764,39.891891891891895,32.8235294117647,False,0.22413793103448276,False,False
39.8919_32.8353,0.45526774190624986,39.891891891891895,32.83529411764706,False,0.2543103448275862,False,False
39.8919_32.8471,0.5106056249307029,39.891891891891895,32.84705882352941,False,0.23275862068965517,False,False
39.8919_32.8588,0.6442392275398754,39.891891891891895,32.858823529411765,False,0.25862068965517243,False,False
39.8919_32.8706,0.8598514527151293,39.891891891891895,32.870588235294115,False,0.2801724137931034,False,False
39.8919_32.8824,0.838095675588792,39.891891891891895,32.88235294117647,False,0.28448275862068967,False,False
39.8919_32.8941,1.2430522338869796,39.891891891891895,32.89411764705882,True,0.3706896551724138,False,True
39.8919_32.9059,0.7396498889429088,39.891891891891895,32.90588235294118,False,0.27155172413793105,False,False
39.8919_32.9176,0.40002218933958,39.891891891891895,32.917647058823526,False,0.0603448275862069,False,False
39.8919_32.9294,0.35581064883518576,39.891891891891895,32.92941176470588,False,0.28879310344827586,False,False
39.8919_32.9529,0.652471434044606,39.891891891891895,32.95294117647059,False,0.15948275862068967,False,False
39.8919_32.9647,0.4610486307366231,39.891891891891895,32.96470588235294,False,0.1810344827586207,False,False
39.8919_32.9765,0.458144631107161,39.891891891891895,32.976470588235294,False,0.3448275862068966,False,False
39.8919_33.0118,0.5713482641362112,39.891891891891895,33.01176470588235,False,0.33620689655172414,False,False
39.8919_33.0235,0.6045124707918549,39.891891891891895,33.023529411764706,False,0.3017241379310345,False,False
39.8919_33.0353,0.6045124707918549,39.891891891891895,33.035294117647055,False,0.3017241379310345,False,False
39.9009_32.4706,0.5564104055653362,39.9009009009009,32.47058823529412,False,0.1810344827586207,False,False
39.9009_32.6235,0.41918532506366263,39.9009009009009,32.62352941176471,False,0.27586206896551724,False,False
39.9009_32.6353,0.5282329601267968,39.9009009009009,32.63529411764706,False,0.3103448275862069,False,False
39.9009_32.6471,0.5650376173103618,39.9009009009009,32.64705882352941,False,0.20689655172413793,False,False
39.9009_32.6824,0.32302035478171365,39.9009009009009,32.68235294117647,False,0.2672413793103448,False,False
39.9009_32.6941,0.2646226884560737,39.9009009009009,32.694117647058825,False,0.20689655172413793,False,False
39.9009_32.7059,0.43056589342113294,39.9009009009009,32.705882352941174,False,0.3448275862068966,False,False
39.9009_32.7294,0.6961670999682695,39.9009009009009,32.72941176470588,False,0.125,False,False
39.9009_32.7412,0.6371252378275407,39.9009009009009,32.74117647058824,False,0.27586206896551724,False,False
39.9009_32.7529,0.82456867409656,39.9009009009009,32.752941176470586,False,0.2974137931034483,False,False
39.9009_32.7647,0.5490000018094491,39.9009009009009,32.76470588235294,False,0.09482758620689655,False,False
39.9009_32.7765,0.6434245718356384,39.9009009009009,32.77647058823529,False,0.3103448275862069,False,False
39.9009_32.7882,0.35762279165523064,39.9009009009009,32.78823529411765,False,0.22844827586206898,False,False
39.9009_32.8,0.6153335506709784,39.9009009009009,32.8,False,0.19827586206896552,False,False
39.9009_32.8118,0.4863541661830183,39.9009009009009,32.811764705882354,False,0.3103448275862069,False,False
39.9009_32.8353,0.43851869826540585,39.9009009009009,32.83529411764706,False,0.33189655172413796,False,False
39.9009_32.8471,0.43447687359470816,39.9009009009009,32.84705882352941,False,0.1724137931034483,False,False
39.9009_32.8588,0.8189213981498302,39.9009009009009,32.858823529411765,False,0.27586206896551724,False,False
39.9009_32.8706,0.7750731438448712,39.9009009009009,32.870588235294115,False,0.2974137931034483,False,False
39.9009_32.8824,0.5782774917460262,39.9009009009009,32.88235294117647,False,0.3275862068965517,False,False
39.9009_32.8941,0.43115602455409846,39.9009009009009,32.89411764705882,False,0.1810344827586207,False,False
39.9009_32.9059,0.6311228992593897,39.9009009009009,32.90588235294118,False,0.07758620689655173,False,False
39.9009_32.9176,0.3440169351547037,39.9009009009009,32.917647058823526,False,0.2629310344827586,False,False
39.9009_32.9294,0.35167418409192114,39.9009009009009,32.92941176470588,False,0.16810344827586207,False,False
39.9009_32.9412,0.5062266323890128,39.9009009009009,32.94117647058823,False,0.28448275862068967,False,False
39.9009_32.9529,0.5305808034149542,39.9009009009009,32.95294117647059,False,0.28879310344827586,False,False
39.9009_32.9647,0.5895491808495563,39.9009009009009,32.96470588235294,False,0.2672413793103448,False,False
39.9009_32.9765,0.5516480611462735,39.9009009009009,32.976470588235294,False,0.28448275862068967,False,False
39.9009_33.0,0.5300176865350925,39.9009009009009,33.0,False,0.33620689655172414,False,False
39.9009_33.0118,0.5189737125286437,39.9009009009009,33.01176470588235,False,0.29310344827586204,False,False
39.9009_33.0235,0.5983498966113093,39.9009009009009,33.023529411764706,False,0.3017241379310345,False,False
39.9009_33.0353,0.5963011068128851,39.9009009009009,33.035294117647055,False,0.3017241379310345,False,False
39.9099_32.5882,0.7304986201503673,39.90990990990991,32.588235294117645,False,0.30603448275862066,False,False
39.9099_32.6235,0.4393212073791244,39.90990990990991,32.62352941176471,False,0.22413793103448276,False,False
39.9099_32.6353,0.35884325271909273,39.90990990990991,32.63529411764706,False,0.13793103448275862,False,False
39.9099_32.6471,0.9379000408606794,39.90990990990991,32.64705882352941,True,0.5344827586206896,True,True
39.9099_32.7059,0.4882840722017993,39.90990990990991,32.705882352941174,False,0.27586206896551724,False,False
39.9099_32.7294,0.881864415069131,39.90990990990991,32.72941176470588,False,0.3146551724137931,False,False
39.9099_32.7412,0.48981854882195297,39.90990990990991,32.74117647058824,False,0.22844827586206898,False,False
39.9099_32.7529,0.6035830464449955,39.90990990990991,32.752941176470586,False,0.3103448275862069,False,False
39.9099_32.7647,0.5958553349736576,39.90990990990991,32.76470588235294,False,0.21551724137931033,False,False
39.9099_32.7765,0.7641314147160175,39.90990990990991,32.77647058823529,False,0.2672413793103448,False,False
39.9099_32.7882,0.5495212497954344,39.90990990990991,32.78823529411765,False,0.04310344827586207,False,False
39.9099_32.8,0.5693118428016352,39.90990990990991,32.8,False,0.34051724137931033,False,False
39.9099_32.8118,0.5211596164834779,39.90990990990991,32.811764705882354,False,0.0,False,False
39.9099_32.8235,0.3473713730596004,39.90990990990991,32.8235294117647,False,0.21551724137931033,False,False
39.9099_32.8353,0.3964847347493943,39.90990990990991,32.83529411764706,False,0.35344827586206895,False,False
39.9099_32.8471,0.49713079300085344,39.90990990990991,32.84705882352941,False,0.0,False,False
39.9099_32.8588,0.7257347251823891,39.90990990990991,32.858823529411765,False,0.27586206896551724,False,False
39.9099_32.8706,0.3764034997934517,39.90990990990991,32.870588235294115,False,0.1724137931034483,False,False
39.9099_32.8824,0.6639991296892181,39.90990990990991,32.88235294117647,False,0.14224137931034483,False,False
39.9099_32.8941,0.537383437728083,39.90990990990991,32.89411764705882,False,0.15517241379310345,False,False
39.9099_32.9059,0.42827608756312235,39.90990990990991,32.90588235294118,False,0.0,False,False
39.9099_32.9176,0.40060730739340444,39.90990990990991,32.917647058823526,False,0.13793103448275862,False,False
39.9099_32.9294,0.4508664344172725,39.90990990990991,32.92941176470588,False,0.04310344827586207,False,False
39.9099_32.9412,0.4941631057171141,39.90990990990991,32.94117647058823,False,0.2974137931034483,False,False
39.9099_32.9529,0.49598455279253106,39.90990990990991,32.95294117647059,False,0.0,False,False
39.9099_32.9647,0.403255580113428,39.90990990990991,32.96470588235294,False,0.21551724137931033,False,False
39.9099_32.9765,0.47604137475439656,39.90990990990991,32.976470588235294,False,0.34051724137931033,False,False
39.9099_32.9882,0.4996587918478744,39.90990990990991,32.98823529411764,False,0.33189655172413796,False,False
39.9099_33.0471,0.3901890524624938,39.90990990990991,33.04705882352941,False,0.17672413793103448,False,False
39.9189_32.5765,0.7282082645317425,39.91891891891892,32.576470588235296,False,0.30603448275862066,False,False
39.9189_32.6235,0.44429879746771883,39.91891891891892,32.62352941176471,False,0.22413793103448276,False,False
39.9189_32.6353,0.3703350478689586,39.91891891891892,32.63529411764706,False,0.1724137931034483,False,False
39.9189_32.6471,0.7226848168255915,39.91891891891892,32.64705882352941,False,0.34913793103448276,False,False
39.9189_32.6824,0.9072844829891967,39.91891891891892,32.68235294117647,True,0.4482758620689655,True,True
39.9189_32.6941,0.530207827917903,39.91891891891892,32.694117647058825,False,0.22413793103448276,False,False
39.9189_32.7294,0.4393212073791244,39.91891891891892,32.72941176470588,False,0.22413793103448276,False,False
39.9189_32.7765,1.0584589734789185,39.91891891891892,32.77647058823529,True,0.28879310344827586,False,True
39.9189_32.7882,0.34279630648868464,39.91891891891892,32.78823529411765,False,0.1896551724137931,False,False
39.9189_32.8,0.28027141930480215,39.91891891891892,32.8,False,0.034482758620689655,False,False
39.9189_32.8118,0.758286443217662,39.91891891891892,32.811764705882354,False,0.25862068965517243,False,False
39.9189_32.8235,0.610219631498016,39.91891891891892,32.8235294117647,False,0.1724137931034483,False,False
39.9189_32.8353,0.601936346585817,39.91891891891892,32.83529411764706,False,0.1810344827586207,False,False
39.9189_32.8471,0.6327863875450938,39.91891891891892,32.84705882352941,False,0.0,False,False
39.9189_32.8588,0.5042306445869099,39.91891891891892,32.858823529411765,False,0.0,False,False
39.9189_32.8706,0.4326060510968591,39.91891891891892,32.870588235294115,False,0.3017241379310345,False,False
39.9189_32.8824,0.5168672267834987,39.91891891891892,32.88235294117647,False,0.16810344827586207,False,False
39.9189_32.8941,0.43122230430383995,39.91891891891892,32.89411764705882,False,0.38362068965517243,False,False
39.9189_32.9059,0.3772488314254315,39.91891891891892,32.90588235294118,False,0.1896551724137931,False,False
39.9189_32.9176,0.496207713990355,39.91891891891892,32.917647058823526,False,0.0,False,False
39.9189_32.9294,0.6948589191319949,39.91891891891892,32.92941176470588,False,0.1896551724137931,False,False
39.9189_32.9412,0.5519198311668305,39.91891891891892,32.94117647058823,False,0.1724137931034483,False,False
39.9189_32.9529,0.30966986787403705,39.91891891891892,32.95294117647059,False,0.05172413793103448,False,False
39.9189_32.9647,0.5333881650474007,39.91891891891892,32.96470588235294,False,0.1896551724137931,False,False
39.9189_32.9765,0.5665506783997108,39.91891891891892,32.976470588235294,False,0.2801724137931034,False,False
39.9189_32.9882,0.5671521269731387,39.91891891891892,32.98823529411764,False,0.29310344827586204,False,False
39.9189_33.0588,0.5664882200054173,39.91891891891892,33.05882352941176,False,0.2801724137931034,False,False
39.9279_32.5647,0.5275522995635342,39.927927927927925,32.56470588235294,False,0.05172413793103448,False,False
39.9279_32.5765,0.5617216787550356,39.927927927927925,32.576470588235296,False,0.16810344827586207,False,False
39.9279_32.5882,0.4265569035056183,39.927927927927925,32.588235294117645,False,0.04310344827586207,False,False
39.9279_32.6,1.5339980579009758,39.927927927927925,32.6,True,0.19827586206896552,False,True
39.9279_32.6118,0.7424181848876109,39.927927927927925,32.61176470588235,False,0.3577586206896552,False,False
39.9279_32.6235,0.4903450064560468,39.927927927927925,32.62352941176471,False,0.2543103448275862,False,False
39.9279_32.6353,0.518885213466964,39.927927927927925,32.63529411764706,False,0.3103448275862069,False,False
39.9279_32.6471,0.34757522630860355,39.927927927927925,32.64705882352941,False,0.2801724137931034,False,False
39.9279_32.6588,0.41775513008348447,39.927927927927925,32.65882352941176,False,0.27586206896551724,False,False
39.9279_32.6941,0.530207827917903,39.927927927927925,32.694117647058825,False,0.22413793103448276,False,False
39.9279_32.7059,0.5974578354077921,39.927927927927925,32.705882352941174,False,0.2672413793103448,False,False
39.9279_32.7647,1.149004772227902,39.927927927927925,32.76470588235294,True,0.3577586206896552,False,True
39.9279_32.7765,2.0141418020976225,39.927927927927925,32.77647058823529,True,0.33189655172413796,False,True
39.9279_32.7882,1.0464183438983405,39.927927927927925,32.78823529411765,True,0.22844827586206898,False,True
39.9279_32.8,0.7509214976770151,39.927927927927925,32.8,False,0.22413793103448276,False,False
39.9279_32.8118,0.7609110033113956,39.927927927927925,32.811764705882354,False,0.0,False,False
39.9279_32.8235,1.1756954459769224,39.927927927927925,32.8235294117647,True,0.40948275862068967,True,True
39.9279_32.8353,0.5665577246402492,39.927927927927925,32.83529411764706,False,0.0,False,False
39.9279_32.8471,0.7402232857071691,39.927927927927925,32.84705882352941,False,0.0,False,False
39.9279_32.8588,0.543562154415347,39.927927927927925,32.858823529411765,False,0.0,False,False
39.9279_32.8706,0.5576843661435875,39.927927927927925,32.870588235294115,False,0.0,False,False
39.9279_32.8824,0.5078333320529097,39.927927927927925,32.88235294117647,False,0.0,False,False
39.9279_32.8941,0.4485496654742703,39.927927927927925,32.89411764705882,False,0.0,False,False
39.9279_32.9059,0.43987959756715356,39.927927927927925,32.90588235294118,False,0.0,False,False
39.9279_32.9176,0.45150338579818994,39.927927927927925,32.917647058823526,False,0.15517241379310345,False,False
39.9279_33.0,0.5665820829052788,39.927927927927925,33.0,False,0.2801724137931034,False,False
39.9279_33.0118,0.39673407228780144,39.927927927927925,33.01176470588235,False,0.034482758620689655,False,False
39.9279_33.0235,0.40276591325675976,39.927927927927925,33.023529411764706,False,0.15948275862068967,False,False
39.9369_32.5412,0.32375069074205404,39.93693693693694,32.54117647058823,False,0.2974137931034483,False,False
39.9369_32.5529,0.5438205047578213,39.93693693693694,32.55294117647059,False,0.2025862068965517,False,False
39.9369_32.5647,0.4797543903608518,39.93693693693694,32.56470588235294,False,0.0,False,False
39.9369_32.5765,0.48473474118044624,39.93693693693694,32.576470588235296,False,0.06896551724137931,False,False
39.9369_32.5882,0.5207159832446231,39.93693693693694,32.588235294117645,False,0.017241379310344827,False,False
39.9369_32.6,0.5802028973864073,39.93693693693694,32.6,False,0.28879310344827586,False,False
39.9369_32.6118,0.4673666663661909,39.93693693693694,32.61176470588235,False,0.14655172413793102,False,False
39.9369_32.6235,0.4302371397209501,39.93693693693694,32.62352941176471,False,0.22844827586206898,False,False
39.9369_32.6353,0.4237326989470289,39.93693693693694,32.63529411764706,False,0.0,False,False
39.9369_32.6471,0.41374156695084946,39.93693693693694,32.64705882352941,False,0.34051724137931033,False,False
39.9369_32.6588,0.3673482688317574,39.93693693693694,32.65882352941176,False,0.125,False,False
39.9369_32.6706,0.52144730344222,39.93693693693694,32.67058823529412,False,0.22413793103448276,False,False
39.9369_32.6824,0.4068065345442593,39.93693693693694,32.68235294117647,False,0.2672413793103448,False,False
39.9369_32.7059,0.5737490508386149,39.93693693693694,32.705882352941174,False,0.0,False,False
39.9369_32.7176,0.5138085730026465,39.93693693693694,32.71764705882353,False,0.0,False,False
39.9369_32.7294,0.4756830986083763,39.93693693693694,32.72941176470588,False,0.3448275862068966,False,False
39.9369_32.7412,0.5144773637988799,39.93693693693694,32.74117647058824,False,0.0,False,False
39.9369_32.7529,0.5161299758084004,39.93693693693694,32.752941176470586,False,0.0,False,False
39.9369_32.7647,0.4189760200093581,39.93693693693694,32.76470588235294,False,0.2413793103448276,False,False
39.9369_32.7765,0.5659310280398846,39.93693693693694,32.77647058823529,False,0.1939655172413793,False,False
39.9369_32.7882,0.48816514737524824,39.93693693693694,32.78823529411765,False,0.2629310344827586,False,False
39.9369_32.8,0.5759525249350489,39.93693693693694,32.8,False,0.25,False,False
39.9369_32.8118,0.6507152758205675,39.93693693693694,32.811764705882354,False,0.1853448275862069,False,False
39.9369_32.8235,0.7825694472973687,39.93693693693694,32.8235294117647,False,0.23706896551724138,False,False
39.9369_32.8353,0.7169232465203532,39.93693693693694,32.83529411764706,False,0.0,False,False
39.9369_32.8471,0.6054367889689102,39.93693693693694,32.84705882352941,False,0.0,False,False
39.9369_32.8588,0.45869047784049477,39.93693693693694,32.858823529411765,False,0.2413793103448276,False,False
39.9369_32.8706,0.5026225066494698,39.93693693693694,32.870588235294115,False,0.0,False,False
39.9369_32.8824,0.4829338163412966,39.93693693693694,32.88235294117647,False,0.25862068965517243,False,False
39.9369_32.8941,0.32052083641176776,39.93693693693694,32.89411764705882,False,0.15086206896551724,False,False
39.9369_32.9059,0.3618751107839238,39.93693693693694,32.90588235294118,False,0.1810344827586207,False,False
39.9369_32.9176,0.39597240249438687,39.93693693693694,32.917647058823526,False,0.21120689655172414,False,False
39.9369_33.0,0.5665046026246834,39.93693693693694,33.0,False,0.2801724137931034,False,False
39.9369_33.0118,0.566767692054398,39.93693693693694,33.01176470588235,False,0.27155172413793105,False,False
39.9369_33.0235,0.396753275555625,39.93693693693694,33.023529411764706,False,0.15086206896551724,False,False
39.9369_33.0941,0.4415949331756744,39.93693693693694,33.09411764705882,False,0.22413793103448276,False,False
39.9459_32.5294,0.3619087389293977,39.94594594594594,32.529411764705884,False,0.27586206896551724,False,False
39.9459_32.5412,0.2880878197952365,39.94594594594594,32.54117647058823,False,0.16379310344827586,False,False
39.9459_32.5529,0.3217632272921608,39.94594594594594,32.55294117647059,False,0.15517241379310345,False,False
39.9459_32.5647,0.3731071173161535,39.94594594594594,32.56470588235294,False,0.017241379310344827,False,False
39.9459_32.5765,0.433659737011249,39.94594594594594,32.576470588235296,False,0.0,False,False
39.9459_32.5882,0.42724307778588055,39.94594594594594,32.588235294117645,False,0.3017241379310345,False,False
39.9459_32.6,0.4771547923854587,39.94594594594594,32.6,False,0.0,False,False
39.9459_32.6118,0.4730976561280884,39.94594594594594,32.61176470588235,False,0.25,False,False
39.9459_32.6235,0.477019142861409,39.94594594594594,32.62352941176471,False,0.3103448275862069,False,False
39.9459_32.6353,0.5029251494376057,39.94594594594594,32.63529411764706,False,0.2413793103448276,False,False
39.9459_32.6471,0.544294556868239,39.94594594594594,32.64705882352941,False,0.0,False,False
39.9459_32.6588,0.5880550269786519,39.94594594594594,32.65882352941176,False,0.0,False,False
39.9459_32.6941,0.5678753950817723,39.94594594594594,32.694117647058825,False,0.0,False,False
39.9459_32.7059,0.665012794305454,39.94594594594594,32.705882352941174,False,0.11206896551724138,False,False
39.9459_32.7176,0.47025856004096406,39.94594594594594,32.71764705882353,False,0.20689655172413793,False,False
39.9459_32.7294,0.48208945653704033,39.94594594594594,32.72941176470588,False,0.19827586206896552,False,False
39.9459_32.7412,0.6127584758705221,39.94594594594594,32.74117647058824,False,0.25862068965517243,False,False
39.9459_32.7529,0.47999711569620807,39.94594594594594,32.752941176470586,False,0.30603448275862066,False,False
39.9459_32.7647,0.7663960140028465,39.94594594594594,32.76470588235294,False,0.1853448275862069,False,False
39.9459_32.7765,0.5745987201095095,39.94594594594594,32.77647058823529,False,0.0,False,False
39.9459_32.7882,0.5374140345641776,39.94594594594594,32.78823529411765,False,0.0,False,False
39.9459_32.8,0.4849371777420595,39.94594594594594,32.8,False,0.0,False,False
39.9459_32.8118,0.461024049984572,39.94594594594594,32.811764705882354,False,0.2672413793103448,False,False
39.9459_32.8235,0.5102084273392712,39.94594594594594,32.8235294117647,False,0.008620689655172414,False,False
39.9459_32.8353,0.4575839956440969,39.94594594594594,32.83529411764706,False,0.0,False,False
39.9459_32.8471,0.65172683133209,39.94594594594594,32.84705882352941,False,0.0,False,False
39.9459_32.8588,0.35455025873428525,39.94594594594594,32.858823529411765,False,0.16379310344827586,False,False
39.9459_32.8706,0.3470308374624759,39.94594594594594,32.870588235294115,False,0.1896551724137931,False,False
39.9459_32.8824,0.42220086221337777,39.94594594594594,32.88235294117647,False,0.28448275862068967,False,False
39.9459_32.8941,0.5365028650297728,39.94594594594594,32.89411764705882,False,0.0,False,False
39.9459_32.9059,0.47623798885736973,39.94594594594594,32.90588235294118,False,0.2025862068965517,False,False
39.9459_32.9176,0.439413208427248,39.94594594594594,32.917647058823526,False,0.1896551724137931,False,False
39.9459_32.9882,0.4549909018550106,39.94594594594594,32.98823529411764,False,0.3620689655172414,False,False
39.9459_33.0353,0.42263393247471426,39.94594594594594,33.035294117647055,False,0.09913793103448276,False,False
39.9459_33.0471,0.3901890524624938,39.94594594594594,33.04705882352941,False,0.17672413793103448,False,False
39.9459_33.0588,0.3901890524624938,39.94594594594594,33.05882352941176,False,0.17672413793103448,False,False
39.9459_33.0706,0.3901890524624938,39.94594594594594,33.07058823529412,False,0.17672413793103448,False,False
39.9459_33.0941,0.3901890524624938,39.94594594594594,33.09411764705882,False,0.17672413793103448,False,False
39.9459_33.1882,0.4393420056716889,39.94594594594594,33.188235294117646,False,0.22413793103448276,False,False
39.955_32.5529,0.310235709215964,39.95495495495496,32.55294117647059,False,0.28448275862068967,False,False
39.955_32.5647,0.3043188347688758,39.95495495495496,32.56470588235294,False,0.23275862068965517,False,False
39.955_32.5765,0.5768761401139465,39.95495495495496,32.576470588235296,False,0.0,False,False
39.955_32.5882,0.5585884895950486,39.95495495495496,32.588235294117645,False,0.35344827586206895,False,False
39.955_32.6,0.5483946625839483,39.95495495495496,32.6,False,0.008620689655172414,False,False
39.955_32.6118,0.5344408719419987,39.95495495495496,32.61176470588235,False,0.3017241379310345,False,False
39.955_32.6235,0.5767704254008533,39.95495495495496,32.62352941176471,False,0.29310344827586204,False,False
39.955_32.6471,0.4879605210057845,39.95495495495496,32.64705882352941,False,0.3620689655172414,False,False
39.955_32.6588,0.5672779911230512,39.95495495495496,32.65882352941176,False,0.0,False,False
39.955_32.6706,0.48076118435568954,39.95495495495496,32.67058823529412,False,0.25862068965517243,False,False
39.955_32.6824,0.5658657353607615,39.95495495495496,32.68235294117647,False,0.0,False,False
39.955_32.6941,0.5106799159689116,39.95495495495496,32.694117647058825,False,0.2801724137931034,False,False
39.955_32.7059,0.5454039379941368,39.95495495495496,32.705882352941174,False,0.1939655172413793,False,False
39.955_32.7176,0.43532752257457275,39.95495495495496,32.71764705882353,False,0.25862068965517243,False,False
39.955_32.7294,0.4542406310098269,39.95495495495496,32.72941176470588,False,0.14655172413793102,False,False
39.955_32.7412,0.5081726637500711,39.95495495495496,32.74117647058824,False,0.16379310344827586,False,False
39.955_32.7529,0.7832479343459376,39.95495495495496,32.752941176470586,False,0.31896551724137934,False,False
39.955_32.7647,0.5503726145374258,39.95495495495496,32.76470588235294,False,0.29310344827586204,False,False
39.955_32.7765,0.6101768829203926,39.95495495495496,32.77647058823529,False,0.27155172413793105,False,False
39.955_32.7882,0.6556422823799658,39.95495495495496,32.78823529411765,False,0.31896551724137934,False,False
39.955_32.8,0.5224903312835991,39.95495495495496,32.8,False,0.21982758620689655,False,False
39.955_32.8118,0.4796121068621949,39.95495495495496,32.811764705882354,False,0.2974137931034483,False,False
39.955_32.8235,0.4149896074086106,39.95495495495496,32.8235294117647,False,0.19827586206896552,False,False
39.955_32.8353,0.5167360641964434,39.95495495495496,32.83529411764706,False,0.34913793103448276,False,False
39.955_32.8471,0.5466876172765235,39.95495495495496,32.84705882352941,False,0.3275862068965517,False,False
39.955_32.8588,0.5325159320371694,39.95495495495496,32.858823529411765,False,0.0,False,False
39.955_32.8706,0.39760014933597065,39.95495495495496,32.870588235294115,False,0.0,False,False
39.955_32.8824,0.6111612702924761,39.95495495495496,32.88235294117647,False,0.16379310344827586,False,False
39.955_32.8941,0.5626390465168174,39.95495495495496,32.89411764705882,False,0.017241379310344827,False,False
39.955_32.9059,0.5181119648140611,39.95495495495496,32.90588235294118,False,0.3103448275862069,False,False
39.955_32.9176,0.5541073501583603,39.95495495495496,32.917647058823526,False,0.3620689655172414,False,False
39.955_32.9294,0.48305620568275176,39.95495495495496,32.92941176470588,False,0.3017241379310345,False,False
39.955_32.9412,0.4937719632871253,39.95495495495496,32.94117647058823,False,0.28879310344827586,False,False
39.955_32.9529,0.43213912868543813,39.95495495495496,32.95294117647059,False,0.28879310344827586,False,False
39.955_32.9647,0.3911440377431722,39.95495495495496,32.96470588235294,False,0.3275862068965517,False,False
39.955_32.9765,0.5035875815660037,39.95495495495496,32.976470588235294,False,0.2801724137931034,False,False
39.955_33.0941,0.3901890524624938,39.95495495495496,33.09411764705882,False,0.17672413793103448,False,False
39.955_33.1765,0.38545278599047933,39.95495495495496,33.1764705882353,False,0.0603448275862069,False,False
39.955_33.1882,0.45499105864810685,39.95495495495496,33.188235294117646,False,0.3620689655172414,False,False
39.964_32.5176,0.3872210381469868,39.96396396396396,32.51764705882353,False,0.3017241379310345,False,False
39.964_32.5294,0.3815231290951803,39.96396396396396,32.529411764705884,False,0.017241379310344827,False,False
39.964_32.5412,0.3815231290951803,39.96396396396396,32.54117647058823,False,0.017241379310344827,False,False
39.964_32.5647,0.5164777304155699,39.96396396396396,32.56470588235294,False,0.3017241379310345,False,False
39.964_32.5765,0.5466131200999685,39.96396396396396,32.576470588235296,False,0.3706896551724138,False,False
39.964_32.5882,0.6424151195416125,39.96396396396396,32.588235294117645,False,0.1896551724137931,False,False
39.964_32.6,0.5151014090870925,39.96396396396396,32.6,False,0.30603448275862066,False,False
39.964_32.6118,0.45806060129388615,39.96396396396396,32.61176470588235,False,0.2801724137931034,False,False
39.964_32.6235,0.4885741331423244,39.96396396396396,32.62352941176471,False,0.2672413793103448,False,False
39.964_32.6353,0.631247109433927,39.96396396396396,32.63529411764706,False,0.0,False,False
39.964_32.6471,0.528518432324472,39.96396396396396,32.64705882352941,False,0.008620689655172414,False,False
39.964_32.6588,0.4926495567799249,39.96396396396396,32.65882352941176,False,0.17672413793103448,False,False
39.964_32.6706,0.4590682009727713,39.96396396396396,32.67058823529412,False,0.21120689655172414,False,False
39.964_32.6824,0.5524391359383707,39.96396396396396,32.68235294117647,False,0.2413793103448276,False,False
39.964_32.6941,0.5752781993873064,39.96396396396396,32.694117647058825,False,0.22413793103448276,False,False
39.964_32.7059,0.5503050054729068,39.96396396396396,32.705882352941174,False,0.28879310344827586,False,False
39.964_32.7176,0.5786024579624303,39.96396396396396,32.71764705882353,False,0.0,False,False
39.964_32.7294,0.40403474229679637,39.96396396396396,32.72941176470588,False,0.1206896551724138,False,False
39.964_32.7412,0.5644236296151461,39.96396396396396,32.74117647058824,False,0.27155172413793105,False,False
39.964_32.7529,0.7517469061154567,39.96396396396396,32.752941176470586,False,0.22844827586206898,False,False
39.964_32.7647,0.4633745873992281,39.96396396396396,32.76470588235294,False,0.27586206896551724,False,False
39.964_32.7765,0.5043241330259408,39.96396396396396,32.77647058823529,False,0.27586206896551724,False,False
39.964_32.7882,0.4090974580004968,39.96396396396396,32.78823529411765,False,0.08620689655172414,False,False
39.964_32.8,0.43027301144534874,39.96396396396396,32.8,False,0.1724137931034483,False,False
39.964_32.8118,0.40986811058358247,39.96396396396396,32.811764705882354,False,0.3275862068965517,False,False
39.964_32.8235,0.5563959110256781,39.96396396396396,32.8235294117647,False,0.27586206896551724,False,False
39.964_32.8353,0.5988821832373593,39.96396396396396,32.83529411764706,False,0.0,False,False
39.964_32.8471,0.5127426978845975,39.96396396396396,32.84705882352941,False,0.21551724137931033,False,False
39.964_32.8588,0.3784283160680393,39.96396396396396,32.858823529411765,False,0.27155172413793105,False,False
39.964_32.8706,0.4663369270916281,39.96396396396396,32.870588235294115,False,0.0,False,False
39.964_32.8824,0.42234393974723505,39.96396396396396,32.88235294117647,False,0.16379310344827586,False,False
39.964_32.8941,0.6480424306429159,39.96396396396396,32.89411764705882,False,0.2025862068965517,False,False
39.964_32.9059,0.4795755531168552,39.96396396396396,32.90588235294118,False,0.2801724137931034,False,False
39.964_32.9176,0.4622236607391864,39.96396396396396,32.917647058823526,False,0.3146551724137931,False,False
39.964_32.9294,0.4830226378657036,39.96396396396396,32.92941176470588,False,0.27155172413793105,False,False
39.964_32.9412,0.5627486163127805,39.96396396396396,32.94117647058823,False,0.2672413793103448,False,False
39.964_32.9529,0.5043815728405979,39.96396396396396,32.95294117647059,False,0.30603448275862066,False,False
39.964_32.9647,0.57717487591373,39.96396396396396,32.96470588235294,False,0.2801724137931034,False,False
39.964_32.9765,0.5357642300317548,39.96396396396396,32.976470588235294,False,0.2801724137931034,False,False
39.964_32.9882,0.44923648127229854,39.96396396396396,32.98823529411764,False,0.15948275862068967,False,False
39.964_33.0,0.49346525491249293,39.96396396396396,33.0,False,0.15948275862068967,False,False
39.964_33.0941,0.3884484907076036,39.96396396396396,33.09411764705882,False,0.17672413793103448,False,False
39.964_33.1059,0.38817571878370977,39.96396396396396,33.10588235294117,False,0.17672413793103448,False,False
39.964_33.1294,0.3874503057361705,39.96396396396396,33.12941176470588,False,0.17672413793103448,False,False
39.964_33.1412,0.3874503057361705,39.96396396396396,33.141176470588235,False,0.17672413793103448,False,False
39.964_33.1529,0.3805059879352069,39.96396396396396,33.15294117647059,False,0.1336206896551724,False,False
39.973_32.5529,0.3815231290951803,39.972972972972975,32.55294117647059,False,0.017241379310344827,False,False
39.973_32.5647,0.4469025025792903,39.972972972972975,32.56470588235294,False,0.22413793103448276,False,False
39.973_32.5765,0.5752710928802652,39.972972972972975,32.576470588235296,False,0.0,False,False
39.973_32.5882,0.4535172829348569,39.972972972972975,32.588235294117645,False,0.41379310344827586,True,True
39.973_32.6,0.6674783502101552,39.972972972972975,32.6,False,0.25862068965517243,False,False
39.973_32.6118,0.47536460236134304,39.972972972972975,32.61176470588235,False,0.28448275862068967,False,False
39.973_32.6235,0.5396261959767721,39.972972972972975,32.62352941176471,False,0.15948275862068967,False,False
39.973_32.6353,0.5970870922871337,39.972972972972975,32.63529411764706,False,0.22413793103448276,False,False
39.973_32.6471,0.5784679485080746,39.972972972972975,32.64705882352941,False,0.16379310344827586,False,False
39.973_32.6588,0.6242974911925381,39.972972972972975,32.65882352941176,False,0.2629310344827586,False,False
39.973_32.6706,1.3081834100246426,39.972972972972975,32.67058823529412,True,0.34051724137931033,False,True
39.973_32.6824,0.5896928336954503,39.972972972972975,32.68235294117647,False,0.3146551724137931,False,False
39.973_32.6941,0.5699728929387834,39.972972972972975,32.694117647058825,False,0.21120689655172414,False,False
39.973_32.7059,0.7346839513281413,39.972972972972975,32.705882352941174,False,0.2413793103448276,False,False
39.973_32.7176,0.7365917345220123,39.972972972972975,32.71764705882353,False,0.09482758620689655,False,False
39.973_32.7294,0.6536479001491445,39.972972972972975,32.72941176470588,False,0.22413793103448276,False,False
39.973_32.7412,0.7452727249064754,39.972972972972975,32.74117647058824,False,0.27586206896551724,False,False
39.973_32.7529,0.6867994890172597,39.972972972972975,32.752941176470586,False,0.27155172413793105,False,False
39.973_32.7647,0.5646972758372688,39.972972972972975,32.76470588235294,False,0.19827586206896552,False,False
39.973_32.7765,0.5815547778955641,39.972972972972975,32.77647058823529,False,0.2025862068965517,False,False
39.973_32.7882,0.465739714719488,39.972972972972975,32.78823529411765,False,0.2672413793103448,False,False
39.973_32.8,0.4803460308119407,39.972972972972975,32.8,False,0.2025862068965517,False,False
39.973_32.8118,0.3459019105903109,39.972972972972975,32.811764705882354,False,0.14655172413793102,False,False
39.973_32.8235,0.39581017628212456,39.972972972972975,32.8235294117647,False,0.31896551724137934,False,False
39.973_32.8353,0.5400799041588391,39.972972972972975,32.83529411764706,False,0.3146551724137931,False,False
39.973_32.8471,0.5410423710777793,39.972972972972975,32.84705882352941,False,0.19827586206896552,False,False
39.973_32.8588,0.39866079415285843,39.972972972972975,32.858823529411765,False,0.16810344827586207,False,False
39.973_32.8706,0.41759306679923985,39.972972972972975,32.870588235294115,False,0.16379310344827586,False,False
39.973_32.8824,0.4837847540299593,39.972972972972975,32.88235294117647,False,0.0,False,False
39.973_32.8941,0.5358533101851976,39.972972972972975,32.89411764705882,False,0.25,False,False
39.973_32.9059,0.6469665812365915,39.972972972972975,32.90588235294118,False,0.017241379310344827,False,False
39.973_32.9176,0.9838499870789386,39.972972972972975,32.917647058823526,True,0.008620689655172414,False,True
39.973_32.9294,0.6484133359177808,39.972972972972975,32.92941176470588,False,0.09482758620689655,False,False
39.973_32.9412,0.4298437478367323,39.972972972972975,32.94117647058823,False,0.30603448275862066,False,False
39.973_32.9529,0.3468932301611413,39.972972972972975,32.95294117647059,False,0.16810344827586207,False,False
39.973_32.9647,0.5526696707187647,39.972972972972975,32.96470588235294,False,0.28879310344827586,False,False
39.973_33.0235,0.49015147634612005,39.972972972972975,33.023529411764706,False,0.15948275862068967,False,False
39.973_33.1529,0.5913226269323711,39.972972972972975,33.15294117647059,False,0.25862068965517243,False,False
39.973_33.1647,0.5912842918124225,39.972972972972975,33.16470588235294,False,0.25862068965517243,False,False
39.973_33.1765,0.5912029434660296,39.972972972972975,33.1764705882353,False,0.25862068965517243,False,False
39.982_32.5059,0.573383769764215,39.98198198198198,32.50588235294118,False,0.25862068965517243,False,False
39.982_32.5176,0.5869632737913902,39.98198198198198,32.51764705882353,False,0.1939655172413793,False,False
39.982_32.5412,0.48398171082456704,39.98198198198198,32.54117647058823,False,0.1896551724137931,False,False
39.982_32.5529,0.6071324322463172,39.98198198198198,32.55294117647059,False,0.0,False,False
39.982_32.5647,0.5755913868424136,39.98198198198198,32.56470588235294,False,0.0,False,False
39.982_32.5765,0.6505143791948649,39.98198198198198,32.576470588235296,False,0.0,False,False
39.982_32.5882,0.5459581445099498,39.98198198198198,32.588235294117645,False,0.36637931034482757,False,False
39.982_32.6,0.698494517230691,39.98198198198198,32.6,False,0.14655172413793102,False,False
39.982_32.6118,0.556504867277485,39.98198198198198,32.61176470588235,False,0.21551724137931033,False,False
39.982_32.6235,0.6933147848673028,39.98198198198198,32.62352941176471,False,0.10344827586206896,False,False
39.982_32.6353,0.6233307812058321,39.98198198198198,32.63529411764706,False,0.2543103448275862,False,False
39.982_32.6471,0.6286721271415985,39.98198198198198,32.64705882352941,False,0.34913793103448276,False,False
39.982_32.6588,1.3083391550052537,39.98198198198198,32.65882352941176,True,0.33620689655172414,False,True
39.982_32.6706,1.3080803509238592,39.98198198198198,32.67058823529412,True,0.34051724137931033,False,True
39.982_32.6824,0.5984628749228288,39.98198198198198,32.68235294117647,False,0.2801724137931034,False,False
39.982_32.6941,0.5788899138877588,39.98198198198198,32.694117647058825,False,0.27586206896551724,False,False
39.982_32.7059,0.6694097427955594,39.98198198198198,32.705882352941174,False,0.09482758620689655,False,False
39.982_32.7176,0.7068319106910036,39.98198198198198,32.71764705882353,False,0.1206896551724138,False,False
39.982_32.7294,0.7507643237831183,39.98198198198198,32.72941176470588,False,0.22844827586206898,False,False
39.982_32.7412,0.6953897865790821,39.98198198198198,32.74117647058824,False,0.2974137931034483,False,False
39.982_32.7529,0.717567957257353,39.98198198198198,32.752941176470586,False,0.23275862068965517,False,False
39.982_32.7647,0.6465742888722484,39.98198198198198,32.76470588235294,False,0.27155172413793105,False,False
39.982_32.7765,0.5200675336447977,39.98198198198198,32.77647058823529,False,0.28448275862068967,False,False
39.982_32.7882,0.5358359567162015,39.98198198198198,32.78823529411765,False,0.3103448275862069,False,False
39.982_32.8,0.42535399397063917,39.98198198198198,32.8,False,0.16379310344827586,False,False
39.982_32.8118,0.455109946429568,39.98198198198198,32.811764705882354,False,0.3620689655172414,False,False
39.982_32.8235,0.5554810558545974,39.98198198198198,32.8235294117647,False,0.3146551724137931,False,False
39.982_32.8353,0.45095689453863114,39.98198198198198,32.83529411764706,False,0.28879310344827586,False,False
39.982_32.8471,0.5413431796760844,39.98198198198198,32.84705882352941,False,0.21982758620689655,False,False
39.982_32.8588,0.4060305739511212,39.98198198198198,32.858823529411765,False,0.36637931034482757,False,False
39.982_32.8706,0.5518362443419079,39.98198198198198,32.870588235294115,False,0.3146551724137931,False,False
39.982_32.8824,0.4019487818433508,39.98198198198198,32.88235294117647,False,0.2672413793103448,False,False
39.982_32.8941,0.4126133988388292,39.98198198198198,32.89411764705882,False,0.04310344827586207,False,False
39.982_32.9176,0.9840093700978016,39.98198198198198,32.917647058823526,True,0.0,False,True
39.982_32.9294,0.6131850222591487,39.98198198198198,32.92941176470588,False,0.13793103448275862,False,False
39.982_32.9412,0.6237321175741909,39.98198198198198,32.94117647058823,False,0.2629310344827586,False,False
39.982_32.9647,0.40212785132482787,39.98198198198198,32.96470588235294,False,0.14224137931034483,False,False
39.982_33.0235,0.500309116445348,39.98198198198198,33.023529411764706,False,0.17672413793103448,False,False
39.982_33.1647,0.591238330932327,39.98198198198198,33.16470588235294,False,0.25862068965517243,False,False
39.982_33.1765,0.5913227881349878,39.98198198198198,33.1764705882353,False,0.25862068965517243,False,False
39.991_32.5059,0.6399300812133765,39.990990990990994,32.50588235294118,False,0.24568965517241378,False,False
39.991_32.5176,0.6318912836931407,39.990990990990994,32.51764705882353,False,0.27586206896551724,False,False
39.991_32.5294,0.4715404982879537,39.990990990990994,32.529411764705884,False,0.19827586206896552,False,False
39.991_32.5529,0.4839076073465203,39.990990990990994,32.55294117647059,False,0.25,False,False
39.991_32.5647,0.574472263976024,39.990990990990994,32.56470588235294,False,0.2801724137931034,False,False
39.991_32.5765,0.5305044701581493,39.990990990990994,32.576470588235296,False,0.21551724137931033,False,False
39.991_32.5882,0.5866885829362322,39.990990990990994,32.588235294117645,False,0.28879310344827586,False,False
39.991_32.6,0.7654037890584984,39.990990990990994,32.6,False,0.08189655172413793,False,False
39.991_32.6118,0.6707395444965546,39.990990990990994,32.61176470588235,False,0.10775862068965517,False,False
39.991_32.6235,0.6950743010570688,39.990990990990994,32.62352941176471,False,0.23275862068965517,False,False
39.991_32.6353,0.5368818488064895,39.990990990990994,32.63529411764706,False,0.2543103448275862,False,False
39.991_32.6471,0.4779242392323805,39.990990990990994,32.64705882352941,False,0.21120689655172414,False,False
39.991_32.6588,1.3081318025070896,39.990990990990994,32.65882352941176,True,0.34051724137931033,False,True
39.991_32.6824,0.7532286170636193,39.990990990990994,32.68235294117647,False,0.22844827586206898,False,False
39.991_32.6941,0.5691493720896941,39.990990990990994,32.694117647058825,False,0.17672413793103448,False,False
39.991_32.7059,0.636604333909004,39.990990990990994,32.705882352941174,False,0.02586206896551724,False,False
39.991_32.7176,0.7015537415925571,39.990990990990994,32.71764705882353,False,0.1939655172413793,False,False
39.991_32.7294,0.5944937820014552,39.990990990990994,32.72941176470588,False,0.2974137931034483,False,False
39.991_32.7412,1.2042977706988864,39.990990990990994,32.74117647058824,True,0.29310344827586204,False,True
39.991_32.7529,1.1113598118722345,39.990990990990994,32.752941176470586,True,0.29310344827586204,False,True
39.991_32.7647,0.5715245340624253,39.990990990990994,32.76470588235294,False,0.23275862068965517,False,False
39.991_32.7765,0.5701251273902126,39.990990990990994,32.77647058823529,False,0.1896551724137931,False,False
39.991_32.7882,0.779431159754443,39.990990990990994,32.78823529411765,False,0.034482758620689655,False,False
39.991_32.8,0.4426735849549055,39.990990990990994,32.8,False,0.28448275862068967,False,False
39.991_32.8118,0.44679295932624613,39.990990990990994,32.811764705882354,False,0.27155172413793105,False,False
39.991_32.8235,0.505020927104311,39.990990990990994,32.8235294117647,False,0.29310344827586204,False,False
39.991_32.8353,0.4950064552386742,39.990990990990994,32.83529411764706,False,0.34051724137931033,False,False
39.991_32.8471,0.5242637415022756,39.990990990990994,32.84705882352941,False,0.08189655172413793,False,False
39.991_32.8588,0.42321484663260106,39.990990990990994,32.858823529411765,False,0.3146551724137931,False,False
39.991_32.8706,0.6614483404541566,39.990990990990994,32.870588235294115,False,0.23275862068965517,False,False
39.991_32.8824,0.49520135830172174,39.990990990990994,32.88235294117647,False,0.27586206896551724,False,False
39.991_32.8941,0.40923930103488204,39.990990990990994,32.89411764705882,False,0.22844827586206898,False,False
39.991_32.9059,0.5294971787949154,39.990990990990994,32.90588235294118,False,0.1810344827586207,False,False
39.991_32.9412,0.376302542484718,39.990990990990994,32.94117647058823,False,0.1336206896551724,False,False
39.991_32.9882,0.3938304010420691,39.990990990990994,32.98823529411764,False,0.11637931034482758,False,False
39.991_33.0,0.5912030547234624,39.990990990990994,33.0,False,0.25862068965517243,False,False
39.991_33.0353,0.5073923196788217,39.990990990990994,33.035294117647055,False,0.16810344827586207,False,False
39.991_33.0588,0.42025798583883833,39.990990990990994,33.05882352941176,False,0.16810344827586207,False,False
39.991_33.1647,0.5912030547234624,39.990990990990994,33.16470588235294,False,0.25862068965517243,False,False
39.991_33.1765,0.5912783171334761,39.990990990990994,33.1764705882353,False,0.25862068965517243,False,False
40.009_32.3176,0.8044748630567413,40.009009009009006,32.31764705882353,False,0.15517241379310345,False,False
40.009_32.3294,0.7926566804146609,40.009009009009006,32.32941176470588,False,0.15517241379310345,False,False
40.009_32.4941,0.6845934702237634,40.009009009009006,32.49411764705882,False,0.1939655172413793,False,False
40.009_32.5059,0.6210610124425147,40.009009009009006,32.50588235294118,False,0.25862068965517243,False,False
40.009_32.5176,0.639211523650756,40.009009009009006,32.51764705882353,False,0.3448275862068966,False,False
40.009_32.5294,0.6718469492804041,40.009009009009006,32.529411764705884,False,0.25,False,False
40.009_32.5412,0.6707411072308535,40.009009009009006,32.54117647058823,False,0.4051724137931034,True,True
40.009_32.6118,0.5269483522902128,40.009009009009006,32.61176470588235,False,0.2629310344827586,False,False
40.009_32.6353,0.6873205039809381,40.009009009009006,32.63529411764706,False,0.3620689655172414,False,False
40.009_32.6471,0.4109003956636972,40.009009009009006,32.64705882352941,False,0.27586206896551724,False,False
40.009_32.6588,0.827278313540161,40.009009009009006,32.65882352941176,False,0.125,False,False
40.009_32.7059,1.038549626650652,40.009009009009006,32.705882352941174,True,0.3922413793103448,True,True
40.009_32.7176,0.7639088707820245,40.009009009009006,32.71764705882353,False,0.29310344827586204,False,False
40.009_32.7294,1.1027811452393572,40.009009009009006,32.72941176470588,True,0.3879310344827586,True,True
40.009_32.7647,0.5844505279619091,40.009009009009006,32.76470588235294,False,0.3017241379310345,False,False
40.009_32.7765,2.262567525077264,40.009009009009006,32.77647058823529,True,0.39655172413793105,True,True
40.009_32.8,0.6866369964561739,40.009009009009006,32.8,False,0.3146551724137931,False,False
40.009_32.8118,0.5348618334111986,40.009009009009006,32.811764705882354,False,0.2672413793103448,False,False
40.009_32.8235,0.45202401158191396,40.009009009009006,32.8235294117647,False,0.25862068965517243,False,False
40.009_32.8353,0.5179373419581892,40.009009009009006,32.83529411764706,False,0.2413793103448276,False,False
40.009_32.8471,0.5447723008269609,40.009009009009006,32.84705882352941,False,0.27586206896551724,False,False
40.009_32.8588,0.5500588106250879,40.009009009009006,32.858823529411765,False,0.28448275862068967,False,False
40.009_32.8706,0.5945125323725162,40.009009009009006,32.870588235294115,False,0.16379310344827586,False,False
40.009_32.8824,0.5101114847170884,40.009009009009006,32.88235294117647,False,0.3103448275862069,False,False
40.009_32.8941,0.407496321918001,40.009009009009006,32.89411764705882,False,0.38362068965517243,False,False
40.009_32.9059,0.5208770337463766,40.009009009009006,32.90588235294118,False,0.1724137931034483,False,False
40.009_32.9647,0.40291781374935676,40.009009009009006,32.96470588235294,False,0.20689655172413793,False,False
40.009_32.9765,0.3765737436506967,40.009009009009006,32.976470588235294,False,0.14224137931034483,False,False
40.009_32.9882,0.3830191240554036,40.009009009009006,32.98823529411764,False,0.1724137931034483,False,False
40.009_33.0,0.3768952404758854,40.009009009009006,33.0,False,0.1336206896551724,False,False
40.009_33.0353,0.42025798583883833,40.009009009009006,33.035294117647055,False,0.16810344827586207,False,False
40.009_33.0471,0.4525498382984855,40.009009009009006,33.04705882352941,False,0.15086206896551724,False,False
40.018_32.2941,0.6756697722164343,40.01801801801802,32.294117647058826,False,0.38362068965517243,False,False
40.018_32.3059,0.49275828329837074,40.01801801801802,32.305882352941175,False,0.14224137931034483,False,False
40.018_32.3176,0.4999483426990135,40.01801801801802,32.31764705882353,False,0.11206896551724138,False,False
40.018_32.3294,0.500941403036178,40.01801801801802,32.32941176470588,False,0.11206896551724138,False,False
40.018_32.4941,0.6067301409720762,40.01801801801802,32.49411764705882,False,0.3922413793103448,True,True
40.018_32.5059,0.5961939358929602,40.01801801801802,32.50588235294118,False,0.23275862068965517,False,False
40.018_32.5412,0.6329504742468537,40.01801801801802,32.54117647058823,False,0.375,False,False
40.018_32.5529,0.648503892709795,40.01801801801802,32.55294117647059,False,0.39655172413793105,True,True
40.018_32.6353,0.455595518162826,40.01801801801802,32.63529411764706,False,0.27586206896551724,False,False
40.018_32.6471,0.6873205039809381,40.01801801801802,32.64705882352941,False,0.3620689655172414,False,False
40.018_32.6941,0.6401317081898947,40.01801801801802,32.694117647058825,False,0.27155172413793105,False,False
40.018_32.7176,1.038549626650652,40.01801801801802,32.71764705882353,True,0.3922413793103448,True,True
40.018_32.7529,0.8274077067137642,40.01801801801802,32.752941176470586,False,0.25,False,False
40.018_32.7647,0.5699105854588573,40.01801801801802,32.76470588235294,False,0.2672413793103448,False,False
40.018_32.7765,0.6004930361405761,40.01801801801802,32.77647058823529,False,0.1810344827586207,False,False
40.018_32.7882,0.596249771015591,40.01801801801802,32.78823529411765,False,0.1810344827586207,False,False
40.018_32.8235,0.6707059082969737,40.01801801801802,32.8235294117647,False,0.22413793103448276,False,False
40.018_32.8353,0.5664565085829388,40.01801801801802,32.83529411764706,False,0.21982758620689655,False,False
40.018_32.8471,0.6020181598165777,40.01801801801802,32.84705882352941,False,0.375,False,False
40.018_32.8588,0.6294622025974923,40.01801801801802,32.858823529411765,False,0.19827586206896552,False,False
40.018_32.8706,0.5101154926272895,40.01801801801802,32.870588235294115,False,0.3103448275862069,False,False
40.018_32.8824,0.4275459882636237,40.01801801801802,32.88235294117647,False,0.21551724137931033,False,False
40.018_32.8941,0.4122433681553525,40.01801801801802,32.89411764705882,False,0.1810344827586207,False,False
40.018_32.9059,0.46718056766189936,40.01801801801802,32.90588235294118,False,0.3275862068965517,False,False
40.018_32.9176,0.4560235708095861,40.01801801801802,32.917647058823526,False,0.3275862068965517,False,False
40.018_32.9882,0.692913261513363,40.01801801801802,32.98823529411764,False,0.3706896551724138,False,False
40.018_33.0471,0.42185512336716185,40.01801801801802,33.04705882352941,False,0.15948275862068967,False,False
40.027_32.2941,0.7926566804146609,40.02702702702703,32.294117647058826,False,0.15517241379310345,False,False
40.027_32.3059,0.6957148094674789,40.02702702702703,32.305882352941175,False,0.44396551724137934,True,True
40.027_32.5059,0.6578157607787201,40.02702702702703,32.50588235294118,False,0.1896551724137931,False,False
40.027_32.6118,0.9747200546708539,40.02702702702703,32.61176470588235,True,0.3879310344827586,True,True
40.027_32.6353,1.0671841201178642,40.02702702702703,32.63529411764706,True,0.3879310344827586,True,True
40.027_32.6824,0.7489078390568104,40.02702702702703,32.68235294117647,False,0.09913793103448276,False,False
40.027_32.6941,0.6386531887074036,40.02702702702703,32.694117647058825,False,0.29310344827586204,False,False
40.027_32.7059,1.2702035135035268,40.02702702702703,32.705882352941174,True,0.40948275862068967,True,True
40.027_32.7412,1.3215882083991772,40.02702702702703,32.74117647058824,True,0.21551724137931033,False,True
40.027_32.7529,1.3215872356532075,40.02702702702703,32.752941176470586,True,0.21551724137931033,False,True
40.027_32.7647,0.599325640050605,40.02702702702703,32.76470588235294,False,0.3275862068965517,False,False
40.027_32.7765,0.5976546144920091,40.02702702702703,32.77647058823529,False,0.1724137931034483,False,False
40.027_32.7882,0.6183075208770258,40.02702702702703,32.78823529411765,False,0.1810344827586207,False,False
40.027_32.8,0.5983591484524153,40.02702702702703,32.8,False,0.1810344827586207,False,False
40.027_32.8353,0.817995436570031,40.02702702702703,32.83529411764706,False,0.1853448275862069,False,False
40.027_32.8471,0.4598231048413937,40.02702702702703,32.84705882352941,False,0.22413793103448276,False,False
40.027_32.8588,0.48640503492850357,40.02702702702703,32.858823529411765,False,0.22844827586206898,False,False
40.027_32.8706,0.4454381148195375,40.02702702702703,32.870588235294115,False,0.21551724137931033,False,False
40.027_32.8824,0.43042486432333343,40.02702702702703,32.88235294117647,False,0.1896551724137931,False,False
40.027_32.8941,0.4177705170087044,40.02702702702703,32.89411764705882,False,0.25862068965517243,False,False
40.027_32.9059,0.5769755018877871,40.02702702702703,32.90588235294118,False,0.27155172413793105,False,False
40.027_32.9176,0.5945039041308603,40.02702702702703,32.917647058823526,False,0.2672413793103448,False,False
40.027_32.9412,0.692912725494897,40.02702702702703,32.94117647058823,False,0.3706896551724138,False,False
40.027_32.9647,0.3920984047336758,40.02702702702703,32.96470588235294,False,0.19827586206896552,False,False
40.027_32.9765,0.6929131437462535,40.02702702702703,32.976470588235294,False,0.3706896551724138,False,False
40.027_33.0471,0.4508817192158442,40.02702702702703,33.04705882352941,False,0.15948275862068967,False,False
40.027_33.0588,0.4508817192158442,40.02702702702703,33.05882352941176,False,0.15948275862068967,False,False
40.036_32.3529,0.5032120967267,40.03603603603604,32.35294117647059,False,0.11206896551724138,False,False
40.036_32.5059,0.5020476542284217,40.03603603603604,32.50588235294118,False,0.11206896551724138,False,False
40.036_32.5882,0.5401791453575299,40.03603603603604,32.588235294117645,False,0.27586206896551724,False,False
40.036_32.6118,1.0010765122074872,40.03603603603604,32.61176470588235,True,0.40086206896551724,True,True
40.036_32.6235,0.9908517843415378,40.03603603603604,32.62352941176471,True,0.40086206896551724,True,True
40.036_32.6353,0.9546745463582461,40.03603603603604,32.63529411764706,True,0.29310344827586204,False,True
40.036_32.6941,1.0433730235081566,40.03603603603604,32.694117647058825,True,0.3922413793103448,True,True
40.036_32.7059,1.2702035135035268,40.03603603603604,32.705882352941174,True,0.40948275862068967,True,True
40.036_32.7176,1.2676886693142093,40.03603603603604,32.71764705882353,True,0.40948275862068967,True,True
40.036_32.7412,1.3215885192006243,40.03603603603604,32.74117647058824,True,0.21551724137931033,False,True
40.036_32.7647,0.6465213546504203,40.03603603603604,32.76470588235294,False,0.31896551724137934,False,False
40.036_32.7765,0.4455487252753444,40.03603603603604,32.77647058823529,False,0.16379310344827586,False,False
40.036_32.7882,0.6048295471234529,40.03603603603604,32.78823529411765,False,0.1810344827586207,False,False
40.036_32.8,0.6004930361405761,40.03603603603604,32.8,False,0.1810344827586207,False,False
40.036_32.8353,0.4392424649512937,40.03603603603604,32.83529411764706,False,0.15517241379310345,False,False
40.036_32.8471,0.44811538413899976,40.03603603603604,32.84705882352941,False,0.27586206896551724,False,False
40.036_32.8588,0.7983619395261841,40.03603603603604,32.858823529411765,False,0.16379310344827586,False,False
40.036_32.8706,0.5174365787227196,40.03603603603604,32.870588235294115,False,0.21982758620689655,False,False
40.036_32.8824,0.38605728658365784,40.03603603603604,32.88235294117647,False,0.16379310344827586,False,False
40.036_32.8941,0.4646396389441213,40.03603603603604,32.89411764705882,False,0.27586206896551724,False,False
40.036_32.9059,0.3840639600747975,40.03603603603604,32.90588235294118,False,0.15517241379310345,False,False
40.036_32.9176,0.5069948778275962,40.03603603603604,32.917647058823526,False,0.2413793103448276,False,False
40.036_32.9412,0.6929128206432869,40.03603603603604,32.94117647058823,False,0.3706896551724138,False,False
40.036_32.9647,0.692913261513363,40.03603603603604,32.96470588235294,False,0.3706896551724138,False,False
40.036_32.9765,0.692913261513363,40.03603603603604,32.976470588235294,False,0.3706896551724138,False,False
40.036_33.0588,0.4559467221750539,40.03603603603604,33.05882352941176,False,0.15086206896551724,False,False
40.045_32.3647,0.7926162383441254,40.04504504504504,32.36470588235294,False,0.15517241379310345,False,False
40.045_32.5882,1.0409484512340077,40.04504504504504,32.588235294117645,True,0.3879310344827586,True,True
40.045_32.6235,0.5249809553776207,40.04504504504504,32.62352941176471,False,0.27586206896551724,False,False
40.045_32.6941,1.040956006713433,40.04504504504504,32.694117647058825,True,0.3922413793103448,True,True
40.045_32.7647,0.5426954547971611,40.04504504504504,32.76470588235294,False,0.23275862068965517,False,False
40.045_32.8235,0.6116779503133086,40.04504504504504,32.8235294117647,False,0.38362068965517243,False,False
40.045_32.8353,0.43116040858787025,40.04504504504504,32.83529411764706,False,0.21982758620689655,False,False
40.045_32.8471,0.7846775493041144,40.04504504504504,32.84705882352941,False,0.15517241379310345,False,False
40.045_32.8588,0.40172509427447756,40.04504504504504,32.858823529411765,False,0.13793103448275862,False,False
40.045_32.8706,0.3656849727722349,40.04504504504504,32.870588235294115,False,0.07758620689655173,False,False
40.045_32.8824,0.33627863882956577,40.04504504504504,32.88235294117647,False,0.1206896551724138,False,False
40.045_32.8941,0.36959260898991436,40.04504504504504,32.89411764705882,False,0.11206896551724138,False,False
40.045_32.9059,0.33317137204381037,40.04504504504504,32.90588235294118,False,0.05172413793103448,False,False
40.045_32.9412,0.692913261513363,40.04504504504504,32.94117647058823,False,0.3706896551724138,False,False
40.045_32.9529,0.6929124165157442,40.04504504504504,32.95294117647059,False,0.3620689655172414,False,False
40.045_33.0824,0.6585172367567587,40.04504504504504,33.08235294117647,False,0.33620689655172414,False,False
40.0541_32.3647,0.5020476542284217,40.054054054054056,32.36470588235294,False,0.11206896551724138,False,False
40.0541_32.6,0.36162311307731554,40.054054054054056,32.6,False,0.3017241379310345,False,False
40.0541_32.6118,0.4265327819709889,40.054054054054056,32.61176470588235,False,0.27586206896551724,False,False
40.0541_32.6235,1.653626936872317,40.054054054054056,32.62352941176471,True,0.3793103448275862,False,True
40.0541_32.6353,0.36162311307731554,40.054054054054056,32.63529411764706,False,0.3017241379310345,False,False
40.0541_32.6824,0.458566602536955,40.054054054054056,32.68235294117647,False,0.1896551724137931,False,False
40.0541_32.7529,0.5469232391017415,40.054054054054056,32.752941176470586,False,0.22413793103448276,False,False
40.0541_32.7647,0.5426954547971611,40.054054054054056,32.76470588235294,False,0.23275862068965517,False,False
40.0541_32.8118,0.6116255715325303,40.054054054054056,32.811764705882354,False,0.36637931034482757,False,False
40.0541_32.8353,0.45292923861566314,40.054054054054056,32.83529411764706,False,0.27155172413793105,False,False
40.0541_32.8588,0.7842366347453148,40.054054054054056,32.858823529411765,False,0.15517241379310345,False,False
40.0541_32.8706,0.7842366347453148,40.054054054054056,32.870588235294115,False,0.15517241379310345,False,False
40.0541_32.8941,0.37715164794559103,40.054054054054056,32.89411764705882,False,0.13793103448275862,False,False
40.0541_32.9059,0.3846427197461471,40.054054054054056,32.90588235294118,False,0.21551724137931033,False,False
40.0541_32.9176,0.35243404785550425,40.054054054054056,32.917647058823526,False,0.1810344827586207,False,False
40.0541_32.9529,0.6929131437462535,40.054054054054056,32.95294117647059,False,0.3706896551724138,False,False
40.0541_32.9647,0.692913261513363,40.054054054054056,32.96470588235294,False,0.3706896551724138,False,False
40.0541_32.9765,0.692884438241287,40.054054054054056,32.976470588235294,False,0.3706896551724138,False,False
40.0541_33.0588,0.6581481752027959,40.054054054054056,33.05882352941176,False,0.33620689655172414,False,False
40.0541_33.0706,0.6585172367567587,40.054054054054056,33.07058823529412,False,0.33620689655172414,False,False
40.0631_32.4706,0.5020476542284217,40.06306306306306,32.47058823529412,False,0.11206896551724138,False,False
40.0631_32.4824,0.5020476542284217,40.06306306306306,32.48235294117647,False,0.11206896551724138,False,False
40.0631_32.6,0.36162311307731554,40.06306306306306,32.6,False,0.3017241379310345,False,False
40.0631_32.7412,0.5386235919786785,40.06306306306306,32.74117647058824,False,0.22413793103448276,False,False
40.0631_32.7529,0.5426954547971611,40.06306306306306,32.752941176470586,False,0.23275862068965517,False,False
40.0631_32.8235,0.4602416070026497,40.06306306306306,32.8235294117647,False,0.28448275862068967,False,False
40.0631_32.8353,0.4683901606849338,40.06306306306306,32.83529411764706,False,0.3275862068965517,False,False
40.0631_32.8471,1.2481679682473972,40.06306306306306,32.84705882352941,True,0.21120689655172414,False,True
40.0631_32.8941,0.6566103478654977,40.06306306306306,32.89411764705882,False,0.25862068965517243,False,False
40.0631_32.9059,0.7031021407229525,40.06306306306306,32.90588235294118,False,0.33620689655172414,False,False
40.0631_32.9176,0.3667706650374845,40.06306306306306,32.917647058823526,False,0.15517241379310345,False,False
40.0631_32.9294,0.4387081775881312,40.06306306306306,32.92941176470588,False,0.2025862068965517,False,False
40.0631_32.9412,0.3614679072661888,40.06306306306306,32.94117647058823,False,0.20689655172413793,False,False
40.0631_32.9529,0.6929131437462535,40.06306306306306,32.95294117647059,False,0.3706896551724138,False,False
40.0631_32.9647,0.3915095180724947,40.06306306306306,32.96470588235294,False,0.21551724137931033,False,False
40.0631_32.9765,0.5235129800836045,40.06306306306306,32.976470588235294,False,0.16379310344827586,False,False
40.0631_32.9882,0.40613477630045824,40.06306306306306,32.98823529411764,False,0.2672413793103448,False,False
40.0631_33.0118,0.6577060253361102,40.06306306306306,33.01176470588235,False,0.34913793103448276,False,False
40.0631_33.0235,0.6584433905876066,40.06306306306306,33.023529411764706,False,0.33620689655172414,False,False
40.0721_32.6,0.4058838378980797,40.07207207207208,32.6,False,0.3017241379310345,False,False
40.0721_32.6118,0.49365634525366886,40.07207207207208,32.61176470588235,False,0.2543103448275862,False,False
40.0721_32.6471,0.458566602536955,40.07207207207208,32.64705882352941,False,0.1896551724137931,False,False
40.0721_32.7059,0.452202814390104,40.07207207207208,32.705882352941174,False,0.1810344827586207,False,False
40.0721_32.7529,0.5440936984388333,40.07207207207208,32.752941176470586,False,0.23275862068965517,False,False
40.0721_32.8118,0.26128906897000687,40.07207207207208,32.811764705882354,False,0.017241379310344827,False,False
40.0721_32.8235,0.2610209556321122,40.07207207207208,32.8235294117647,False,0.017241379310344827,False,False
40.0721_32.8588,0.2612207013178111,40.07207207207208,32.858823529411765,False,0.017241379310344827,False,False
40.0721_32.8941,0.7051817360200139,40.07207207207208,32.89411764705882,False,0.33620689655172414,False,False
40.0721_32.9059,0.478860033924536,40.07207207207208,32.90588235294118,False,0.30603448275862066,False,False
40.0721_32.9176,0.36727518334127063,40.07207207207208,32.917647058823526,False,0.15086206896551724,False,False
40.0721_32.9294,0.40930052174577325,40.07207207207208,32.92941176470588,False,0.20689655172413793,False,False
40.0721_32.9412,0.34584556021378726,40.07207207207208,32.94117647058823,False,0.20689655172413793,False,False
40.0721_32.9529,0.3227098985973753,40.07207207207208,32.95294117647059,False,0.07758620689655173,False,False
40.0721_32.9647,0.3753762218028634,40.07207207207208,32.96470588235294,False,0.05172413793103448,False,False
40.0721_33.0,0.40306810528872994,40.07207207207208,33.0,False,0.23275862068965517,False,False
40.0811_32.6353,0.47422405705365844,40.08108108108108,32.63529411764706,False,0.19827586206896552,False,False
40.0811_32.6471,0.45063514808122906,40.08108108108108,32.64705882352941,False,0.20689655172413793,False,False
40.0811_32.7882,0.26108644492561417,40.08108108108108,32.78823529411765,False,0.017241379310344827,False,False
40.0811_32.8,0.2611531023367707,40.08108108108108,32.8,False,0.017241379310344827,False,False
40.0811_32.8824,0.2751987075491987,40.08108108108108,32.88235294117647,False,0.0,False,False
40.0811_32.9059,0.5954570886849426,40.08108108108108,32.90588235294118,False,0.22413793103448276,False,False
40.0811_32.9176,0.3730057141049486,40.08108108108108,32.917647058823526,False,0.15086206896551724,False,False
40.0811_32.9294,0.3695126778769166,40.08108108108108,32.92941176470588,False,0.21120689655172414,False,False
40.0811_32.9647,0.3168029218070315,40.08108108108108,32.96470588235294,False,0.017241379310344827,False,False
40.0811_32.9765,1.5994926309092248,40.08108108108108,32.976470588235294,True,0.5258620689655172,True,True
40.0811_33.0235,0.40164095332520694,40.08108108108108,33.023529411764706,False,0.25862068965517243,False,False
40.0901_32.6353,0.45052514938909544,40.09009009009009,32.63529411764706,False,0.21551724137931033,False,False
40.0901_32.8941,0.2751987075491987,40.09009009009009,32.89411764705882,False,0.0,False,False
40.0901_32.9176,0.3831259185223524,40.09009009009009,32.917647058823526,False,0.1724137931034483,False,False
40.0901_32.9412,0.5366775697372567,40.09009009009009,32.94117647058823,False,0.22844827586206898,False,False
40.0901_32.9529,0.5366775697372567,40.09009009009009,32.95294117647059,False,0.22844827586206898,False,False
40.0901_32.9647,0.3636857039633189,40.09009009009009,32.96470588235294,False,0.06896551724137931,False,False
40.0901_32.9882,0.6646416972910536,40.09009009009009,32.98823529411764,False,0.3103448275862069,False,False
40.0901_33.0235,0.40264535411396785,40.09009009009009,33.023529411764706,False,0.2413793103448276,False,False
40.0901_33.0353,0.40264535411396785,40.09009009009009,33.035294117647055,False,0.2413793103448276,False,False
40.0991_32.5882,0.5735477139532325,40.0990990990991,32.588235294117645,False,0.35344827586206895,False,False
40.0991_32.6,1.5036299266936402,40.0990990990991,32.6,True,0.41379310344827586,True,True
40.0991_32.6235,0.47422405705365844,40.0990990990991,32.62352941176471,False,0.19827586206896552,False,False
40.0991_32.7882,0.2612207013178111,40.0990990990991,32.78823529411765,False,0.017241379310344827,False,False
40.0991_32.8706,0.2751987075491987,40.0990990990991,32.870588235294115,False,0.0,False,False
40.0991_32.8824,0.27527163066012744,40.0990990990991,32.88235294117647,False,0.0,False,False
40.0991_32.8941,0.2753447669493525,40.0990990990991,32.89411764705882,False,0.0,False,False
40.0991_32.9176,0.4136288063994325,40.0990990990991,32.917647058823526,False,0.22413793103448276,False,False
40.0991_32.9647,0.34313648409109077,40.0990990990991,32.96470588235294,False,0.034482758620689655,False,False
40.0991_32.9765,0.34313648409109077,40.0990990990991,32.976470588235294,False,0.034482758620689655,False,False
40.0991_32.9882,0.7908257979695973,40.0990990990991,32.98823529411764,False,0.39655172413793105,True,True
40.0991_33.0,1.599481409500187,40.0990990990991,33.0,True,0.5258620689655172,True,True
40.0991_33.0353,0.393006590053402,40.0990990990991,33.035294117647055,False,0.25862068965517243,False,False
40.0991_33.0471,0.40264535411396785,40.0990990990991,33.04705882352941,False,0.2413793103448276,False,False
40.0_32.4118,0.5460535515572235,40.0,32.411764705882355,False,0.22844827586206898,False,False
40.0_32.5059,0.6489944238933663,40.0,32.50588235294118,False,0.29310344827586204,False,False
40.0_32.5176,0.6293436170048254,40.0,32.51764705882353,False,0.27586206896551724,False,False
40.0_32.5294,0.5956538721413336,40.0,32.529411764705884,False,0.2543103448275862,False,False
40.0_32.5882,0.9670849264061396,40.0,32.588235294117645,True,0.1206896551724138,False,True
40.0_32.6,0.9231918697144204,40.0,32.6,True,0.11206896551724138,False,True
40.0_32.6118,0.5021358443216936,40.0,32.61176470588235,False,0.19827586206896552,False,False
40.0_32.6235,0.6394247664485357,40.0,32.62352941176471,False,0.3103448275862069,False,False
40.0_32.6353,0.8863250719714246,40.0,32.63529411764706,False,0.3577586206896552,False,False
40.0_32.6471,0.48485409209179864,40.0,32.64705882352941,False,0.2025862068965517,False,False
40.0_32.6824,0.5404218026159845,40.0,32.68235294117647,False,0.12931034482758622,False,False
40.0_32.6941,0.5391592285058854,40.0,32.694117647058825,False,0.14655172413793102,False,False
40.0_32.7059,0.5073553624084133,40.0,32.705882352941174,False,0.15086206896551724,False,False
40.0_32.7176,0.6408204046075521,40.0,32.71764705882353,False,0.1724137931034483,False,False
40.0_32.7294,1.0457966919372355,40.0,32.72941176470588,True,0.3922413793103448,True,True
40.0_32.7412,1.0433730235081566,40.0,32.74117647058824,True,0.3922413793103448,True,True
40.0_32.7529,1.0011074761879757,40.0,32.752941176470586,True,0.35344827586206895,False,True
40.0_32.7647,0.5782831962512722,40.0,32.76470588235294,False,0.3275862068965517,False,False
40.0_32.7765,0.630279129110511,40.0,32.77647058823529,False,0.3275862068965517,False,False
40.0_32.7882,0.5528162221725658,40.0,32.78823529411765,False,0.1810344827586207,False,False
40.0_32.8,0.5164068317787951,40.0,32.8,False,0.14224137931034483,False,False
40.0_32.8118,0.4774500156315481,40.0,32.811764705882354,False,0.27586206896551724,False,False
40.0_32.8235,0.4667475915732969,40.0,32.8235294117647,False,0.29310344827586204,False,False
40.0_32.8353,0.4815753117091948,40.0,32.83529411764706,False,0.27586206896551724,False,False
40.0_32.8471,0.5289673994978218,40.0,32.84705882352941,False,0.2629310344827586,False,False
40.0_32.8588,0.4458556515818458,40.0,32.858823529411765,False,0.3706896551724138,False,False
40.0_32.8706,0.6303287970753376,40.0,32.870588235294115,False,0.02586206896551724,False,False
40.0_32.8824,0.4861772548022005,40.0,32.88235294117647,False,0.15517241379310345,False,False
40.0_32.8941,0.45474687391712,40.0,32.89411764705882,False,0.2629310344827586,False,False
40.0_32.9059,0.541183006245477,40.0,32.90588235294118,False,0.19827586206896552,False,False
40.0_32.9765,0.40212785132482787,40.0,32.976470588235294,False,0.14224137931034483,False,False
40.0_32.9882,0.37698996438100685,40.0,32.98823529411764,False,0.14224137931034483,False,False
40.0_33.0471,0.49346525491249293,40.0,33.04705882352941,False,0.15948275862068967,False,False
40.0_33.0588,0.4508817192158442,40.0,33.05882352941176,False,0.15948275862068967,False,False
40.1081_32.6,0.5734028825759848,40.108108108108105,32.6,False,0.3620689655172414,False,False
40.1081_32.6235,0.4743342504976729,40.108108108108105,32.62352941176471,False,0.1896551724137931,False,False
40.1081_32.6588,0.5928210641386713,40.108108108108105,32.65882352941176,False,0.3706896551724138,False,False
40.1081_32.8471,0.27527163066012744,40.108108108108105,32.84705882352941,False,0.0,False,False
40.1081_32.8588,0.2753447669493525,40.108108108108105,32.858823529411765,False,0.0,False,False
40.1081_32.8706,0.2751987075491987,40.108108108108105,32.870588235294115,False,0.0,False,False
40.1081_32.8941,0.2751987075491987,40.108108108108105,32.89411764705882,False,0.0,False,False
40.1081_32.9176,0.4136288063994325,40.108108108108105,32.917647058823526,False,0.22413793103448276,False,False
40.1081_32.9294,0.4136288063994325,40.108108108108105,32.92941176470588,False,0.22413793103448276,False,False
40.1081_32.9765,0.3424896634876482,40.108108108108105,32.976470588235294,False,0.04310344827586207,False,False
40.1081_32.9882,0.33434516379039264,40.108108108108105,32.98823529411764,False,0.08620689655172414,False,False
40.1081_33.0118,1.599481409500187,40.108108108108105,33.01176470588235,True,0.5258620689655172,True,True
40.1081_33.0235,1.599481409500187,40.108108108108105,33.023529411764706,True,0.5258620689655172,True,True
40.1081_33.0353,1.5970422821011636,40.108108108108105,33.035294117647055,True,0.5258620689655172,True,True
40.1081_33.0471,0.386592206164365,40.108108108108105,33.04705882352941,False,0.25,False,False
40.1081_33.0588,0.3493470662647802,40.108108108108105,33.05882352941176,False,0.3017241379310345,False,False
40.1171_32.6,0.5734028825759848,40.11711711711712,32.6,False,0.3620689655172414,False,False
40.1171_32.6118,0.5302972254743259,40.11711711711712,32.61176470588235,False,0.33620689655172414,False,False
40.1171_32.6235,0.45052514938909544,40.11711711711712,32.62352941176471,False,0.21551724137931033,False,False
40.1171_32.6353,0.40594107887840497,40.11711711711712,32.63529411764706,False,0.25862068965517243,False,False
40.1171_32.7882,0.26108644492561417,40.11711711711712,32.78823529411765,False,0.017241379310344827,False,False
40.1171_32.8471,0.27527163066012744,40.11711711711712,32.84705882352941,False,0.0,False,False
40.1171_32.8588,0.27527163066012744,40.11711711711712,32.858823529411765,False,0.0,False,False
40.1171_32.8941,0.2753447669493525,40.11711711711712,32.89411764705882,False,0.0,False,False
40.1171_32.9294,0.46466365373465124,40.11711711711712,32.92941176470588,False,0.23706896551724138,False,False
40.1171_32.9412,0.4553152217668255,40.11711711711712,32.94117647058823,False,0.25862068965517243,False,False
40.1171_32.9529,0.49322540562357264,40.11711711711712,32.95294117647059,False,0.2629310344827586,False,False
40.1171_32.9647,0.4737797802663172,40.11711711711712,32.96470588235294,False,0.2801724137931034,False,False
40.1171_32.9765,0.30748332508493326,40.11711711711712,32.976470588235294,False,0.04310344827586207,False,False
40.1171_33.0353,1.599481409500187,40.11711711711712,33.035294117647055,True,0.5258620689655172,True,True
40.1171_33.0471,1.6019206206441083,40.11711711711712,33.04705882352941,True,0.5258620689655172,True,True
40.1171_33.0588,0.35441843145207214,40.11711711711712,33.05882352941176,False,0.25862068965517243,False,False
40.1171_33.0706,1.5994926309092248,40.11711711711712,33.07058823529412,True,0.5258620689655172,True,True
40.1171_33.0824,1.6068100111698154,40.11711711711712,33.08235294117647,True,0.5258620689655172,True,True
40.1171_33.0941,1.599463760734008,40.11711711711712,33.09411764705882,True,0.5258620689655172,True,True
40.1171_33.1059,1.5994926309092248,40.11711711711712,33.10588235294117,True,0.5258620689655172,True,True
40.1171_33.1176,1.6092492580737392,40.11711711711712,33.11764705882353,True,0.5258620689655172,True,True
40.1261_32.5529,0.5734028825759848,40.12612612612613,32.55294117647059,False,0.3620689655172414,False,False
40.1261_32.6353,0.4782631059556023,40.12612612612613,32.63529411764706,False,0.23706896551724138,False,False
40.1261_32.6471,0.42733219672190964,40.12612612612613,32.64705882352941,False,0.20689655172413793,False,False
40.1261_32.8353,0.2753447669493525,40.12612612612613,32.83529411764706,False,0.0,False,False
40.1261_32.8471,0.2756386093672109,40.12612612612613,32.84705882352941,False,0.0,False,False
40.1261_32.9176,0.25270330584224293,40.12612612612613,32.917647058823526,False,0.017241379310344827,False,False
40.1261_32.9294,0.3361102519279271,40.12612612612613,32.92941176470588,False,0.1810344827586207,False,False
40.1261_32.9412,0.47240057056921836,40.12612612612613,32.94117647058823,False,0.20689655172413793,False,False
40.1261_32.9765,0.2614410252487416,40.12612612612613,32.976470588235294,False,0.2025862068965517,False,False
40.1261_32.9882,0.34163512271692986,40.12612612612613,32.98823529411764,False,0.034482758620689655,False,False
40.1261_33.0235,1.599481409500187,40.12612612612613,33.023529411764706,True,0.5258620689655172,True,True
40.1261_33.0706,0.3594659640257863,40.12612612612613,33.07058823529412,False,0.21551724137931033,False,False
40.1261_33.0824,0.3573252813799988,40.12612612612613,33.08235294117647,False,0.20689655172413793,False,False
40.1261_33.0941,1.6068100111698154,40.12612612612613,33.09411764705882,True,0.5258620689655172,True,True
40.1351_32.7882,0.2612207013178111,40.13513513513514,32.78823529411765,False,0.017241379310344827,False,False
40.1351_32.8353,0.22552682097094473,40.13513513513514,32.83529411764706,False,0.0,False,False
40.1351_32.8471,0.22801178955521623,40.13513513513514,32.84705882352941,False,0.0,False,False
40.1351_32.8588,0.2632598884194137,40.13513513513514,32.858823529411765,False,0.008620689655172414,False,False
40.1351_32.8824,0.2637366724363152,40.13513513513514,32.88235294117647,False,0.008620689655172414,False,False
40.1351_32.8941,0.371146524733428,40.13513513513514,32.89411764705882,False,0.07327586206896551,False,False
40.1351_32.9059,0.2624537152272677,40.13513513513514,32.90588235294118,False,0.008620689655172414,False,False
40.1351_32.9176,0.42794320078801207,40.13513513513514,32.917647058823526,False,0.17672413793103448,False,False
40.1351_32.9765,0.34417373636746906,40.13513513513514,32.976470588235294,False,0.017241379310344827,False,False
40.1351_32.9882,0.3403248519628001,40.13513513513514,32.98823529411764,False,0.034482758620689655,False,False
40.1351_33.0706,0.42724783424520435,40.13513513513514,33.07058823529412,False,0.22413793103448276,False,False
40.1351_33.0824,0.3941144587453117,40.13513513513514,33.08235294117647,False,0.22413793103448276,False,False
40.1351_33.0941,0.7315981257291928,40.13513513513514,33.09411764705882,False,0.3448275862068966,False,False
40.1351_33.1176,0.7315981257291928,40.13513513513514,33.11764705882353,False,0.3448275862068966,False,False
40.1351_33.1412,0.7313974352619952,40.13513513513514,33.141176470588235,False,0.3448275862068966,False,False
40.1351_33.1647,0.7316716671546607,40.13513513513514,33.16470588235294,False,0.3448275862068966,False,False
40.1351_33.1882,0.7316716671546607,40.13513513513514,33.188235294117646,False,0.3448275862068966,False,False
40.1441_32.7882,0.26108644492561417,40.14414414414414,32.78823529411765,False,0.017241379310344827,False,False
40.1441_32.8,0.261358071861391,40.14414414414414,32.8,False,0.017241379310344827,False,False
40.1441_32.8353,0.26182663799331646,40.14414414414414,32.83529411764706,False,0.008620689655172414,False,False
40.1441_32.9059,0.371146524733428,40.14414414414414,32.90588235294118,False,0.07327586206896551,False,False
40.1441_33.0,0.3403248519628001,40.14414414414414,33.0,False,0.034482758620689655,False,False
40.1441_33.0824,0.4274580287661482,40.14414414414414,33.08235294117647,False,0.22413793103448276,False,False
40.1532_32.8353,0.26212184536753164,40.15315315315316,32.83529411764706,False,0.008620689655172414,False,False
40.1532_32.9059,0.3711478265520125,40.15315315315316,32.90588235294118,False,0.07327586206896551,False,False
40.1532_32.9412,0.34409957927856455,40.15315315315316,32.94117647058823,False,0.017241379310344827,False,False
40.1532_32.9647,0.34417373636746906,40.15315315315316,32.96470588235294,False,0.017241379310344827,False,False
40.1532_33.0,0.3403248519628001,40.15315315315316,33.0,False,0.034482758620689655,False,False
40.1532_33.0118,0.340327289713472,40.15315315315316,33.01176470588235,False,0.034482758620689655,False,False
40.1532_33.0941,0.6298858954751038,40.15315315315316,33.09411764705882,False,0.28448275862068967,False,False
40.1622_32.8235,0.26170301867459483,40.16216216216216,32.8235294117647,False,0.008620689655172414,False,False
40.1622_32.8941,0.371146524733428,40.16216216216216,32.89411764705882,False,0.07327586206896551,False,False
40.1622_32.9059,0.3711420149557628,40.16216216216216,32.90588235294118,False,0.07327586206896551,False,False
40.1622_32.9412,0.3440254290725982,40.16216216216216,32.94117647058823,False,0.017241379310344827,False,False
40.1622_32.9529,0.34424789823168866,40.16216216216216,32.95294117647059,False,0.017241379310344827,False,False
40.1622_33.0118,0.3403248519628001,40.16216216216216,33.01176470588235,False,0.034482758620689655,False,False
40.1712_32.6824,0.45531577182386196,40.17117117117117,32.68235294117647,False,0.20689655172413793,False,False
40.1712_32.8118,0.2205624134159217,40.17117117117117,32.811764705882354,False,0.017241379310344827,False,False
40.1712_32.9059,0.3711478265520125,40.17117117117117,32.90588235294118,False,0.07327586206896551,False,False
40.1712_33.0118,0.340327289713472,40.17117117117117,33.01176470588235,False,0.034482758620689655,False,False
40.1712_33.0588,0.18530434727471662,40.17117117117117,33.05882352941176,False,0.0,False,False
40.1712_33.0706,0.18537970609317667,40.17117117117117,33.07058823529412,False,0.0,False,False
40.1712_33.0941,0.18530434727471662,40.17117117117117,33.09411764705882,False,0.0,False,False
40.1802_32.6706,0.5358230112252635,40.18018018018018,32.67058823529412,False,0.3017241379310345,False,False
40.1802_32.6824,0.4599711607412347,40.18018018018018,32.68235294117647,False,0.1939655172413793,False,False
40.1802_32.8941,0.371146524733428,40.18018018018018,32.89411764705882,False,0.07327586206896551,False,False
40.1802_32.9294,0.34417373636746906,40.18018018018018,32.92941176470588,False,0.017241379310344827,False,False
40.1802_32.9647,0.34409957927856455,40.18018018018018,32.96470588235294,False,0.017241379310344827,False,False
40.1802_33.0118,0.3403248519628001,40.18018018018018,33.01176470588235,False,0.034482758620689655,False,False
40.1802_33.0235,0.34032867073664097,40.18018018018018,33.023529411764706,False,0.034482758620689655,False,False
40.1802_33.0824,0.18530434727471662,40.18018018018018,33.08235294117647,False,0.0,False,False
40.1802_33.0941,0.18530434727471662,40.18018018018018,33.09411764705882,False,0.0,False,False
40.1892_32.6588,0.5929402123658847,40.18918918918919,32.65882352941176,False,0.3103448275862069,False,False
40.1892_32.6824,0.48535369332798123,40.18918918918919,32.68235294117647,False,0.23706896551724138,False,False
40.1892_32.6941,0.5357708895233613,40.18918918918919,32.694117647058825,False,0.29310344827586204,False,False
40.1892_32.9294,0.3440254290725982,40.18918918918919,32.92941176470588,False,0.017241379310344827,False,False
40.1892_33.0235,0.340327289713472,40.18918918918919,33.023529411764706,False,0.034482758620689655,False,False
40.1982_32.6706,0.5732066024070288,40.1981981981982,32.67058823529412,False,0.29310344827586204,False,False
40.1982_32.6824,0.4806796076420948,40.1981981981982,32.68235294117647,False,0.29310344827586204,False,False
40.1982_32.6941,0.5756023020356875,40.1981981981982,32.694117647058825,False,0.21120689655172414,False,False
40.1982_32.7412,0.6502197438607912,40.1981981981982,32.74117647058824,False,0.3706896551724138,False,False
40.1982_32.7765,0.6503025988804892,40.1981981981982,32.77647058823529,False,0.3706896551724138,False,False
40.1982_32.8824,0.3711478265520125,40.1981981981982,32.88235294117647,False,0.07327586206896551,False,False
40.1982_32.9176,0.34424789823168866,40.1981981981982,32.917647058823526,False,0.017241379310344827,False,False
40.1982_33.0235,0.3407425774004861,40.1981981981982,33.023529411764706,False,0.034482758620689655,False,False
40.2072_32.7294,0.6037792404080917,40.207207207207205,32.72941176470588,False,0.34913793103448276,False,False
40.2072_32.8824,0.37114434927177026,40.207207207207205,32.88235294117647,False,0.07327586206896551,False,False
40.2072_33.0235,0.340327289713472,40.207207207207205,33.023529411764706,False,0.034482758620689655,False,False
40.2072_33.0471,0.3403248519628001,40.207207207207205,33.04705882352941,False,0.034482758620689655,False,False
40.2162_32.7176,0.5141437425892277,40.21621621621622,32.71764705882353,False,0.1939655172413793,False,False
40.2162_33.0235,0.340327289713472,40.21621621621622,33.023529411764706,False,0.034482758620689655,False,False
40.2252_32.9059,0.3711478265520125,40.22522522522522,32.90588235294118,False,0.07327586206896551,False,False
40.2252_33.0235,0.34163724814543134,40.22522522522522,33.023529411764706,False,0.034482758620689655,False,False
40.2342_32.6941,0.5238243588212972,40.23423423423424,32.694117647058825,False,0.1939655172413793,False,False
40.2342_33.0118,0.35810541617581315,40.23423423423424,33.01176470588235,False,0.22413793103448276,False,False
40.2342_33.0235,0.330333959667086,40.23423423423424,33.023529411764706,False,0.3103448275862069,False,False
40.2342_33.0471,0.3403529378144993,40.23423423423424,33.04705882352941,False,0.04310344827586207,False,False
40.2432_33.0,0.33772449036879987,40.24324324324324,33.0,False,0.05172413793103448,False,False
40.2432_33.0118,0.3377239626749487,40.24324324324324,33.01176470588235,False,0.05172413793103448,False,False
40.2432_33.0235,0.27035588028385443,40.24324324324324,33.023529411764706,False,0.3448275862068966,False,False
40.2432_33.0941,1.243427583516372,40.24324324324324,33.09411764705882,True,0.21120689655172414,False,True
40.2432_33.1529,1.243427583516372,40.24324324324324,33.15294117647059,True,0.21120689655172414,False,True
40.2523_33.0471,0.3403248519628001,40.252252252252255,33.04705882352941,False,0.034482758620689655,False,False
40.2523_33.1059,1.243427583516372,40.252252252252255,33.10588235294117,True,0.21120689655172414,False,True
40.2613_33.0118,1.0805573250388212,40.26126126126126,33.01176470588235,True,0.1939655172413793,False,True
40.2613_33.0235,1.0805573250388212,40.26126126126126,33.023529411764706,True,0.1939655172413793,False,True
40.2703_33.1765,1.243427583516372,40.27027027027027,33.1764705882353,True,0.21120689655172414,False,True
40.2793_32.6118,0.4073837945202805,40.27927927927928,32.61176470588235,False,0.2672413793103448,False,False
40.2793_32.6941,0.5238243588212972,40.27927927927928,32.694117647058825,False,0.1939655172413793,False,False
40.2793_33.1176,1.243427583516372,40.27927927927928,33.11764705882353,True,0.21120689655172414,False,True
40.2883_32.4706,0.340961401676816,40.288288288288285,32.47058823529412,False,0.0,False,False
40.2973_32.9647,1.0829209730730551,40.2972972972973,32.96470588235294,True,0.1939655172413793,False,True
