grid_id,grid_lat,grid_lon,yolcu_per_stop,sefer_per_stop,kapasite_per_stop,doluluk_orani,kapasite_kullanimi,stop_count,in_capacity_util_tail,in_passenger_tail,lisa_quadrant,lisa_pvalue,lisa_significant
39.5045_32.8235,39.5045045045045,32.8235294117647,0.10998082853665452,0.003820566084354412,0.5301024003221171,20.811158798283262,20.778547317945854,4.017167381974249,False,False,3,0.006,True
39.5045_32.8941,39.5045045045045,32.89411764705882,0.17786614666132244,0.004523776283613013,0.6326621601538399,27.909871244635195,27.896392945903287,1.0042918454935623,False,False,3,0.003,True
39.5045_32.9529,39.5045045045045,32.95294117647059,0.02935175704233019,0.0010152284263959005,0.1426722729352301,20.660944206008583,20.670798639267417,2.0085836909871246,False,True,3,0.003,True
39.5135_32.5647,39.51351351351352,32.56470588235294,0.08751011746461433,0.002662848669935952,0.3730368717819661,22.377682403433475,22.356631923155525,4.017167381974249,False,True,3,0.003,True
39.5135_32.8353,39.51351351351352,32.83529411764706,0.1649712428049818,0.005730849126531625,0.7951536004831757,20.811158798283262,20.778547317945847,1.0042918454935623,False,False,3,0.003,True
39.5135_32.8588,39.51351351351352,32.858823529411765,0.26679921999198375,0.006785664425419569,0.9489932402307599,27.909871244635195,27.89639294590329,1.0042918454935623,False,False,3,0.003,True
39.5135_32.9412,39.51351351351352,32.94117647058823,0.04402763556349531,0.0015228426395938965,0.21400840940284527,20.660944206008583,20.670798639267417,4.017167381974249,False,True,3,0.003,True
39.5135_32.9765,39.51351351351352,32.976470588235294,0.02935175704233019,0.0010152284263959005,0.1426722729352301,20.660944206008583,20.670798639267417,2.0085836909871246,False,True,3,0.001,True
39.5225_32.6471,39.52252252252252,32.64705882352941,0.28356016279239926,0.00921447368753039,1.289622615326001,21.858369098712448,21.870772211924805,2.0085836909871246,False,False,3,0.003,True
39.5225_32.8,39.52252252252252,32.8,0.09268884771096868,0.001909878803801072,0.26837845183103154,32.63304721030043,33.642720699753376,2.0085836909871246,False,True,3,0.015,True
39.5225_32.8353,39.52252252252252,32.83529411764706,0.10998082853665452,0.003820566084354412,0.5301024003221171,20.811158798283262,20.778547317945854,1.0042918454935623,False,False,3,0.004,True
39.5225_32.8588,39.52252252252252,32.858823529411765,0.26679921999198375,0.006785664425419569,0.9489932402307599,27.909871244635195,27.89639294590329,1.0042918454935623,False,False,3,0.004,True
39.5225_32.8706,39.52252252252252,32.870588235294115,0.13296070889415657,0.003784730781400379,0.5303394894797653,22.473175965665234,24.95364654451668,4.017167381974249,False,False,3,0.004,True
39.5225_32.8941,39.52252252252252,32.89411764705882,0.02935175704233019,0.0010152284263959005,0.1426722729352301,20.660944206008583,20.670798639267417,4.017167381974249,False,True,3,0.004,True
39.5225_32.9059,39.52252252252252,32.90588235294118,0.04891959507055034,0.0016920473773265005,0.2377871215587169,20.660944206008583,20.670798639267417,6.0257510729613735,False,True,3,0.004,True
39.5225_32.9294,39.52252252252252,32.92941176470588,0.05870351408466042,0.002030456852791804,0.2853445458704603,20.660944206008583,20.670798639267417,2.0085836909871246,False,True,3,0.004,True
39.5225_33.0,39.52252252252252,33.0,0.02935175704233019,0.0010152284263959005,0.1426722729352301,20.660944206008583,20.670798639267417,2.0085836909871246,False,True,3,0.001,True
39.5315_32.6,39.531531531531535,32.6,0.5566054203855205,0.017815983536199616,2.493989230661951,22.11802575107296,22.04263464000369,8.034334763948499,False,False,3,0.004,True
39.5315_32.6118,39.531531531531535,32.61176470588235,0.5405439346447487,0.017310012368630823,2.423144135642189,22.102751830345873,22.037709823239748,17.07296137339056,False,False,3,0.004,True
39.5315_32.6353,39.531531531531535,32.63529411764706,0.5566054203855205,0.017815983536199616,2.493989230661951,22.11802575107296,22.04263464000369,2.0085836909871246,False,False,3,0.004,True
39.5315_32.8,39.531531531531535,32.8,0.09268884771096868,0.001909878803801072,0.26837845183103154,32.63304721030043,33.642720699753376,4.017167381974249,False,True,3,0.024,True
39.5315_32.8588,39.531531531531535,32.858823529411765,0.13747603567081815,0.004775707605442985,0.6626280004026465,20.811158798283262,20.778547317945854,2.0085836909871246,False,False,3,0.004,True
39.5315_32.8706,39.531531531531535,32.870588235294115,0.02935175704233019,0.0010152284263959005,0.1426722729352301,20.660944206008583,20.670798639267417,2.0085836909871246,False,True,3,0.004,True
39.5315_32.8941,39.531531531531535,32.89411764705882,0.05870351408466042,0.002030456852791804,0.2853445458704603,20.660944206008583,20.670798639267417,4.017167381974249,False,True,3,0.004,True
39.5405_32.6118,39.54054054054054,32.61176470588235,0.5566054203855205,0.017815983536199616,2.493989230661951,22.11802575107296,22.04263464000369,2.0085836909871246,False,False,3,0.004,True
39.5405_32.6235,39.54054054054054,32.62352941176471,0.5566054203855205,0.017815983536199616,2.493989230661951,22.11802575107296,22.04263464000369,4.017167381974249,False,False,3,0.004,True
39.5405_32.8471,39.54054054054054,32.84705882352941,0.6048945569516,0.02101311346394932,2.915563201771645,20.811158798283262,20.778547317945847,1.0042918454935623,False,False,3,0.001,True
39.5405_32.8588,39.54054054054054,32.858823529411765,0.39375137805980526,0.010782033059588669,1.5047355805108078,24.36051502145923,25.948953512361122,2.0085836909871246,False,False,3,0.001,True
39.5405_32.9294,39.54054054054054,32.92941176470588,0.17786614666132244,0.004523776283613013,0.6326621601538399,27.909871244635195,27.896392945903287,3.0128755364806867,False,False,3,0.004,True
39.5405_33.0118,39.54054054054054,33.01176470588235,0.029351757042330184,0.0010152284263959005,0.1426722729352301,20.660944206008583,20.670798639267417,13.055793991416309,False,True,3,0.001,True
39.5405_33.0235,39.54054054054054,33.023529411764706,0.02935175704233019,0.0010152284263959005,0.1426722729352301,20.660944206008583,20.670798639267417,4.017167381974249,False,True,3,0.004,True
39.5495_32.5882,39.549549549549546,32.588235294117645,0.28356016279239926,0.00921447368753039,1.289622615326001,21.858369098712448,21.870772211924805,1.0042918454935623,False,False,3,0.004,True
39.5495_32.6941,39.549549549549546,32.694117647058825,0.06067740822661766,0.0013611320277842022,0.19146673983240778,32.98068669527897,31.668679394200936,10.042918454935622,False,True,3,0.004,True
39.5495_32.8,39.549549549549546,32.8,0.34132620396936425,0.006767219296562647,0.9500491841326022,34.86909871244635,34.84142610630377,3.0128755364806867,False,False,3,0.039,True
39.5495_32.8118,39.549549549549546,32.811764705882354,0.054777615779958516,0.0012827022025678077,0.1803106268540138,29.71602288984263,29.934606459032768,3.0128755364806867,False,True,3,0.047,True
39.5495_32.8471,39.549549549549546,32.84705882352941,0.1649712428049818,0.005730849126531625,0.7951536004831758,20.811158798283262,20.778547317945847,5.021459227467811,False,False,3,0.001,True
39.5495_32.8588,39.549549549549546,32.858823529411765,0.26416581338097206,0.0091370558375634,1.2840504564170716,20.660944206008583,20.670798639267417,2.0085836909871246,False,False,3,0.001,True
39.5495_32.8706,39.549549549549546,32.870588235294115,0.05780464480874312,0.002163934426229432,0.30277595628415294,19.1075,19.08593509984639,1.005,False,True,3,0.001,True
39.5495_32.9059,39.549549549549546,32.90588235294118,0.26679921999198375,0.006785664425419569,0.9489932402307599,27.909871244635195,27.89639294590329,1.0042918454935623,False,False,3,0.004,True
39.5495_33.0118,39.549549549549546,33.01176470588235,0.02935175704233019,0.0010152284263959005,0.1426722729352301,20.660944206008583,20.670798639267417,2.0085836909871246,False,True,3,0.004,True
39.5495_33.1176,39.549549549549546,33.11764705882353,2.610742203219863,0.05667147586842977,8.80153269884763,31.375536480686694,30.80305253929169,16.068669527896997,False,False,3,0.005,True
39.5586_32.7412,39.55855855855856,32.74117647058824,0.1903524149186967,0.003574019222631851,0.5045940881339539,37.607296137339056,37.637952176578786,2.0085836909871246,False,False,3,0.065,False
39.5586_32.8,39.55855855855856,32.8,0.18682721713329256,0.004437627546335688,0.6236296534020814,29.375536480686694,29.672404514235467,6.0257510729613735,False,False,3,0.042,True
39.5586_32.8588,39.55855855855856,32.858823529411765,0.17919439890710379,0.00670819672131147,0.9386054644808743,19.1075,19.08593509984639,5.025,False,False,3,0.001,True
39.5586_32.9059,39.55855855855856,32.90588235294118,0.17786614666132244,0.004523776283613013,0.6326621601538399,27.909871244635195,27.896392945903287,2.0085836909871246,False,False,3,0.004,True
39.5586_33.1059,39.55855855855856,33.10588235294117,2.7242527337946396,0.05913545308010063,9.184208033580136,31.375536480686694,30.80305253929169,8.034334763948499,False,False,3,0.005,True
39.5676_32.7882,39.567567567567565,32.78823529411765,0.37743119218660787,0.008894041610326421,1.2494918311730816,31.678111587982833,29.977135047129035,15.064377682403434,False,False,3,0.042,True
39.5676_32.8,39.567567567567565,32.8,0.37743119218660787,0.008894041610326421,1.2494918311730816,31.678111587982833,29.977135047129035,15.064377682403434,False,False,3,0.042,True
39.5676_32.8118,39.567567567567565,32.811764705882354,0.1649712428049818,0.005730849126531625,0.7951536004831757,20.811158798283262,20.778547317945847,4.017167381974249,False,False,3,0.037,True
39.5676_32.8471,39.567567567567565,32.84705882352941,0.41985936379217353,0.013540277934473282,1.8894272975609887,18.19149307372902,22.654534814720737,20.49785407725322,False,False,3,0.004,True
39.5766_32.7882,39.57657657657658,32.78823529411765,0.37743119218660787,0.008894041610326421,1.2494918311730816,31.678111587982833,29.97713504712904,35.15021459227468,False,False,3,0.042,True
39.5766_32.8,39.57657657657658,32.8,0.4046912532605659,0.009686484774089451,1.3606825176135973,31.395922746781117,29.56885169200087,32.137339055793994,False,False,3,0.034,True
39.5766_32.8824,39.57657657657658,32.88235294117647,0.26679921999198375,0.006785664425419569,0.9489932402307599,27.909871244635195,27.89639294590329,2.0085836909871246,False,False,3,0.001,True
39.5856_32.6588,39.585585585585584,32.65882352941176,0.13711802558688238,0.0037250846392956,0.5236880402573293,28.2343347639485,25.841455775585363,5.021459227467811,False,False,3,0.009,True
39.5856_32.8471,39.585585585585584,32.84705882352941,0.6241642238311088,0.019497257206065415,2.7208650350937966,21.26423462088698,22.945313566781504,4.261802575107296,False,False,3,0.004,True
39.5946_32.5412,39.5945945945946,32.54117647058823,0.10050749128550313,0.0023527373772368955,0.33220439649016126,29.82832618025751,29.823950452247537,5.021459227467811,False,False,3,0.001,True
39.5946_32.8353,39.5945945945946,32.83529411764706,0.5751332452367359,0.013552825310973644,1.9039875522637433,31.678111587982833,29.97713504712904,15.064377682403434,False,False,3,0.004,True
39.5946_32.8471,39.5945945945946,32.84705882352941,0.56528860567237,0.014993227397846021,2.1005183627333377,28.46788919235271,26.603099803341998,34.39055793991416,False,False,3,0.004,True
39.5946_32.8588,39.5945945945946,32.858823529411765,0.046720191078440276,0.0019718518856725103,0.27439274952059167,16.246781115879827,16.213108439862076,2.0085836909871246,False,True,3,0.004,True
39.5946_33.0824,39.5945945945946,33.08235294117647,0.27897757059357114,0.004966185130158416,0.9325986656776353,31.987124463519315,31.95410302166175,2.0085836909871246,False,False,3,0.01,True
39.6036_32.6706,39.6036036036036,32.67058823529412,0.8506804883771979,0.027643421062591253,3.868867845978003,21.858369098712448,21.870772211924805,1.0042918454935623,False,False,3,0.005,True
39.6036_32.8353,39.6036036036036,32.83529411764706,0.421751866377547,0.011099651666921896,1.5558492195256286,29.106223175965667,26.714939829538626,6.0257510729613735,False,False,3,0.005,True
39.6036_32.8471,39.6036036036036,32.84705882352941,0.421751866377547,0.011099651666921896,1.5558492195256286,29.106223175965667,26.714939829538626,12.051502145922747,False,False,3,0.004,True
39.6036_32.8588,39.6036036036036,32.858823529411765,0.2223326833266531,0.00565472035451627,0.7908277001923,27.909871244635195,27.896392945903287,2.0085836909871246,False,False,3,0.004,True
39.6036_32.8706,39.6036036036036,32.870588235294115,0.046720191078440276,0.0019718518856725103,0.27439274952059167,16.246781115879827,16.213108439862076,2.0085836909871246,False,True,3,0.001,True
39.6126_32.6824,39.612612612612615,32.68235294117647,0.5566054203855205,0.017815983536199616,2.493989230661951,22.11802575107296,22.04263464000369,2.0085836909871246,False,False,3,0.004,True
39.6126_32.6941,39.612612612612615,32.694117647058825,0.5566054203855205,0.017815983536199616,2.493989230661951,22.11802575107296,22.04263464000369,4.017167381974249,False,False,3,0.004,True
39.6126_32.8235,39.612612612612615,32.8235294117647,0.8402210705418772,0.026246307777395728,3.6627029318570337,21.26423462088698,22.945313566781504,25.570815450643778,False,False,3,0.009,True
39.6126_32.8353,39.612612612612615,32.83529411764706,0.421751866377547,0.011099651666921896,1.5558492195256286,29.106223175965667,26.714939829538626,6.0257510729613735,False,False,3,0.009,True
39.6126_32.8706,39.612612612612615,32.870588235294115,0.046720191078440276,0.0019718518856725103,0.27439274952059167,16.246781115879827,16.213108439862076,4.017167381974249,False,True,3,0.001,True
39.6126_32.8824,39.612612612612615,32.88235294117647,0.046720191078440276,0.0019718518856725103,0.27439274952059167,16.246781115879827,16.213108439862076,2.0085836909871246,False,True,3,0.001,True
39.6126_32.8941,39.612612612612615,32.89411764705882,0.046720191078440276,0.0019718518856725103,0.27439274952059167,16.246781115879827,16.213108439862076,2.0085836909871246,False,True,3,0.001,True
39.6216_32.6471,39.62162162162162,32.64705882352941,0.10050749128550313,0.0023527373772368955,0.33220439649016126,29.82832618025751,29.823950452247537,2.0085836909871246,False,False,3,0.004,True
39.6216_32.6588,39.62162162162162,32.65882352941176,0.10050749128550313,0.0023527373772368955,0.33220439649016126,29.82832618025751,29.823950452247537,6.0257510729613735,False,False,3,0.004,True
39.6216_32.6706,39.62162162162162,32.67058823529412,0.10050749128550313,0.0023527373772368955,0.33220439649016126,29.82832618025751,29.823950452247537,2.0085836909871246,False,False,3,0.004,True
39.6216_32.6941,39.62162162162162,32.694117647058825,0.5999043853882217,0.01851044120224251,2.593486799143283,23.66008583690987,22.815506212543447,5.021459227467811,False,False,3,0.004,True
39.6216_32.8235,39.62162162162162,32.8235294117647,0.1649712428049818,0.005730849126531625,0.7951536004831757,20.811158798283262,20.778547317945847,2.0085836909871246,False,False,3,0.01,True
39.6216_32.9059,39.62162162162162,32.90588235294118,0.046720191078440276,0.0019718518856725103,0.27439274952059167,16.246781115879827,16.213108439862076,2.0085836909871246,False,True,3,0.001,True
39.6216_33.0588,39.62162162162162,33.05882352941176,0.13720265518991198,0.003438188450881236,0.5660714948352931,24.163480296527506,28.296601245587848,21.553648068669528,False,False,3,0.022,True
39.6306_32.5294,39.63063063063063,32.529411764705884,0.10050749128550313,0.0023527373772368955,0.33220439649016126,29.82832618025751,29.823950452247537,3.0128755364806867,False,False,3,0.001,True
39.6306_32.5882,39.63063063063063,32.588235294117645,0.10050749128550313,0.0023527373772368955,0.33220439649016126,29.82832618025751,29.823950452247537,2.0085836909871246,False,False,3,0.008,True
39.6306_32.7059,39.63063063063063,32.705882352941174,0.6287703620566892,0.018973412979604466,2.659818511464171,24.688125894134476,23.30029582929195,3.0128755364806867,False,False,3,0.004,True
39.6306_32.8118,39.63063063063063,32.811764705882354,0.8894434100665923,0.02543862442225265,3.5557256006408213,26.489985693848354,24.34830189024877,12.051502145922747,False,False,3,0.005,True
39.6306_32.8235,39.63063063063063,32.8235294117647,1.1138779552267561,0.02728472099562644,3.834558192105914,31.722460658082973,29.051651416608593,12.051502145922747,False,False,3,0.005,True
39.6306_32.9059,39.63063063063063,32.90588235294118,0.046720191078440276,0.0019718518856725103,0.27439274952059167,16.246781115879827,16.213108439862076,2.0085836909871246,False,True,3,0.001,True
39.6306_32.9176,39.63063063063063,32.917647058823526,0.046720191078440276,0.0019718518856725103,0.27439274952059167,16.246781115879827,16.213108439862076,2.0085836909871246,False,True,3,0.001,True
39.6306_33.1059,39.63063063063063,33.10588235294117,1.7231759656652361,0.037768240343347574,5.811939133827546,30.763948497854077,30.772021254853872,1.0042918454935623,False,False,3,0.029,True
39.6396_32.7059,39.63963963963964,32.705882352941174,0.6287703620566892,0.018973412979604466,2.659818511464171,24.688125894134476,23.30029582929195,12.051502145922747,False,False,3,0.004,True
39.6396_32.7176,39.63963963963964,32.71764705882353,0.5905375111586723,0.01848715725161917,2.5894177795743456,23.145309625996322,22.54986652870124,7.030042918454936,False,False,3,0.004,True
39.6396_32.9294,39.63963963963964,32.92941176470588,0.046720191078440276,0.0019718518856725103,0.27439274952059167,16.246781115879827,16.213108439862076,1.0042918454935623,False,True,3,0.001,True
39.6486_32.3294,39.648648648648646,32.32941176470588,0.2974205541353233,0.006225845853997151,0.8739612465708622,34.35622317596567,34.33118254582122,2.0085836909871246,False,False,3,0.013,True
39.6486_32.3412,39.648648648648646,32.34117647058824,0.2974205541353233,0.006225845853997151,0.8739612465708622,34.35622317596567,34.33118254582122,1.0042918454935623,False,False,3,0.005,True
39.6486_32.7176,39.648648648648646,32.71764705882353,0.6665604282091352,0.020567156891380594,2.8816519990480924,23.831425846447306,22.815506212543447,18.07725321888412,False,False,3,0.004,True
39.6486_32.7882,39.648648648648646,32.78823529411765,1.0123342493233318,0.028536837848169884,3.9927983315655884,25.85168855941388,25.087785302847198,20.57510729613734,False,False,3,0.005,True
39.6486_32.8,39.648648648648646,32.8,0.29312577769125153,0.007180189735691141,1.0090942610805036,31.722460658082973,29.051651416608596,9.03862660944206,False,False,3,0.005,True
39.6486_32.9412,39.648648648648646,32.94117647058823,0.046720191078440276,0.0019718518856725103,0.27439274952059167,16.246781115879827,16.213108439862076,2.0085836909871246,False,True,3,0.001,True
39.6486_32.9529,39.648648648648646,32.95294117647059,0.046720191078440276,0.0019718518856725103,0.27439274952059167,16.246781115879827,16.213108439862076,1.0042918454935623,False,True,3,0.001,True
39.6486_33.0353,39.648648648648646,33.035294117647055,0.046710711690468726,0.0036630036630036565,0.20489092553869878,21.834586466165412,21.795088900501945,6.045112781954887,False,True,3,0.005,True
39.6577_32.4235,39.65765765765766,32.423529411764704,0.13471994535519122,0.0071482240437158225,1.0657650273224042,12.845,12.839589045998887,2.01,False,False,3,0.001,True
39.6577_32.4353,39.65765765765766,32.43529411764706,0.13471994535519122,0.0071482240437158225,1.0657650273224042,12.845,12.839589045998887,1.005,False,False,3,0.001,True
39.6577_32.7176,39.65765765765766,32.71764705882353,0.5999043853882217,0.01851044120224251,2.593486799143283,23.66008583690987,22.815506212543447,5.021459227467811,False,False,3,0.004,True
39.6577_32.7294,39.65765765765766,32.72941176470588,0.5692244691340116,0.01717281796592369,2.4063447208056243,24.51224438273163,23.3002275454732,17.07296137339056,False,False,3,0.004,True
39.6577_32.8,39.65765765765766,32.8,0.9711796955230535,0.026021921108608667,3.643862012441852,26.913876967095852,26.456668698977737,18.566523605150216,False,False,3,0.005,True
39.6577_32.8235,39.65765765765766,32.8235294117647,1.0211018576263142,0.028834627935151225,4.034118870187692,25.61124774990284,25.046541128555848,21.5793991416309,False,False,3,0.005,True
39.6577_32.9529,39.65765765765766,32.95294117647059,0.046720191078440276,0.0019718518856725103,0.27439274952059167,16.246781115879827,16.213108439862076,2.0085836909871246,False,True,3,0.004,True
39.6577_33.0118,39.65765765765766,33.01176470588235,0.27897757059357114,0.004966185130158416,0.9325986656776353,31.987124463519315,31.954103021661755,6.0257510729613735,False,False,3,0.004,True
39.6577_33.0235,39.65765765765766,33.023529411764706,0.20858215690890564,0.004692394623307384,0.7723627117440963,27.206008583690988,30.09852430107976,9.476394849785407,False,False,3,0.004,True
39.6667_32.4353,39.66666666666666,32.43529411764706,0.13471994535519122,0.0071482240437158225,1.0657650273224042,12.845,12.839589045998887,1.005,False,False,3,0.001,True
39.6667_32.6706,39.66666666666666,32.67058823529412,0.12263027221392966,0.0036683553633178744,0.5052912908665209,23.1931330472103,23.18891656743127,2.0085836909871246,False,False,3,0.004,True
39.6667_32.6824,39.66666666666666,32.68235294117647,0.12263027221392966,0.0036683553633178744,0.5052912908665209,23.1931330472103,23.18891656743127,2.0085836909871246,False,False,3,0.004,True
39.6667_32.7059,39.66666666666666,32.705882352941174,0.5566054203855205,0.017815983536199616,2.493989230661951,22.11802575107296,22.04263464000369,10.042918454935622,False,False,3,0.004,True
39.6667_32.7294,39.66666666666666,32.72941176470588,0.46480276790364866,0.013729560843321255,1.9244411117036822,24.474555487431022,23.767446133795293,7.030042918454936,False,False,3,0.004,True
39.6667_33.0118,39.66666666666666,33.01176470588235,0.19074961780068433,0.005663913115934712,0.8042904685281863,21.99785407725322,25.2379860626311,2.5450643776824036,False,False,3,0.004,True
39.6757_32.4941,39.67567567567568,32.49411764705882,0.4364026436227062,0.04244175771342797,5.967296455625801,9.390557939914164,7.612222714904745,1.8669527896995708,True,False,3,0.001,True
39.6757_32.5059,39.67567567567568,32.50588235294118,0.5277913189244364,0.05147813481733127,7.222270802830853,8.675250357653791,7.425670135683702,2.871244635193133,True,False,3,0.001,True
39.6757_32.6706,39.67567567567568,32.67058823529412,0.12263027221392966,0.0036683553633178744,0.5052912908665209,23.1931330472103,23.18891656743127,1.0042918454935623,False,False,3,0.003,True
39.6757_32.6941,39.67567567567568,32.694117647058825,0.12263027221392965,0.0036683553633178744,0.5052912908665209,23.1931330472103,23.18891656743127,7.030042918454936,False,False,3,0.003,True
39.6757_32.7294,39.67567567567568,32.72941176470588,0.6248656118099291,0.018815503938850765,2.6264779971812797,24.314377682403432,23.299299461073996,4.017167381974249,False,False,3,0.003,True
39.6757_32.8118,39.67567567567568,32.811764705882354,1.0123342493233318,0.028536837848169884,3.9927983315655884,25.85168855941388,25.087785302847198,41.15021459227468,False,False,3,0.003,True
39.6757_32.8235,39.67567567567568,32.8235294117647,0.2742730971656274,0.007476471619206918,1.0418879389664708,24.733118741058654,26.448201309303826,18.21459227467811,False,False,3,0.003,True
39.6757_32.8471,39.67567567567568,32.84705882352941,0.19074961780068433,0.005663913115934712,0.8042904685281863,21.99785407725322,25.2379860626311,5.090128755364807,False,False,3,0.003,True
39.6757_32.8588,39.67567567567568,32.858823529411765,0.19074961780068433,0.005663913115934712,0.8042904685281863,21.99785407725322,25.2379860626311,5.090128755364807,False,False,3,0.003,True
39.6757_32.9176,39.67567567567568,32.917647058823526,0.26679921999198375,0.006785664425419569,0.9489932402307599,27.909871244635195,27.89639294590329,4.017167381974249,False,False,3,0.003,True
39.6757_32.9647,39.67567567567568,32.96470588235294,0.19074961780068433,0.005663913115934712,0.8042904685281863,21.99785407725322,25.2379860626311,2.5450643776824036,False,False,3,0.001,True
39.6847_32.6471,39.68468468468468,32.64705882352941,0.12263027221392966,0.0036683553633178744,0.5052912908665209,23.1931330472103,23.18891656743127,2.0085836909871246,False,False,3,0.003,True
39.6847_32.6588,39.68468468468468,32.65882352941176,0.12263027221392966,0.0036683553633178744,0.5052912908665209,23.1931330472103,23.18891656743127,2.0085836909871246,False,False,3,0.003,True
39.6847_32.6824,39.68468468468468,32.68235294117647,0.12263027221392966,0.0036683553633178744,0.5052912908665209,23.1931330472103,23.18891656743127,1.0042918454935623,False,False,3,0.003,True
39.6847_32.7176,39.68468468468468,32.71764705882353,0.26253035239384315,0.007988546009807926,1.1191106153458983,22.377682403433475,22.356631923155525,1.0042918454935623,False,False,3,0.003,True
39.6847_32.7294,39.68468468468468,32.72941176470588,0.6939073292789001,0.02091604491841711,2.9257473438165373,24.474555487431022,23.299896683136463,7.030042918454936,False,False,3,0.003,True
39.6847_32.7412,39.68468468468468,32.74117647058824,0.6939073292789001,0.02091604491841711,2.9257473438165373,24.474555487431022,23.299896683136463,7.030042918454936,False,False,3,0.003,True
39.6847_32.8,39.68468468468468,32.8,1.0555563838721351,0.03056687132538817,4.2746266734979965,24.109952994073165,24.387172353939075,8.278969957081545,False,False,3,0.003,True
39.6847_32.8118,39.68468468468468,32.811764705882354,1.03148365132582,0.028491049479315,3.9748980968062213,25.21975595330699,25.853691707762238,54.412017167381975,False,False,3,0.003,True
39.6847_32.8235,39.68468468468468,32.8235294117647,0.046720191078440276,0.0019718518856725103,0.27439274952059167,16.246781115879827,16.213108439862076,11.047210300429185,False,True,3,0.004,True
39.6847_32.8588,39.68468468468468,32.858823529411765,0.046720191078440276,0.0019718518856725103,0.27439274952059167,16.246781115879827,16.213108439862076,2.0085836909871246,False,True,3,0.005,True
39.6847_32.8824,39.68468468468468,32.88235294117647,0.15591390610772335,0.0031451567583140358,0.5501719772444897,28.71051081376757,30.302794176858534,16.13733905579399,False,False,3,0.003,True
39.6847_32.8941,39.68468468468468,32.89411764705882,0.20751050443820954,0.005277738997548576,0.7381058535128132,27.909871244635195,27.89639294590329,3.0128755364806867,False,False,3,0.003,True
39.6847_32.9059,39.68468468468468,32.90588235294118,0.26679921999198375,0.006785664425419569,0.9489932402307599,27.909871244635195,27.89639294590329,1.0042918454935623,False,False,3,0.003,True
39.6847_32.9176,39.68468468468468,32.917647058823526,0.19074961780068433,0.005663913115934712,0.8042904685281863,21.99785407725322,25.2379860626311,10.180257510729614,False,False,3,0.003,True
39.6847_32.9294,39.68468468468468,32.92941176470588,0.19074961780068433,0.005663913115934712,0.8042904685281863,21.99785407725322,25.2379860626311,2.5450643776824036,False,False,3,0.005,True
39.6847_32.9647,39.68468468468468,32.96470588235294,0.18598504706238075,0.0033107900867722774,0.6217324437850902,31.987124463519315,31.95410302166175,1.0042918454935623,False,False,3,0.001,True
39.6847_32.9765,39.68468468468468,32.976470588235294,0.19074961780068433,0.005663913115934712,0.8042904685281863,21.99785407725322,25.2379860626311,2.5450643776824036,False,False,3,0.001,True
39.6847_32.9882,39.68468468468468,32.98823529411764,0.081199460916442,0.005135235616692913,0.5651547541593086,14.25,14.209485597554433,1.0044642857142858,False,True,3,0.007,True
39.6847_33.0,39.68468468468468,33.0,0.020299865229110464,0.0012838089041732035,0.1412886885398271,14.25,14.209485597554433,2.0089285714285716,False,True,3,0.011,True
39.6937_32.3529,39.693693693693696,32.35294117647059,1.212476590106605,0.029107385958360953,4.319067870382628,28.992846924177396,28.17941879366873,12.051502145922747,False,False,3,0.006,True
39.6937_32.4,39.693693693693696,32.4,0.538879781420765,0.02859289617486334,4.263060109289617,12.845,12.839589045998887,1.005,False,False,3,0.001,True
39.6937_32.4706,39.693693693693696,32.47058823529412,0.13471994535519122,0.0071482240437158225,1.0657650273224042,12.845,12.839589045998887,1.005,False,False,3,0.001,True
39.6937_32.6471,39.693693693693696,32.64705882352941,0.12263027221392966,0.0036683553633178744,0.5052912908665209,23.1931330472103,23.18891656743127,1.0042918454935623,False,False,3,0.004,True
39.6937_32.7412,39.693693693693696,32.74117647058824,0.7427600546955583,0.0223730188725266,3.125193968080812,24.314377682403432,23.299526648001684,8.034334763948499,False,False,3,0.003,True
39.6937_32.8118,39.693693693693696,32.811764705882354,1.168004776961008,0.04929629714181349,6.859818738014792,16.246781115879827,16.213108439862072,1.0042918454935623,False,False,3,0.005,True
39.6937_32.8235,39.693693693693696,32.8235294117647,0.23715486221509663,0.006031701711484041,0.8435495468717866,27.909871244635195,27.896392945903287,3.0128755364806867,False,False,3,0.003,True
39.6937_32.8353,39.693693693693696,32.83529411764706,0.26679921999198375,0.006785664425419569,0.9489932402307599,27.909871244635195,27.89639294590329,1.0042918454935623,False,False,3,0.003,True
39.6937_32.9882,39.693693693693696,32.98823529411764,4.30793991416309,0.09442060085836908,14.529847834568864,30.763948497854077,30.772021254853872,4.017167381974249,False,False,3,0.001,True
39.7027_32.3529,39.7027027027027,32.35294117647059,1.1942025217186936,0.029206042570855687,4.339973754490053,28.186244324189836,27.656820688968683,23.96137339055794,False,False,3,0.006,True
39.7027_32.6,39.7027027027027,32.6,0.12263027221392965,0.0036683553633178744,0.5052912908665209,23.1931330472103,23.18891656743127,3.0128755364806867,False,False,3,0.058,False
39.7027_32.6235,39.7027027027027,32.62352941176471,0.12263027221392966,0.0036683553633178744,0.5052912908665209,23.1931330472103,23.18891656743127,2.0085836909871246,False,False,3,0.004,True
39.7027_32.6353,39.7027027027027,32.63529411764706,0.12263027221392965,0.0036683553633178744,0.5052912908665209,23.1931330472103,23.18891656743127,3.0128755364806867,False,False,3,0.004,True
39.7027_32.6471,39.7027027027027,32.64705882352941,0.12263027221392965,0.0036683553633178744,0.5052912908665209,23.1931330472103,23.18891656743127,5.021459227467811,False,False,3,0.004,True
39.7027_32.7412,39.7027027027027,32.74117647058824,0.49779040678718506,0.015850496030921264,2.2190135075987403,22.169957081545064,22.09538968947294,5.021459227467811,False,False,3,0.005,True
39.7027_32.8118,39.7027027027027,32.811764705882354,1.164630962169848,0.03194589888326579,4.456568696148908,25.926749835762713,26.01088467756739,47.31330472103004,False,False,3,0.003,True
39.7027_32.9647,39.7027027027027,32.96470588235294,0.19074961780068433,0.005663913115934712,0.8042904685281863,21.99785407725322,25.2379860626311,2.5450643776824036,False,False,3,0.001,True
39.7117_32.3176,39.71171171171172,32.31764705882353,0.6981438874386089,0.03263129950002209,2.6909576272436317,25.63519313304721,25.600695100534942,1.0042918454935623,False,False,3,0.006,True
39.7117_32.3529,39.71171171171172,32.35294117647059,1.2246712352622755,0.03534174436259739,4.807172902935229,25.470171673819742,25.61469993047102,4.879828326180258,False,False,3,0.006,True
39.7117_32.6588,39.71171171171172,32.65882352941176,0.12263027221392966,0.0036683553633178744,0.5052912908665209,23.1931330472103,23.18891656743127,1.0042918454935623,False,False,3,0.038,True
39.7117_32.7529,39.71171171171172,32.752941176470586,0.6939073292789001,0.02091604491841711,2.9257473438165373,24.474555487431022,23.299896683136463,7.030042918454936,False,False,3,0.003,True
39.7117_32.8118,39.71171171171172,32.811764705882354,1.1941529449346395,0.034063361904851465,4.74965372517241,25.15197892236519,24.94973783269077,25.665236051502145,False,False,3,0.006,True
39.7117_32.9647,39.71171171171172,32.96470588235294,0.020299865229110464,0.0012838089041732035,0.1412886885398271,14.25,14.209485597554433,1.0044642857142858,False,True,3,0.001,True
39.7207_32.3176,39.72072072072072,32.31764705882353,0.6981438874386089,0.03263129950002209,2.6909576272436317,25.63519313304721,25.600695100534942,1.0042918454935623,False,False,3,0.006,True
39.7207_32.3412,39.72072072072072,32.34117647058824,1.144497843218006,0.029994877814878366,4.441418032952255,27.283047210300428,25.975279206272077,4.879828326180258,False,False,3,0.006,True
39.7207_32.3529,39.72072072072072,32.35294117647059,1.1708488325064768,0.03327984616996912,4.661457339387451,26.429530908817107,25.318320837377843,18.51502145922747,False,False,3,0.006,True
39.7207_32.3647,39.72072072072072,32.36470588235294,1.7631746789188256,0.057890381034918344,7.278719732615245,23.202432045779688,24.382089905131146,3.875536480686695,False,False,3,0.006,True
39.7207_32.4,39.72072072072072,32.4,0.7064229455400516,0.017672701302376297,2.749610904117342,25.418454935622318,25.367728922756516,1.0042918454935623,False,False,3,0.001,True
39.7207_32.4118,39.72072072072072,32.411764705882355,0.31421645884511873,0.011119947602895773,1.68711613909672,20.050429184549355,18.67483037608986,1.8669527896995708,False,False,3,0.003,True
39.7207_32.4235,39.72072072072072,32.423529411764704,0.3888772834316528,0.015534804440644388,1.8836917256620143,21.065522174535047,20.585228733143634,4.738197424892704,False,False,3,0.003,True
39.7207_32.4353,39.72072072072072,32.43529411764706,0.2837648097681668,0.009704132127768392,1.475854303533189,21.124034334763948,19.225189021594314,4.738197424892704,False,False,3,0.003,True
39.7207_32.6588,39.72072072072072,32.65882352941176,0.1769775890681945,0.003435148377088971,0.5057649428214176,34.238197424892704,34.20668542172902,3.0128755364806867,False,False,3,0.239,False
39.7207_32.6706,39.72072072072072,32.67058823529412,0.12263027221392965,0.0036683553633178744,0.5052912908665209,23.1931330472103,23.18891656743127,3.0128755364806867,False,False,2,0.408,False
39.7207_32.7059,39.72072072072072,32.705882352941174,0.4083024949906539,0.0066370897679490955,1.0120035375977317,39.76072961373391,39.601706341471136,2.0085836909871246,False,False,3,0.092,False
39.7207_32.7529,39.72072072072072,32.752941176470586,0.6633957939692601,0.020227142389035464,2.829801096448852,23.95088221268479,23.054106405252277,9.03862660944206,False,False,3,0.006,True
39.7207_32.8,39.72072072072072,32.8,1.0195101351711178,0.029309118858260534,3.923210236308512,26.56371193805883,25.710782485693663,24.553648068669528,False,False,3,0.006,True
39.7207_32.8118,39.72072072072072,32.811764705882354,1.0263228843768737,0.02853233728806098,4.064145585536615,25.271649154121913,24.990843242815775,37.776824034334766,False,False,3,0.006,True
39.7207_32.8824,39.72072072072072,32.88235294117647,0.046720191078440276,0.0019718518856725103,0.27439274952059167,16.246781115879827,16.213108439862076,1.0042918454935623,False,True,3,0.001,True
39.7207_32.9647,39.72072072072072,32.96470588235294,0.020299865229110464,0.0012838089041732035,0.1412886885398271,14.25,14.209485597554433,1.0044642857142858,False,True,3,0.001,True
39.7297_32.3529,39.729729729729726,32.35294117647059,0.9556798466763194,0.026906543712608037,3.668249274553393,28.03545881872062,26.154535419845313,6.888412017167382,False,False,3,0.006,True
39.7297_32.3647,39.729729729729726,32.36470588235294,1.4904268917645687,0.049127977630141074,6.09485518393662,24.86587982832618,24.584463445245525,14.639484978540773,False,False,3,0.006,True
39.7297_32.3765,39.729729729729726,32.37647058823529,0.8790728839221543,0.03686226261635088,4.032978159297827,21.784692417739628,21.65458149678006,5.742489270386266,False,False,3,0.007,True
39.7297_32.3882,39.729729729729726,32.38823529411765,1.3962877748772178,0.06526259900004422,5.3819152544872635,25.63519313304721,25.600695100534942,1.0042918454935623,False,False,3,0.003,True
39.7297_32.5294,39.729729729729726,32.529411764705884,0.710568669527897,0.06955088902513792,9.732219497240955,7.244635193133047,7.218805007812345,1.0042918454935623,True,False,3,0.001,True
39.7297_32.5412,39.729729729729726,32.54117647058823,0.710568669527897,0.06955088902513792,9.732219497240955,7.244635193133047,7.218805007812345,2.0085836909871246,True,False,3,0.001,True
39.7297_32.6706,39.729729729729726,32.67058823529412,1.2534981190704368,0.019487801760680087,2.999337127140059,37.88111587982832,41.6668846116781,4.721030042918455,False,False,4,0.433,False
39.7297_32.6824,39.729729729729726,32.68235294117647,0.5657706682418013,0.008957506045167585,1.3735348693015423,42.12752912323728,40.457149072287024,7.030042918454936,False,False,4,0.387,False
39.7297_32.6941,39.729729729729726,32.694117647058825,0.2856722227767242,0.0029687344046311535,0.5067122467312107,56.32832618025751,56.28051204875239,1.0042918454935623,False,False,4,0.133,False
39.7297_32.7176,39.729729729729726,32.71764705882353,0.36195237607083436,0.008209637311374886,1.1399912809477923,45.61971183323114,31.915963640612844,12.257510729613735,False,False,3,0.057,False
39.7297_32.7294,39.729729729729726,32.72941176470588,0.35675579939493457,0.006820542896929776,0.9979473276215,42.34204207809358,35.273660996776826,12.454935622317597,False,False,3,0.005,True
39.7297_32.7412,39.729729729729726,32.74117647058824,0.5037482091593702,0.015479477593996175,2.1005046470392665,38.91511683357177,24.06688530189417,13.261802575107296,False,False,3,0.005,True
39.7297_32.7529,39.729729729729726,32.752941176470586,0.8840825288225647,0.026760428476240133,3.6814930873862006,31.94420600858369,23.728346296433365,9.44206008583691,False,False,3,0.003,True
39.7297_32.8,39.729729729729726,32.8,1.108966332761181,0.03233340912168304,4.332116069344347,25.365111904368877,25.386639168524052,29.682403433476395,False,False,3,0.01,True
39.7297_32.8235,39.729729729729726,32.8235294117647,0.3137212516765623,0.011965209456771401,0.9834825026649585,31.04542203147353,32.504479570556846,17.682403433476395,False,False,3,0.003,True
39.7297_32.8471,39.729729729729726,32.84705882352941,0.08463650864124443,0.005040040780754051,0.7085436776127911,11.551502145922747,11.516704843093057,2.0085836909871246,False,True,3,0.001,True
39.7297_32.9529,39.729729729729726,32.95294117647059,0.020299865229110464,0.0012838089041732035,0.1412886885398271,14.25,14.209485597554433,1.0044642857142858,False,True,3,0.001,True
39.7297_32.9647,39.729729729729726,32.96470588235294,0.020299865229110464,0.0012838089041732035,0.1412886885398271,14.25,14.209485597554433,3.013392857142857,False,True,3,0.001,True
39.7297_33.0118,39.729729729729726,33.01176470588235,0.16456849933963655,0.004980252637306178,0.6994880077270256,20.75720416922134,24.854469811186725,6.055793991416309,False,False,3,0.001,True
39.7297_33.0588,39.729729729729726,33.05882352941176,0.020299865229110464,0.0012838089041732035,0.1412886885398271,14.25,14.209485597554433,2.0089285714285716,False,True,3,0.001,True
39.7387_32.4,39.73873873873874,32.4,1.4215471824693384,0.04619199755202966,5.666204734703205,24.438176987533208,25.178346326878128,6.888412017167382,False,False,3,0.004,True
39.7387_32.4118,39.73873873873874,32.411764705882355,1.0472158311579134,0.04894694925003314,4.036436440865448,25.63519313304721,25.600695100534942,1.0042918454935623,False,False,3,0.004,True
39.7387_32.5412,39.73873873873874,32.54117647058823,0.710568669527897,0.06955088902513792,9.732219497240955,7.244635193133047,7.218805007812345,2.0085836909871246,True,False,3,0.001,True
39.7387_32.5882,39.73873873873874,32.588235294117645,0.2820806434161647,0.004376214004915232,0.6382767699354419,43.71030042918455,43.72850438783915,1.0042918454935623,False,False,4,0.001,True
39.7387_32.6588,39.73873873873874,32.65882352941176,0.2820806434161647,0.004376214004915232,0.6382767699354419,43.71030042918455,43.72850438783915,1.0042918454935623,False,False,1,0.461,False
39.7387_32.6706,39.73873873873874,32.67058823529412,1.1130082150760696,0.016662862898186605,2.5797892061582064,39.62106348587035,43.143877980536246,13.158798283261802,False,False,1,0.387,False
39.7387_32.7059,39.73873873873874,32.705882352941174,0.1699952312827849,0.005669051025274172,0.7855946590367192,21.43776824034335,21.45433453799389,2.0085836909871246,False,False,3,0.175,False
39.7387_32.7176,39.73873873873874,32.71764705882353,0.3147987307153397,0.009578755572169735,1.2674879818796774,42.78862660944206,24.89178821382701,6.832618025751073,False,False,3,0.022,True
39.7387_32.7412,39.73873873873874,32.74117647058824,0.29315734084204287,0.009037772341461652,1.1882535740869364,49.52932761087268,25.88054297411038,7.236051502145923,False,False,3,0.005,True
39.7387_32.7529,39.73873873873874,32.752941176470586,1.1638311886535244,0.03512670723163428,4.876355076258107,29.77264223616155,23.539619988593216,14.46351931330472,False,False,3,0.005,True
39.7387_32.7647,39.73873873873874,32.76470588235294,0.6287703620566892,0.018973412979604466,2.659818511464171,24.688125894134476,23.30029582929195,3.0128755364806867,False,False,3,0.005,True
39.7387_32.8235,39.73873873873874,32.8235294117647,0.09619464703578297,0.0035919161699726893,0.41221058772843566,28.493562231759658,22.988499563653058,3.4163090128755367,False,True,3,0.009,True
39.7387_32.9882,39.73873873873874,32.98823529411764,0.020299865229110464,0.0012838089041732035,0.1412886885398271,14.25,14.209485597554433,2.0089285714285716,False,True,3,0.001,True
39.7387_33.0,39.73873873873874,33.0,0.020299865229110464,0.0012838089041732035,0.1412886885398271,14.25,14.209485597554433,1.0044642857142858,False,True,3,0.001,True
39.7477_32.4,39.74774774774775,32.4,0.31421645884511873,0.011119947602895773,1.68711613909672,20.050429184549355,18.67483037608986,1.8669527896995708,False,False,3,0.005,True
39.7477_32.4235,39.74774774774775,32.423529411764704,1.5867679643725643,0.05029975777525207,6.017798287644661,26.040772532188843,26.39575866813947,10.042918454935622,False,False,3,0.017,True
39.7477_32.4353,39.74774774774775,32.43529411764706,1.6855039729207817,0.052262919805833155,6.3874472499114425,26.085836909871244,26.440164106090375,3.0128755364806867,False,False,3,0.009,True
39.7477_32.5294,39.74774774774775,32.529411764705884,0.710568669527897,0.06955088902513792,9.732219497240955,7.244635193133047,7.218805007812345,2.0085836909871246,True,False,3,0.001,True
39.7477_32.6,39.74774774774775,32.6,0.2820806434161647,0.004376214004915232,0.6382767699354419,43.71030042918455,43.72850438783915,4.017167381974249,False,False,4,0.005,True
39.7477_32.6235,39.74774774774775,32.62352941176471,0.2820806434161647,0.004376214004915232,0.6382767699354419,43.71030042918455,43.72850438783915,2.0085836909871246,False,False,1,0.396,False
39.7477_32.6471,39.74774774774775,32.64705882352941,0.9796213099702684,0.014089580159444991,2.1681536258085847,42.78414316370325,44.966085289986225,15.467811158798284,False,False,1,0.208,False
39.7477_32.6588,39.74774774774775,32.65882352941176,0.9608686551905331,0.013455289701832249,2.1128635647048735,42.26781115879828,45.46277241415272,9.44206008583691,False,False,1,0.203,False
39.7477_32.7176,39.74774774774775,32.71764705882353,0.37182324217708335,0.011495209017067257,1.538736902164674,38.283261802575105,23.951482491420983,6.128755364806867,False,False,3,0.008,True
39.7477_32.7294,39.74774774774775,32.72941176470588,0.1699952312827849,0.005669051025274172,0.7855946590367192,21.43776824034335,21.45433453799389,1.0042918454935623,False,False,3,0.005,True
39.7477_32.7412,39.74774774774775,32.74117647058824,0.1699952312827849,0.005669051025274172,0.7855946590367192,21.43776824034335,21.45433453799389,2.0085836909871246,False,False,3,0.004,True
39.7477_32.7529,39.74774774774775,32.752941176470586,0.8048515720240297,0.023970315756886226,3.355885604301705,30.38887185775598,23.57370517389731,26.01716738197425,False,False,3,0.005,True
39.7477_32.7647,39.74774774774775,32.76470588235294,0.5149132414611477,0.019228690013105464,1.398904203146068,37.32725321888412,36.7699131914489,2.0085836909871246,False,False,3,0.004,True
39.7477_32.8118,39.74774774774775,32.811764705882354,0.2639053698814284,0.009241503089359537,0.8040962820329478,32.0596306411757,30.72092293636587,8.643776824034335,False,False,3,0.08,False
39.7477_32.8588,39.74774774774775,32.858823529411765,0.08463650864124443,0.005040040780754051,0.7085436776127911,11.551502145922747,11.516704843093057,2.0085836909871246,False,True,3,0.001,True
39.7477_32.8706,39.74774774774775,32.870588235294115,0.08463650864124443,0.005040040780754051,0.7085436776127911,11.551502145922747,11.516704843093057,1.0042918454935623,False,True,3,0.001,True
39.7477_33.1059,39.74774774774775,33.10588235294117,0.020299865229110464,0.0012838089041732035,0.1412886885398271,14.25,14.209485597554433,1.0044642857142858,False,True,3,0.001,True
39.7568_32.3882,39.75675675675676,32.38823529411765,0.2974205541353233,0.006225845853997151,0.8739612465708622,34.35622317596567,34.33118254582122,1.0042918454935623,False,False,3,0.008,True
39.7568_32.6353,39.75675675675676,32.63529411764706,0.2820806434161647,0.004376214004915232,0.6382767699354419,43.71030042918455,43.72850438783915,8.034334763948499,False,False,1,0.2,False
39.7568_32.6471,39.75675675675676,32.64705882352941,0.2820806434161647,0.004376214004915232,0.6382767699354419,43.71030042918455,43.72850438783915,2.0085836909871246,False,False,1,0.141,False
39.7568_32.6588,39.75675675675676,32.65882352941176,1.4235907007692048,0.020309456762998696,3.1505557785990197,42.26781115879828,45.146284209711474,28.326180257510728,False,False,1,0.139,False
39.7568_32.7294,39.75675675675676,32.72941176470588,0.39932185207334386,0.012182430737112983,1.6189744295939776,42.78862660944206,24.675183035744496,6.832618025751073,False,False,3,0.004,True
39.7568_32.7412,39.75675675675676,32.74117647058824,0.47509928149183983,0.01308793498374352,1.8562990986928498,46.46518836433,25.583475941599154,15.373390557939913,False,False,3,0.004,True
39.7568_32.7529,39.75675675675676,32.752941176470586,1.2542243348872109,0.037547556250582176,5.2369764360562785,33.890276750037,23.732907545162163,26.4206008583691,False,False,3,0.005,True
39.7568_32.7765,39.75675675675676,32.77647058823529,0.5566054203855205,0.017815983536199616,2.493989230661951,22.11802575107296,22.04263464000369,6.0257510729613735,False,False,3,0.005,True
39.7568_32.8,39.75675675675676,32.8,1.216275057534737,0.03327344117961531,4.650122062651549,25.97353663529453,26.03673089955883,119.28755364806867,False,False,3,0.377,False
39.7568_32.8118,39.75675675675676,32.811764705882354,14.4135418415408,0.2437127566326401,29.73513649674531,33.03758823593715,47.94265078663796,122.02575107296137,False,False,4,0.259,False
39.7568_32.8353,39.75675675675676,32.83529411764706,0.046720191078440276,0.0019718518856725103,0.27439274952059167,16.246781115879827,16.213108439862076,1.0042918454935623,False,True,3,0.005,True
39.7568_32.8471,39.75675675675676,32.84705882352941,0.08463650864124443,0.005040040780754051,0.7085436776127911,11.551502145922747,11.516704843093057,2.0085836909871246,False,True,3,0.001,True
39.7568_32.8588,39.75675675675676,32.858823529411765,0.08463650864124443,0.005040040780754051,0.7085436776127911,11.551502145922747,11.516704843093057,4.017167381974249,False,True,3,0.001,True
39.7658_32.4,39.76576576576576,32.4,0.13471994535519122,0.0071482240437158225,1.0657650273224042,12.845,12.839589045998887,2.01,False,False,3,0.069,False
39.7658_32.4706,39.76576576576576,32.47058823529412,1.6855039729207817,0.052262919805833155,6.3874472499114425,26.085836909871244,26.440164106090375,3.0128755364806867,False,False,3,0.051,False
39.7658_32.5176,39.76576576576576,32.51764705882353,0.710568669527897,0.06955088902513792,9.732219497240955,7.244635193133047,7.218805007812345,4.017167381974249,True,False,3,0.001,True
39.7658_32.6,39.76576576576576,32.6,2.3251875,0.1421875,19.925250000000002,11.3625,11.381552966547444,3.015,False,False,3,0.101,False
39.7658_32.6471,39.76576576576576,32.64705882352941,0.28447502965653765,0.0034378942713924887,0.5505670877992878,52.122317596566525,51.040855303323355,6.0257510729613735,False,False,1,0.16,False
39.7658_32.6588,39.76576576576576,32.65882352941176,0.8052941980989653,0.01300441386884532,1.9694536732816132,38.572514306151646,40.86565883341698,7.4334763948497855,False,False,1,0.118,False
39.7658_32.6706,39.76576576576576,32.67058823529412,1.083962117533383,0.015110297381235776,2.356594664280217,46.447782546495,45.79778554404549,13.459227467811159,False,False,1,0.065,False
39.7658_32.6824,39.76576576576576,32.68235294117647,0.2856722227767242,0.0029687344046311535,0.5067122467312107,56.32832618025751,56.28051204875239,1.0042918454935623,False,False,1,0.105,False
39.7658_32.6941,39.76576576576576,32.694117647058825,0.2856722227767242,0.0029687344046311535,0.5067122467312107,56.32832618025751,56.28051204875239,1.0042918454935623,False,False,1,0.181,False
39.7658_32.7176,39.76576576576576,32.71764705882353,0.29315734084204287,0.009037772341461652,1.1882535740869364,49.52932761087268,25.88054297411038,7.236051502145923,False,False,3,0.081,False
39.7658_32.7294,39.76576576576576,32.72941176470588,0.29315734084204287,0.009037772341461652,1.1882535740869364,49.52932761087268,25.880542974110377,9.648068669527897,False,False,3,0.004,True
39.7658_32.7412,39.76576576576576,32.74117647058824,0.4576959214927445,0.013251347197441527,1.8465708184590568,39.28100768204278,25.01183590617958,14.068669527896995,False,False,3,0.004,True
39.7658_32.7529,39.76576576576576,32.752941176470586,1.026090891948658,0.02996807189581328,4.335122491462687,40.36641630901288,23.98477809493658,6.532188841201717,False,False,3,0.004,True
39.7658_32.7647,39.76576576576576,32.76470588235294,1.1192960165621548,0.03364586439537209,4.670950884199667,38.743545596699605,24.037714209386614,37.47639484978541,False,False,3,0.006,True
39.7658_32.8,39.76576576576576,32.8,0.6760207600970133,0.020962285481528675,2.625696191887315,33.611945636623744,25.988069766164116,9.648068669527897,False,False,2,0.378,False
39.7658_32.8118,39.76576576576576,32.811764705882354,17.720350062701176,0.2629543474367368,35.51203345623456,33.836700581514954,49.42208050554521,116.4206008583691,False,False,4,0.491,False
39.7658_32.8235,39.76576576576576,32.8235294117647,0.4564305436270923,0.013275107202755099,1.931892906368612,32.6587982832618,23.423239428639523,1.7081545064377683,False,False,2,0.395,False
39.7658_32.8471,39.76576576576576,32.84705882352941,0.08463650864124443,0.005040040780754051,0.7085436776127911,11.551502145922747,11.516704843093057,4.017167381974249,False,True,3,0.015,True
39.7658_32.9882,39.76576576576576,32.98823529411764,0.020299865229110464,0.0012838089041732035,0.1412886885398271,14.25,14.209485597554433,2.0089285714285716,False,True,3,0.001,True
39.7748_32.3765,39.77477477477478,32.37647058823529,0.2974205541353233,0.006225845853997151,0.8739612465708622,34.35622317596567,34.33118254582122,2.0085836909871246,False,False,3,0.054,False
39.7748_32.3882,39.77477477477478,32.38823529411765,0.2974205541353233,0.006225845853997151,0.8739612465708622,34.35622317596567,34.33118254582122,4.017167381974249,False,False,3,0.054,False
39.7748_32.4,39.77477477477478,32.4,1.2228094999922956,0.036917228488554485,4.549618582131249,28.842632331902717,26.880756949397476,9.03862660944206,False,False,3,0.079,False
39.7748_32.4118,39.77477477477478,32.411764705882355,0.2974205541353233,0.006225845853997151,0.8739612465708622,34.35622317596567,34.33118254582122,1.0042918454935623,False,False,3,0.021,True
39.7748_32.4235,39.77477477477478,32.423529411764704,0.2974205541353233,0.006225845853997151,0.8739612465708622,34.35622317596567,34.33118254582122,2.0085836909871246,False,False,3,0.054,False
39.7748_32.4353,39.77477477477478,32.43529411764706,0.2974205541353232,0.006225845853997151,0.8739612465708622,34.35622317596567,34.33118254582122,5.021459227467811,False,False,3,0.098,False
39.7748_32.5059,39.77477477477478,32.50588235294118,1.6855039729207817,0.052262919805833155,6.3874472499114425,26.085836909871244,26.440164106090375,6.0257510729613735,False,False,3,0.001,True
39.7748_32.5176,39.77477477477478,32.51764705882353,0.710568669527897,0.06955088902513792,9.732219497240955,7.244635193133047,7.218805007812345,2.0085836909871246,True,False,3,0.001,True
39.7748_32.5882,39.77477477477478,32.588235294117645,2.3251875,0.1421875,19.925250000000002,11.3625,11.381552966547444,4.02,False,False,3,0.01,True
39.7748_32.6588,39.77477477477478,32.65882352941176,0.2856722227767242,0.0029687344046311535,0.5067122467312107,56.32832618025751,56.28051204875239,1.0042918454935623,False,False,1,0.131,False
39.7748_32.6706,39.77477477477478,32.67058823529412,1.4235907007692048,0.020309456762998696,3.1505557785990197,42.26781115879828,45.146284209711474,18.88412017167382,False,False,1,0.089,False
39.7748_32.7294,39.77477477477478,32.72941176470588,0.33555669795444193,0.010308778995745383,1.362201601273174,46.80171673819742,25.218568461673335,8.240343347639485,False,False,3,0.106,False
39.7748_32.7529,39.77477477477478,32.752941176470586,0.41043963229339364,0.011777084548413468,1.7412956592222384,29.128040057224606,22.993131026512664,2.7124463519313307,False,False,3,0.006,True
39.7748_32.7647,39.77477477477478,32.76470588235294,0.5962001257249122,0.017096025264420937,2.452063884515122,44.3818669527897,25.210803071888503,15.879828326180258,False,False,3,0.004,True
39.7748_32.7765,39.77477477477478,32.77647058823529,1.3161028853518077,0.03868676092792351,5.424277150636607,33.20336659049105,24.035508770156017,49.227467811158796,False,False,3,0.052,False
39.7748_32.8,39.77477477477478,32.8,6.09876215318039,0.0906927690010089,11.212555140830053,36.97118332311465,52.9471200860665,12.78969957081545,False,False,1,0.43,False
39.7748_32.8118,39.77477477477478,32.811764705882354,16.786433636101105,0.24842254021104918,33.190198384761125,38.55323984847546,50.36673325262575,141.793991416309,False,False,1,0.118,False
39.7748_32.8235,39.77477477477478,32.8235294117647,6.018102521771427,0.08445400525708034,10.498084140726862,49.967300224810955,58.40900430304485,16.643776824034333,False,False,1,0.145,False
39.7748_32.8353,39.77477477477478,32.83529411764706,0.08463650864124443,0.005040040780754051,0.7085436776127911,11.551502145922747,11.516704843093057,6.0257510729613735,False,True,2,0.09,False
39.7748_33.0353,39.77477477477478,33.035294117647055,0.020299865229110464,0.0012838089041732035,0.1412886885398271,14.25,14.209485597554433,1.0044642857142858,False,True,3,0.001,True
39.7838_32.3765,39.78378378378378,32.37647058823529,0.2974205541353233,0.006225845853997151,0.8739612465708622,34.35622317596567,34.33118254582122,2.0085836909871246,False,False,3,0.101,False
39.7838_32.4,39.78378378378378,32.4,0.2974205541353233,0.006225845853997151,0.8739612465708622,34.35622317596567,34.33118254582122,1.0042918454935623,False,False,3,0.019,True
39.7838_32.4118,39.78378378378378,32.411764705882355,0.2974205541353233,0.006225845853997151,0.8739612465708622,34.35622317596567,34.33118254582122,1.0042918454935623,False,False,3,0.051,False
39.7838_32.4235,39.78378378378378,32.423529411764704,0.2974205541353233,0.006225845853997151,0.8739612465708622,34.35622317596567,34.33118254582122,1.0042918454935623,False,False,3,0.03,True
39.7838_32.4471,39.78378378378378,32.44705882352941,0.2974205541353233,0.006225845853997151,0.8739612465708622,34.35622317596567,34.33118254582122,6.0257510729613735,False,False,3,0.135,False
39.7838_32.5059,39.78378378378378,32.50588235294118,1.6855039729207817,0.052262919805833155,6.3874472499114425,26.085836909871244,26.440164106090375,6.0257510729613735,False,False,3,0.001,True
39.7838_32.6,39.78378378378378,32.6,2.3251875,0.1421875,19.925250000000002,11.3625,11.381552966547444,2.01,False,False,3,0.014,True
39.7838_32.6824,39.78378378378378,32.68235294117647,1.2752014522691946,0.017906537361424772,2.7804180509846432,44.60672389127325,45.812687628058846,11.450643776824034,False,False,1,0.06,False
39.7838_32.6941,39.78378378378378,32.694117647058825,1.4172045502064101,0.01983913783977072,3.0565756621496503,43.96531842025404,46.22502702539131,10.446351931330472,False,False,1,0.042,True
39.7838_32.7059,39.78378378378378,32.705882352941174,8.019803108912596,0.08950409233646248,15.292826232880183,54.237482117310435,52.18258489584296,3.0987124463519313,False,False,1,0.088,False
39.7838_32.7882,39.78378378378378,32.78823529411765,1.513471717579159,0.043279691375106503,6.096714368132249,35.27010937283677,24.632074827812232,48.02575107296137,False,False,2,0.42,False
39.7838_32.8,39.78378378378378,32.8,12.91386726213909,0.1925666395019995,25.50121038580244,35.41720849566243,50.113827465623444,263.19742489270385,False,False,1,0.163,False
39.7838_32.8118,39.78378378378378,32.811764705882354,10.708149128894435,0.15474990968254487,20.726571725186883,42.26426647016092,51.81056223755259,93.73390557939913,False,False,1,0.005,True
39.7838_32.8235,39.78378378378378,32.8235294117647,12.105171363160116,0.14907114500933502,19.027588455993097,46.30859887778901,64.87180267319256,90.60944206008584,True,False,1,0.038,True
39.7838_32.8353,39.78378378378378,32.83529411764706,9.875357239353434,0.1134150428417898,14.577236477973985,53.592237502627924,69.95825795013879,61.48497854077253,True,False,1,0.008,True
39.7838_32.8471,39.78378378378378,32.84705882352941,5.218612112256266,0.060244869495097296,7.731986642081416,52.01380543633763,69.624707507346,23.141630901287552,True,False,1,0.382,False
39.7838_32.8588,39.78378378378378,32.858823529411765,0.04904485716479263,0.0022177320854009737,0.3120738150575459,15.214723926380367,15.155047221105761,1.0061349693251533,False,True,3,0.194,False
39.7838_32.8824,39.78378378378378,32.88235294117647,0.04904485716479263,0.0022177320854009737,0.3120738150575459,15.214723926380367,15.155047221105761,2.0122699386503067,False,True,3,0.079,False
39.7928_32.3765,39.7927927927928,32.37647058823529,0.2974205541353233,0.006225845853997151,0.8739612465708622,34.35622317596567,34.33118254582122,1.0042918454935623,False,False,3,0.056,False
39.7928_32.3882,39.7927927927928,32.38823529411765,0.2974205541353233,0.006225845853997151,0.8739612465708622,34.35622317596567,34.33118254582122,4.017167381974249,False,False,3,0.056,False
39.7928_32.4,39.7927927927928,32.4,0.2974205541353233,0.006225845853997151,0.8739612465708622,34.35622317596567,34.33118254582122,2.0085836909871246,False,False,3,0.007,True
39.7928_32.4118,39.7927927927928,32.411764705882355,0.13471994535519122,0.0071482240437158225,1.0657650273224042,12.845,12.839589045998887,2.01,False,False,3,0.031,True
39.7928_32.4235,39.7927927927928,32.423529411764704,0.2974205541353233,0.006225845853997151,0.8739612465708622,34.35622317596567,34.33118254582122,1.0042918454935623,False,False,3,0.031,True
39.7928_32.4471,39.7927927927928,32.44705882352941,1.6855039729207817,0.052262919805833155,6.3874472499114425,26.085836909871244,26.440164106090375,12.051502145922747,False,False,3,0.179,False
39.7928_32.4588,39.7927927927928,32.45882352941177,0.2974205541353233,0.006225845853997151,0.8739612465708622,34.35622317596567,34.33118254582122,1.0042918454935623,False,False,3,0.095,False
39.7928_32.5412,39.7927927927928,32.54117647058823,0.710568669527897,0.06955088902513792,9.732219497240955,7.244635193133047,7.218805007812345,1.0042918454935623,True,False,3,0.005,True
39.7928_32.5529,39.7927927927928,32.55294117647059,0.710568669527897,0.06955088902513792,9.732219497240955,7.244635193133047,7.218805007812345,1.0042918454935623,True,False,3,0.049,True
39.7928_32.6,39.7927927927928,32.6,2.3251875,0.1421875,19.925250000000002,11.3625,11.381552966547444,5.025,False,False,3,0.005,True
39.7928_32.6824,39.7927927927928,32.68235294117647,4.9714164907100145,0.05548623973217342,10.218917063468215,45.18938786535353,48.50399771670387,12.540772532188841,False,False,1,0.087,False
39.7928_32.6941,39.7927927927928,32.694117647058825,1.4235907007692048,0.020309456762998696,3.1505557785990197,42.26781115879828,45.146284209711474,18.88412017167382,False,False,1,0.058,False
39.7928_32.7059,39.7927927927928,32.705882352941174,5.648390295966932,0.06108535774820349,11.0198607602697,52.734348210267505,51.17353923072799,19.44206008583691,False,False,1,0.046,True
39.7928_32.7176,39.7927927927928,32.71764705882353,1.3883760674306447,0.015712800318569916,2.222667138622185,60.4206008583691,60.49109597343944,2.0085836909871246,False,False,1,0.225,False
39.7928_32.7882,39.7927927927928,32.78823529411765,1.4515645414893144,0.04185679712197738,5.888342845941373,33.4175631235717,24.37248105803356,19.69098712446352,False,False,2,0.149,False
39.7928_32.8,39.7927927927928,32.8,8.631019669964742,0.14155821990359557,18.502545200198533,34.88966376638265,46.13063965134646,127.63090128755364,False,False,1,0.13,False
39.7928_32.8118,39.7927927927928,32.811764705882354,12.009777279191082,0.15108333672557517,19.186614395309377,50.062117322150655,64.46077777002019,36.51502145922747,False,False,1,0.008,True
39.7928_32.8353,39.7927927927928,32.83529411764706,5.622647826466596,0.06428549321058986,8.251297062200498,54.17674576517177,70.22039816033673,17.776824034334766,True,False,1,0.001,True
39.7928_32.8471,39.7927927927928,32.84705882352941,5.738313887840359,0.06614084520272914,8.495468767994073,54.013424975638074,69.77523171159952,35.25321888412017,True,False,1,0.091,False
39.7928_32.8824,39.7927927927928,32.88235294117647,0.04904485716479263,0.0022177320854009737,0.3120738150575459,15.214723926380367,15.155047221105761,1.0061349693251533,False,True,3,0.402,False
39.8018_32.3765,39.8018018018018,32.37647058823529,0.7601150270638095,0.021571537171275797,2.7117899143510553,31.599427753934194,27.936888784347193,9.03862660944206,False,False,3,0.078,False
39.8018_32.3882,39.8018018018018,32.38823529411765,0.2974205541353233,0.006225845853997151,0.8739612465708622,34.35622317596567,34.33118254582122,1.0042918454935623,False,False,3,0.021,True
39.8018_32.4,39.8018018018018,32.4,0.13471994535519122,0.0071482240437158225,1.0657650273224042,12.845,12.839589045998887,6.03,False,False,3,0.009,True
39.8018_32.4118,39.8018018018018,32.411764705882355,0.13471994535519122,0.0071482240437158225,1.0657650273224042,12.845,12.839589045998887,2.01,False,False,3,0.009,True
39.8018_32.4471,39.8018018018018,32.44705882352941,0.2974205541353233,0.006225845853997151,0.8739612465708622,34.35622317596567,34.33118254582122,2.0085836909871246,False,False,3,0.14,False
39.8018_32.5294,39.8018018018018,32.529411764705884,0.710568669527897,0.06955088902513792,9.732219497240955,7.244635193133047,7.218805007812345,2.0085836909871246,True,False,3,0.014,True
39.8018_32.5412,39.8018018018018,32.54117647058823,2.6486491003040853,0.08212744540916644,10.037417107003694,26.085836909871244,26.440164106090375,21.090128755364805,False,False,3,0.003,True
39.8018_32.5647,39.8018018018018,32.56470588235294,4.440359899225285,0.0763344253487323,10.454939066775204,41.52616833571769,41.848407330671016,8.746781115879829,False,False,4,0.117,False
39.8018_32.6941,39.8018018018018,32.694117647058825,4.180236696257198,0.04711223157860868,8.554940551339616,46.06737889762125,48.74884868481229,44.05150214592275,False,False,1,0.063,False
39.8018_32.7059,39.8018018018018,32.705882352941174,6.034840004812356,0.06556527885024246,11.790024934699833,52.36141426527693,51.1370927798743,11.622317596566523,False,False,1,0.038,True
39.8018_32.7294,39.8018018018018,32.72941176470588,0.1902326291535963,0.0031663798128972773,0.509414124309469,36.31901840490798,36.300722848073534,2.0122699386503067,False,False,2,0.044,True
39.8018_32.8,39.8018018018018,32.8,15.872541536020409,0.22898499861555888,32.17831969709317,47.04024697812516,50.821517176998675,44.66094420600859,False,False,1,0.146,False
39.8018_32.8353,39.8018018018018,32.83529411764706,7.219939469821803,0.08622820910089454,11.10441045181102,57.63930615164521,67.86704031129331,2.9527896995708156,True,False,1,0.001,True
39.8018_32.8588,39.8018018018018,32.858823529411765,0.04904485716479263,0.0022177320854009737,0.3120738150575459,15.214723926380367,15.155047221105761,2.0122699386503067,False,True,2,0.04,True
39.8108_32.4471,39.81081081081081,32.44705882352941,0.2974205541353233,0.006225845853997151,0.8739612465708622,34.35622317596567,34.33118254582122,2.0085836909871246,False,False,3,0.055,False
39.8108_32.5294,39.81081081081081,32.529411764705884,0.710568669527897,0.06955088902513792,9.732219497240955,7.244635193133047,7.218805007812345,4.017167381974249,True,False,3,0.085,False
39.8108_32.5529,39.81081081081081,32.55294117647059,2.72476181766537,0.08526329039515769,10.248979021069111,26.58217313932796,26.622260297993982,41.17596566523605,False,False,3,0.164,False
39.8108_32.5647,39.81081081081081,32.56470588235294,7.302525701187472,0.12312294762405478,17.3736259619232,37.92627691596493,41.363157235185724,41.72532188841202,False,False,4,0.259,False
39.8108_32.5765,39.81081081081081,32.576470588235296,5.840057235116537,0.10072746760095966,13.850602872076605,44.082618025751074,41.70175686504204,2.0085836909871246,False,False,4,0.22,False
39.8108_32.6471,39.81081081081081,32.64705882352941,0.9016682818773363,0.012455870137062083,1.7510902672019937,51.96137339055794,51.94514028787481,3.0128755364806867,False,False,1,0.112,False
39.8108_32.7059,39.81081081081081,32.705882352941174,7.380653022479136,0.08596865031635309,14.885683859532216,48.258166423544196,49.042979910687656,76.76394849785407,False,False,1,0.05,False
39.8108_32.7176,39.81081081081081,32.71764705882353,3.6428215453732844,0.05521028792867415,7.868492476222951,49.60085836909871,44.61592739616028,4.141630901287554,False,False,1,0.055,False
39.8108_32.7647,39.81081081081081,32.76470588235294,0.6297064952347035,0.012127324919963775,1.7014998167766817,30.90236051502146,37.00572766210247,4.017167381974249,False,False,2,0.2,False
39.8108_32.8,39.81081081081081,32.8,23.599826053634974,0.33326990359530195,43.602323527011634,48.33088088696853,54.90206285272191,43.63948497854077,False,False,1,0.135,False
39.8108_32.8824,39.81081081081081,32.88235294117647,2.5154388313580345,0.03850651651769892,5.388707327637122,46.47424892703863,46.44014146687018,11.047210300429185,False,False,4,0.024,True
39.8198_32.4,39.81981981981982,32.4,0.13471994535519122,0.0071482240437158225,1.0657650273224042,12.845,12.839589045998887,1.005,False,False,3,0.003,True
39.8198_32.4235,39.81981981981982,32.423529411764704,0.2974205541353233,0.006225845853997151,0.8739612465708622,34.35622317596567,34.33118254582122,2.0085836909871246,False,False,3,0.001,True
39.8198_32.5294,39.81981981981982,32.529411764705884,3.182722394772303,0.028358757441509404,4.728226776626494,66.99356223175965,66.75200620641782,2.0085836909871246,True,False,4,0.13,False
39.8198_32.5412,39.81981981981982,32.54117647058823,1.5349232408891647,0.08546417429374148,11.845447024148095,26.173819742489272,16.69216208275433,2.7296137339055795,False,False,2,0.41,False
39.8198_32.5529,39.81981981981982,32.55294117647059,5.18037867905558,0.04950957302914958,8.846141093567303,49.5793991416309,49.574632662977685,9.03862660944206,False,False,4,0.5,False
39.8198_32.5647,39.81981981981982,32.56470588235294,24.82024324924528,0.4280917373040786,58.86506220632557,44.082618025751074,41.70175686504203,8.034334763948499,False,False,1,0.425,False
39.8198_32.5765,39.81981981981982,32.576470588235296,0.6978983936986207,0.018051112716265864,2.527155780277233,27.493939393939392,27.464285714285715,5.03030303030303,False,False,3,0.475,False
39.8198_32.5882,39.81981981981982,32.588235294117645,2.3251875,0.1421875,19.925250000000002,11.3625,11.381552966547444,2.01,False,False,2,0.402,False
39.8198_32.6471,39.81981981981982,32.64705882352941,9.405581404150595,0.1384309016165074,19.53083501767197,49.981330472103004,47.81425598425979,10.042918454935622,False,False,1,0.147,False
39.8198_32.6588,39.81981981981982,32.65882352941176,11.79968147891715,0.17258561184781515,24.3487763378621,49.25008253549026,48.06499676758852,13.055793991416309,False,False,1,0.16,False
39.8198_32.6941,39.81981981981982,32.694117647058825,7.377935374434537,0.09019458754913856,15.177871941363595,46.45389331698345,47.87616999569568,12.858369098712446,False,False,1,0.067,False
39.8198_32.7059,39.81981981981982,32.705882352941174,4.8869374592311425,0.058388207983026345,9.61867404454924,50.58021795454995,50.160005195852676,67.8969957081545,False,False,1,0.062,False
39.8198_32.7176,39.81981981981982,32.71764705882353,10.765824950334842,0.13237284483835873,22.34781334656751,46.92133937158195,47.32830934249343,46.472103004291846,False,False,1,0.047,True
39.8198_32.7294,39.81981981981982,32.72941176470588,9.771078118144654,0.12071676412641834,20.504100242020574,45.112157428582194,46.80955779932897,60.592274678111586,False,False,1,0.129,False
39.8198_32.7412,39.81981981981982,32.74117647058824,7.031264318617085,0.0848009858525307,14.409344064614592,45.7419403578833,47.760814489055235,33.84549356223176,False,False,1,0.18,False
39.8198_32.7529,39.81981981981982,32.752941176470586,0.8377033638688756,0.016108384413097775,2.3064442243198755,31.744635193133046,36.51501060180842,5.424892703862661,False,False,2,0.166,False
39.8198_32.7647,39.81981981981982,32.76470588235294,0.603813029268637,0.011132913678270018,1.5614827028756482,34.92274678111588,38.631165616466255,18.07725321888412,False,False,2,0.2,False
39.8198_32.7882,39.81981981981982,32.78823529411765,21.955855821599272,0.3230725904906766,44.83247574307407,44.617042203147356,50.14783328448349,12.678111587982833,False,False,1,0.101,False
39.8198_32.8,39.81981981981982,32.8,17.23179428895405,0.2956591301649528,32.100766302811536,47.712395258532595,54.53250260696981,11.931330472103005,False,False,1,0.075,False
39.8198_32.8118,39.81981981981982,32.811764705882354,1.952842994154998,0.03476329591110892,6.528190659743447,31.987124463519315,31.95410302166175,2.0085836909871246,False,False,2,0.015,True
39.8198_32.8235,39.81981981981982,32.8235294117647,2.5154388313580345,0.03850651651769892,5.388707327637123,46.47424892703863,46.44014146687018,1.0042918454935623,False,False,1,0.02,True
39.8198_32.8706,39.81981981981982,32.870588235294115,2.5154388313580345,0.03850651651769892,5.388707327637123,46.47424892703863,46.44014146687018,4.017167381974249,False,False,4,0.349,False
39.8288_32.4471,39.828828828828826,32.44705882352941,0.2974205541353233,0.006225845853997151,0.8739612465708622,34.35622317596567,34.33118254582122,4.017167381974249,False,False,3,0.004,True
39.8288_32.5294,39.828828828828826,32.529411764705884,6.1204103595592025,0.0714301644009784,10.987479832597568,58.44828326180258,55.295307815275834,21.82832618025751,False,False,1,0.331,False
39.8288_32.5529,39.828828828828826,32.55294117647059,12.217882279999287,0.1830924608548036,26.54293239519496,36.357262621643606,46.26778711334119,36.47639484978541,False,False,1,0.351,False
39.8288_32.5647,39.828828828828826,32.56470588235294,43.39204751577287,0.5890171529968454,85.9089905362776,50.215,50.200402725250434,6.03,False,True,1,0.307,False
39.8288_32.5765,39.828828828828826,32.576470588235296,18.93766846310915,0.3308757236666396,45.753199566046696,35.011518771857475,41.008480765892855,33.5793991416309,False,False,4,0.354,False
39.8288_32.6471,39.828828828828826,32.64705882352941,6.622007185359845,0.1009305853876145,14.250653154109676,49.36619540520071,46.32520092670275,17.07296137339056,False,False,1,0.143,False
39.8288_32.6588,39.828828828828826,32.65882352941176,10.863888860533466,0.1580371146142137,22.291619715371553,49.731946258630344,48.30582863454251,23.098712446351932,False,False,1,0.187,False
39.8288_32.6824,39.828828828828826,32.68235294117647,10.378600288401167,0.19028463046843488,26.801279732105538,35.23605150214592,39.651544972711704,8.944206008583691,False,False,2,0.149,False
39.8288_32.6941,39.828828828828826,32.694117647058825,9.03653550333829,0.13232222075959704,20.288479816428836,41.987653953495084,44.21748685674544,54.652360515021456,False,False,1,0.091,False
39.8288_32.7059,39.828828828828826,32.705882352941174,7.442092196237145,0.09450610343535433,13.605885536074465,54.87296137339056,54.02284064972333,5.021459227467811,False,False,1,0.055,False
39.8288_32.7176,39.828828828828826,32.71764705882353,3.2231405516974636,0.04200480469899327,6.053288651852218,44.53281999495077,52.86315029428355,17.07296137339056,False,False,1,0.049,True
39.8288_32.7294,39.828828828828826,32.72941176470588,6.98849012420459,0.09687650643329312,13.813219493422922,45.65573267933783,49.346034719269504,13.763948497854077,False,False,1,0.063,False
39.8288_32.7412,39.828828828828826,32.74117647058824,3.8680021697373363,0.05500858702334603,7.861936772300606,40.62142738618985,48.12429243844032,31.93991416309013,False,False,1,0.038,True
39.8288_32.7529,39.828828828828826,32.752941176470586,5.722824701528654,0.06250084093347895,12.143292985460132,44.480502822810955,46.84432641290228,48.918454935622314,False,False,1,0.055,False
39.8288_32.7647,39.828828828828826,32.76470588235294,8.095767146397353,0.09057356408114933,16.950430884137145,47.62090162865404,47.46646218939139,26.085836909871244,False,False,1,0.114,False
39.8288_32.8118,39.828828828828826,32.811764705882354,29.148247161077474,0.38691432013437554,59.29194908596359,47.176869366249846,49.83877821701127,19.673819742489272,False,False,1,0.038,True
39.8288_32.8471,39.828828828828826,32.84705882352941,2.5154388313580345,0.03850651651769892,5.388707327637123,46.47424892703863,46.44014146687018,9.03862660944206,False,False,1,0.021,True
39.8288_32.8706,39.828828828828826,32.870588235294115,2.5154388313580345,0.03850651651769892,5.388707327637123,46.47424892703863,46.44014146687018,4.017167381974249,False,False,1,0.112,False
39.8288_32.8941,39.828828828828826,32.89411764705882,0.17786614666132244,0.004523776283613013,0.6326621601538399,27.909871244635195,27.896392945903287,1.0042918454935623,False,False,2,0.248,False
39.8288_32.9412,39.828828828828826,32.94117647058823,4.558192119875985,0.0493910101708476,6.9397532732388,65.07081545064378,65.06469462445727,1.0042918454935623,True,False,1,0.009,True
39.8378_32.4,39.83783783783784,32.4,0.13471994535519122,0.0071482240437158225,1.0657650273224042,12.845,12.839589045998887,1.005,False,False,3,0.001,True
39.8378_32.4471,39.83783783783784,32.44705882352941,0.2694398907103825,0.01429644808743165,2.1315300546448084,12.845,12.839589045998887,1.005,False,False,3,0.01,True
39.8378_32.5294,39.83783783783784,32.529411764705884,11.370874852638515,0.1423621964246765,21.653570509710732,48.91341664368686,51.89703154033621,41.622317596566525,False,False,1,0.011,True
39.8378_32.5412,39.83783783783784,32.54117647058823,12.269681609195741,0.164695352975793,24.53307082663216,44.579052094254,49.79784807309446,86.03862660944206,False,False,1,0.029,True
39.8378_32.5529,39.83783783783784,32.55294117647059,9.161450227446185,0.11800757346889526,17.863912009168878,46.998518291436746,50.90724092082999,20.240343347639485,False,False,1,0.129,False
39.8378_32.5765,39.83783783783784,32.576470588235296,22.03910022742796,0.3672166267206836,51.16883376015921,34.72321343415764,42.84772819214068,9.476394849785407,False,False,4,0.191,False
39.8378_32.5882,39.83783783783784,32.588235294117645,22.03910022742796,0.3672166267206836,51.16883376015921,34.72321343415764,42.84772819214068,9.476394849785407,False,False,4,0.152,False
39.8378_32.6588,39.83783783783784,32.65882352941176,10.794806566424919,0.1599176181773558,22.56644314734955,49.35107296137339,47.5165239638841,10.042918454935622,False,False,1,0.303,False
39.8378_32.6706,39.83783783783784,32.67058823529412,7.475355272749871,0.10947066297342165,15.444572727673192,49.89206008583691,47.99552796848954,10.042918454935622,False,False,1,0.315,False
39.8378_32.6824,39.83783783783784,32.68235294117647,9.3530177596684,0.1484796025201222,22.50911657263912,37.65605627086314,41.90494787829773,7.536480686695279,False,False,1,0.239,False
39.8378_32.7059,39.83783783783784,32.705882352941174,6.595870672363717,0.08789492725701376,12.570286198371033,44.898732211429866,51.915733337469824,18.1931330472103,False,False,1,0.068,False
39.8378_32.7176,39.83783783783784,32.71764705882353,5.335574879949282,0.07400076776848026,10.54457842085543,46.69172089159629,49.23881809888481,30.836909871244636,False,False,1,0.032,True
39.8378_32.7294,39.83783783783784,32.72941176470588,4.773887036658478,0.06945851110383601,9.825312194225306,46.69420600858369,46.04614802532774,4.017167381974249,False,False,1,0.008,True
39.8378_32.7412,39.83783783783784,32.74117647058824,0.568529451824526,0.007258351689617368,1.1047721782518678,52.59603004291846,51.87653760337285,4.017167381974249,False,False,1,0.002,True
39.8378_32.7647,39.83783783783784,32.76470588235294,8.33471191702598,0.09462797040516517,17.920058503429537,45.20699438573713,46.13361859691659,17.69527896995708,False,False,1,0.002,True
39.8378_32.7765,39.83783783783784,32.77647058823529,7.302406849877096,0.08487524456278284,15.748067269871326,44.87012442745338,46.14415616534304,29.433476394849784,False,False,1,0.081,False
39.8378_32.7882,39.83783783783784,32.78823529411765,8.704562996742712,0.11241030527920434,18.702635554131803,45.20722867207707,46.542960494826566,24.742489270386265,False,False,1,0.097,False
39.8378_32.8,39.83783783783784,32.8,14.2605416746007,0.19667984645363748,25.328019680298414,48.68298354006509,56.525691648115895,23.23175965665236,False,False,1,0.113,False
39.8378_32.8235,39.83783783783784,32.8235294117647,15.746597361163444,0.22602556217370212,29.879221907141336,44.76430238686846,52.95515005930011,16.386266094420602,False,False,1,0.066,False
39.8378_32.8471,39.83783783783784,32.84705882352941,9.607956591918128,0.18021429607065736,15.279001762166978,59.7755364806867,61.4616161438785,5.021459227467811,False,False,1,0.012,True
39.8378_32.8588,39.83783783783784,32.858823529411765,2.5154388313580345,0.03850651651769892,5.388707327637123,46.47424892703863,46.44014146687018,4.017167381974249,False,False,1,0.024,True
39.8378_33.0118,39.83783783783784,33.01176470588235,10.975203141698758,0.07102467104333118,18.423552562384433,59.34978540772532,59.35579820346596,1.0042918454935623,False,False,1,0.011,True
39.8468_32.4118,39.84684684684685,32.411764705882355,0.13471994535519122,0.0071482240437158225,1.0657650273224042,12.845,12.839589045998887,2.01,False,False,3,0.001,True
39.8468_32.4235,39.84684684684685,32.423529411764704,0.17420616550674373,0.00867588328063331,1.2477658080360297,13.120171673819742,13.076759293442667,2.0085836909871246,False,False,3,0.002,True
39.8468_32.4471,39.84684684684685,32.44705882352941,0.2694398907103825,0.01429644808743165,2.1315300546448084,12.845,12.839589045998887,1.005,False,False,3,0.004,True
39.8468_32.5529,39.84684684684685,32.55294117647059,10.761464071762274,0.13748288653290927,20.936453783832725,45.85084815041897,51.07145002272665,6.5965665236051505,False,False,1,0.025,True
39.8468_32.5882,39.84684684684685,32.588235294117645,14.683649488202592,0.23555241669789168,32.72095233811154,41.170237785581136,44.50435343331975,11.484978540772532,False,False,4,0.423,False
39.8468_32.6,39.84684684684685,32.6,21.110704237112575,0.3559637764097815,49.603876396938624,33.84814163011423,42.33811762132638,38.918454935622314,False,False,1,0.438,False
39.8468_32.6235,39.84684684684685,32.62352941176471,34.61592871014859,0.41534673928593174,63.24938620545947,47.22585836909871,54.40246423039313,3.725321888412017,False,True,1,0.122,False
39.8468_32.6353,39.84684684684685,32.63529411764706,34.32044125618489,0.4155032469634771,63.139739152805966,45.862611422911854,53.91766271574958,14.180257510729614,False,True,1,0.069,False
39.8468_32.6471,39.84684684684685,32.64705882352941,6.894911595810133,0.13439847650563863,18.81660876813827,31.85997854077253,35.64777060155952,7.733905579399142,False,False,2,0.097,False
39.8468_32.6588,39.84684684684685,32.65882352941176,8.305188938010263,0.16056503920746065,22.61476653005905,35.58583690987125,35.564774919536056,21.090128755364805,False,False,2,0.178,False
39.8468_32.6706,39.84684684684685,32.67058823529412,9.441694935285803,0.15341494329190627,21.27445436369365,43.25369634168538,43.95973198207382,46.18025751072961,False,False,1,0.339,False
39.8468_32.6824,39.84684684684685,32.68235294117647,9.470344887903806,0.1764750362258538,24.83997315683362,33.73551502145923,38.99529823489133,13.36480686695279,False,False,2,0.212,False
39.8468_32.7059,39.84684684684685,32.705882352941174,11.336042040029364,0.16429743365535246,23.911747581176694,46.77445670686014,47.121574790464145,19.7725321888412,False,False,1,0.036,True
39.8468_32.7176,39.84684684684685,32.71764705882353,9.661687575687173,0.1389970932087277,19.9288893960111,38.785275958135685,47.28228135750289,41.6137339055794,False,False,1,0.024,True
39.8468_32.7294,39.84684684684685,32.72941176470588,4.024105129725271,0.0673383912599331,7.107780489883315,41.61738197424893,54.8556443739839,10.042918454935622,False,False,1,0.002,True
39.8468_32.7412,39.84684684684685,32.74117647058824,17.04866197733036,0.31621414272312165,22.140168697915072,53.04377682403434,76.245981028657,5.021459227467811,True,False,1,0.001,True
39.8468_32.7529,39.84684684684685,32.752941176470586,17.04384858103934,0.3158438814699664,22.114108675779026,55.21927428794382,76.31428220025418,11.047210300429185,True,False,1,0.001,True
39.8468_32.7882,39.84684684684685,32.78823529411765,2.0127327016861307,0.06124551940852783,8.57984805098522,22.377682403433475,22.35663192315553,1.0042918454935623,False,False,2,0.043,True
39.8468_32.8,39.84684684684685,32.8,29.295708197935877,0.40057202715854795,57.71881670692154,45.99037941650379,50.94218152187401,41.39055793991416,False,False,1,0.104,False
39.8468_32.8118,39.84684684684685,32.811764705882354,8.50383685299546,0.16795627838704413,17.088723239118863,40.86405942958744,49.18703830449641,44.7038626609442,False,False,1,0.008,True
39.8468_32.8235,39.84684684684685,32.8235294117647,37.40874942115901,0.5948757877578534,68.44268071066905,46.19732938496887,54.86625846435367,59.0,False,True,1,0.009,True
39.8468_32.8353,39.84684684684685,32.83529411764706,23.307222778051983,0.32648498292904493,44.82293765749522,43.86406144220197,52.030882144742485,49.48927038626609,False,False,1,0.002,True
39.8468_32.8471,39.84684684684685,32.84705882352941,20.02480416631004,0.3543676355234564,34.37190526957434,52.21642553544401,57.68183533915046,28.755364806866954,False,False,1,0.005,True
39.8468_32.8588,39.84684684684685,32.858823529411765,4.544037133984741,0.07969136077174939,8.190988082960368,50.15816712951275,54.75672776931591,16.78540772532189,False,False,1,0.014,True
39.8468_32.9412,39.84684684684685,32.94117647058823,4.558192119875985,0.04939101017084758,6.9397532732388,65.07081545064378,65.06469462445727,20.085836909871244,True,False,1,0.008,True
39.8468_32.9529,39.84684684684685,32.95294117647059,5.644063798963477,0.051961845261708474,11.20865549734441,42.62782546494993,50.236059681666255,26.124463519313306,False,False,1,0.002,True
39.8468_32.9647,39.84684684684685,32.96470588235294,5.607708562533229,0.05122169733147073,11.320780766385354,40.9142089431789,49.4364469728248,34.738197424892704,False,False,1,0.002,True
39.8559_32.4235,39.85585585585586,32.423529411764704,0.13471994535519122,0.0071482240437158225,1.0657650273224042,12.845,12.839589045998887,1.005,False,False,3,0.002,True
39.8559_32.4706,39.85585585585586,32.47058823529412,0.2974205541353233,0.006225845853997151,0.8739612465708622,34.35622317596567,34.33118254582122,1.0042918454935623,False,False,3,0.006,True
39.8559_32.4941,39.85585585585586,32.49411764705882,0.2974205541353233,0.006225845853997151,0.8739612465708622,34.35622317596567,34.33118254582122,1.0042918454935623,False,False,3,0.489,False
39.8559_32.5294,39.85585585585586,32.529411764705884,3.182722394772303,0.028358757441509404,4.728226776626494,66.99356223175965,66.75200620641782,4.017167381974249,True,False,1,0.001,True
39.8559_32.5412,39.85585585585586,32.54117647058823,3.182722394772303,0.028358757441509404,4.728226776626494,66.99356223175965,66.75200620641782,2.0085836909871246,True,False,1,0.001,True
39.8559_32.5765,39.85585585585586,32.576470588235296,0.7549485680683183,0.0574230558491597,8.104236677161188,15.711587982832619,9.332980449268788,5.021459227467811,True,False,2,0.181,False
39.8559_32.5882,39.85585585585586,32.588235294117645,0.9324681622300044,0.008911723145246896,1.5923053968421146,49.5793991416309,49.574632662977685,1.0042918454935623,False,False,4,0.478,False
39.8559_32.6118,39.85585585585586,32.61176470588235,19.960577512349385,0.33251589267439463,46.33400804525602,34.68333008193523,42.83038215660155,20.96137339055794,False,False,1,0.118,False
39.8559_32.6353,39.85585585585586,32.63529411764706,35.28033417210357,0.43911775945364184,66.42165842327151,35.50917126507255,53.131209253470665,21.463519313304722,False,True,1,0.082,False
39.8559_32.6471,39.85585585585586,32.64705882352941,27.30605587488839,0.3338711899019997,50.59138783032112,45.43690422407951,53.22196873678479,19.793991416309012,False,False,1,0.168,False
39.8559_32.6588,39.85585585585586,32.65882352941176,8.305188938010263,0.16056503920746065,22.614766530059054,35.58583690987125,35.56477491953605,13.055793991416309,False,False,2,0.209,False
39.8559_32.6706,39.85585585585586,32.67058823529412,18.113081652957742,0.28676051640815076,40.39755428047741,43.768622662917466,44.425506507632925,27.622317596566525,False,False,1,0.348,False
39.8559_32.6824,39.85585585585586,32.68235294117647,18.458199624813002,0.28162304477636985,40.25613563470294,42.88703046164022,45.53007027938624,32.566523605150216,False,False,4,0.412,False
39.8559_32.6941,39.85585585585586,32.694117647058825,16.51737073157381,0.250809729465492,36.0919146835311,40.90735997698222,45.71490545437948,26.034334763948497,False,False,4,0.444,False
39.8559_32.7059,39.85585585585586,32.705882352941174,20.68060985587569,0.3277959017111123,47.786598039957596,47.85121831449308,42.83403387392847,21.34763948497854,False,False,1,0.37,False
39.8559_32.7176,39.85585585585586,32.71764705882353,19.6885326396323,0.36357011510410425,41.033832799886596,43.54797670141017,67.2005227584268,2.6738197424892705,True,False,1,0.081,False
39.8559_32.7294,39.85585585585586,32.72941176470588,72.42205251930442,0.7364843174359684,102.61348697387936,38.236358062538315,47.43983209285207,3.5450643776824036,False,True,1,0.001,True
39.8559_32.7412,39.85585585585586,32.74117647058824,9.019993319323952,0.1583718700871071,14.049519780859962,37.93792152053955,62.774613902918375,14.060085836909872,False,False,1,0.001,True
39.8559_32.7529,39.85585585585586,32.752941176470586,17.06189881713066,0.3172323611692983,22.211833758789208,47.06115879828326,76.05899339443657,6.0257510729613735,True,False,1,0.001,True
39.8559_32.7647,39.85585585585586,32.76470588235294,16.99571461812917,0.3121412689384146,21.853508454418535,76.97424892703863,77.0064136486094,1.0042918454935623,True,False,1,0.001,True
39.8559_32.8,39.85585585585586,32.8,29.553253727503456,0.39972464674425645,57.54090674593705,47.38933446882938,51.5597027778539,77.34763948497854,False,False,1,0.093,False
39.8559_32.8118,39.85585585585586,32.811764705882354,11.717729884904521,0.24825560719247106,25.679197465926244,38.77912238933271,45.879819362533105,71.70815450643777,False,False,1,0.011,True
39.8559_32.8235,39.85585585585586,32.8235294117647,27.16984014407329,0.4193542362849834,46.036481296913635,44.746330161099706,58.37753888905537,56.05150214592275,False,False,1,0.017,True
39.8559_32.8353,39.85585585585586,32.83529411764706,15.319981874464526,0.2336359797001863,27.61017635601263,42.13059472716125,56.663319049567356,12.858369098712446,False,False,1,0.005,True
39.8559_32.8471,39.85585585585586,32.84705882352941,12.144508574725519,0.20677381903589825,22.398058447033122,44.23068294400709,54.357924348001696,47.527896995708154,False,False,1,0.008,True
39.8559_32.8588,39.85585585585586,32.858823529411765,6.158680141282035,0.07741951648661818,12.345344271417256,42.990298060308795,49.50576322434007,14.605150214592275,False,False,1,0.013,True
39.8559_32.8706,39.85585585585586,32.870588235294115,2.5154388313580345,0.03850651651769892,5.388707327637123,46.47424892703863,46.44014146687018,8.034334763948499,False,False,1,0.022,True
39.8559_32.9529,39.85585585585586,32.95294117647059,3.0732067510548524,0.031021712754205767,5.01835171402184,61.197424892703864,61.17599615808627,2.0085836909871246,False,False,1,0.01,True
39.8559_32.9647,39.85585585585586,32.96470588235294,5.607411858415787,0.052026893679216694,11.388460112580052,38.83136623748212,49.11972947039153,23.253218884120173,False,False,1,0.011,True
39.8649_32.4471,39.86486486486486,32.44705882352941,0.5948411082706466,0.012451691707994301,1.7479224931417243,34.35622317596567,34.33118254582122,2.0085836909871246,False,False,3,0.001,True
39.8649_32.5294,39.86486486486486,32.529411764705884,3.1827223947723025,0.028358757441509404,4.728226776626494,66.99356223175965,66.75200620641782,10.042918454935622,True,False,1,0.001,True
39.8649_32.5412,39.86486486486486,32.54117647058823,3.182722394772303,0.028358757441509404,4.728226776626494,66.99356223175965,66.75200620641782,4.017167381974249,True,False,1,0.001,True
39.8649_32.6,39.86486486486486,32.6,3.370591572451845,0.04745630812625298,7.7562391279033465,33.36695278969957,37.51683303866634,10.042918454935622,False,False,2,0.267,False
39.8649_32.6235,39.86486486486486,32.62352941176471,2.3311704055750107,0.022279307863117298,3.9807634921052863,49.5793991416309,49.574632662977685,2.0085836909871246,False,False,1,0.17,False
39.8649_32.6353,39.86486486486486,32.63529411764706,13.253709326058605,0.22456130453466489,31.513663838905593,25.260173957995217,42.1563967534041,22.188841201716738,False,False,1,0.065,False
39.8649_32.6471,39.86486486486486,32.64705882352941,22.26225982188218,0.2733508079785253,41.402916755664805,40.19598901792477,53.27203642370373,16.1931330472103,False,False,1,0.219,False
39.8649_32.6588,39.86486486486486,32.65882352941176,40.788928843335235,0.4954090182244289,75.37647942574976,39.29911097486205,54.11343960873916,14.30901287553648,False,True,1,0.26,False
39.8649_32.6706,39.86486486486486,32.67058823529412,5.607486289070477,0.10947118398957867,15.419173880232549,31.71506914639962,35.20976855730242,9.03862660944206,False,False,2,0.21,False
39.8649_32.6824,39.86486486486486,32.68235294117647,36.63251187321098,0.5481554687535112,77.98918306763228,45.12479981097755,46.45970871248527,36.61802575107296,False,True,4,0.423,False
39.8649_32.6941,39.86486486486486,32.694117647058825,0.5810248406814931,0.0295236106455353,5.865058735819783,8.13412017167382,9.466766036019996,1.8626609442060085,True,False,2,0.355,False
39.8649_32.7059,39.86486486486486,32.705882352941174,16.685097442681247,0.25787873984229953,39.75184434870002,43.372927176668426,42.949650425564904,18.703862660944207,False,False,4,0.367,False
39.8649_32.7176,39.86486486486486,32.71764705882353,47.72759856630824,0.8016726403823178,220.10752688172042,21.29032258064516,21.268862556105404,6.0,False,True,2,0.159,False
39.8649_32.7294,39.86486486486486,32.72941176470588,912.4064516129032,9.068817204301075,1264.4451612903224,80.7741935483871,80.82114277823796,4.0,True,True,1,0.001,True
39.8649_32.7412,39.86486486486486,32.74117647058824,8.158458660872824,0.17268072793823863,17.270253168321837,44.85264663805436,45.25322489217482,15.064377682403434,False,False,1,0.001,True
39.8649_32.7647,39.86486486486486,32.76470588235294,12.556425102663392,0.23433434462456398,17.103599991985863,44.062231759656655,72.7223349164222,21.090128755364805,True,False,1,0.001,True
39.8649_32.8,39.86486486486486,32.8,26.42931836119528,0.35961095988604297,51.8274158932098,45.952283374007685,51.02113908438557,42.69098712446352,False,False,1,0.007,True
39.8649_32.8118,39.86486486486486,32.811764705882354,10.39567182666311,0.11491511979734145,19.16771660558019,37.14030127072288,53.987303006618305,16.48068669527897,False,False,1,0.019,True
39.8649_32.8235,39.86486486486486,32.8235294117647,10.021021546191196,0.19225727764574108,18.605340633298734,41.65553066912229,54.173738219354185,75.77682403433477,False,False,1,0.012,True
39.8649_32.8353,39.86486486486486,32.83529411764706,19.108999400499528,0.31721392188203346,40.18166515207796,41.80253805475027,47.92419433531792,21.72532188841202,False,False,1,0.005,True
39.8649_32.8471,39.86486486486486,32.84705882352941,9.408579655115432,0.17482842437715188,15.641738119938363,57.69460430485108,59.070055718320525,23.50214592274678,False,False,1,0.012,True
39.8649_32.8588,39.86486486486486,32.858823529411765,8.543780445414436,0.13556596411100957,16.766642624752105,43.30696273126257,51.329961926480884,50.69527896995708,False,False,1,0.016,True
39.8649_32.8706,39.86486486486486,32.870588235294115,13.074201862775668,0.11114702616335785,27.39677469414116,38.36771504931705,47.661737320871104,25.605150214592275,False,False,1,0.011,True
39.8649_32.9412,39.86486486486486,32.94117647058823,4.723441111748008,0.03954689263656375,9.353503500623289,38.56885294009757,50.51847426238779,12.489270386266094,False,False,1,0.001,True
39.8649_32.9529,39.86486486486486,32.95294117647059,5.607411858415787,0.052026893679216694,11.388460112580052,38.83136623748212,49.11972947039154,15.50214592274678,False,False,1,0.006,True
39.8739_32.4824,39.87387387387388,32.48235294117647,0.4404930948189321,0.013022457845946469,1.8800110968145642,24.824034334763947,23.861065535701602,1.8669527896995708,False,False,3,0.023,True
39.8739_32.4941,39.87387387387388,32.49411764705882,0.4404930948189321,0.013022457845946469,1.8800110968145642,24.824034334763947,23.861065535701602,1.8669527896995708,False,False,3,0.425,False
39.8739_32.5882,39.87387387387388,32.588235294117645,46.02265626499376,0.6221322329910757,89.69005673639765,51.035,51.01007183999172,1.015,False,True,4,0.285,False
39.8739_32.6471,39.87387387387388,32.64705882352941,18.125674956849085,0.3127905766786817,43.45134567371828,30.13502957607797,41.59199610297213,87.92274678111588,False,False,1,0.38,False
39.8739_32.6588,39.87387387387388,32.65882352941176,12.124764939817009,0.23953046397697378,33.501783922481124,29.988457225755386,37.16609621109126,26.703862660944207,False,False,2,0.265,False
39.8739_32.6706,39.87387387387388,32.67058823529412,27.64854252354307,0.4170334027995629,60.86095776118258,32.83301135738965,46.116401241166116,67.87124463519314,False,False,1,0.35,False
39.8739_32.6824,39.87387387387388,32.68235294117647,31.945063944257768,0.4942152310472074,70.285934308824,44.11352459195995,44.8522623744249,87.2618025751073,False,False,4,0.245,False
39.8739_32.6941,39.87387387387388,32.694117647058825,7.44272570343456,0.1435759642976871,20.25100709905045,35.943919885550784,36.15397656697435,14.163090128755364,False,False,3,0.233,False
39.8739_32.7059,39.87387387387388,32.705882352941174,18.805570507461066,0.37456415339603144,63.402469381538495,23.149509503372162,30.997404839824444,8.759656652360515,False,False,3,0.02,True
39.8739_32.7412,39.87387387387388,32.74117647058824,17.06189881713066,0.3172323611692983,22.211833758789208,47.06115879828326,76.05899339443657,2.0085836909871246,True,False,1,0.001,True
39.8739_32.7529,39.87387387387388,32.752941176470586,8.112884059636995,0.1893972878988008,14.556104338766987,46.353004291845494,54.83557571116534,24.103004291845494,False,False,1,0.001,True
39.8739_32.7882,39.87387387387388,32.78823529411765,24.227539207059305,0.49234571726257725,34.75180273262094,60.92918454935622,70.3863846946091,4.497854077253219,True,False,1,0.001,True
39.8739_32.8,39.87387387387388,32.8,29.2646869061788,0.4140048174258892,57.01063929103601,48.544241201203285,51.78004920570891,88.85407725321889,False,False,1,0.001,True
39.8739_32.8118,39.87387387387388,32.811764705882354,19.829051554976104,0.2350790656717497,37.346888752983055,42.44984906577651,52.94754848450947,85.9098712446352,False,False,1,0.016,True
39.8739_32.8235,39.87387387387388,32.8235294117647,4.387956307896175,0.10487490997722718,9.23836443268979,37.340881622200996,47.655209892775844,31.965665236051503,False,False,1,0.012,True
39.8739_32.8353,39.87387387387388,32.83529411764706,20.321657297862053,0.3162521314522674,35.48243525516025,46.886609442060085,57.20802345484546,26.51502145922747,False,False,1,0.018,True
39.8739_32.8471,39.87387387387388,32.84705882352941,18.605608572145254,0.2674220943303052,34.2908578272148,50.67062191837216,53.91169160850041,32.79399141630901,False,False,1,0.011,True
39.8739_32.8588,39.87387387387388,32.858823529411765,10.226220435148562,0.15621176227681605,19.96770693607599,37.70808246952036,51.06684340592825,55.94849785407725,False,False,1,0.005,True
39.8739_32.8706,39.87387387387388,32.870588235294115,9.09846578834465,0.09350541777232893,16.88145453476638,49.61537565804459,53.47088734547841,40.54077253218884,False,False,1,0.002,True
39.8739_32.8824,39.87387387387388,32.88235294117647,8.595043586223102,0.10175845098147891,14.266776868759997,61.24892703862661,58.240230758975606,10.042918454935622,False,False,1,0.038,True
39.8739_32.8941,39.87387387387388,32.89411764705882,0.18980679258360764,0.004256194766938132,0.5988996707676313,31.306532663316585,31.307729121799476,1.0050251256281406,False,False,2,0.052,False
39.8739_32.9294,39.87387387387388,32.92941176470588,19.446943449329254,0.19075896312384852,35.01312897683341,48.18751277334968,55.361015439796596,10.759656652360515,False,False,1,0.002,True
39.8739_32.9412,39.87387387387388,32.94117647058823,4.368113063043533,0.053737355876317915,8.078739850224204,50.11641630901288,53.31791997197035,4.017167381974249,False,False,1,0.002,True
39.8739_32.9529,39.87387387387388,32.95294117647059,5.014590334629755,0.05490498203256932,8.60890275856593,56.272532188841204,57.881746441220045,6.0257510729613735,False,False,1,0.005,True
39.8739_32.9882,39.87387387387388,32.98823529411764,10.204116207996556,0.07923709848372346,18.44189645722418,47.94635193133047,54.77749069997848,20.085836909871244,False,False,1,0.015,True
39.8739_33.0,39.87387387387388,33.0,6.140517420683657,0.054050461637665574,11.72390588989763,46.59028771260531,51.66854782034327,27.11587982832618,False,False,1,0.011,True
39.8739_33.1765,39.87387387387388,33.1764705882353,1.604399727955236,0.02598112999635876,3.6515483184169444,41.67167381974249,43.44706265892197,2.2060085836909873,False,False,4,0.271,False
39.8829_32.5765,39.88288288288288,32.576470588235296,0.2974205541353233,0.006225845853997151,0.8739612465708622,34.35622317596567,34.33118254582122,1.0042918454935623,False,False,2,0.473,False
39.8829_32.5882,39.88288288288288,32.588235294117645,2.644043036680243,0.037177268424633314,6.031825481737281,30.501072961373392,39.055677851925445,3.4334763948497855,False,False,2,0.451,False
39.8829_32.6,39.88288288288288,32.6,0.9507227834809824,0.01549295056731872,3.0046486497507465,28.315450643776824,28.34018532080439,1.0042918454935623,False,False,3,0.481,False
39.8829_32.6118,39.88288288288288,32.61176470588235,21.45707003389913,0.3060214412423079,44.74353059415854,40.20924863648816,47.92730579056004,41.712446351931334,False,False,4,0.296,False
39.8829_32.6235,39.88288288288288,32.62352941176471,8.622747490997243,0.15758896511094475,23.150978278064905,30.071929054493435,36.72672280318435,23.510729613733904,False,False,3,0.426,False
39.8829_32.6353,39.88288288288288,32.63529411764706,3.1677039682969803,0.06909423149008108,9.954745914762082,27.807081545064378,31.566470764703933,11.459227467811159,False,False,3,0.35,False
39.8829_32.6471,39.88288288288288,32.64705882352941,6.904932178520886,0.12604899459683794,18.448089055475634,29.775751072961373,36.73732735563741,6.0257510729613735,False,False,3,0.461,False
39.8829_32.6588,39.88288288288288,32.65882352941176,16.3776789595049,0.29026173299615354,40.244975695075695,28.61237120856685,40.63125478431095,75.12017167381974,False,False,4,0.433,False
39.8829_32.6706,39.88288288288288,32.67058823529412,14.821849739206304,0.25615875498540225,38.38175151603589,28.890487811719822,37.8384169788936,17.781115879828327,False,False,3,0.481,False
39.8829_32.6824,39.88288288288288,32.68235294117647,28.345414322450555,0.4810306787296913,70.09449802734355,33.63130133370841,40.30232015868163,98.43347639484979,False,False,4,0.389,False
39.8829_32.6941,39.88288288288288,32.694117647058825,23.936887178728234,0.4845354447239899,70.95572196734251,42.92346208869814,33.062368348152695,3.0128755364806867,False,False,3,0.259,False
39.8829_32.7059,39.88288288288288,32.705882352941174,20.96018132587564,0.4208308077912005,59.960106166352205,40.88611753053814,34.89788557763974,10.44206008583691,False,False,3,0.141,False
39.8829_32.7176,39.88288288288288,32.71764705882353,4.4083377246446735,0.07667943850471086,20.677367710423177,4.797788048861011,5.485541073445228,5.214592274678112,True,False,2,0.036,True
39.8829_32.7294,39.88288288288288,32.72941176470588,912.4064516129032,9.068817204301075,1264.4451612903224,80.7741935483871,80.82114277823796,2.0,True,True,1,0.001,True
39.8829_32.7412,39.88288288288288,32.74117647058824,17.06189881713066,0.3172323611692983,22.211833758789208,47.06115879828326,76.05899339443657,2.0085836909871246,True,False,1,0.001,True
39.8829_32.7529,39.88288288288288,32.752941176470586,22.089367550373193,0.43157510049867764,33.77881741387222,46.19729077253219,64.29618916544383,32.137339055793994,False,False,1,0.001,True
39.8829_32.7647,39.88288288288288,32.76470588235294,16.74101194710429,0.1535120641788353,24.548139224107388,58.57513981011835,68.26515376531371,9.763948497854077,True,False,1,0.001,True
39.8829_32.7765,39.88288288288288,32.77647058823529,15.185703620380758,0.15594582071349133,23.676071051489846,53.16470724461327,64.49995550714458,25.07296137339056,False,False,1,0.001,True
39.8829_32.7882,39.88288288288288,32.78823529411765,22.601415907174164,0.4851865843900936,35.89372295244805,55.97587790480999,62.962844999109656,18.206008583690988,False,False,1,0.001,True
39.8829_32.8,39.88288288288288,32.8,26.86101323825159,0.40735200699546914,49.92634319270553,49.52838121283336,54.20876683488533,58.75965665236051,False,False,1,0.001,True
39.8829_32.8118,39.88288288288288,32.811764705882354,11.668679929893258,0.09644748688643914,20.932130264337896,42.85721438790108,55.271162414430584,29.527896995708154,False,False,1,0.015,True
39.8829_32.8235,39.88288288288288,32.8235294117647,3.8870519778539534,0.08440902276695257,8.190240779220428,37.10999107393957,47.3529457093361,35.587982832618025,False,False,1,0.013,True
39.8829_32.8353,39.88288288288288,32.83529411764706,24.42478231569406,0.4246264629267803,48.36327930646319,43.4237660944206,50.911944774124066,45.802575107296136,False,False,1,0.015,True
39.8829_32.8471,39.88288288288288,32.84705882352941,13.736503203907091,0.20752092136178457,26.077209604899604,41.68606534404488,53.062990681932575,73.63948497854078,False,False,1,0.005,True
39.8829_32.8588,39.88288288288288,32.858823529411765,9.034000333360439,0.07671978657476386,16.017509126528182,43.11339668914776,56.90021656771373,9.158798283261802,False,False,1,0.002,True
39.8829_32.8706,39.88288288288288,32.870588235294115,13.840346091316874,0.16616739971603822,21.921303209226775,57.22750017801772,61.89128256445748,16.600858369098713,False,False,1,0.001,True
39.8829_32.8824,39.88288288288288,32.88235294117647,10.445567195363449,0.12457023995692161,17.46393331915601,59.086589225645014,57.96559518491698,36.57510729613734,False,False,1,0.017,True
39.8829_32.8941,39.88288288288288,32.89411764705882,0.7987179961521386,0.010279683502822427,1.4463704306644962,47.76824034334764,56.73078185487152,3.725321888412017,False,False,1,0.173,False
39.8829_32.9059,39.88288288288288,32.90588235294118,0.18980679258360764,0.004256194766938132,0.5988996707676313,31.306532663316585,31.307729121799476,2.0100502512562812,False,False,2,0.048,True
39.8829_32.9176,39.88288288288288,32.917647058823526,14.321761134913725,0.13283035054261844,24.06287711667866,54.27154176295807,59.358380954659346,12.489270386266094,False,False,1,0.023,True
39.8829_32.9294,39.88288288288288,32.92941176470588,28.157194778223417,0.2535229518393867,52.32252813089979,49.30742541309769,53.4971169531537,60.65665236051502,False,False,1,0.003,True
39.8829_32.9412,39.88288288288288,32.94117647058823,8.19521800281294,0.08272456734454882,13.382271237391572,61.197424892703864,61.17599615808627,3.0128755364806867,False,False,1,0.002,True
39.8829_32.9529,39.88288288288288,32.95294117647059,2.394748422697336,0.026349360178793878,3.7006981665710725,63.85407725321888,63.872359906074216,4.017167381974249,False,False,1,0.011,True
39.8829_32.9647,39.88288288288288,32.96470588235294,0.28115139155226815,0.005336904798141152,0.7505216841350528,36.272532188841204,36.28190776807011,2.0085836909871246,False,False,2,0.002,True
39.8829_32.9765,39.88288288288288,32.976470588235294,13.103953049513999,0.10159954975669831,23.66571459737192,46.83212281280951,54.82919831663963,39.167381974248926,False,False,1,0.006,True
39.8829_32.9882,39.88288288288288,32.98823529411764,14.012361430547614,0.10928068021968045,25.391135571098616,46.08583690987125,54.64359147415359,10.042918454935622,False,False,1,0.014,True
39.8919_32.4824,39.891891891891895,32.48235294117647,0.4404930948189321,0.013022457845946469,1.8800110968145642,24.824034334763947,23.861065535701602,3.7339055793991416,False,False,3,0.186,False
39.8919_32.4941,39.891891891891895,32.49411764705882,0.4404930948189321,0.013022457845946469,1.8800110968145642,24.824034334763947,23.861065535701602,3.7339055793991416,False,False,3,0.425,False
39.8919_32.5529,39.891891891891895,32.55294117647059,2.93150059142502,0.026978839667948774,4.471580673818478,63.139827304312284,65.04905521301791,41.896995708154506,True,False,1,0.006,True
39.8919_32.6118,39.891891891891895,32.61176470588235,4.039684761154594,0.08223506137588972,12.205104547968576,25.61802575107296,33.837010895807346,2.7167381974248928,False,False,3,0.306,False
39.8919_32.6235,39.891891891891895,32.62352941176471,5.037943912745918,0.10041667590241937,14.864488798353197,28.662247087676274,33.697372768045966,26.935622317596568,False,False,3,0.331,False
39.8919_32.6353,39.891891891891895,32.63529411764706,7.231249996919654,0.13705171108390007,20.574455564046968,30.966193588242945,34.66351406950678,23.510729613733904,False,False,3,0.231,False
39.8919_32.6471,39.891891891891895,32.64705882352941,16.798325308157988,0.2944538035784143,44.61151049279135,33.52811709034885,37.08272516243894,39.167381974248926,False,False,3,0.311,False
39.8919_32.6588,39.891891891891895,32.65882352941176,21.660997481224875,0.3888107124994073,59.2103419657024,31.13042441583214,36.17246383708949,29.240343347639485,False,False,3,0.394,False
39.8919_32.6706,39.891891891891895,32.67058823529412,24.31186657717136,0.4295186364030084,65.98798759398453,29.65665236051502,36.37582070566614,21.510729613733904,False,False,3,0.435,False
39.8919_32.6824,39.891891891891895,32.68235294117647,9.397553738598704,0.18847081968424487,25.54608616158549,28.446065111569403,36.7980350547445,14.626609442060087,False,False,3,0.196,False
39.8919_32.6941,39.891891891891895,32.694117647058825,21.802645722071944,0.47149908658780587,68.7693423618683,30.85350124237633,31.26171384616689,19.819742489270386,False,False,3,0.182,False
39.8919_32.7059,39.891891891891895,32.705882352941174,33.57760544620394,0.6915799911203198,101.08354003255882,40.122317596566525,32.64449477946671,10.042918454935622,False,False,3,0.105,False
39.8919_32.7176,39.891891891891895,32.71764705882353,24.10116595964343,0.49019415689512913,52.12985583557873,42.54996934396076,53.86645940093807,6.218884120171674,False,False,1,0.172,False
39.8919_32.7294,39.891891891891895,32.72941176470588,40.569332790271496,0.5496761708746446,60.974491170959496,55.115183100161644,65.14185621501935,20.23175965665236,True,True,1,0.022,True
39.8919_32.7412,39.891891891891895,32.74117647058824,4.655011967646089,0.1483369098712446,10.386472433146254,44.472103004291846,44.47376654901099,1.0042918454935623,False,False,1,0.001,True
39.8919_32.7529,39.891891891891895,32.752941176470586,26.45271394007075,0.45579713959985996,52.36722071146133,53.23506641734895,52.44222194167835,73.49356223175965,False,False,1,0.001,True
39.8919_32.7647,39.891891891891895,32.76470588235294,26.772028133885513,0.5393587257312853,42.94424440482647,45.9093347639485,61.21823762026041,8.034334763948499,False,False,1,0.034,True
39.8919_32.7882,39.891891891891895,32.78823529411765,34.63825819771095,0.6800821492470253,58.13684372866194,54.64638372277857,59.8025010467519,23.296137339055793,False,True,1,0.005,True
39.8919_32.8,39.891891891891895,32.8,11.327818712341717,0.22283046622061747,18.214959415802703,48.13478739135139,63.09595078862217,51.072961373390555,False,False,1,0.005,True
39.8919_32.8118,39.891891891891895,32.811764705882354,24.606497256784195,0.3146943963175557,48.80825987816347,44.9267365534437,50.62794062783774,133.07296137339057,False,False,1,0.006,True
39.8919_32.8235,39.891891891891895,32.8235294117647,5.18581221748102,0.10261436475375262,10.631129958677999,39.13854904037307,48.85162310072189,26.334763948497855,False,False,1,0.026,True
39.8919_32.8353,39.891891891891895,32.83529411764706,29.82755431406946,0.5025732920726856,54.476532906704925,42.589229833143264,55.10593933630822,50.54077253218884,False,False,1,0.02,True
39.8919_32.8471,39.891891891891895,32.84705882352941,12.527539556657356,0.22530862118118652,23.39462230215166,42.27711927301022,53.555809817918764,51.39914163090129,False,False,1,0.005,True
39.8919_32.8588,39.891891891891895,32.858823529411765,20.071552061245182,0.20988149799769773,31.996184994278945,56.11314021169454,61.97681498420797,34.90987124463519,False,False,1,0.001,True
39.8919_32.8706,39.891891891891895,32.870588235294115,15.973280721984423,0.19595757517903306,24.716146044121388,58.95454535200696,62.97076885835646,71.47210300429184,False,False,1,0.001,True
39.8919_32.8824,39.891891891891895,32.88235294117647,10.402777624677906,0.12375731393858197,17.41407429808954,54.832276628950446,57.90500377411817,11.699570815450643,False,False,1,0.011,True
39.8919_32.8941,39.891891891891895,32.89411764705882,0.18980679258360764,0.004256194766938132,0.5988996707676313,31.306532663316585,31.307729121799476,2.0100502512562812,False,False,2,0.028,True
39.8919_32.9059,39.891891891891895,32.90588235294118,0.916981333223286,0.013542698360294904,1.9177671398701444,46.42274678111588,46.41574690527813,12.051502145922747,False,False,1,0.053,False
39.8919_32.9176,39.891891891891895,32.917647058823526,19.49404025060775,0.17926217310432238,33.98310489996048,50.36781703469888,57.14700430328644,111.83690987124463,False,False,1,0.023,True
39.8919_32.9294,39.891891891891895,32.92941176470588,17.843889180465187,0.152253823345679,32.89207486100185,49.646815905883074,54.207547442027625,92.34334763948497,False,False,1,0.002,True
39.8919_32.9529,39.891891891891895,32.95294117647059,2.394748422697336,0.026349360178793878,3.7006981665710725,63.85407725321888,63.872359906074216,2.0085836909871246,False,False,1,0.006,True
39.8919_32.9647,39.891891891891895,32.96470588235294,4.4244023992076125,0.038086024036207144,8.78975453368145,40.73056747734859,49.83842173458424,18.07725321888412,False,False,1,0.003,True
39.8919_32.9765,39.891891891891895,32.976470588235294,9.503923755205538,0.07372409150752118,17.11739454621091,46.9115731833654,54.976439691895266,29.124463519313306,False,False,1,0.013,True
39.8919_33.0118,39.891891891891895,33.01176470588235,1.34029234933226,0.017734200509368588,2.494400938860403,52.836909871244636,52.80083685197387,2.0085836909871246,False,False,1,0.013,True
39.8919_33.0235,39.891891891891895,33.023529411764706,2.3223796553954967,0.03133711500099428,4.405260560770662,53.79935622317596,52.99423556223537,9.334763948497853,False,False,1,0.034,True
39.8919_33.0353,39.891891891891895,33.035294117647055,2.3223796553954967,0.03133711500099428,4.405260560770662,53.79935622317596,52.99423556223537,9.334763948497853,False,False,1,0.061,False
39.9009_32.4706,39.9009009009009,32.47058823529412,0.2974205541353233,0.006225845853997151,0.8739612465708622,34.35622317596567,34.33118254582122,2.0085836909871246,False,False,3,0.018,True
39.9009_32.6235,39.9009009009009,32.62352941176471,4.63860762486188,0.09060254491641552,13.75528310181285,29.05272412970911,33.50069222765063,17.48497854077253,False,False,3,0.345,False
39.9009_32.6353,39.9009009009009,32.63529411764706,4.509196626402065,0.07922476717191398,12.374664276646639,34.75883915798079,35.32735288374422,20.49785407725322,False,False,3,0.353,False
39.9009_32.6471,39.9009009009009,32.64705882352941,16.504426977503467,0.2724151426376323,42.60736374547347,32.36255875740854,37.75469808742321,42.18025751072961,False,False,3,0.341,False
39.9009_32.6824,39.9009009009009,32.68235294117647,4.503945682599446,0.09669354201231026,16.36048787304458,23.630185979971387,27.321876970285313,3.0128755364806867,False,False,3,0.259,False
39.9009_32.6941,39.9009009009009,32.694117647058825,4.3563333316094495,0.10192533915675807,16.65989259041919,20.844148412388755,26.429446441306062,12.892703862660944,False,False,3,0.474,False
39.9009_32.7059,39.9009009009009,32.705882352941174,28.736335875079757,0.42587511472789796,67.10679031838353,48.200584800515124,42.803195675264654,55.38197424892704,False,False,1,0.449,False
39.9009_32.7294,39.9009009009009,32.72941176470588,44.6063755288777,0.40829400395435556,68.19379215406542,50.98135112804388,67.93336225566938,17.446351931330472,True,True,1,0.01,True
39.9009_32.7412,39.9009009009009,32.74117647058824,31.377922622561385,0.4488708435089111,59.38914819467786,51.039704876702295,54.93571591443073,29.390557939914164,False,False,1,0.095,False
39.9009_32.7529,39.9009009009009,32.752941176470586,29.07929317873586,0.7406749606716234,74.3674636735379,47.920800915099626,41.24662405387296,45.918454935622314,False,False,1,0.085,False
39.9009_32.7647,39.9009009009009,32.76470588235294,14.733892070960678,0.142553820089813,21.5898084418559,59.94935622317597,67.96505820361502,10.755364806866952,True,False,4,0.458,False
39.9009_32.7765,39.9009009009009,32.77647058823529,5.432800063402263,0.37445945506567824,26.266751203017296,27.19527896995708,21.410630640271567,1.7167381974248928,False,False,2,0.104,False
39.9009_32.7882,39.9009009009009,32.78823529411765,20.825762993156324,0.308926911133111,43.414802499932684,52.95300775134828,48.13878709194864,52.081545064377686,False,False,1,0.391,False
39.9009_32.8,39.9009009009009,32.8,23.611506938593134,0.43820073317375496,41.37010993390393,48.17009768468734,58.13993933803557,52.09442060085837,False,False,1,0.025,True
39.9009_32.8118,39.9009009009009,32.811764705882354,26.587984345014483,0.35283878202496616,50.79063179581572,44.26958508244167,52.19400908665783,89.97854077253218,False,False,1,0.01,True
39.9009_32.8353,39.9009009009009,32.83529411764706,44.33770305164478,0.7975417752907558,90.21908554287543,41.601366022172144,49.4840233813435,44.103004291845494,False,True,1,0.013,True
39.9009_32.8471,39.9009009009009,32.84705882352941,31.72202518906619,0.4946162291573387,61.29410355079915,43.058573850741375,51.9703130580485,81.19742489270386,False,False,1,0.003,True
39.9009_32.8588,39.9009009009009,32.858823529411765,19.11302370408717,0.21895894446378547,30.203796567265908,54.6663979820329,61.444181621071884,44.0343347639485,False,False,1,0.003,True
39.9009_32.8706,39.9009009009009,32.870588235294115,11.755988479537812,0.1471598961455484,20.855524845819144,50.63221810378462,54.71566028917938,41.716738197424895,False,False,1,0.001,True
39.9009_32.8824,39.9009009009009,32.88235294117647,6.755737414667378,0.08871663593818425,12.519595993793601,44.493571461534906,53.63338762280243,28.8068669527897,False,False,1,0.01,True
39.9009_32.8941,39.9009009009009,32.89411764705882,4.672849470863172,0.07096388930590498,9.986341918180306,40.49703769359955,46.405940241581185,23.957081545064376,False,False,1,0.011,True
39.9009_32.9059,39.9009009009009,32.90588235294118,34.82801048368655,0.35124255201607785,60.82145984738748,52.33034856926708,56.98987456131309,105.24034334763948,False,True,1,0.026,True
39.9009_32.9176,39.9009009009009,32.917647058823526,16.291556715273963,0.15254432468130885,29.272057450433547,49.16888203934112,55.482230629583235,93.03862660944206,False,False,1,0.007,True
39.9009_32.9294,39.9009009009009,32.92941176470588,13.990240804644086,0.11816837212202999,25.86181583412598,47.893944823444954,53.96756507446372,97.71673819742489,False,False,1,0.007,True
39.9009_32.9412,39.9009009009009,32.94117647058823,36.07070887772433,0.33458365983892435,68.41596151790303,49.23323382511652,52.10871928767836,35.467811158798284,False,True,1,0.004,True
39.9009_32.9529,39.9009009009009,32.95294117647059,8.733783956341789,0.07652520100351233,15.407552126083928,51.769126581572934,56.08598308013124,53.433476394849784,False,False,1,0.035,True
39.9009_32.9647,39.9009009009009,32.96470588235294,8.100790350556387,0.06634100940979643,13.750400604932487,52.38093757127159,58.52724528844569,43.1931330472103,False,False,1,0.007,True
39.9009_32.9765,39.9009009009009,32.976470588235294,7.56085904356392,0.06051883986899242,12.7720295615892,50.62696885769255,59.019996021099395,26.721030042918454,False,False,1,0.035,True
39.9009_33.0,39.9009009009009,33.0,7.935383881735814,0.06257112848913576,15.282585990503524,51.46995708154506,51.454254763149855,1.0042918454935623,False,False,1,0.02,True
39.9009_33.0118,39.9009009009009,33.01176470588235,1.7094354842664652,0.02358892278858511,3.3164319239907676,50.90371959942775,51.29838498417511,4.836909871244635,False,False,1,0.034,True
39.9009_33.0235,39.9009009009009,33.023529411764706,2.3223796553954967,0.03133711500099428,4.405260560770662,53.79935622317596,52.994235562235374,3.7339055793991416,False,False,1,0.065,False
39.9009_33.0353,39.9009009009009,33.035294117647055,2.3223796553954967,0.03133711500099428,4.405260560770662,53.79935622317596,52.994235562235374,1.8669527896995708,False,False,1,0.099,False
39.9099_32.5882,39.90990990990991,32.588235294117645,0.4431043628796109,0.007069895711579015,1.1302290516920475,40.312231759656655,39.52599200838059,7.759656652360515,False,False,2,0.013,True
39.9099_32.6235,39.90990990990991,32.62352941176471,1.604399727955236,0.02598112999635876,3.6515483184169444,41.67167381974249,43.44706265892197,1.1030042918454936,False,False,1,0.355,False
39.9099_32.6353,39.90990990990991,32.63529411764706,7.64336948485925,0.12908170304657995,20.271438916533086,30.869281104471415,37.16981770951742,35.39914163090129,False,False,2,0.463,False
39.9099_32.6471,39.90990990990991,32.64705882352941,6.298708764429874,0.07517233633359365,13.210720334946886,34.6793991416309,41.51750558307031,10.042918454935622,False,False,4,0.403,False
39.9099_32.7059,39.90990990990991,32.705882352941174,31.359790028152105,0.31791817065866357,57.461241802628855,48.45504877346865,54.45537265545077,40.18025751072961,False,False,1,0.201,False
39.9099_32.7294,39.90990990990991,32.72941176470588,0.2617118976369827,0.0067691672685997115,0.9476834176039625,27.493939393939392,27.464285714285715,1.006060606060606,False,False,2,0.007,True
39.9099_32.7412,39.90990990990991,32.74117647058824,25.546250862369803,0.32197054990219376,43.854332535107844,51.12920243204578,58.037419196963775,8.047210300429185,False,False,1,0.201,False
39.9099_32.7529,39.90990990990991,32.752941176470586,11.060965296116754,0.6522280210748127,45.72528685013518,24.68960419647115,22.97405270849563,9.051502145922747,False,False,2,0.094,False
39.9099_32.7647,39.90990990990991,32.76470588235294,9.784594875796593,0.6184809468071271,43.320978020548836,21.34763948497854,21.355544079277333,6.0257510729613735,False,False,3,0.462,False
39.9099_32.7765,39.90990990990991,32.77647058823529,4.038974686344242,0.20393842036815904,22.745672756934667,29.007373642634295,22.921850610538378,27.532188841201716,False,False,3,0.429,False
39.9099_32.7882,39.90990990990991,32.78823529411765,9.976794861356714,0.27139480980411224,34.30900765276298,38.06298648666605,30.500665034449298,58.2961373390558,False,False,3,0.321,False
39.9099_32.8,39.90990990990991,32.8,19.61598031615374,0.2868277836288672,37.01752682516131,49.17938557179944,54.24608538883554,70.97854077253218,False,False,1,0.282,False
39.9099_32.8118,39.90990990990991,32.811764705882354,23.555215960192477,0.2955712212009552,46.003436499104936,45.84616334091299,51.32862499052652,147.9656652360515,False,False,1,0.133,False
39.9099_32.8235,39.90990990990991,32.8235294117647,25.145983206564733,0.31110980480366257,46.87558046917177,46.58122165281931,53.56060772239393,53.927038626609445,False,False,1,0.183,False
39.9099_32.8353,39.90990990990991,32.83529411764706,39.86685759882423,0.49316274198148796,76.4604885508499,50.359189197775706,51.96640503840936,73.52789699570816,False,True,1,0.107,False
39.9099_32.8471,39.90990990990991,32.84705882352941,40.93271332559855,0.5825405044944302,75.07072304698907,47.742966186707065,54.32496610773215,90.65236051502146,False,True,1,0.009,True
39.9099_32.8588,39.90990990990991,32.858823529411765,21.479702043862716,0.24225277777864507,34.37654324958371,53.237312793293384,60.8012339035771,26.686695278969957,False,False,1,0.005,True
39.9099_32.8706,39.90990990990991,32.870588235294115,4.126093846978242,0.060852390457735744,8.540199661468499,40.798607290023604,48.91147330714103,23.682403433476395,False,False,1,0.001,True
39.9099_32.8824,39.90990990990991,32.88235294117647,74.21989272547111,0.7498782904909272,115.85013025420831,47.895302294570754,64.38309803551965,54.708154506437765,False,True,1,0.005,True
39.9099_32.8941,39.90990990990991,32.89411764705882,36.326932102583896,0.36802296356643344,60.75796393629137,47.13685880321731,60.02969136982413,96.05579399141631,False,True,1,0.003,True
39.9099_32.9059,39.90990990990991,32.90588235294118,28.462219801948972,0.2594136075498532,51.793986695004115,47.730491253712415,54.69323041464309,109.48068669527898,False,False,1,0.003,True
39.9099_32.9176,39.90990990990991,32.917647058823526,11.6341688396731,0.10618985586097783,19.706983791423536,56.34910038645363,58.63271166431773,42.858369098712444,False,False,1,0.024,True
39.9099_32.9294,39.90990990990991,32.92941176470588,19.20001856514386,0.18902377266721812,34.679854584130986,48.20960808429542,55.10678777108589,109.77682403433477,False,False,1,0.107,False
39.9099_32.9412,39.90990990990991,32.94117647058823,37.10183286729423,0.34730406042236606,70.25521049042804,46.01052832291056,52.292830345955245,46.97424892703863,False,True,1,0.265,False
39.9099_32.9529,39.90990990990991,32.95294117647059,33.13240963622326,0.30954895412133393,64.38168383193502,44.86834660348177,50.87779125857293,106.80257510729614,False,False,1,0.178,False
39.9099_32.9647,39.90990990990991,32.96470588235294,9.9681941893988,0.10702386803720057,20.988214422260924,42.5613661920273,46.96195745871193,46.94420600858369,False,False,1,0.08,False
39.9099_32.9765,39.90990990990991,32.976470588235294,5.032577368417799,0.058802319649699196,9.73937788347888,44.650883647753616,51.030171226577615,53.261802575107296,False,False,1,0.073,False
39.9099_32.9882,39.90990990990991,32.98823529411764,3.895935060421436,0.058050188902347345,8.155598464554998,46.66981402002862,47.10579666185823,8.71244635193133,False,False,1,0.08,False
39.9099_33.0471,39.90990990990991,33.04705882352941,2.3387525207283986,0.04379397853325299,6.143957498253848,34.01216022889842,36.95521186867604,6.223175965665236,False,False,2,0.146,False
39.9189_32.5765,39.91891891891892,32.576470588235296,0.4431043628796109,0.007069895711579015,1.1302290516920475,40.312231759656655,39.52599200838059,3.8798283261802573,False,False,2,0.001,True
39.9189_32.6235,39.91891891891892,32.62352941176471,2.6739995465920603,0.04330188332726463,6.085913864028241,41.67167381974249,43.44706265892197,1.1030042918454936,False,False,1,0.11,False
39.9189_32.6353,39.91891891891892,32.63529411764706,6.719940352318103,0.09190522481987606,14.409283916984842,39.6426360484131,46.25693160473167,17.781115879828327,False,False,1,0.218,False
39.9189_32.6471,39.91891891891892,32.64705882352941,7.808918240296475,0.10116274216715204,18.485728190014886,34.663342590254985,39.31105613360778,17.07296137339056,False,False,2,0.26,False
39.9189_32.6824,39.91891891891892,32.68235294117647,5.948804380529706,0.06832487594085825,11.926957535363206,37.691523605150216,44.185430128757844,4.017167381974249,False,False,1,0.387,False
39.9189_32.6941,39.91891891891892,32.694117647058825,34.517114251482006,0.33622049286795797,62.5236309711042,53.89518977074532,55.454314683617994,42.62660944206009,False,True,1,0.141,False
39.9189_32.7294,39.91891891891892,32.72941176470588,1.604399727955236,0.02598112999635876,3.6515483184169444,41.67167381974249,43.44706265892197,1.1030042918454936,False,False,1,0.024,True
39.9189_32.7765,39.91891891891892,32.77647058823529,5.311864182272689,0.10694553972174294,14.752897160688539,38.736451696451695,35.92399172918167,13.036363636363637,False,False,3,0.04,True
39.9189_32.7882,39.91891891891892,32.78823529411765,6.146230745204225,0.22413773897540876,32.23352457139729,31.384656652360515,19.449564885089007,8.373390557939913,False,False,3,0.238,False
39.9189_32.8,39.91891891891892,32.8,5.938425442851423,0.09142835404074152,16.890723157566985,33.2310280920796,35.479321749004775,8.978540772532188,False,False,3,0.298,False
39.9189_32.8118,39.91891891891892,32.811764705882354,19.531881691302363,0.26074357461185843,43.51293477131018,50.54034738132886,47.25889959461333,16.03862660944206,False,False,1,0.388,False
39.9189_32.8235,39.91891891891892,32.8235294117647,9.335766138267873,0.5743082046089191,62.651196930006314,25.570350500715307,15.882184082678199,19.896995708154506,False,False,2,0.04,True
39.9189_32.8353,39.91891891891892,32.83529411764706,28.89969256935332,0.40882663973200467,67.2752690925715,47.744039103481164,44.127850761571665,12.729613733905579,False,False,1,0.093,False
39.9189_32.8471,39.91891891891892,32.84705882352941,34.7605226729358,0.4306252671309788,66.65696055066743,45.779338737605364,51.97954480138594,396.9184549356223,False,True,1,0.011,True
39.9189_32.8588,39.91891891891892,32.858823529411765,79.85467863769671,0.7389201123102528,150.63538358722693,48.884210017984735,52.83210903095413,112.21459227467811,False,True,1,0.005,True
39.9189_32.8706,39.91891891891892,32.870588235294115,11.120570000271453,0.11220246862803472,20.13578625027172,45.37392271533903,56.26405833862298,11.24892703862661,False,False,1,0.004,True
39.9189_32.8824,39.91891891891892,32.88235294117647,24.75531179812011,0.2311819495247534,43.843117332844265,48.194305896777124,56.51949790164875,108.63519313304721,False,False,1,0.004,True
39.9189_32.8941,39.91891891891892,32.89411764705882,32.63078628672278,0.30567549366073904,57.789979582737395,50.412560285704856,56.40439952697463,73.55793991416309,False,False,1,0.003,True
39.9189_32.9059,39.91891891891892,32.90588235294118,18.57196743541669,0.16798008308264306,33.35087126236361,51.79769502777447,55.3332655465556,51.97424892703863,False,False,1,0.008,True
39.9189_32.9176,39.91891891891892,32.917647058823526,27.935060183457757,0.2769794062219625,50.78386427306916,46.888044790812906,54.64716796814442,175.4549356223176,False,False,1,0.089,False
39.9189_32.9294,39.91891891891892,32.92941176470588,9.058041090226142,0.41573718365950335,48.348119691887355,31.342632331902717,22.74043467890276,10.34763948497854,False,False,2,0.061,False
39.9189_32.9412,39.91891891891892,32.94117647058823,8.933144312324933,0.3354922363000015,41.41672881512622,34.8593045009354,24.524643461340624,23.70815450643777,False,False,2,0.115,False
39.9189_32.9529,39.91891891891892,32.95294117647059,3.5807899019487097,0.09364052062502555,12.643929573108185,39.05859019378333,29.269122719165843,32.54077253218884,False,False,2,0.093,False
39.9189_32.9647,39.91891891891892,32.96470588235294,2.207895471366583,0.0472494389290058,5.658582506532524,39.4656652360515,39.48513142816098,9.03862660944206,False,False,2,0.06,False
39.9189_32.9765,39.91891891891892,32.976470588235294,1.5315182403433476,0.026350041455325754,3.7089775165821304,40.46995708154506,40.43537097610381,4.017167381974249,False,False,1,0.12,False
39.9189_32.9882,39.91891891891892,32.98823529411764,1.5315182403433476,0.026350041455325754,3.7089775165821304,40.46995708154506,40.43537097610381,15.064377682403434,False,False,1,0.131,False
39.9189_33.0588,39.91891891891892,33.05882352941176,1.5315182403433476,0.026350041455325754,3.7089775165821304,40.46995708154506,40.43537097610381,1.0042918454935623,False,False,1,0.387,False
39.9279_32.5647,39.927927927927925,32.56470588235294,7.273481694445329,0.06367302665197469,10.404010660788119,60.18223737993051,70.1243234969781,15.34763948497854,True,False,1,0.001,True
39.9279_32.5765,39.927927927927925,32.576470588235296,3.5834043921740295,0.030114054475565387,5.0449103115191285,48.52369947648918,71.70916362962504,40.63519313304721,True,False,1,0.013,True
39.9279_32.5882,39.927927927927925,32.588235294117645,0.4849703875706067,0.022307160468058987,3.4791343256323626,13.890557939914164,13.907209521863107,1.0042918454935623,False,False,2,0.001,True
39.9279_32.6,39.927927927927925,32.6,0.7654388706249167,0.0065960807239509285,1.091702783621848,70.61751152073732,70.63448675538766,1.0046082949308757,True,False,1,0.067,False
39.9279_32.6118,39.927927927927925,32.61176470588235,11.635942805185271,0.12269648346273702,23.632383387493263,53.12372220054623,49.44056887606059,71.42489270386267,False,False,1,0.004,True
39.9279_32.6235,39.927927927927925,32.62352941176471,4.990846349405169,0.05067403326601819,9.914688685187533,47.14536209752403,50.2342109409861,38.467811158798284,False,False,1,0.017,True
39.9279_32.6353,39.927927927927925,32.63529411764706,5.586325050799939,0.061268257945279396,10.3820406516023,51.914405194233524,53.992080986487686,50.472103004291846,False,False,1,0.048,True
39.9279_32.6471,39.927927927927925,32.64705882352941,7.37711978852918,0.09101556118162626,17.43129181162795,36.039811155693315,42.228725830992644,109.52789699570816,False,False,1,0.085,False
39.9279_32.6588,39.927927927927925,32.65882352941176,3.0169729668205476,0.05042954134617548,9.862394464081449,29.31276824034335,30.448300713569978,8.034334763948499,False,False,2,0.069,False
39.9279_32.6941,39.927927927927925,32.694117647058825,34.517114251482006,0.33622049286795797,62.5236309711042,53.89518977074532,55.454314683617994,42.62660944206009,False,True,1,0.011,True
39.9279_32.7059,39.927927927927925,32.705882352941174,14.241643650622008,0.15055909678013615,25.05473157655254,55.40431878564926,56.9691794873737,27.2274678111588,False,False,1,0.001,True
39.9279_32.7647,39.927927927927925,32.76470588235294,2.105431090145764,0.06789883827927305,5.368232532362967,37.722727272727276,38.77150538321536,2.0,False,False,2,0.205,False
39.9279_32.7765,39.927927927927925,32.77647058823529,0.22463658617667498,0.003464142162047743,0.35408292786122275,65.10736196319019,65.10358499227911,1.0061349693251533,True,False,4,0.296,False
39.9279_32.7882,39.927927927927925,32.78823529411765,9.834003032284041,0.45003817813206964,62.0706257403798,31.481317295384383,16.614604506209414,28.412017167381975,False,False,3,0.475,False
39.9279_32.8,39.927927927927925,32.8,1.2253120372329172,0.04672096467103869,5.661053522318595,21.87730061349693,21.869340254979928,3.01840490797546,False,False,3,0.469,False
39.9279_32.8118,39.927927927927925,32.811764705882354,66.47370595703343,0.6808639934233791,129.8740016801338,45.519695620854634,52.203747592344335,90.33476394849785,False,True,4,0.396,False
39.9279_32.8235,39.927927927927925,32.8235294117647,13.90546493585422,0.17947231210814069,30.76535239239718,55.148178814501875,45.705464579921916,98.67381974248927,False,False,1,0.134,False
39.9279_32.8353,39.927927927927925,32.83529411764706,36.4754021732466,0.35104459465392546,67.67374137890442,48.4407204573789,54.01616440409874,145.04291845493563,False,True,1,0.159,False
39.9279_32.8471,39.927927927927925,32.84705882352941,51.639418128041584,0.6004069403809165,97.03337620620226,45.486185388155796,53.00049579264596,589.8369098712446,False,True,1,0.012,True
39.9279_32.8588,39.927927927927925,32.858823529411765,75.06032024278124,0.7805243969227185,141.7365157160987,48.285253720238764,52.609016985966605,185.1845493562232,False,True,1,0.007,True
39.9279_32.8706,39.927927927927925,32.870588235294115,70.52779832494883,0.6529420988849602,131.98600493503506,48.65349383120763,53.12226870335216,193.35622317596565,False,True,1,0.006,True
39.9279_32.8824,39.927927927927925,32.88235294117647,53.85440477318112,0.5242371697570594,105.26035686266857,48.40353039377928,50.81264906798242,235.32618025751074,False,True,1,0.014,True
39.9279_32.8941,39.927927927927925,32.89411764705882,52.60767563669763,0.5134420490544968,102.2806822063737,46.8129597583703,51.10284143252411,80.3519313304721,False,True,1,0.019,True
39.9279_32.9059,39.927927927927925,32.90588235294118,24.176291591059357,0.23900902633291263,46.298194637798396,49.301731115347344,51.811320132298384,101.14163090128756,False,False,1,0.081,False
39.9279_32.9176,39.927927927927925,32.917647058823526,3.502459544245268,0.050932580584915774,8.509973910149881,40.790107971918125,40.36438264771078,17.124463519313306,False,False,1,0.079,False
39.9279_33.0,39.927927927927925,33.0,1.5315182403433476,0.026350041455325754,3.7089775165821304,40.46995708154506,40.43537097610381,5.021459227467811,False,False,4,0.49,False
39.9279_33.0118,39.927927927927925,33.01176470588235,3.3277118560910197,0.05570675894956549,7.821215275695122,37.21332107091764,41.617175492121525,27.622317596566525,False,False,1,0.305,False
39.9279_33.0235,39.927927927927925,33.023529411764706,3.106497073153532,0.056523393585647536,7.938946336466568,35.544206008583686,37.96844372640427,8.231759656652361,False,False,2,0.273,False
39.9369_32.5412,39.93693693693694,32.54117647058823,9.640575612850386,0.07854790472103403,16.654555187957854,42.30013464613313,58.05863816300933,20.523605150214593,False,False,1,0.001,True
39.9369_32.5529,39.93693693693694,32.55294117647059,0.7723440998468786,0.023219704159681692,1.695747990838053,42.47854077253219,45.9136891629271,2.540772532188841,False,False,1,0.001,True
39.9369_32.5647,39.93693693693694,32.56470588235294,14.696916937930325,0.13053155235153682,23.896750096995305,53.73114730282965,61.45295513992381,105.14163090128756,False,False,1,0.001,True
39.9369_32.5765,39.93693693693694,32.576470588235296,9.18136858080193,0.07455064161474055,13.85601656155967,61.86957463705421,65.90723398724852,55.73390557939914,True,False,1,0.001,True
39.9369_32.5882,39.93693693693694,32.588235294117645,11.972642440753706,0.09383906475388437,18.21125694774661,60.50895172276761,65.75246991927946,121.25321888412017,True,False,1,0.001,True
39.9369_32.6,39.93693693693694,32.6,11.055533406014113,0.09584655477630495,19.743663571555242,51.446486058766936,55.90688528629323,49.21888412017167,False,False,1,0.009,True
39.9369_32.6118,39.93693693693694,32.61176470588235,15.533140288551769,0.14719809717615914,27.245373978559662,50.91339793406463,57.06332105126578,95.45064377682404,False,False,1,0.001,True
39.9369_32.6235,39.93693693693694,32.62352941176471,10.32525446345325,0.0941929213586478,17.34309682759056,49.48596844391153,59.4514084832993,55.562231759656655,False,False,1,0.005,True
39.9369_32.6353,39.93693693693694,32.63529411764706,11.420728157755027,0.10465602892346029,19.280312714728666,53.07906543650472,59.099039638079844,128.47210300429185,False,False,1,0.005,True
39.9369_32.6471,39.93693693693694,32.64705882352941,7.79555991301586,0.07277702834276988,13.851152822274553,45.54913216106518,56.26886790044851,82.99570815450643,False,False,1,0.04,True
39.9369_32.6588,39.93693693693694,32.65882352941176,5.638040494685933,0.078280433325742,14.781765275976829,36.26264064493679,37.70607587311934,78.5922746781116,False,False,2,0.048,True
39.9369_32.6706,39.93693693693694,32.67058823529412,34.37584677679556,0.3342535329126165,62.22223666756104,53.608550472368755,55.43888322760818,41.92274678111588,False,True,1,0.133,False
39.9369_32.6824,39.93693693693694,32.68235294117647,0.39200527752492675,0.010179794643965215,1.430097889376777,25.899141630901287,25.482824151638386,3.184549356223176,False,False,2,0.004,True
39.9369_32.7059,39.93693693693694,32.705882352941174,17.977972138889566,0.18080567593163685,30.88969737363381,51.628329869752775,58.374460445838984,146.01716738197425,False,False,1,0.001,True
39.9369_32.7176,39.93693693693694,32.71764705882353,20.743582466949704,0.20304941895260026,35.162777651769495,50.055193113114775,59.10735436169647,133.54077253218884,False,False,1,0.002,True
39.9369_32.7294,39.93693693693694,32.72941176470588,20.89543537758604,0.20576325986825125,35.55391410453357,49.80588959561034,58.90980921570405,90.94849785407726,False,False,1,0.018,True
39.9369_32.7412,39.93693693693694,32.74117647058824,19.95727053027267,0.19602888889914882,33.77522497272556,50.50598544800174,59.14310482703195,129.00429184549355,False,False,1,0.1,False
39.9369_32.7529,39.93693693693694,32.752941176470586,21.05157121434517,0.21637469797933576,36.08165587927933,49.633647809486035,58.46171638910322,140.77682403433477,False,False,1,0.126,False
39.9369_32.7647,39.93693693693694,32.76470588235294,20.45897516506189,0.2119612457869901,35.234504966942744,49.17516822263427,58.25240362148953,47.14592274678112,False,False,1,0.036,True
39.9369_32.7765,39.93693693693694,32.77647058823529,3.09548211732731,0.04383998990709568,6.2197626242083475,56.12539866336073,49.37558469589449,23.111587982832617,False,False,1,0.079,False
39.9369_32.7882,39.93693693693694,32.78823529411765,2.5876501680629955,0.03654921485162044,5.106166687209036,53.68863742110862,50.73644100636483,31.008583690987123,False,False,1,0.175,False
39.9369_32.8,39.93693693693694,32.8,3.4877734329249703,0.07260865924943082,10.197357898152086,62.98961923085055,35.82311905264239,22.51502145922747,False,False,2,0.131,False
39.9369_32.8118,39.93693693693694,32.811764705882354,15.441887554699731,0.15497864121346291,28.10387715283532,53.19136010769229,55.488283199555305,134.07725321888412,False,False,1,0.13,False
39.9369_32.8235,39.93693693693694,32.8235294117647,16.541969126301,0.20489731770063352,35.801120964966906,50.554529777455805,47.53569205067435,159.48497854077254,False,False,1,0.016,True
39.9369_32.8353,39.93693693693694,32.83529411764706,27.34180948347543,0.2859102711658584,53.461301904276525,47.598549698113494,51.781417262964425,246.81115879828326,False,False,1,0.035,True
39.9369_32.8471,39.93693693693694,32.84705882352941,41.18643439371842,0.47076431836718347,78.94844350390235,44.716667397986534,51.9319541376579,412.38197424892707,False,True,1,0.013,True
39.9369_32.8588,39.93693693693694,32.858823529411765,25.892123379940415,0.2132584334694474,45.354240159172576,51.13675591632473,57.04997798567601,42.772532188841204,False,False,1,0.015,True
39.9369_32.8706,39.93693693693694,32.870588235294115,35.920728903805426,0.3361709753004534,67.46327587357821,45.45687788528764,53.29448017826068,132.10300429184548,False,True,1,0.011,True
39.9369_32.8824,39.93693693693694,32.88235294117647,46.35724246432666,0.40758624308358404,85.14986114607075,46.09997545612405,54.514041693886014,74.01287553648069,False,True,1,0.038,True
39.9369_32.8941,39.93693693693694,32.89411764705882,6.087983596256516,0.07681055907341444,17.60803226398543,30.967609732283403,34.28228623229364,47.896995708154506,False,False,2,0.023,True
39.9369_32.9059,39.93693693693694,32.90588235294118,5.015747353140616,0.04655587599182113,9.931395825847376,42.71651231081997,50.037760680540906,19.081545064377682,False,False,1,0.135,False
39.9369_32.9176,39.93693693693694,32.917647058823526,4.518053389683957,0.0523392855326441,10.430902211874713,42.24497616265357,42.832597133339256,44.99570815450644,False,False,1,0.038,True
39.9369_33.0,39.93693693693694,33.0,1.5315182403433476,0.026350041455325754,3.7089775165821304,40.46995708154506,40.43537097610381,2.0085836909871246,False,False,4,0.374,False
39.9369_33.0118,39.93693693693694,33.01176470588235,1.5315182403433476,0.026350041455325754,3.708977516582131,40.46995708154506,40.43537097610381,9.03862660944206,False,False,4,0.354,False
39.9369_33.0235,39.93693693693694,33.023529411764706,3.152169811995458,0.05774979044910583,8.109086289898617,34.72783502788552,37.71005513315031,17.566523605150216,False,False,3,0.459,False
39.9369_33.0941,39.93693693693694,33.09411764705882,2.139199637273648,0.0346415066618117,4.868731091222592,41.67167381974249,43.447062658921986,1.1030042918454936,False,False,4,0.352,False
39.9459_32.5294,39.94594594594594,32.529411764705884,12.2985042418732,0.09799716883048222,21.013243020208506,42.72838749233599,58.73568185036897,13.776824034334764,False,False,1,0.154,False
39.9459_32.5412,39.94594594594594,32.54117647058823,9.752411829722995,0.0788500412246951,16.492471834049045,46.51167096947473,59.39471246029375,27.896995708154506,False,False,1,0.129,False
39.9459_32.5529,39.94594594594594,32.55294117647059,12.882288786069507,0.10166166838460164,21.75713708245977,46.83874369044727,59.36199167681565,52.51931330472103,False,False,1,0.001,True
39.9459_32.5647,39.94594594594594,32.56470588235294,12.39036151894521,0.0895648268306007,19.279647779469286,58.44420600858369,64.31686926916244,41.17596566523605,False,False,1,0.001,True
39.9459_32.5765,39.94594594594594,32.576470588235296,17.638774338824774,0.1450290694296335,28.923820296678407,53.384981020851065,61.23018648127857,141.3648068669528,False,False,1,0.001,True
39.9459_32.5882,39.94594594594594,32.588235294117645,14.011749462031673,0.11349407167267107,23.84222525324086,55.375133581124096,59.34768064807592,100.12875536480686,False,False,1,0.001,True
39.9459_32.6,39.94594594594594,32.6,12.900674401377074,0.12528351969783713,22.87311143604897,47.967430948790366,56.81604856408961,165.25321888412017,False,False,1,0.001,True
39.9459_32.6118,39.94594594594594,32.61176470588235,5.048244474909856,0.05445362088786045,9.494175962986233,43.03928961192443,51.34062459512508,41.78111587982833,False,False,1,0.001,True
39.9459_32.6235,39.94594594594594,32.62352941176471,7.28626580657693,0.07228836574764545,12.68658108111793,48.7400594755745,57.62984337399526,83.62231759656652,False,False,1,0.001,True
39.9459_32.6353,39.94594594594594,32.63529411764706,14.214853353486399,0.13679749702038127,23.786279869468476,52.880822944342256,60.06243474493324,84.39484978540773,False,False,1,0.001,True
39.9459_32.6471,39.94594594594594,32.64705882352941,17.447304361963756,0.16556957551397286,29.047379797986974,54.059283263997216,60.20547483598346,132.343347639485,False,False,1,0.008,True
39.9459_32.6588,39.94594594594594,32.65882352941176,32.34840249707138,0.3125108188210513,58.13326885513648,54.52211036122413,55.823445892016245,163.65236051502146,False,False,1,0.014,True
39.9459_32.6941,39.94594594594594,32.694117647058825,21.970686417979632,0.2203167875920403,38.156337229114705,47.652565181621014,57.67319497087533,216.84549356223175,False,False,1,0.006,True
39.9459_32.7059,39.94594594594594,32.705882352941174,27.09433356401259,0.5776003015774586,42.020390008544794,50.674199405744474,65.84724743221538,16.180257510729614,True,False,1,0.001,True
39.9459_32.7176,39.94594594594594,32.71764705882353,25.066436763000493,0.33900300874500316,40.46198746110896,50.48695093508381,61.91953246386739,58.42489270386266,False,False,1,0.001,True
39.9459_32.7294,39.94594594594594,32.72941176470588,28.55727123420794,0.8122396881893338,61.15903453254361,37.36655583329403,46.662842062687304,15.012875536480687,False,False,1,0.011,True
39.9459_32.7412,39.94594594594594,32.74117647058824,24.964680225756418,0.7361308879173184,54.80999099180404,34.3637339055794,44.69722947001107,4.017167381974249,False,False,1,0.07,False
39.9459_32.7529,39.94594594594594,32.752941176470586,20.446104451312923,0.20419312782813445,34.76789995631347,50.000199200145545,58.912190072435024,90.93562231759657,False,False,1,0.161,False
39.9459_32.7647,39.94594594594594,32.76470588235294,22.952750737801747,0.7785854177156514,54.572497348548715,33.39546783625731,43.593572999167804,2.482456140350877,False,False,1,0.107,False
39.9459_32.7765,39.94594594594594,32.77647058823529,22.484366763586618,0.28842489868736365,39.496783259655125,50.75144395854256,56.916582292506924,182.3862660944206,False,False,1,0.224,False
39.9459_32.7882,39.94594594594594,32.78823529411765,18.631109421434154,0.20149179797910347,32.73456792029042,48.46570389730362,56.926148122750966,209.33476394849785,False,False,1,0.229,False
39.9459_32.8,39.94594594594594,32.8,18.602212926765915,0.1928674312685599,32.64149799308197,47.87168036231926,56.87979371560081,198.2832618025751,False,False,1,0.162,False
39.9459_32.8118,39.94594594594594,32.811764705882354,16.364267755839332,0.15409372444571157,28.184179382658005,50.75667474167705,57.797411651097555,34.51502145922747,False,False,1,0.142,False
39.9459_32.8235,39.94594594594594,32.8235294117647,17.703509390358665,0.20040158692247345,35.32127535291987,45.60094079342416,50.42920586244827,129.99141630901286,False,False,1,0.074,False
39.9459_32.8353,39.94594594594594,32.83529411764706,19.140315989332493,0.381470087164856,42.581785893935525,42.43661465082216,45.379051821959415,138.76824034334763,False,False,1,0.039,True
39.9459_32.8471,39.94594594594594,32.84705882352941,102.52396210016244,0.9998470114750242,192.22268137013455,44.28038178120699,53.3988946763738,304.08583690987126,False,True,1,0.023,True
39.9459_32.8588,39.94594594594594,32.858823529411765,45.7546082872284,0.4324317671972899,91.58240465587093,42.621281484385534,49.922092639492774,72.20171673819742,False,True,1,0.012,True
39.9459_32.8706,39.94594594594594,32.870588235294115,6.2607692388779785,0.090579560682421,12.7074010115736,37.2014021558682,48.16268845191825,25.27038626609442,False,False,1,0.006,True
39.9459_32.8824,39.94594594594594,32.88235294117647,38.01362596420256,0.3567947473250136,70.51949125386476,44.29188509550907,53.99008587818813,78.99141630901288,False,True,1,0.008,True
39.9459_32.8941,39.94594594594594,32.89411764705882,47.688029633051514,0.42485573378818225,86.65251644538228,45.92819458323719,55.12446995114679,118.34763948497854,False,True,1,0.012,True
39.9459_32.9059,39.94594594594594,32.90588235294118,3.393020427369435,0.05176134845230607,7.949062548094821,40.795825081786994,41.68226115919853,34.66094420600859,False,False,1,0.036,True
39.9459_32.9176,39.94594594594594,32.917647058823526,5.5970293657206485,0.06653824681133323,11.344670648167376,44.566523605150216,49.84596954194529,12.729613733905579,False,False,1,0.049,True
39.9459_32.9882,39.94594594594594,32.98823529411764,0.19246744550636005,0.004886602037598124,0.6850841229140672,26.959227467811157,26.95275458242963,7.030042918454936,False,False,2,0.16,False
39.9459_33.0353,39.94594594594594,33.035294117647055,2.294583823799127,0.041502408397981326,5.830313629482698,36.98390039601087,38.186693880232276,23.493562231759658,False,False,3,0.392,False
39.9459_33.0471,39.94594594594594,33.04705882352941,2.3387525207283986,0.04379397853325299,6.143957498253848,34.01216022889842,36.95521186867604,6.223175965665236,False,False,3,0.368,False
39.9459_33.0588,39.94594594594594,33.05882352941176,2.3387525207283986,0.04379397853325299,6.143957498253848,34.01216022889842,36.95521186867604,6.223175965665236,False,False,3,0.423,False
39.9459_33.0706,39.94594594594594,33.07058823529412,2.3387525207283986,0.04379397853325299,6.143957498253848,34.01216022889842,36.95521186867604,6.223175965665236,False,False,3,0.419,False
39.9459_33.0941,39.94594594594594,33.09411764705882,2.3387525207283986,0.04379397853325299,6.143957498253848,34.01216022889842,36.95521186867604,6.223175965665236,False,False,3,0.404,False
39.9459_33.1882,39.94594594594594,33.188235294117646,1.604399727955236,0.02598112999635876,3.6515483184169444,41.67167381974249,43.44706265892197,2.2060085836909873,False,False,4,0.177,False
39.955_32.5529,39.95495495495496,32.55294117647059,10.848940284131482,0.09409451695566415,19.294685490002067,44.270574048595286,56.16703345076871,44.05150214592275,False,False,1,0.186,False
39.955_32.5647,39.95495495495496,32.56470588235294,7.362775279779043,0.06514654259976019,13.05032252598518,47.51681279170626,56.446154880252635,57.832618025751074,False,False,1,0.001,True
39.955_32.5765,39.95495495495496,32.576470588235296,12.885577620272745,0.11573466894615463,22.55834628999495,47.800301804660954,57.35156839801253,173.31330472103005,False,False,1,0.001,True
39.955_32.5882,39.95495495495496,32.588235294117645,8.454875331059629,0.0764830008168055,15.171054981173164,51.456636390412584,56.00180084914945,96.78969957081546,False,False,1,0.001,True
39.955_32.6,39.95495495495496,32.6,10.238434440820814,0.10609666280059955,17.50764740154785,47.889770622323006,58.937290479943876,122.61802575107296,False,False,1,0.001,True
39.955_32.6118,39.95495495495496,32.61176470588235,12.619362144652012,0.12801129272051842,21.04451473038462,50.36077300728415,60.271971438427336,75.931330472103,False,False,1,0.006,True
39.955_32.6235,39.95495495495496,32.62352941176471,11.05375739619918,0.11371727668955103,19.029495746740707,52.072744104970816,58.09452327876093,41.433476394849784,False,False,1,0.001,True
39.955_32.6471,39.95495495495496,32.64705882352941,20.104244288548973,0.1927492586246952,34.781806794667666,50.07567440924826,57.761854056412105,75.92274678111588,False,False,1,0.006,True
39.955_32.6588,39.95495495495496,32.65882352941176,19.498840095193817,0.18545991872579182,33.63992205262997,49.852720673514476,57.955879588008884,186.30042918454936,False,False,1,0.015,True
39.955_32.6706,39.95495495495496,32.67058823529412,13.637367832669122,0.1255577541953068,23.209053590983405,51.087289330739054,58.72661206123961,27.888412017167383,False,False,1,0.028,True
39.955_32.6824,39.95495495495496,32.68235294117647,21.477654105474286,0.21948662340007605,37.12155777911871,48.09421358702025,57.90343542587431,216.08154506437768,False,False,1,0.057,False
39.955_32.6941,39.95495495495496,32.694117647058825,14.922189327327322,0.3517212126702145,24.697473206857318,45.90007703312424,59.64496810543031,12.085836909871245,False,False,1,0.001,True
39.955_32.7059,39.95495495495496,32.705882352941174,17.111954697935186,0.3723665276482818,26.12206045952029,52.65021459227468,64.8172293583543,10.042918454935622,True,False,1,0.001,True
39.955_32.7176,39.95495495495496,32.71764705882353,20.4563748663183,0.5065234847256777,37.417492928267016,48.143143673638086,54.80837547597725,40.40343347639485,False,False,1,0.006,True
39.955_32.7294,39.95495495495496,32.72941176470588,20.152100394225407,0.6339561700069678,48.757152507456915,36.11237026921576,41.42783582282349,26.399141630901287,False,False,1,0.052,False
39.955_32.7412,39.95495495495496,32.74117647058824,20.426426438208157,0.6650663925429686,49.67978678172316,33.73199521224799,40.558211867574876,16.090128755364805,False,False,1,0.147,False
39.955_32.7529,39.95495495495496,32.752941176470586,5.776892987360234,0.31761090179873597,22.173964389888187,21.766136363636363,25.332980256997185,11.025,False,False,2,0.127,False
39.955_32.7647,39.95495495495496,32.76470588235294,4.04013731706362,0.18411302789108944,13.16260747132868,26.24179466907612,30.871816102192906,12.63519313304721,False,False,2,0.099,False
39.955_32.7765,39.95495495495496,32.77647058823529,12.14587472486729,0.4646747525436707,34.60348879276286,29.382592014566264,36.23315646782843,22.600858369098713,False,False,2,0.236,False
39.955_32.7882,39.95495495495496,32.78823529411765,22.21394574667107,1.217536040497414,85.53565533179267,25.65236051502146,25.639580529768548,2.0085836909871246,False,False,2,0.099,False
39.955_32.8,39.95495495495496,32.8,48.20813789379583,0.7896978210598129,121.05463986941382,35.586336970934084,39.443645305370765,39.0,False,True,2,0.129,False
39.955_32.8118,39.95495495495496,32.811764705882354,38.29223448244487,0.6299984280936366,97.53114290208273,37.89003629664233,38.95373222947974,58.06866952789699,False,True,2,0.079,False
39.955_32.8235,39.95495495495496,32.8235294117647,18.716167267997307,0.36457718650351767,46.41387541924319,38.22340738522728,40.457020736170655,62.24463519313305,False,False,1,0.049,True
39.955_32.8353,39.95495495495496,32.83529411764706,46.04600176052525,0.6944109723213661,92.63987433180905,41.86676177872156,50.06064608513511,48.55364806866953,False,True,1,0.063,False
39.955_32.8471,39.95495495495496,32.84705882352941,60.532437859823574,0.6025705054802701,112.67793422471784,46.35665511390996,54.34333574020039,38.84978540772532,False,True,1,0.053,False
39.955_32.8588,39.95495495495496,32.858823529411765,66.03580125483353,0.7624110715711748,134.59275494875774,44.18585762396596,48.75699755373339,198.3519313304721,False,True,1,0.049,True
39.955_32.8706,39.95495495495496,32.870588235294115,25.700849465161188,0.29648331968220926,49.186612978049816,45.414528867464,52.218507652319474,110.03004291845494,False,False,1,0.01,True
39.955_32.8824,39.95495495495496,32.88235294117647,9.976372660214304,0.09299721425753131,13.583592299023447,54.27319844676068,72.31212326025847,24.540772532188843,True,False,1,0.005,True
39.955_32.8941,39.95495495495496,32.89411764705882,32.41299352587067,0.2679690133753587,56.621816983341354,51.45672580518895,57.29123102239565,116.59656652360515,False,False,1,0.001,True
39.955_32.9059,39.95495495495496,32.90588235294118,12.016854755504408,0.105097122088741,21.94671660524583,48.11269377202421,55.14821045651019,76.24034334763948,False,False,1,0.006,True
39.955_32.9176,39.95495495495496,32.917647058823526,14.360554591315482,0.11900636927342428,25.781657346984755,49.67867936293705,56.6240290045168,71.64377682403433,False,False,1,0.001,True
39.955_32.9294,39.95495495495496,32.92941176470588,12.786662373883317,0.11623847539490145,23.514547976684646,47.21652184280333,54.82979191335811,36.33905579399141,False,False,1,0.002,True
39.955_32.9412,39.95495495495496,32.94117647058823,11.677073214672822,0.11877974563807893,22.401832591039923,46.84948871625417,52.46449915152759,53.433476394849784,False,False,1,0.001,True
39.955_32.9529,39.95495495495496,32.95294117647059,7.164695649426283,0.054862788438469,13.115249346942266,49.17251535807456,54.99879156775374,12.952789699570815,False,False,1,0.006,True
39.955_32.9647,39.95495495495496,32.96470588235294,7.1191753287055795,0.050170860703594555,12.532144544644819,46.74663805436338,56.28339538439801,11.124463519313304,False,False,1,0.006,True
39.955_32.9765,39.95495495495496,32.976470588235294,24.644821508433683,0.19075766129563593,44.10105166191007,48.34215176922361,56.25551106096141,48.84978540772532,False,False,1,0.091,False
39.955_33.0941,39.95495495495496,33.09411764705882,2.3387525207283986,0.04379397853325299,6.143957498253848,34.01216022889842,36.95521186867604,6.223175965665236,False,False,3,0.378,False
39.955_33.1765,39.95495495495496,33.1764705882353,1.704942894370484,0.029880873061265852,4.19734285963216,34.27038626609442,39.993017144537966,12.643776824034335,False,False,4,0.192,False
39.955_33.1882,39.95495495495496,33.188235294117646,0.19246744550636005,0.004886602037598124,0.6850841229140672,26.959227467811157,26.95275458242963,5.021459227467811,False,False,3,0.276,False
39.964_32.5176,39.96396396396396,32.51764705882353,9.44822250656204,0.08012171398234327,16.773298210753936,45.90403126916002,57.146818498695346,8.008583690987125,False,False,4,0.484,False
39.964_32.5294,39.96396396396396,32.529411764705884,0.17420616550674373,0.00867588328063331,1.2477658080360297,13.120171673819742,13.076759293442667,2.0085836909871246,False,False,2,0.167,False
39.964_32.5412,39.96396396396396,32.54117647058823,0.17420616550674373,0.00867588328063331,1.2477658080360297,13.120171673819742,13.076759293442667,2.0085836909871246,False,False,2,0.203,False
39.964_32.5647,39.96396396396396,32.56470588235294,2.269485616350724,0.025995553706530485,4.819571382103798,50.52691600245248,46.785969933977796,14.489270386266094,False,False,1,0.021,True
39.964_32.5765,39.96396396396396,32.576470588235296,10.971688550319639,0.10008125092632351,18.449169092625713,52.59827100323795,59.11394774908641,84.34763948497854,False,False,1,0.004,True
39.964_32.5882,39.96396396396396,32.588235294117645,3.415634966555142,0.030676219608031415,5.149577514432033,53.91736868035521,65.92455075567831,84.45493562231759,True,False,1,0.001,True
39.964_32.6,39.96396396396396,32.6,6.232685979875008,0.0741816115133845,12.118803696470335,47.86883815934786,51.22361971039034,50.02575107296137,False,False,1,0.001,True
39.964_32.6118,39.96396396396396,32.61176470588235,7.4121039476028265,0.07648888462630642,13.962818919596167,44.9362801387356,53.09436370671626,101.9098712446352,False,False,1,0.001,True
39.964_32.6235,39.96396396396396,32.62352941176471,15.348031687622148,0.15259921874935045,27.93269294262049,49.21598798876204,54.939255979461265,95.22317596566523,False,False,1,0.001,True
39.964_32.6353,39.96396396396396,32.63529411764706,14.315439337251524,0.1388817753948726,24.73686523228135,50.36292474262273,58.03629602407135,215.41630901287553,False,False,1,0.001,True
39.964_32.6471,39.96396396396396,32.64705882352941,14.741935801142612,0.15524945720846836,26.496460629631454,46.51628708290698,55.56431384148693,126.22317596566523,False,False,1,0.017,True
39.964_32.6588,39.96396396396396,32.65882352941176,4.57125651942368,0.06732834269389507,9.814554897342454,40.06933328006575,46.251838402595226,43.23175965665236,False,False,1,0.043,True
39.964_32.6706,39.96396396396396,32.67058823529412,2.197503793424124,0.038498039520877346,5.099892173088945,41.087834991790835,43.4883560521015,20.78540772532189,False,False,1,0.051,False
39.964_32.6824,39.96396396396396,32.68235294117647,10.725485027100822,0.2991933212621638,21.00470168183118,37.304077253218885,50.15124765239591,4.060085836909871,False,False,1,0.024,True
39.964_32.6941,39.96396396396396,32.694117647058825,14.347881800976273,0.3821166705202407,27.168179851356047,44.26615459727048,52.053690041675985,29.399141630901287,False,False,1,0.004,True
39.964_32.7059,39.96396396396396,32.705882352941174,27.33672073997156,0.6875140341155176,49.007727401144194,46.193684720828315,55.69885704834129,44.3862660944206,False,False,1,0.001,True
39.964_32.7176,39.96396396396396,32.71764705882353,56.49070225210807,1.3057191756853552,93.72044367652956,50.22949180215706,60.290523081487784,89.33905579399142,False,True,1,0.002,True
39.964_32.7294,39.96396396396396,32.72941176470588,23.611247751057824,0.6719783907629123,52.467987911714886,34.30504393580053,45.22334636777643,26.94420600858369,False,False,1,0.01,True
39.964_32.7412,39.96396396396396,32.74117647058824,43.964800901678665,1.262182890421305,107.41604015906779,29.98794420153622,40.68067323465222,28.909871244635195,False,True,1,0.063,False
39.964_32.7529,39.96396396396396,32.752941176470586,45.78464565498459,1.0512144811580315,73.75287141368923,50.1173104434907,61.79404185788454,9.476394849785407,False,True,1,0.245,False
39.964_32.7647,39.96396396396396,32.76470588235294,50.55281904361034,0.8787168322889397,104.56594949403494,42.155944377921585,48.48180853681542,50.918454935622314,False,True,1,0.247,False
39.964_32.7765,39.96396396396396,32.77647058823529,41.468271836112436,0.6834852301614917,91.25554674947489,42.91076049441123,45.43044389704656,63.90987124463519,False,True,1,0.478,False
39.964_32.7882,39.96396396396396,32.78823529411765,25.30693098051246,0.4863244073602942,57.941864288621026,33.15537383599492,43.11661999715456,30.71244635193133,False,False,1,0.462,False
39.964_32.8,39.96396396396396,32.8,26.72066713717287,0.49115693933248006,62.79911340563413,38.713651080490926,42.09264553915889,45.072961373390555,False,False,1,0.343,False
39.964_32.8118,39.96396396396396,32.811764705882354,40.299481240624885,0.4977686819960379,85.59248628493046,43.384732216086086,46.89757790298381,61.60944206008584,False,True,1,0.168,False
39.964_32.8235,39.96396396396396,32.8235294117647,29.1170221496052,0.31492177581904957,57.88198635411868,47.40791909993426,50.203671034220086,76.92703862660944,False,False,1,0.057,False
39.964_32.8353,39.96396396396396,32.83529411764706,72.4897719846043,0.6760073928241396,129.90570773130113,47.37574901513383,55.807448492161164,127.09442060085837,False,True,1,0.057,False
39.964_32.8471,39.96396396396396,32.84705882352941,16.662592261559887,0.2025422851693978,41.399506950792414,42.41519548222427,40.48888222882809,46.17167381974249,False,False,1,0.013,True
39.964_32.8588,39.96396396396396,32.858823529411765,25.464525697792578,0.2213715864547744,50.60965091643352,39.546778024854945,50.74325691467769,66.20171673819742,False,False,1,0.061,False
39.964_32.8706,39.96396396396396,32.870588235294115,50.48212817978118,0.5944665809851654,107.30704958620879,42.35455375684667,47.007936768931316,177.32188841201716,False,True,1,0.008,True
39.964_32.8824,39.96396396396396,32.88235294117647,3.920494663892014,0.03258207303578768,7.271764162939789,34.4160447366752,53.61248673779721,28.832618025751074,False,False,1,0.001,True
39.964_32.8941,39.96396396396396,32.89411764705882,17.001656076578705,0.12889056769107543,24.7302335486018,56.31332690111011,68.10360824900276,41.141630901287556,True,False,1,0.001,True
39.964_32.9059,39.96396396396396,32.90588235294118,9.095131958124648,0.09059470740289452,16.334205674789047,51.193589055477496,55.79226287986208,64.39484978540773,False,False,1,0.001,True
39.964_32.9176,39.96396396396396,32.917647058823526,9.130457925533213,0.08118843126613469,16.803156465035748,49.280737974471876,54.40501438030615,48.15450643776824,False,False,1,0.001,True
39.964_32.9294,39.96396396396396,32.92941176470588,26.28235858984834,0.2467470725026267,47.09658839601783,48.09100512572046,55.81025569919396,50.60515021459227,False,False,1,0.001,True
39.964_32.9412,39.96396396396396,32.94117647058823,15.483550785307653,0.13284200428411347,28.50069207748312,47.78369490065582,55.02207389726264,121.85836909871244,False,False,1,0.002,True
39.964_32.9529,39.96396396396396,32.95294117647059,13.519461378149375,0.11782336080180854,24.96999891208759,47.43739649045866,54.873176318647296,54.21459227467811,False,False,1,0.005,True
39.964_32.9647,39.96396396396396,32.96470588235294,13.72462519841696,0.10590621537816668,24.14543430144475,50.861115413844544,57.64666555329306,56.283261802575105,False,False,1,0.008,True
39.964_32.9765,39.96396396396396,32.976470588235294,25.380257700508405,0.19438686364493324,45.012358918582265,50.38856955676022,56.71290181390295,53.527896995708154,False,False,1,0.166,False
39.964_32.9882,39.96396396396396,32.98823529411764,1.4338697730360188,0.02883430000950825,4.065295177766775,39.1244635193133,35.83678811657686,1.8669527896995708,False,False,2,0.086,False
39.964_33.0,39.96396396396396,33.0,1.0911683147703093,0.02205089995420715,3.1097043577477814,40.33190271816881,35.98439253578172,5.459227467811159,False,False,2,0.406,False
39.964_33.0941,39.96396396396396,33.09411764705882,2.0464084556373487,0.03831973121659639,5.375962810972117,34.01216022889842,36.95521186867604,3.111587982832618,False,False,3,0.37,False
39.964_33.1059,39.96396396396396,33.10588235294117,1.8515124122433155,0.03467023300549195,4.8639663527842965,34.01216022889842,36.95521186867604,9.334763948497853,False,False,3,0.389,False
39.964_33.1294,39.96396396396396,33.12941176470588,1.754064390546299,0.032845483899939736,4.607968123690386,34.01216022889842,36.95521186867604,6.223175965665236,False,False,3,0.28,False
39.964_33.1412,39.96396396396396,33.141176470588235,1.754064390546299,0.032845483899939736,4.607968123690386,34.01216022889842,36.95521186867604,6.223175965665236,False,False,3,0.26,False
39.964_33.1529,39.96396396396396,33.15294117647059,1.7746051321192597,0.03307686711846858,4.642375185589699,34.10711220110362,37.29416887548091,15.656652360515022,False,False,3,0.242,False
39.973_32.5529,39.972972972972975,32.55294117647059,0.17420616550674373,0.00867588328063331,1.2477658080360297,13.120171673819742,13.076759293442667,2.0085836909871246,False,False,2,0.127,False
39.973_32.5647,39.972972972972975,32.56470588235294,11.66227855091911,0.10065051323053077,22.500287008266593,42.02503172792872,52.37230844135203,26.660944206008583,False,False,1,0.04,True
39.973_32.5765,39.972972972972975,32.576470588235296,21.872242223256855,0.19043555111239818,37.147201489269214,52.04245810555453,58.535705466605435,168.58369098712447,False,False,1,0.001,True
39.973_32.5882,39.972972972972975,32.588235294117645,7.528230018294526,0.07595931693710305,14.80788184245248,44.67551244708831,50.95007948395544,74.96995708154506,False,False,1,0.001,True
39.973_32.6,39.972972972972975,32.6,7.8965287620086055,0.1018454875673606,12.142290938947509,58.704009209875736,65.46026348362223,84.7381974248927,True,False,1,0.001,True
39.973_32.6118,39.972972972972975,32.61176470588235,7.570709638091454,0.08992980321231013,15.097764434512081,52.60243162569197,49.86107522531864,36.128755364806864,False,False,1,0.001,True
39.973_32.6235,39.972972972972975,32.62352941176471,4.515211147477578,0.04554539309318817,7.609555636537055,61.233282126730316,59.36480492607086,31.76824034334764,False,False,1,0.001,True
39.973_32.6353,39.972972972972975,32.63529411764706,4.170042408921586,0.05332550985355343,6.8217022043216105,53.186190587162564,62.319867492256115,44.40343347639485,False,False,1,0.002,True
39.973_32.6471,39.972972972972975,32.64705882352941,9.830700783948108,0.1574693806469819,20.485032011381296,41.74548483627216,47.50020379533074,126.6480686695279,False,False,1,0.028,True
39.973_32.6588,39.972972972972975,32.65882352941176,4.86820054323241,0.1530370751029969,12.57330849215821,42.28407492999768,39.5582024670489,26.399141630901287,False,False,2,0.232,False
39.973_32.6706,39.972972972972975,32.67058823529412,24.903299356223176,1.0339994635193133,69.10233369098712,39.05793991416309,39.013921476991705,3.0128755364806867,False,False,2,0.197,False
39.973_32.6824,39.972972972972975,32.68235294117647,10.949693167336946,0.32980313025751024,23.27858222193753,35.894494353068715,46.33779796137239,22.49785407725322,False,False,1,0.081,False
39.973_32.6941,39.972972972972975,32.694117647058825,16.28233011628533,0.4448178132963808,31.630784019845212,43.66479586222076,51.232388229401025,45.502145922746784,False,False,1,0.005,True
39.973_32.7059,39.972972972972975,32.705882352941174,39.68416257963472,0.9584827475240053,67.54440213949988,54.31449391988555,57.85522405075426,15.768240343347639,False,True,1,0.001,True
39.973_32.7176,39.972972972972975,32.71764705882353,59.56431202566307,1.2277564867528974,86.54464426445668,66.13866237482117,68.05103513655042,22.901287553648068,True,True,1,0.001,True
39.973_32.7294,39.972972972972975,32.72941176470588,21.911267178219966,0.49196687909134257,36.48908830797242,58.20776433866562,59.48894937986542,10.622317596566523,False,False,1,0.005,True
39.973_32.7412,39.972972972972975,32.74117647058824,33.23739938949375,0.6482397923152202,60.789005430112034,50.961128142244014,53.5372635889453,27.82832618025751,False,False,1,0.005,True
39.973_32.7529,39.972972972972975,32.752941176470586,39.98491532990956,0.8806905538194322,62.77023424667397,48.64675459972537,63.13430167457478,38.78969957081545,False,True,1,0.009,True
39.973_32.7647,39.972972972972975,32.76470588235294,14.365968567443709,0.23567037821382086,30.453551588909765,48.20916983083214,46.82467414654178,39.06866952789699,False,False,1,0.008,True
39.973_32.7765,39.972972972972975,32.77647058823529,13.393377780066555,0.2614424793375959,33.72491387039416,45.51054820897464,39.57879468380382,42.48068669527897,False,False,2,0.081,False
39.973_32.7882,39.972972972972975,32.78823529411765,26.43023638109295,0.33579213513590567,54.46789881146822,47.7317981766321,48.15225208929525,27.184549356223176,False,False,1,0.178,False
39.973_32.8,39.972972972972975,32.8,39.603075369786104,0.5340291297246663,90.47585118411261,44.131872062129574,43.893649584452035,32.927038626609445,False,True,1,0.087,False
39.973_32.8118,39.972972972972975,32.811764705882354,33.86615496114002,0.3983467966481646,67.73001742316127,45.83813611281422,49.861327839402975,42.90128755364807,False,False,1,0.059,False
39.973_32.8235,39.972972972972975,32.8235294117647,22.10648739876305,0.21841315125363006,39.770830054246986,47.32378312555351,55.22743955560439,67.50214592274678,False,False,1,0.01,True
39.973_32.8353,39.972972972972975,32.83529411764706,34.902337256643264,0.291645420274283,62.42933043549444,47.536962475253986,56.53074890805764,75.23175965665236,False,True,1,0.04,True
39.973_32.8471,39.972972972972975,32.84705882352941,25.257495282777597,0.23673867337104354,54.61701799434465,43.06293278578812,46.626391620235474,49.93991416309013,False,False,1,0.018,True
39.973_32.8588,39.972972972972975,32.858823529411765,34.538714915038035,0.2832751556912642,66.1043021925565,44.33860206022333,52.26693375501636,85.1716738197425,False,True,1,0.075,False
39.973_32.8706,39.972972972972975,32.870588235294115,12.03318372091576,0.13891489151577815,24.048663461631715,36.93091677893496,50.12213204036145,33.506437768240346,False,False,1,0.036,True
39.973_32.8824,39.972972972972975,32.88235294117647,49.37929049779134,0.5933709542346772,104.67625500695749,43.58018187144746,46.80835596549245,142.52789699570815,False,True,1,0.009,True
39.973_32.8941,39.972972972972975,32.89411764705882,9.039261929447001,0.08310278345428085,15.141691924079955,52.323018477777374,59.307818315239096,59.66523605150215,False,False,1,0.002,True
39.973_32.9059,39.972972972972975,32.90588235294118,10.742045487300803,0.09862715061920144,14.451677330454759,69.90844062947068,73.88520494106152,19.28755364806867,True,False,1,0.001,True
39.973_32.9176,39.972972972972975,32.917647058823526,14.586316230228034,0.10683334527043029,15.698292627832535,91.24248927038627,91.23575930929934,1.0042918454935623,True,False,1,0.001,True
39.973_32.9294,39.972972972972975,32.92941176470588,13.735431369277407,0.1146166420539709,19.802267930789288,64.67037093807481,68.30733547841687,28.120171673819744,True,False,1,0.001,True
39.973_32.9412,39.972972972972975,32.94117647058823,9.55211101627759,0.07213900497887395,16.893815420763698,51.56155221745351,55.94166736006342,18.55793991416309,False,False,1,0.001,True
39.973_32.9529,39.972972972972975,32.95294117647059,10.260920205839424,0.09157152031506335,19.93811425208511,41.33361051502146,52.11326807432005,13.553648068669528,False,False,1,0.009,True
39.973_32.9647,39.972972972972975,32.96470588235294,14.23405093373558,0.11760848755534035,25.83746398184001,49.435977565041554,55.856432686211335,53.94849785407725,False,False,1,0.009,True
39.973_33.0235,39.972972972972975,33.023529411764706,1.0911683147703093,0.02205089995420715,3.1097043577477814,40.33190271816881,35.98439253578172,2.7296137339055795,False,False,3,0.287,False
39.973_33.1529,39.972972972972975,33.15294117647059,0.5720641080608019,0.01130642716017727,1.5778079321791172,33.787553648068666,33.76909621846747,6.0257510729613735,False,False,3,0.216,False
39.973_33.1647,39.972972972972975,33.16470588235294,0.5312023860564589,0.010498825220164631,1.4651073655948945,33.787553648068666,33.76909621846747,7.030042918454936,False,False,3,0.214,False
39.973_33.1765,39.972972972972975,33.1764705882353,0.4290480810456014,0.008479820370132965,1.1833559491343377,33.787553648068666,33.76909621846747,6.0257510729613735,False,False,3,0.155,False
39.982_32.5059,39.98198198198198,32.50588235294118,3.184059526030976,0.042950110628315497,10.866672886732598,28.63519313304721,28.621043696154583,2.0085836909871246,False,False,2,0.027,True
39.982_32.5176,39.98198198198198,32.51764705882353,20.42027086637137,0.13698510560633684,35.2188988157852,56.272532188841204,59.77865039235391,3.424892703862661,False,False,1,0.318,False
39.982_32.5412,39.98198198198198,32.54117647058823,19.137446459963385,0.18957082745991188,44.665089225625444,43.05021180536202,43.3432691464287,27.467811158798284,False,False,4,0.208,False
39.982_32.5529,39.98198198198198,32.55294117647059,10.381282722232218,0.1002191888399226,19.615464450745698,45.884571406556354,52.77874227208133,198.33476394849785,False,False,1,0.406,False
39.982_32.5647,39.98198198198198,32.56470588235294,10.213602064437241,0.10043686272021556,17.8624521968903,48.72120226560719,56.7548402279515,155.92274678111588,False,False,1,0.043,True
39.982_32.5765,39.98198198198198,32.576470588235296,15.68303666260055,0.14479455896567262,25.701246264160073,52.27235984071735,60.4577304620481,199.87982832618025,False,False,1,0.001,True
39.982_32.5882,39.98198198198198,32.588235294117645,10.689176361643549,0.10653259688914443,18.358530214703396,51.45544641145801,58.28768032531671,98.39055793991416,False,False,1,0.001,True
39.982_32.6,39.98198198198198,32.6,7.902707413686547,0.09615875567750447,11.267980296025932,57.276878339318564,71.00332493934465,67.34763948497854,True,False,1,0.001,True
39.982_32.6118,39.98198198198198,32.61176470588235,3.8762412535274127,0.038994626484440006,6.268667721136473,52.51705594189815,62.43780890578848,49.141630901287556,False,False,1,0.001,True
39.982_32.6235,39.98198198198198,32.62352941176471,2.1482526055909372,0.01857819216953944,3.1976465959812,68.11602782299838,66.93587909605566,27.021459227467812,True,False,1,0.001,True
39.982_32.6353,39.98198198198198,32.63529411764706,10.24114621724094,0.12708194368519857,15.93586184373279,50.73434546719101,64.37331528808652,71.66523605150215,False,False,1,0.003,True
39.982_32.6471,39.98198198198198,32.64705882352941,11.135811653949053,0.341979360278492,27.434434812813688,39.92867176704122,41.4412697556456,69.61802575107296,False,False,1,0.09,False
39.982_32.6588,39.98198198198198,32.65882352941176,24.903299356223176,1.0339994635193133,69.10233369098712,39.05793991416309,39.013921476991705,6.0257510729613735,False,False,2,0.341,False
39.982_32.6706,39.98198198198198,32.67058823529412,24.903299356223176,1.0339994635193133,69.10233369098712,39.05793991416309,39.013921476991705,1.0042918454935623,False,False,2,0.241,False
39.982_32.6824,39.98198198198198,32.68235294117647,21.330782441656826,0.5625154258428984,39.90328236321703,50.99567238912733,53.32578434609975,28.326180257510728,False,False,1,0.052,False
39.982_32.6941,39.98198198198198,32.694117647058825,18.023975033934203,0.47311901205765866,33.491975875098724,55.738420958512165,53.901793283467555,14.866952789699571,False,False,1,0.001,True
39.982_32.7059,39.98198198198198,32.705882352941174,37.305016547551816,0.7404974272825752,52.17116711892716,66.31716304677678,70.75399170835004,20.892703862660944,True,True,1,0.001,True
39.982_32.7176,39.98198198198198,32.71764705882353,30.12231984196786,0.6245782478164627,43.871736987011815,63.67871684824475,67.79106577195348,12.755364806866952,True,False,1,0.001,True
39.982_32.7294,39.98198198198198,32.72941176470588,37.3307340512902,0.6967413765697027,69.55323213055688,54.53028135431568,52.60614116076175,8.188841201716738,False,True,1,0.001,True
39.982_32.7412,39.98198198198198,32.74117647058824,19.334721868014693,0.3935760949263753,37.49571114093672,52.23015021459227,50.60757841971032,17.96137339055794,False,False,1,0.002,True
39.982_32.7529,39.98198198198198,32.752941176470586,26.677159310762406,0.5513814333451437,38.965636077450405,53.63154411227746,67.92694514474495,25.167381974248926,True,False,1,0.015,True
39.982_32.7647,39.98198198198198,32.76470588235294,17.248676157022278,0.3234533693264202,31.044942128527115,53.44355189785871,55.47728420134972,47.90987124463519,False,False,1,0.023,True
39.982_32.7765,39.98198198198198,32.77647058823529,18.941097396795,0.2807230029421667,39.1571842630707,51.72569557150471,48.318045861359536,29.56223175965665,False,False,1,0.091,False
39.982_32.7882,39.98198198198198,32.78823529411765,47.46032749435687,0.5588777993691738,100.78967210519373,47.0040286242003,46.845151219395106,38.88412017167382,False,True,1,0.09,False
39.982_32.8,39.98198198198198,32.8,16.988323956856288,0.20551273677614168,34.04843084958408,61.12091994488505,49.76629676968506,33.72103004291846,False,False,1,0.042,True
39.982_32.8118,39.98198198198198,32.811764705882354,25.355031851747153,0.281134191953798,46.68317586888562,52.11303899053786,54.34643175966146,85.75536480686695,False,False,1,0.015,True
39.982_32.8235,39.98198198198198,32.8235294117647,10.444728335962447,0.11113934165300303,21.27354591415333,48.19279774678112,50.06497379818372,83.1931330472103,False,False,1,0.005,True
39.982_32.8353,39.98198198198198,32.83529411764706,13.147136094583193,0.11457441914442669,24.191776622151767,44.45495915624671,54.57386698411773,55.65665236051502,False,False,1,0.02,True
39.982_32.8471,39.98198198198198,32.84705882352941,20.813679995790086,0.19412691832434503,44.42219645757506,43.990968215604504,47.07084429289717,56.66094420600859,False,False,1,0.018,True
39.982_32.8588,39.98198198198198,32.858823529411765,31.840158516031654,0.23708134287972701,59.62855483928011,47.390447277732584,53.43271127903807,68.96995708154506,False,False,1,0.043,True
39.982_32.8706,39.98198198198198,32.870588235294115,21.17509736323675,0.2605228270088229,41.4420834668412,42.64522729945667,51.26764222457726,68.07725321888412,False,False,1,0.041,True
39.982_32.8824,39.98198198198198,32.88235294117647,29.818243588511613,0.36977454411626914,63.81733779351864,40.81232557058684,46.70286563334049,76.90128755364807,False,False,1,0.041,True
39.982_32.8941,39.98198198198198,32.89411764705882,33.922781767822315,0.4192693315407466,72.71180150852443,43.82233553156548,46.59121684101558,93.52360515021459,False,False,1,0.005,True
39.982_32.9176,39.98198198198198,32.917647058823526,14.586316230228034,0.10683334527043029,15.698292627832535,91.24248927038627,91.23575930929934,8.034334763948499,True,False,1,0.001,True
39.982_32.9294,39.98198198198198,32.92941176470588,15.653035922173988,0.13155672250934713,23.55548259077162,62.3934191702432,65.56410211733667,9.03862660944206,True,False,1,0.001,True
39.982_32.9412,39.98198198198198,32.94117647058823,4.803018549665546,0.0406927850597378,8.44601844333604,56.62660944206009,56.605313204886706,2.0085836909871246,False,False,1,0.002,True
39.982_32.9647,39.98198198198198,32.96470588235294,1.0903279955759129,0.022402255322729877,3.158861855471802,34.92989985693848,35.21747447465424,2.7296137339055795,False,False,2,0.007,True
39.982_33.0235,39.98198198198198,33.023529411764706,1.0911683147703093,0.02205089995420715,3.1097043577477814,40.33190271816881,35.98439253578172,10.918454935622318,False,False,3,0.241,False
39.982_33.1647,39.98198198198198,33.16470588235294,0.47672009005066823,0.009422022633481034,1.3148399434825975,33.787553648068666,33.76909621846747,6.0257510729613735,False,False,3,0.216,False
39.982_33.1765,39.98198198198198,33.1764705882353,0.5720641080608019,0.01130642716017727,1.5778079321791172,33.787553648068666,33.76909621846747,1.0042918454935623,False,False,3,0.156,False
39.991_32.5059,39.990990990990994,32.50588235294118,11.287769581628375,0.09161335594903183,23.321913645496597,44.60786838340486,48.10642648005581,11.450643776824034,False,False,1,0.049,True
39.991_32.5176,39.990990990990994,32.51764705882353,10.386994612123443,0.08621576291885243,21.099760040735408,44.72316760492726,49.103703873139835,92.07296137339056,False,False,1,0.127,False
39.991_32.5294,39.990990990990994,32.529411764705884,18.357422751538927,0.1812381863992597,42.726751950355776,43.05021180536202,43.462798387328654,13.733905579399142,False,False,1,0.142,False
39.991_32.5529,39.990990990990994,32.55294117647059,5.242600201832621,0.05551135504329184,11.22298876873349,43.5859092433754,46.361742729770505,73.27896995708154,False,False,1,0.211,False
39.991_32.5647,39.990990990990994,32.56470588235294,5.811176399094764,0.06578340283262563,10.688843832691415,53.21743142574563,54.29963884652809,51.63948497854077,False,False,1,0.04,True
39.991_32.5765,39.990990990990994,32.576470588235296,7.5598248939471775,0.07238565187205875,12.743406237113657,55.05873496095124,59.10742690753563,57.081545064377686,False,False,1,0.001,True
39.991_32.5882,39.990990990990994,32.588235294117645,7.203943234485776,0.07622837374802681,11.749192955916282,57.11022707366209,61.08271531813269,93.04721030042919,False,False,1,0.001,True
39.991_32.6,39.990990990990994,32.6,7.219024464058692,0.08864257598525534,9.595905420235878,66.57807213252492,75.74195196367597,50.67811158798283,True,False,1,0.001,True
39.991_32.6118,39.990990990990994,32.61176470588235,7.4966210826595,0.08611331544049539,10.386069972134104,59.88676020640609,72.87499144470421,58.82403433476395,True,False,1,0.001,True
39.991_32.6235,39.990990990990994,32.62352941176471,9.717455836837969,0.11633299218254654,13.463955753282475,55.866796074534946,73.38744460654326,87.73390557939913,True,False,1,0.001,True
39.991_32.6353,39.990990990990994,32.63529411764706,16.98737777327329,0.2527331792488606,38.41840869368842,40.729686890362856,44.35289272715931,29.218884120171673,False,False,1,0.01,True
39.991_32.6471,39.990990990990994,32.64705882352941,11.03577185728039,0.19483107467595737,25.257951756881774,40.533698584299096,43.50443812565376,52.74678111587983,False,False,1,0.276,False
39.991_32.6588,39.990990990990994,32.65882352941176,24.903299356223176,1.0339994635193133,69.10233369098712,39.05793991416309,39.013921476991705,2.0085836909871246,False,False,2,0.254,False
39.991_32.6824,39.990990990990994,32.68235294117647,14.841977223473421,0.41936854629668974,29.413249479454382,49.667381974248926,49.644313699635106,2.0085836909871246,False,False,1,0.034,True
39.991_32.6941,39.990990990990994,32.694117647058825,18.99535330975959,0.41008512851525003,29.167735603411582,61.14551661306433,64.7941707667209,21.296137339055793,True,False,1,0.001,True
39.991_32.7059,39.990990990990994,32.705882352941174,22.234861606144413,0.4007059115789788,28.342658573361145,68.88347478137403,77.20236583800641,20.489270386266096,True,False,1,0.001,True
39.991_32.7176,39.990990990990994,32.71764705882353,24.98171556279121,0.5648078475331695,39.58874845945661,62.708154506437765,62.28138971482983,6.0257510729613735,False,False,1,0.001,True
39.991_32.7294,39.990990990990994,32.72941176470588,11.642502586899619,0.20642085565111942,21.34103845026274,51.83859359524595,53.98594333932014,13.472103004291846,False,False,1,0.001,True
39.991_32.7412,39.990990990990994,32.74117647058824,28.80865547248998,0.48171545301357493,55.20618264205716,54.81269160024525,48.68534754974615,12.218884120171674,False,False,1,0.009,True
39.991_32.7529,39.990990990990994,32.752941176470586,20.380858590541038,0.3407601093933364,38.75962069627367,57.07666796722591,49.106040330064815,19.545064377682404,False,False,1,0.015,True
39.991_32.7647,39.990990990990994,32.76470588235294,11.563872890376405,0.19652645137729935,24.51788285107243,52.098264601604775,47.352257404450455,18.450643776824034,False,False,1,0.018,True
39.991_32.7765,39.990990990990994,32.77647058823529,8.533617807027065,0.14568040086906456,17.797170847608434,51.99359203624225,48.061398950042694,13.532188841201716,False,False,1,0.029,True
39.991_32.7882,39.990990990990994,32.78823529411765,91.29366286306019,1.079216747569416,194.90577849573356,48.44905542716702,46.530324913489395,44.34334763948498,False,True,1,0.008,True
39.991_32.8,39.990990990990994,32.8,26.339667569242234,0.31373412274957396,47.73403021392433,60.282543951257125,54.913379625677166,80.32618025751073,False,False,1,0.004,True
39.991_32.8118,39.990990990990994,32.811764705882354,18.052228534051558,0.1940356107922614,33.88308744835622,49.747739873575746,53.369129729763365,60.52360515021459,False,False,1,0.003,True
39.991_32.8235,39.990990990990994,32.8235294117647,11.016697250872692,0.11876644039724214,19.087316766285255,51.00628474306721,57.84205528006027,101.8412017167382,False,False,1,0.015,True
39.991_32.8353,39.990990990990994,32.83529411764706,13.88254934923599,0.16171015673376188,27.58183509271753,47.74551231392788,50.46762487409883,79.0343347639485,False,False,1,0.022,True
39.991_32.8471,39.990990990990994,32.84705882352941,25.069252489206796,0.32982020313417204,52.56368961112179,45.70606642949884,47.89542609096516,116.27038626609442,False,False,1,0.024,True
39.991_32.8588,39.990990990990994,32.858823529411765,22.074218097723247,0.2422480535182681,43.09500753025938,46.19992770152259,51.36005597569533,48.38197424892704,False,False,1,0.044,True
39.991_32.8706,39.990990990990994,32.870588235294115,31.950678672155444,0.47083351186076716,63.91276139182533,47.098893385167464,50.63585745192103,93.64377682403433,False,False,1,0.065,False
39.991_32.8824,39.990990990990994,32.88235294117647,21.996357127283055,0.5028087201284991,46.36571047641037,41.75423865359954,47.22896362742794,78.57510729613733,False,False,1,0.1,False
39.991_32.8941,39.990990990990994,32.89411764705882,27.603834182662336,0.327901140034435,59.71735299088524,43.41958848859131,46.01132940112667,56.377682403433475,False,False,1,0.123,False
39.991_32.9059,39.990990990990994,32.90588235294118,2.6442202265033026,0.04543032029604217,5.539059982168523,44.65207439198855,46.90152435673582,15.064377682403434,False,False,1,0.001,True
39.991_32.9412,39.990990990990994,32.94117647058823,1.4330294538416224,0.029185655378030997,4.114452675490797,35.072961373390555,35.30454874922124,1.8669527896995708,False,False,2,0.001,True
39.991_32.9882,39.990990990990994,32.98823529411764,1.1764235197395383,0.023922427652293805,3.37318081161454,38.00429184549356,35.58488076253962,7.32618025751073,False,False,3,0.155,False
39.991_33.0,39.990990990990994,33.0,0.4290480810456014,0.008479820370132965,1.1833559491343377,33.787553648068666,33.76909621846747,1.0042918454935623,False,False,3,0.175,False
39.991_33.0353,39.990990990990994,33.035294117647055,1.0911683147703093,0.02205089995420716,3.1097043577477814,40.33190271816881,35.98439253578172,16.377682403433475,False,False,3,0.261,False
39.991_33.0588,39.990990990990994,33.05882352941176,1.189102679698489,0.02389668313677397,3.368329305971315,35.502145922746784,35.52067052296272,7.030042918454936,False,False,3,0.262,False
39.991_33.1647,39.990990990990994,33.16470588235294,0.4290480810456014,0.008479820370132965,1.1833559491343377,33.787553648068666,33.76909621846747,1.0042918454935623,False,False,3,0.193,False
39.991_33.1765,39.990990990990994,33.1764705882353,0.524392099055735,0.010364224896829166,1.4463239378308572,33.787553648068666,33.76909621846747,3.0128755364806867,False,False,3,0.213,False
40.009_32.3176,40.009009009009006,32.31764705882353,0.20377331697054696,0.005012798036465588,1.132100280504909,19.2275,19.242887404961984,6.03,False,False,3,0.256,False
40.009_32.3294,40.009009009009006,32.32941176470588,0.22641479663394104,0.00556977559607287,1.2578892005610098,19.2275,19.242887404961984,1.005,False,False,3,0.256,False
40.009_32.4941,40.009009009009006,32.49411764705882,10.940022871389376,0.07024447019549293,18.127048111479496,61.62804005722461,61.038506367969184,2.7124463519313307,False,False,1,0.138,False
40.009_32.5059,40.009009009009006,32.50588235294118,12.107511716010304,0.09570067060074205,24.3711377033545,44.60786838340486,49.72448418741403,11.450643776824034,False,False,1,0.1,False
40.009_32.5176,40.009009009009006,32.51764705882353,9.675316310735434,0.08138237312642702,20.671947305328903,46.07759569514149,47.286548570428664,80.35622317596567,False,False,1,0.129,False
40.009_32.5294,40.009009009009006,32.529411764705884,10.195645121101792,0.1054922374401243,26.592591103915925,39.71336172769504,38.58718890856991,131.59227467811158,False,False,2,0.22,False
40.009_32.5412,40.009009009009006,32.54117647058823,9.535737780190555,0.10738024885613093,27.215805680958145,40.00167586347844,36.6255534842909,25.957081545064376,False,False,2,0.323,False
40.009_32.6118,40.009009009009006,32.61176470588235,48.92858808706344,0.690747155535597,113.01866242078655,37.892703862660944,43.161990192574976,12.051502145922747,False,True,1,0.001,True
40.009_32.6353,40.009009009009006,32.63529411764706,8.600563434709427,0.13400487432244482,18.23754038501859,43.61802575107296,46.65267372595362,2.721030042918455,False,False,4,0.411,False
40.009_32.6471,40.009009009009006,32.64705882352941,3.506768769012123,0.1266396466390922,12.491793495540211,33.95255527103545,28.046736739465114,41.5450643776824,False,False,2,0.12,False
40.009_32.6588,40.009009009009006,32.65882352941176,7.7450804562248665,0.10552049915959416,10.226727113643506,60.46798998569385,77.02705132292395,7.450643776824034,True,False,1,0.345,False
40.009_32.7059,40.009009009009006,32.705882352941174,0.692335238391331,0.01962833152381156,1.3771456191357527,52.952789699570815,49.82478712396489,3.7339055793991416,False,False,1,0.001,True
40.009_32.7176,40.009009009009006,32.71764705882353,2.5805990024848207,0.05817419177726157,4.265269323321702,54.37004724061421,60.866486233426,19.356223175965667,False,False,1,0.001,True
40.009_32.7294,40.009009009009006,32.72941176470588,0.6178830134082727,0.017354406367573346,1.2177600307011471,54.831330472103005,50.791922907632966,9.193133047210301,False,False,1,0.004,True
40.009_32.7647,40.009009009009006,32.76470588235294,13.87890984240714,0.21740109553029358,29.36780342728861,53.58226037195994,47.609138266009616,24.746781115879827,False,False,1,0.025,True
40.009_32.7765,40.009009009009006,32.77647058823529,0.6036807304785894,0.0066687657430729705,0.9036523929471033,65.8475,65.85056972789116,1.005,True,False,1,0.045,True
40.009_32.8,40.009009009009006,32.8,1.1212373361361712,0.014633149397097853,2.1935417944001636,51.163090128755364,51.15407475554625,4.017167381974249,False,False,1,0.007,True
40.009_32.8118,40.009009009009006,32.811764705882354,34.054461923067734,0.36281169881407405,62.923772720911856,50.55755278239569,54.79540803907787,56.892703862660944,False,True,1,0.001,True
40.009_32.8235,40.009009009009006,32.8235294117647,12.803003331439243,0.12700572807693059,24.128533183120172,48.57710354528077,53.881723730357386,30.84978540772532,False,False,1,0.004,True
40.009_32.8353,40.009009009009006,32.83529411764706,7.511260032671217,0.08171251444163798,13.358431444408797,50.01780965605126,57.15129872201782,52.06866952789699,False,False,1,0.015,True
40.009_32.8471,40.009009009009006,32.84705882352941,25.2519677165288,0.2572373536355079,51.02615091298919,50.022820816576804,50.03731178891075,98.34763948497854,False,False,1,0.02,True
40.009_32.8588,40.009009009009006,32.858823529411765,23.668722660406242,0.4264400862688396,49.32457179069217,43.69348665023999,48.56227117851093,82.18454935622317,False,False,1,0.039,True
40.009_32.8706,40.009009009009006,32.870588235294115,19.71608426950732,0.4658543003427512,45.67174479148923,41.91462028672329,44.450563313602,47.51072961373391,False,False,1,0.071,False
40.009_32.8824,40.009009009009006,32.88235294117647,4.341552278663764,0.07420616746989439,7.913674816960607,53.74034334763949,53.97586117888341,8.034334763948499,False,False,1,0.148,False
40.009_32.8941,40.009009009009006,32.89411764705882,10.94821134546191,0.1429972168884453,23.289490010733466,47.167942877864604,46.618052460169515,84.91416309012875,False,False,1,0.122,False
40.009_32.9059,40.009009009009006,32.90588235294118,4.328020374120119,0.07432017399033947,8.796842249119003,47.717484605336814,48.31327163114964,23.098712446351932,False,False,1,0.107,False
40.009_32.9647,40.009009009009006,32.96470588235294,1.4779981515909273,0.030746282046639543,4.3325939729939,31.10484365419988,34.35121764803572,9.618025751072961,False,False,3,0.114,False
40.009_32.9765,40.009009009009006,32.976470588235294,1.595306297790295,0.03293891539838105,4.642078226641494,32.86790653314258,34.65626917887075,8.6137339055794,False,False,3,0.114,False
40.009_32.9882,40.009009009009006,32.98823529411764,1.4318137824506578,0.02970673372897483,4.1860319551576906,31.40772532188841,34.373356645439785,4.879828326180258,False,False,3,0.114,False
40.009_33.0,40.009009009009006,33.0,1.7455874423892885,0.03598473916422501,5.071375365811897,32.86790653314258,34.71109374723749,8.6137339055794,False,False,3,0.113,False
40.009_33.0353,40.009009009009006,33.035294117647055,1.189102679698489,0.02389668313677397,3.368329305971315,35.502145922746784,35.52067052296272,7.030042918454936,False,False,3,0.26,False
40.009_33.0471,40.009009009009006,33.04705882352941,1.4338697730360188,0.02883430000950826,4.065295177766775,39.1244635193133,35.83678811657686,5.600858369098712,False,False,3,0.259,False
40.018_32.2941,40.01801801801802,32.294117647058826,0.352046724431128,0.010531217102599364,0.7544092639080087,47.18669527896996,47.16562132696984,1.0042918454935623,False,False,4,0.097,False
40.018_32.3059,40.01801801801802,32.305882352941175,1.0024287004248713,0.029303462001469577,2.4187756101891726,39.46926855018246,41.92256980504541,19.30901287553648,False,False,4,0.121,False
40.018_32.3176,40.01801801801802,32.31764705882353,1.0802357432703316,0.031392383488970305,2.682083778827171,38.147567954220314,40.8238826845535,17.630901287553648,False,False,4,0.126,False
40.018_32.3294,40.01801801801802,32.32941176470588,1.0538885300198357,0.030626715598995418,2.616667101294801,38.147567954220314,40.8238826845535,13.223175965665236,False,False,4,0.126,False
40.018_32.4941,40.01801801801802,32.49411764705882,7.511597879120217,0.07738688194563903,19.511235915870138,38.98594654282577,38.56313224156854,22.42489270386266,False,False,2,0.082,False
40.018_32.5059,40.01801801801802,32.50588235294118,7.803132828079711,0.08003740171161162,19.226714996683874,42.54158558209792,40.858094324167084,63.20600858369099,False,False,1,0.092,False
40.018_32.5412,40.01801801801802,32.54117647058823,9.860690802777812,0.10777195294148323,27.246242911245872,39.62406263264632,37.40630670955432,19.59227467811159,False,False,2,0.33,False
40.018_32.5529,40.01801801801802,32.55294117647059,9.535737780190555,0.10738024885613093,27.215805680958145,40.00167586347844,36.6255534842909,6.489270386266094,False,False,2,0.193,False
40.018_32.6353,40.01801801801802,32.63529411764706,1.682404635729323,0.06835563662066753,5.948870218890543,33.553176306287895,28.590611061196235,14.197424892703863,False,False,3,0.234,False
40.018_32.6471,40.01801801801802,32.64705882352941,8.600563434709427,0.13400487432244482,18.23754038501859,43.61802575107296,46.65267372595362,2.721030042918455,False,False,4,0.479,False
40.018_32.6941,40.01801801801802,32.694117647058825,5.291508881213692,0.11336406702170758,8.438472853914472,55.294706723891274,63.31185516371236,7.150214592274678,False,False,1,0.003,True
40.018_32.7176,40.01801801801802,32.71764705882353,0.692335238391331,0.01962833152381156,1.3771456191357527,52.952789699570815,49.82478712396489,3.7339055793991416,False,False,1,0.012,True
40.018_32.7529,40.01801801801802,32.752941176470586,1.096369191953744,0.01830982254291352,1.893396872570273,64.00160166697768,56.39110850204273,18.570815450643778,False,False,1,0.001,True
40.018_32.7647,40.01801801801802,32.76470588235294,13.100954550048677,0.20467976092842405,27.737370154937288,52.952713059472714,47.54613499262962,16.339055793991417,False,False,1,0.003,True
40.018_32.7765,40.01801801801802,32.77647058823529,10.109502422647065,0.16227382586476638,22.738405360390246,49.74463519313305,45.9727454274921,5.871244635193133,False,False,1,0.059,False
40.018_32.7882,40.01801801801802,32.78823529411765,10.109502422647065,0.16227382586476638,22.738405360390246,49.74463519313305,45.9727454274921,1.9570815450643777,False,False,1,0.021,True
40.018_32.8235,40.01801801801802,32.8235294117647,3.993151509530851,0.08110729270248866,6.959786489703178,55.57188841201717,57.175337448924,7.656652360515022,False,False,1,0.003,True
40.018_32.8353,40.01801801801802,32.83529411764706,8.147790504161549,0.1379575267808925,15.702740570279259,56.99426888003444,52.47351869328659,18.30901287553648,False,False,1,0.003,True
40.018_32.8471,40.01801801801802,32.84705882352941,23.569314825686714,0.25153565152593865,45.628163393055985,55.30715057170712,52.27801084213972,76.79828326180258,False,False,1,0.005,True
40.018_32.8588,40.01801801801802,32.858823529411765,38.47394488660078,0.39280819820373153,75.3619127661153,54.463716728475475,52.164918034223405,40.36480686695279,False,True,1,0.05,False
40.018_32.8706,40.01801801801802,32.870588235294115,4.341552278663764,0.07420616746989439,7.913674816960607,53.74034334763949,53.97586117888341,6.0257510729613735,False,False,1,0.135,False
40.018_32.8824,40.01801801801802,32.88235294117647,7.339543969289928,0.07669493093425156,18.526522719685236,36.05758226037196,37.39183373633404,5.570815450643777,False,False,2,0.134,False
40.018_32.8941,40.01801801801802,32.89411764705882,32.58243202561498,0.3643828567431594,72.31269137220576,41.97794601730344,45.00973883454981,38.0,False,False,1,0.141,False
40.018_32.9059,40.01801801801802,32.90588235294118,4.955144352977844,0.06856230324275943,9.974208896501045,49.371244635193136,49.35201759016494,2.0085836909871246,False,False,1,0.183,False
40.018_32.9176,40.01801801801802,32.917647058823526,5.912911812719326,0.08311635661982418,12.063741681042217,46.98175965665236,48.66855641102562,4.017167381974249,False,False,1,0.23,False
40.018_32.9882,40.01801801801802,32.98823529411764,0.22488363658344918,0.0057476475447822166,0.8089020532350037,26.454935622317596,26.48221949724096,1.0042918454935623,False,False,3,0.111,False
40.018_33.0471,40.01801801801802,33.04705882352941,1.3254476911066158,0.02659734722345168,3.7493804128492334,37.91702432045779,35.73464048363527,5.742489270386266,False,False,3,0.256,False
40.027_32.2941,40.02702702702703,32.294117647058826,0.22641479663394104,0.00556977559607287,1.2578892005610098,19.2275,19.242887404961984,1.005,False,False,3,0.253,False
40.027_32.3059,40.02702702702703,32.305882352941175,0.780223902782073,0.02217237809172384,2.2441048198847975,28.459227467811157,35.71264666098777,3.592274678111588,False,False,3,0.156,False
40.027_32.5059,40.02702702702703,32.50588235294118,0.259088007256353,0.0072949767487343236,0.6491019037870999,40.75894134477826,40.468310489863384,2.540772532188841,False,False,1,0.093,False
40.027_32.6118,40.02702702702703,32.61176470588235,0.26833576567279444,0.016940212356044818,1.2089027203521021,28.15236051502146,23.15406682404064,4.017167381974249,False,False,3,0.018,True
40.027_32.6353,40.02702702702703,32.63529411764706,0.02890031031807598,0.0007622187742435785,0.10851047323506592,26.8425,26.79345238095238,2.01,False,True,3,0.052,False
40.027_32.6824,40.02702702702703,32.68235294117647,7.073209278902972,0.141102793766537,9.89137013698499,71.0,70.99799559503145,13.055793991416309,True,False,1,0.068,False
40.027_32.6941,40.02702702702703,32.694117647058825,3.1714177106454042,0.0706702072771793,5.641285073440873,49.28583690987124,57.092680059736225,16.51502145922747,False,False,1,0.027,True
40.027_32.7059,40.02702702702703,32.705882352941174,0.5694589479180263,0.009974763955967421,1.3964669538354435,40.77300613496933,40.75518550978674,2.0122699386503067,False,False,1,0.038,True
40.027_32.7412,40.02702702702703,32.74117647058824,0.9188088735299035,0.015406053174293432,1.2110807647288335,73.92703862660944,73.92330150944498,3.0128755364806867,True,False,1,0.001,True
40.027_32.7529,40.02702702702703,32.752941176470586,0.9188088735299036,0.015406053174293432,1.211080764728833,73.92703862660944,73.92330150944498,10.042918454935622,True,False,1,0.001,True
40.027_32.7647,40.02702702702703,32.76470588235294,8.190759393629431,0.12716806991662183,16.99893371679542,55.22848658256384,48.30565109612297,28.763948497854077,False,False,1,0.024,True
40.027_32.7765,40.02702702702703,32.77647058823529,5.6976599806371695,0.08962018251032042,12.612831419689542,49.4308536003815,46.57569019843292,11.742489270386265,False,False,1,0.107,False
40.027_32.7882,40.02702702702703,32.78823529411765,10.109502422647065,0.16227382586476638,22.738405360390246,49.74463519313305,45.9727454274921,21.527896995708154,False,False,1,0.118,False
40.027_32.8,40.02702702702703,32.8,10.109502422647065,0.16227382586476638,22.738405360390246,49.74463519313305,45.9727454274921,3.9141630901287554,False,False,1,0.089,False
40.027_32.8353,40.02702702702703,32.83529411764706,1.1518878185285781,0.012623664881402477,1.7933579704899396,61.513590844062946,63.054584408380386,1.9570815450643777,False,False,1,0.002,True
40.027_32.8471,40.02702702702703,32.84705882352941,28.41558610212391,0.23142122378156701,52.18942666214373,54.654735441787196,54.51427699855613,51.37339055793991,False,False,1,0.001,True
40.027_32.8588,40.02702702702703,32.858823529411765,25.96931088102136,0.2302597996611132,49.561943014738944,53.072166711762684,53.09285397568387,44.69098712446352,False,False,1,0.023,True
40.027_32.8706,40.02702702702703,32.870588235294115,2.494169755212369,0.025983322803649407,6.566790966209931,35.93605150214592,36.432435010133084,9.879828326180258,False,False,2,0.068,False
40.027_32.8824,40.02702702702703,32.88235294117647,4.739909152642496,0.04985538673475297,11.772131021922668,38.44389678201778,38.722886707614194,52.60085836909871,False,False,2,0.28,False
40.027_32.8941,40.02702702702703,32.89411764705882,24.755383862863322,0.2792955127247451,54.02710440508527,42.21621405061703,45.70694744338705,72.94420600858369,False,False,1,0.294,False
40.027_32.9059,40.02702702702703,32.90588235294118,0.7284125664908067,0.011903515870244435,1.6927978432947601,40.30345548585892,42.66603032363934,39.167381974248926,False,False,1,0.231,False
40.027_32.9176,40.02702702702703,32.917647058823526,0.502846939884603,0.009845802030669164,1.3863650437689967,33.64790359854737,35.60335778172682,13.055793991416309,False,False,2,0.29,False
40.027_32.9412,40.02702702702703,32.94117647058823,0.22488363658344918,0.0057476475447822166,0.8089020532350037,26.454935622317596,26.48221949724096,6.0257510729613735,False,False,3,0.122,False
40.027_32.9647,40.02702702702703,32.96470588235294,1.9559374244287573,0.04056131667843742,5.715987009718554,31.693848354792557,34.494283218888455,2.871244635193133,False,False,3,0.02,True
40.027_32.9765,40.02702702702703,32.976470588235294,0.22488363658344918,0.0057476475447822166,0.8089020532350037,26.454935622317596,26.48221949724096,2.0085836909871246,False,False,3,0.051,False
40.027_33.0471,40.02702702702703,33.04705882352941,1.4338697730360188,0.02883430000950825,4.065295177766775,39.1244635193133,35.83678811657686,3.7339055793991416,False,False,3,0.245,False
40.027_33.0588,40.02702702702703,33.05882352941176,1.4338697730360188,0.02883430000950825,4.065295177766775,39.1244635193133,35.83678811657686,3.7339055793991416,False,False,3,0.233,False
40.036_32.3529,40.03603603603604,32.35294117647059,1.0538885300198357,0.030626715598995418,2.616667101294801,38.147567954220314,40.8238826845535,4.407725321888412,False,False,4,0.091,False
40.036_32.5059,40.03603603603604,32.50588235294118,1.0538885300198357,0.030626715598995418,2.616667101294801,38.147567954220314,40.8238826845535,8.815450643776824,False,False,1,0.187,False
40.036_32.5882,40.03603603603604,32.588235294117645,1.8989991960495125,0.06136116426305299,6.785972826188709,36.51072961373391,28.59412260373354,4.017167381974249,False,False,3,0.02,True
40.036_32.6118,40.03603603603604,32.61176470588235,0.28332471465174514,0.016550866446305042,1.1805575621373952,32.862660944206006,24.84972839528587,8.034334763948499,False,False,3,0.03,True
40.036_32.6235,40.03603603603604,32.62352941176471,0.2783283983254283,0.01668064841621832,1.1900059482089642,31.29256080114449,24.278958578961745,3.0128755364806867,False,False,3,0.027,True
40.036_32.6353,40.03603603603604,32.63529411764706,0.9534314708595724,0.07087561670209776,5.062372147126068,18.73175965665236,18.705804210096055,2.0085836909871246,False,False,3,0.116,False
40.036_32.6941,40.03603603603604,32.694117647058825,0.692335238391331,0.01962833152381156,1.3771456191357527,52.952789699570815,49.82478712396489,7.467811158798283,False,False,1,0.037,True
40.036_32.7059,40.03603603603604,32.705882352941174,0.5694589479180263,0.009974763955967421,1.3964669538354435,40.77300613496933,40.75518550978674,2.0122699386503067,False,False,1,0.008,True
40.036_32.7176,40.03603603603604,32.71764705882353,0.5694589479180263,0.009974763955967421,1.3964669538354435,40.77300613496933,40.75518550978674,1.0061349693251533,False,False,1,0.003,True
40.036_32.7412,40.03603603603604,32.74117647058824,0.9188088735299035,0.015406053174293432,1.2110807647288335,73.92703862660944,73.92330150944498,1.0042918454935623,True,False,1,0.003,True
40.036_32.7647,40.03603603603604,32.76470588235294,4.298566621585615,0.06480754315012444,8.659720629080512,52.61139415755226,49.60734402428456,40.18454935622318,False,False,1,0.044,True
40.036_32.7765,40.03603603603604,32.77647058823529,3.126060571337146,0.055746590165413924,7.393233854105899,40.14234620886981,42.07636556393592,5.48068669527897,False,False,1,0.094,False
40.036_32.7882,40.03603603603604,32.78823529411765,10.109502422647065,0.16227382586476638,22.738405360390246,49.74463519313305,45.9727454274921,9.785407725321889,False,False,1,0.124,False
40.036_32.8,40.03603603603604,32.8,10.109502422647065,0.16227382586476638,22.738405360390246,49.74463519313305,45.9727454274921,5.871244635193133,False,False,1,0.143,False
40.036_32.8353,40.03603603603604,32.83529411764706,22.11542823234116,0.15546755029933493,39.292513767115345,57.66599552093114,56.426388544150306,39.05150214592275,False,False,1,0.001,True
40.036_32.8471,40.03603603603604,32.84705882352941,15.497718838430972,0.1315478960994599,28.59980151923236,51.08764168592494,53.91816381592971,28.918454935622318,False,False,1,0.001,True
40.036_32.8588,40.03603603603604,32.858823529411765,1.5075232515430483,0.016065164977592354,2.2754794761620305,62.17528800542128,65.55612876054757,12.901287553648068,True,False,1,0.11,False
40.036_32.8706,40.03603603603604,32.870588235294115,2.2958779171069534,0.024065365814494023,5.287533188284603,48.15090731119644,41.2984141119559,18.429184549356222,False,False,1,0.323,False
40.036_32.8824,40.03603603603604,32.88235294117647,4.83020819636825,0.049939494981458485,11.98976914978417,38.46152683444008,40.52870553695966,75.11587982832619,False,False,1,0.445,False
40.036_32.8941,40.03603603603604,32.89411764705882,15.998638118672574,0.20084302400520018,36.89611467626433,41.550551047621774,42.83787945110843,100.28755364806867,False,False,1,0.355,False
40.036_32.9059,40.03603603603604,32.90588235294118,6.120291318191224,0.07110065940923622,13.687972134639278,41.077024884833016,44.51438769745257,70.70386266094421,False,False,1,0.326,False
40.036_32.9176,40.03603603603604,32.917647058823526,1.058449072799352,0.014882883809154309,2.646928570926651,36.10984740104912,38.980629075887,9.879828326180258,False,False,2,0.25,False
40.036_32.9412,40.03603603603604,32.94117647058823,0.22488363658344918,0.0057476475447822166,0.8089020532350037,26.454935622317596,26.48221949724096,5.021459227467811,False,False,3,0.043,True
40.036_32.9647,40.03603603603604,32.96470588235294,0.22488363658344918,0.0057476475447822166,0.8089020532350037,26.454935622317596,26.48221949724096,1.0042918454935623,False,False,3,0.014,True
40.036_32.9765,40.03603603603604,32.976470588235294,0.22488363658344918,0.0057476475447822166,0.8089020532350037,26.454935622317596,26.48221949724096,1.0042918454935623,False,False,3,0.024,True
40.036_33.0588,40.03603603603604,33.05882352941176,1.4338697730360188,0.02883430000950825,4.065295177766775,39.1244635193133,35.83678811657686,9.334763948497853,False,False,3,0.213,False
40.045_32.3647,40.04504504504504,32.36470588235294,0.18113183730715285,0.004455820476858272,1.0063113604488079,19.2275,19.242887404961984,1.005,False,False,3,0.206,False
40.045_32.5882,40.04504504504504,32.588235294117645,0.2983136636306958,0.016161520536565263,1.152212403922688,37.572961373390555,26.59828551331466,2.0085836909871246,False,False,3,0.012,True
40.045_32.6235,40.04504504504504,32.62352941176471,2.0278393685503975,0.07208788910221046,7.286345656994881,35.27659922338034,27.83610392168577,15.047210300429185,False,False,3,0.024,True
40.045_32.6941,40.04504504504504,32.694117647058825,0.692335238391331,0.01962833152381156,1.3771456191357527,52.952789699570815,49.82478712396489,5.600858369098712,False,False,1,0.036,True
40.045_32.7647,40.04504504504504,32.76470588235294,4.159574129193185,0.06179742668085054,9.045028648007097,46.66881258941345,46.08390627796692,9.939914163090128,False,False,1,0.04,True
40.045_32.8235,40.04504504504504,32.8235294117647,6.024076648733604,0.09028894396421444,12.638759596203831,45.8412017167382,45.827558256494115,5.021459227467811,False,False,1,0.038,True
40.045_32.8353,40.04504504504504,32.83529411764706,23.652739021716904,0.170677395209427,42.601099554663236,54.28751070583152,55.670559864447476,35.562231759656655,False,False,1,0.008,True
40.045_32.8471,40.04504504504504,32.84705882352941,1.1921539624349184,0.012304453842802387,1.8011428874034456,65.28755364806867,65.32321075149841,7.030042918454936,True,False,1,0.003,True
40.045_32.8588,40.04504504504504,32.858823529411765,2.7728252242327303,0.05093401441908669,10.447360442101377,42.8444921316166,26.737311559956243,5.879828326180258,False,False,2,0.001,True
40.045_32.8706,40.04504504504504,32.870588235294115,6.63296210302668,0.07923183686140393,16.869468617357864,38.34867993237092,39.27574472493142,33.141630901287556,False,False,2,0.081,False
40.045_32.8824,40.04504504504504,32.88235294117647,3.603714562164395,0.04708975686430117,9.18989620949317,36.3637339055794,38.387840115994365,32.137339055793994,False,False,2,0.195,False
40.045_32.8941,40.04504504504504,32.89411764705882,5.610493715019255,0.06413207360797145,13.478931829641747,32.05063759149456,40.6094796664602,62.60944206008584,False,False,1,0.284,False
40.045_32.9059,40.04504504504504,32.90588235294118,6.56145006003675,0.08376311372212276,15.337107322969693,35.247315369418374,42.36877714701352,43.40343347639485,False,False,1,0.291,False
40.045_32.9412,40.04504504504504,32.94117647058823,0.22488363658344918,0.0057476475447822166,0.8089020532350037,26.454935622317596,26.48221949724096,1.0042918454935623,False,False,3,0.064,False
40.045_32.9529,40.04504504504504,32.95294117647059,0.22488363658344918,0.0057476475447822166,0.8089020532350037,26.454935622317596,26.48221949724096,11.047210300429185,False,False,3,0.014,True
40.045_33.0824,40.04504504504504,33.08235294117647,0.19940381955864053,0.00394917196593485,0.5836399180443401,33.78969957081545,33.79460248989681,5.021459227467811,False,False,3,0.228,False
40.0541_32.3647,40.054054054054056,32.36470588235294,1.0538885300198357,0.030626715598995418,2.616667101294801,38.147567954220314,40.8238826845535,8.815450643776824,False,False,4,0.093,False
40.0541_32.6,40.054054054054056,32.6,4.129744841196134,0.1459896190065107,14.989206833047437,32.66871040261598,27.634359834015246,7.012875536480687,False,False,3,0.088,False
40.0541_32.6118,40.054054054054056,32.61176470588235,3.085762363718482,0.09692475481740223,10.544694766964161,34.275184787792085,29.425489324567067,18.042918454935624,False,False,3,0.076,False
40.0541_32.6235,40.054054054054056,32.62352941176471,0.6375747351708054,0.01531915949291715,1.082760673794934,56.41416309012875,56.377069282648684,2.0085836909871246,False,False,4,0.014,True
40.0541_32.6353,40.054054054054056,32.63529411764706,4.129744841196134,0.1459896190065107,14.989206833047437,32.66871040261598,27.634359834015246,7.012875536480687,False,False,3,0.094,False
40.0541_32.6824,40.054054054054056,32.68235294117647,1.5771964601204165,0.03405220834007482,4.2063520461289485,36.55391630901288,37.65252011355481,8.0,False,False,2,0.023,True
40.0541_32.7529,40.054054054054056,32.752941176470586,4.159574129193185,0.06179742668085053,9.045028648007097,46.66881258941345,46.08390627796692,17.394849785407725,False,False,1,0.006,True
40.0541_32.7647,40.054054054054056,32.76470588235294,4.159574129193185,0.06179742668085054,9.045028648007097,46.66881258941345,46.08390627796692,9.939914163090128,False,False,1,0.114,False
40.0541_32.8118,40.054054054054056,32.811764705882354,6.024076648733604,0.09028894396421443,12.638759596203833,45.8412017167382,45.82755825649411,3.0128755364806867,False,False,4,0.163,False
40.0541_32.8353,40.054054054054056,32.83529411764706,24.08032650477112,0.20866381178442636,45.7532979235869,47.63491803272793,52.58442292304265,49.01716738197425,False,False,1,0.236,False
40.0541_32.8588,40.054054054054056,32.858823529411765,1.1921539624349184,0.012304453842802387,1.8011428874034456,65.28755364806867,65.32321075149841,1.0042918454935623,True,False,1,0.463,False
40.0541_32.8706,40.054054054054056,32.870588235294115,1.1921539624349184,0.012304453842802387,1.8011428874034456,65.28755364806867,65.32321075149841,1.0042918454935623,True,False,1,0.448,False
40.0541_32.8941,40.054054054054056,32.89411764705882,3.1551286849981652,0.030181946340939677,6.500305311771835,31.466201716738198,48.18448415937384,4.017167381974249,False,False,1,0.307,False
40.0541_32.9059,40.054054054054056,32.90588235294118,6.443064780813286,0.07443636388985417,15.724991608642336,29.043156783339334,39.910560998539566,50.88412017167382,False,False,1,0.252,False
40.0541_32.9176,40.054054054054056,32.917647058823526,4.641083666297207,0.061778889211310084,10.569311371778323,44.498354792560804,43.769675796060994,5.884120171673819,False,False,1,0.307,False
40.0541_32.9529,40.054054054054056,32.95294117647059,0.22488363658344918,0.0057476475447822166,0.8089020532350037,26.454935622317596,26.48221949724096,2.0085836909871246,False,False,3,0.124,False
40.0541_32.9647,40.054054054054056,32.96470588235294,0.22488363658344918,0.0057476475447822166,0.8089020532350037,26.454935622317596,26.48221949724096,1.0042918454935623,False,False,3,0.078,False
40.0541_32.9765,40.054054054054056,32.976470588235294,0.11244181829172456,0.0028738237723910584,0.4044510266175019,26.454935622317596,26.48221949724096,1.0042918454935623,False,False,3,0.174,False
40.0541_33.0588,40.054054054054056,33.05882352941176,0.19940381955864053,0.00394917196593485,0.5836399180443401,33.78969957081545,33.79460248989681,10.042918454935622,False,False,3,0.329,False
40.0541_33.0706,40.054054054054056,33.07058823529412,0.19940381955864053,0.00394917196593485,0.5836399180443401,33.78969957081545,33.79460248989681,5.021459227467811,False,False,3,0.329,False
40.0631_32.4706,40.06306306306306,32.47058823529412,1.0538885300198357,0.030626715598995418,2.616667101294801,38.147567954220314,40.8238826845535,8.815450643776824,False,False,1,0.166,False
40.0631_32.4824,40.06306306306306,32.48235294117647,1.0538885300198357,0.030626715598995418,2.616667101294801,38.147567954220314,40.8238826845535,8.815450643776824,False,False,1,0.166,False
40.0631_32.6,40.06306306306306,32.6,4.129744841196134,0.1459896190065107,14.989206833047437,32.66871040261598,27.634359834015246,7.012875536480687,False,False,3,0.091,False
40.0631_32.7412,40.06306306306306,32.74117647058824,4.159574129193185,0.06179742668085054,9.045028648007097,46.66881258941345,46.08390627796692,2.484978540772532,False,False,1,0.045,True
40.0631_32.7529,40.06306306306306,32.752941176470586,4.159574129193185,0.06179742668085054,9.045028648007097,46.66881258941345,46.08390627796692,9.939914163090128,False,False,1,0.041,True
40.0631_32.8235,40.06306306306306,32.8235294117647,1.743873506250909,0.032908426710751684,5.595489697377467,33.12323727774371,30.775518076597184,7.030042918454936,False,False,3,0.077,False
40.0631_32.8353,40.06306306306306,32.83529411764706,2.284323545001238,0.04121897052201664,7.493574793258662,28.085836909871244,30.142420561396598,10.042918454935622,False,False,3,0.469,False
40.0631_32.8471,40.06306306306306,32.84705882352941,0.38636363636363635,0.015757575757575755,1.6534848484848488,11.815,11.811946816031929,3.015,False,False,2,0.38,False
40.0631_32.8941,40.06306306306306,32.89411764705882,0.41153092340217157,0.005903351809389707,1.0493528327238524,37.711080764728834,37.480943212675385,11.047210300429185,False,False,3,0.429,False
40.0631_32.9059,40.06306306306306,32.90588235294118,1.205476044730985,0.015511192634409513,2.3548889947449876,47.25107296137339,49.43794656863511,6.0257510729613735,False,False,1,0.37,False
40.0631_32.9176,40.06306306306306,32.917647058823526,6.68084161193909,0.08115913526117992,16.125556578356555,31.138477797505384,40.56819061582233,76.67811158798283,False,False,1,0.37,False
40.0631_32.9294,40.06306306306306,32.92941176470588,14.493986130079033,0.17665518341096892,31.85446940928654,44.39925916216464,44.41751247809911,43.26609442060086,False,False,4,0.486,False
40.0631_32.9412,40.06306306306306,32.94117647058823,10.442438249168715,0.13900250072544776,23.780950586501223,44.498354792560804,43.769675796060994,5.884120171673819,False,False,4,0.274,False
40.0631_32.9529,40.06306306306306,32.95294117647059,0.22488363658344918,0.0057476475447822166,0.8089020532350037,26.454935622317596,26.48221949724096,2.0085836909871246,False,False,3,0.281,False
40.0631_32.9647,40.06306306306306,32.96470588235294,2.800506865658426,0.04595269760344208,5.987846953468872,41.12262415695893,46.988974674898216,28.120171673819744,False,False,4,0.095,False
40.0631_32.9765,40.06306306306306,32.976470588235294,0.2833461149520033,0.006539041724496628,0.7791462757177929,37.3862660944206,36.626059439101184,3.0128755364806867,False,False,3,0.325,False
40.0631_32.9882,40.06306306306306,32.98823529411764,2.513334395004811,0.04040784254768784,5.223450660121308,42.170447578172904,48.32036173666282,14.060085836909872,False,False,4,0.401,False
40.0631_33.0118,40.06306306306306,33.01176470588235,0.19940381955864053,0.00394917196593485,0.5836399180443401,33.78969957081545,33.79460248989681,16.068669527896997,False,False,2,0.143,False
40.0631_33.0235,40.06306306306306,33.023529411764706,0.19940381955864053,0.00394917196593485,0.5836399180443401,33.78969957081545,33.79460248989681,6.0257510729613735,False,False,2,0.086,False
40.0721_32.6,40.07207207207208,32.6,2.267353174691984,0.0870098564515534,8.859600013704458,32.166768853464134,25.951689791774587,7.030042918454936,False,False,3,0.179,False
40.0721_32.6118,40.07207207207208,32.61176470588235,1.8633559243393458,0.03787585493079611,5.052945789310087,34.875178826895564,37.116002205852794,5.991416309012876,False,False,3,0.336,False
40.0721_32.6471,40.07207207207208,32.64705882352941,1.5771964601204165,0.03405220834007482,4.2063520461289485,36.55391630901288,37.65252011355481,8.0,False,False,3,0.347,False
40.0721_32.7059,40.07207207207208,32.705882352941174,1.4938392765851454,0.03238097490868987,3.9814652691352084,36.815693395218766,37.670777529988946,17.00429184549356,False,False,2,0.152,False
40.0721_32.7529,40.07207207207208,32.752941176470586,4.159574129193185,0.06179742668085054,9.045028648007097,46.66881258941345,46.08390627796692,12.42489270386266,False,False,1,0.177,False
40.0721_32.8118,40.07207207207208,32.811764705882354,0.21968458341848893,0.0297704203283602,4.313304721030043,4.648068669527897,4.617361536889434,5.021459227467811,True,False,3,0.015,True
40.0721_32.8235,40.07207207207208,32.8235294117647,0.21968458341848893,0.0297704203283602,4.313304721030043,4.648068669527897,4.617361536889434,1.0042918454935623,True,False,3,0.019,True
40.0721_32.8588,40.07207207207208,32.858823529411765,0.21968458341848893,0.0297704203283602,4.313304721030043,4.648068669527897,4.617361536889434,4.017167381974249,True,False,3,0.091,False
40.0721_32.8941,40.07207207207208,32.89411764705882,0.5788121968278938,0.007254096588148155,1.1399969602584414,46.659411404046594,49.08923558565098,7.030042918454936,False,False,4,0.092,False
40.0721_32.9059,40.07207207207208,32.90588235294118,0.4989600451042759,0.010661337477246896,1.4185034331401687,33.34304107909258,34.11223988897428,7.030042918454936,False,False,2,0.417,False
40.0721_32.9176,40.07207207207208,32.917647058823526,6.457870995941055,0.07727764411603089,15.695002298060828,29.140476903126434,39.86714967239557,54.18884120171674,False,False,1,0.476,False
40.0721_32.9294,40.07207207207208,32.92941176470588,4.181692617221549,0.050631147720724606,9.960542881306752,36.37311450806234,40.74070223022147,29.184549356223176,False,False,1,0.343,False
40.0721_32.9412,40.07207207207208,32.94117647058823,6.929302062194274,0.08978443201670555,16.46397819824785,45.18156399899016,42.094980141469556,19.660944206008583,False,False,1,0.426,False
40.0721_32.9529,40.07207207207208,32.95294117647059,6.852781541829459,0.0872454536099782,16.526280102518346,43.04865709902317,41.58756975985163,16.506437768240342,False,False,4,0.383,False
40.0721_32.9647,40.07207207207208,32.96470588235294,14.870928564428283,0.269560148391927,41.86216915169487,39.76967095851216,35.60384703606653,5.742489270386266,False,False,3,0.372,False
40.0721_33.0,40.07207207207208,33.0,3.33766479352093,0.05111252990738098,6.3564699086135,48.45600858369099,52.50739913310606,12.051502145922747,False,False,1,0.34,False
40.0811_32.6353,40.08108108108108,32.63529411764706,1.595302452926182,0.03422640393976569,4.2191328835795385,37.146995708154506,37.97385720156803,4.0,False,False,3,0.435,False
40.0811_32.6471,40.08108108108108,32.64705882352941,1.559090467314651,0.03387801274038396,4.1935712086783585,35.96083690987125,37.33038085222737,8.0,False,False,3,0.273,False
40.0811_32.7882,40.08108108108108,32.78823529411765,0.21968458341848893,0.0297704203283602,4.313304721030043,4.648068669527897,4.617361536889434,2.0085836909871246,True,False,3,0.001,True
40.0811_32.8,40.08108108108108,32.8,0.21968458341848893,0.0297704203283602,4.313304721030043,4.648068669527897,4.617361536889434,3.0128755364806867,True,False,3,0.001,True
40.0811_32.8824,40.08108108108108,32.88235294117647,0.13728170373839807,0.009854994886108278,1.3904050010992477,9.276824034334764,9.276353245160724,1.0042918454935623,True,False,3,0.001,True
40.0811_32.9059,40.08108108108108,32.90588235294118,0.3359320636476666,0.0061150637712418686,1.0736761587491679,31.831902718168813,29.810738143009406,6.0257510729613735,False,False,3,0.372,False
40.0811_32.9176,40.08108108108108,32.917647058823526,7.548376362801986,0.09091654335334123,18.208135806500554,29.01859799713877,40.1200217955578,41.03862660944206,False,False,4,0.43,False
40.0811_32.9294,40.08108108108108,32.92941176470588,7.548376362801986,0.09091654335334123,18.208135806500554,29.01859799713877,40.1200217955578,5.8626609442060085,False,False,1,0.342,False
40.0811_32.9647,40.08108108108108,32.96470588235294,5.491780174032109,0.06457960556091825,14.446660454785832,39.948587267525035,38.20774414119883,7.75107296137339,False,False,2,0.469,False
40.0811_32.9765,40.08108108108108,32.976470588235294,0.0607954545454545,0.00106898126998621,0.1280721790772042,47.81,47.743630952380954,2.01,False,True,4,0.449,False
40.0811_33.0235,40.08108108108108,33.023529411764706,1.2516242975703489,0.019167198715267834,2.3836762157300617,48.45600858369099,52.50739913310606,4.017167381974249,False,False,1,0.107,False
40.0901_32.6353,40.09009009009009,32.63529411764706,1.559090467314651,0.03387801274038396,4.1935712086783585,35.96083690987125,37.33038085222737,4.0,False,False,3,0.294,False
40.0901_32.8941,40.09009009009009,32.89411764705882,0.13728170373839807,0.009854994886108278,1.3904050010992477,9.276824034334764,9.276353245160724,1.0042918454935623,True,False,3,0.003,True
40.0901_32.9176,40.09009009009009,32.917647058823526,7.844846116512834,0.09376729700512346,18.824961300956627,30.454796768492805,40.372540244656726,39.1931330472103,False,False,4,0.449,False
40.0901_32.9412,40.09009009009009,32.94117647058823,11.1737815983099,0.12247152813190545,23.10007042082514,43.9559748427673,43.971352146133896,1.0,False,False,1,0.381,False
40.0901_32.9529,40.09009009009009,32.95294117647059,11.1737815983099,0.12247152813190545,23.10007042082514,43.9559748427673,43.971352146133896,1.0,False,False,1,0.479,False
40.0901_32.9647,40.09009009009009,32.96470588235294,4.4205437191336685,0.04716763467470161,11.50890250004935,40.997138769670954,38.77160343199872,2.871244635193133,False,False,2,0.441,False
40.0901_32.9882,40.09009009009009,32.98823529411764,0.3605578059996863,0.007029965977795885,1.0080593851862392,39.76251788268955,35.62539679138373,8.330472103004292,False,False,2,0.327,False
40.0901_33.0235,40.09009009009009,33.023529411764706,3.33766479352093,0.05111252990738098,6.3564699086135,48.45600858369099,52.50739913310606,4.017167381974249,False,False,1,0.035,True
40.0901_33.0353,40.09009009009009,33.035294117647055,3.33766479352093,0.05111252990738098,6.3564699086135,48.45600858369099,52.50739913310606,4.017167381974249,False,False,1,0.024,True
40.0991_32.5882,40.0990990990991,32.588235294117645,0.6470388024976959,0.06153673429621649,4.153320431189882,34.66416309012875,15.280193631932516,4.017167381974249,False,False,3,0.039,True
40.0991_32.6,40.0990990990991,32.6,0.06838309852251453,0.0017844396859385636,0.12169419145735873,55.283261802575105,55.2589256403601,2.0085836909871246,False,True,4,0.006,True
40.0991_32.6235,40.0990990990991,32.62352941176471,1.595302452926182,0.03422640393976569,4.2191328835795385,37.146995708154506,37.97385720156803,4.0,False,False,3,0.116,False
40.0991_32.7882,40.0990990990991,32.78823529411765,0.21968458341848893,0.0297704203283602,4.313304721030043,4.648068669527897,4.617361536889434,4.017167381974249,True,False,3,0.001,True
40.0991_32.8706,40.0990990990991,32.870588235294115,0.13728170373839807,0.009854994886108278,1.3904050010992477,9.276824034334764,9.276353245160724,1.0042918454935623,True,False,3,0.001,True
40.0991_32.8824,40.0990990990991,32.88235294117647,0.13728170373839807,0.009854994886108278,1.3904050010992477,9.276824034334764,9.276353245160724,2.0085836909871246,True,False,3,0.001,True
40.0991_32.8941,40.0990990990991,32.89411764705882,0.13728170373839807,0.009854994886108286,1.3904050010992477,9.276824034334764,9.276353245160726,3.0128755364806867,True,False,3,0.001,True
40.0991_32.9176,40.0990990990991,32.917647058823526,7.854181961465231,0.08525369716913492,17.73308349456423,34.81244635193133,42.94180723543904,11.725321888412017,False,False,4,0.284,False
40.0991_32.9647,40.0990990990991,32.96470588235294,9.345013025314223,0.09875969766293229,24.097179007579825,38.701716738197426,38.721127836606456,1.0042918454935623,False,False,3,0.323,False
40.0991_32.9765,40.0990990990991,32.976470588235294,9.345013025314223,0.09875969766293229,24.097179007579825,38.701716738197426,38.721127836606456,1.0042918454935623,False,False,3,0.295,False
40.0991_32.9882,40.0990990990991,32.98823529411764,0.15825482313415706,0.003029817318013296,0.4183120670905301,42.74892703862661,38.439057108625555,5.317596566523605,False,False,3,0.368,False
40.0991_33.0,40.0990990990991,33.0,0.12159090909090904,0.00213796253997251,0.2561443581544084,47.81,47.743630952380954,2.01,False,False,1,0.344,False
40.0991_33.0353,40.0990990990991,33.035294117647055,3.9897442019883327,0.05984539807585314,7.499764160040681,50.32403433476395,53.15982445115942,3.0128755364806867,False,False,1,0.025,True
40.0991_33.0471,40.0990990990991,33.04705882352941,3.33766479352093,0.05111252990738098,6.3564699086135,48.45600858369099,52.50739913310606,4.017167381974249,False,False,1,0.025,True
40.0_32.4118,40.0,32.411764705882355,0.7723440998468786,0.023219704159681692,1.695747990838053,42.47854077253219,45.9136891629271,22.86695278969957,False,False,4,0.377,False
40.0_32.5059,40.0,32.50588235294118,12.318509609776516,0.09478140353360526,24.185233371589455,46.55116168702543,50.987064872686204,30.334763948497855,False,False,1,0.106,False
40.0_32.5176,40.0,32.51764705882353,10.603230251230535,0.08765804038213633,21.99283802479936,43.0665446271846,48.27049135305083,105.37768240343348,False,False,1,0.122,False
40.0_32.5294,40.0,32.529411764705884,10.048808342126078,0.10042255766716693,24.848649951556578,41.276504369398786,40.76739117437564,51.90557939914163,False,False,1,0.269,False
40.0_32.5882,40.0,32.588235294117645,8.631521552246907,0.10720306858099238,11.167094492507733,70.52521459227468,77.1096168230265,4.017167381974249,True,False,1,0.001,True
40.0_32.6,40.0,32.6,7.701989927386685,0.09882258097595464,9.844383954311146,69.1153886562899,78.75098857075136,41.72532188841202,True,False,1,0.001,True
40.0_32.6118,40.0,32.61176470588235,13.471598591241012,0.19279166912916168,31.588061484321617,48.2449987376925,43.42552182240729,22.7725321888412,False,False,1,0.001,True
40.0_32.6235,40.0,32.62352941176471,11.730808454570921,0.16418275692421894,26.873030245475793,56.65615714757345,43.50429496174477,13.055793991416309,False,False,1,0.003,True
40.0_32.6353,40.0,32.63529411764706,5.428236902472222,0.08235133710346335,11.089915380409716,50.294945159752025,48.028683548728964,9.75107296137339,False,False,1,0.241,False
40.0_32.6471,40.0,32.64705882352941,8.896086456685586,0.16967410325675983,22.082650618022672,40.21458505885601,39.66161130732589,39.85407725321888,False,False,2,0.124,False
40.0_32.6824,40.0,32.68235294117647,72.85112836264692,1.0301516171561615,168.5401483912592,26.219957081545065,43.0976818577687,2.0085836909871246,False,True,1,0.001,True
40.0_32.6941,40.0,32.694117647058825,4.459116508788638,0.09615936193913982,6.912537064173189,61.346078813889974,64.14631006943917,10.446351931330472,False,False,1,0.001,True
40.0_32.7059,40.0,32.705882352941174,4.546247185474182,0.09624711807560757,7.022306282690626,60.35340282035561,64.7060732453024,6.429184549356223,True,False,1,0.001,True
40.0_32.7176,40.0,32.71764705882353,4.374681827471528,0.09741653196588818,6.82016052616911,63.24463519313305,63.24566760057636,1.0042918454935623,False,False,1,0.001,True
40.0_32.7294,40.0,32.72941176470588,0.692335238391331,0.01962833152381156,1.3771456191357527,52.952789699570815,49.82478712396489,9.334763948497853,False,False,1,0.002,True
40.0_32.7412,40.0,32.74117647058824,0.692335238391331,0.01962833152381156,1.3771456191357527,52.952789699570815,49.82478712396489,7.467811158798283,False,False,1,0.012,True
40.0_32.7529,40.0,32.752941176470586,20.145472132353355,0.35310377843249807,39.44120925472534,51.050071530758224,47.752850051921584,5.459227467811159,False,False,1,0.015,True
40.0_32.7647,40.0,32.76470588235294,15.381974346686041,0.24540546053549134,32.39318204799627,53.1392703862661,47.63179720516531,23.510729613733904,False,False,1,0.022,True
40.0_32.7765,40.0,32.77647058823529,6.967404036591519,0.12263267792543613,14.303233426352808,53.20703862660944,48.2134330092223,22.145922746781117,False,False,1,0.014,True
40.0_32.7882,40.0,32.78823529411765,15.323902036870235,0.13267569937564114,23.704516892780916,56.5387408182157,64.39529821474189,15.888412017167383,False,False,1,0.007,True
40.0_32.8,40.0,32.8,17.0686011945795,0.13737906341785308,26.945772239788294,54.37181697822514,63.173197170924254,69.08583690987125,False,False,1,0.006,True
40.0_32.8118,40.0,32.811764705882354,18.533386317621847,0.21133163527867627,35.577292094256265,47.6173427024601,52.170354952410456,18.99570815450644,False,False,1,0.002,True
40.0_32.8235,40.0,32.8235294117647,11.650148662365385,0.12189466383367145,22.40375089551936,50.96926027080533,52.067409481292145,25.42489270386266,False,False,1,0.005,True
40.0_32.8353,40.0,32.83529411764706,18.062716697792133,0.1807557190471354,37.07307596896132,45.06649743765883,48.94382006098156,96.3175965665236,False,False,1,0.013,True
40.0_32.8471,40.0,32.84705882352941,26.889396235729365,0.3716814379234697,54.00561837887819,49.610529165422285,50.04436752693777,46.708154506437765,False,False,1,0.024,True
40.0_32.8588,40.0,32.858823529411765,26.664635386257242,0.4087322113150178,52.92435683473042,40.41155366384751,49.93683591549455,66.18025751072962,False,False,1,0.052,False
40.0_32.8706,40.0,32.870588235294115,24.042945015996292,0.5361833915686482,52.351148488990354,45.77432540336403,46.453658252275005,118.47210300429184,False,False,1,0.053,False
40.0_32.8824,40.0,32.88235294117647,19.67519809879402,0.7008196103318046,46.80965649367407,39.94412903861429,41.95543647194976,39.072961373390555,False,False,1,0.077,False
40.0_32.8941,40.0,32.89411764705882,15.792620372724544,0.1902410243138951,33.490445566778895,46.105143736203566,45.85132793544061,86.29613733905579,False,False,1,0.095,False
40.0_32.9059,40.0,32.90588235294118,2.40554037668196,0.04227184758544432,5.0961639941389345,43.87973891273247,46.33258862296595,24.103004291845494,False,False,1,0.009,True
40.0_32.9765,40.0,32.976470588235294,1.0903279955759129,0.022402255322729877,3.158861855471802,34.92989985693848,35.21747447465424,2.7296137339055795,False,False,3,0.166,False
40.0_32.9882,40.0,32.98823529411764,1.4330294538416224,0.029185655378030997,4.114452675490797,35.072961373390555,35.30454874922124,3.7339055793991416,False,False,3,0.158,False
40.0_33.0471,40.0,33.04705882352941,1.0911683147703093,0.02205089995420715,3.1097043577477814,40.33190271816881,35.98439253578172,5.459227467811159,False,False,3,0.26,False
40.0_33.0588,40.0,33.05882352941176,1.4338697730360188,0.02883430000950825,4.065295177766775,39.1244635193133,35.83678811657686,3.7339055793991416,False,False,3,0.262,False
40.1081_32.6,40.108108108108105,32.6,0.6470388024976959,0.06153673429621649,4.153320431189882,34.66416309012875,15.280193631932514,2.0085836909871246,False,False,3,0.039,True
40.1081_32.6235,40.108108108108105,32.62352941176471,1.595302452926182,0.03422640393976569,4.2191328835795385,37.146995708154506,37.97385720156803,8.0,False,False,3,0.118,False
40.1081_32.6588,40.108108108108105,32.65882352941176,2.329339688991705,0.2215322434663795,14.951953552283575,34.66416309012875,15.280193631932516,10.042918454935622,False,False,3,0.268,False
40.1081_32.8471,40.108108108108105,32.84705882352941,0.13728170373839807,0.009854994886108278,1.3904050010992477,9.276824034334764,9.276353245160724,2.0085836909871246,True,False,3,0.001,True
40.1081_32.8588,40.108108108108105,32.858823529411765,0.13728170373839807,0.009854994886108286,1.3904050010992477,9.276824034334764,9.276353245160726,3.0128755364806867,True,False,3,0.001,True
40.1081_32.8706,40.108108108108105,32.870588235294115,0.13728170373839807,0.009854994886108278,1.3904050010992477,9.276824034334764,9.276353245160724,1.0042918454935623,True,False,3,0.001,True
40.1081_32.8941,40.108108108108105,32.89411764705882,0.13728170373839807,0.009854994886108278,1.3904050010992477,9.276824034334764,9.276353245160724,1.0042918454935623,True,False,3,0.001,True
40.1081_32.9176,40.108108108108105,32.917647058823526,7.854181961465231,0.08525369716913492,17.73308349456423,34.81244635193133,42.94180723543904,11.725321888412017,False,False,4,0.017,True
40.1081_32.9294,40.108108108108105,32.92941176470588,7.854181961465231,0.08525369716913492,17.73308349456423,34.81244635193133,42.94180723543904,11.725321888412017,False,False,1,0.363,False
40.1081_32.9765,40.108108108108105,32.976470588235294,8.677512094934634,0.0917054335441514,22.375951935609837,38.701716738197426,38.721127836606456,7.030042918454936,False,False,3,0.147,False
40.1081_32.9882,40.108108108108105,32.98823529411764,4.832668984338727,0.09928714597936739,13.985063471751955,34.67381974248927,34.66283218686092,1.0042918454935623,False,False,3,0.229,False
40.1081_33.0118,40.108108108108105,33.01176470588235,0.12159090909090904,0.00213796253997251,0.2561443581544084,47.81,47.743630952380954,2.01,False,False,1,0.12,False
40.1081_33.0235,40.108108108108105,33.023529411764706,0.12159090909090904,0.00213796253997251,0.2561443581544084,47.81,47.743630952380954,2.01,False,False,1,0.032,True
40.1081_33.0353,40.108108108108105,33.035294117647055,0.12159090909090904,0.00213796253997251,0.2561443581544084,47.81,47.743630952380954,1.005,False,False,1,0.023,True
40.1081_33.0471,40.108108108108105,33.04705882352941,2.472091221829646,0.037873054761061176,4.714252153346739,48.3824694618686,52.48552076792161,12.914163090128755,False,False,1,0.023,True
40.1081_33.0588,40.108108108108105,33.05882352941176,3.12639000334141,0.04825528013007899,6.02084302859167,48.137339055793994,52.12356942618001,5.742489270386266,False,False,1,0.023,True
40.1171_32.6,40.11711711711712,32.6,0.6470388024976959,0.06153673429621649,4.153320431189882,34.66416309012875,15.280193631932514,2.0085836909871246,False,False,3,0.05,False
40.1171_32.6118,40.11711711711712,32.61176470588235,0.6372697884230509,0.0612818143410824,4.135935546695974,31.718577559779277,15.111979539852694,7.030042918454936,False,False,3,0.125,False
40.1171_32.6235,40.11711711711712,32.62352941176471,1.559090467314651,0.03387801274038396,4.1935712086783585,35.96083690987125,37.33038085222737,4.0,False,False,3,0.015,True
40.1171_32.6353,40.11711711711712,32.63529411764706,3.802807423452784,0.13809028250672875,13.822218163215156,36.09001379521766,27.557762436356146,8.017167381974248,False,False,3,0.073,False
40.1171_32.7882,40.11711711711712,32.78823529411765,0.21968458341848893,0.0297704203283602,4.313304721030043,4.648068669527897,4.617361536889434,2.0085836909871246,True,False,3,0.001,True
40.1171_32.8471,40.11711711711712,32.84705882352941,0.13728170373839807,0.009854994886108278,1.3904050010992477,9.276824034334764,9.276353245160724,2.0085836909871246,True,False,3,0.001,True
40.1171_32.8588,40.11711711711712,32.858823529411765,0.13728170373839807,0.009854994886108278,1.3904050010992477,9.276824034334764,9.276353245160724,2.0085836909871246,True,False,3,0.001,True
40.1171_32.8941,40.11711711711712,32.89411764705882,0.13728170373839807,0.009854994886108286,1.3904050010992477,9.276824034334764,9.276353245160726,3.0128755364806867,True,False,3,0.001,True
40.1171_32.9294,40.11711711711712,32.92941176470588,8.56517613103138,0.09055148475460467,18.969114664197278,35.702794554599656,43.293207121854905,34.20600858369099,False,False,4,0.282,False
40.1171_32.9412,40.11711711711712,32.94117647058823,8.9235900153881,0.09913281686238451,20.220675018676395,37.203352091259184,42.198695662039704,21.120171673819744,False,False,4,0.314,False
40.1171_32.9529,40.11711711711712,32.95294117647059,11.857052871959874,0.13677848366432144,26.629830738591483,37.79312112541726,42.40460356993233,21.124463519313306,False,False,4,0.349,False
40.1171_32.9647,40.11711711711712,32.96470588235294,13.945891763997825,0.1934237256405022,35.588916817674324,27.93811737283672,35.86181428037491,21.48497854077253,False,False,3,0.077,False
40.1171_32.9765,40.11711711711712,32.976470588235294,3.048387780721223,0.11182526106184779,17.978774589335128,15.186158798283262,18.10999210320062,8.034334763948499,False,False,3,0.101,False
40.1171_33.0353,40.11711711711712,33.035294117647055,0.12159090909090904,0.00213796253997251,0.2561443581544084,47.81,47.743630952380954,2.01,False,False,1,0.033,True
40.1171_33.0471,40.11711711711712,33.04705882352941,0.12159090909090904,0.00213796253997251,0.2561443581544084,47.81,47.743630952380954,3.015,False,False,1,0.023,True
40.1171_33.0588,40.11711711711712,33.05882352941176,2.5614742465057168,0.03934352237949098,4.919909711507136,48.411488940244304,52.2770087052774,19.09442060085837,False,False,1,0.023,True
40.1171_33.0706,40.11711711711712,33.07058823529412,0.0607954545454545,0.00106898126998621,0.1280721790772042,47.81,47.743630952380954,2.01,False,True,1,0.016,True
40.1171_33.0824,40.11711711711712,33.08235294117647,0.0607954545454545,0.00106898126998621,0.1280721790772042,47.81,47.743630952380954,5.025,False,True,1,0.034,True
40.1171_33.0941,40.11711711711712,33.09411764705882,0.24318181818181817,0.00427592507994512,0.5122887163088169,47.81,47.74363095238095,2.01,False,False,1,0.052,False
40.1171_33.1059,40.11711711711712,33.10588235294117,0.0607954545454545,0.00106898126998621,0.1280721790772042,47.81,47.743630952380954,2.01,False,True,1,0.069,False
40.1171_33.1176,40.11711711711712,33.11764705882353,0.0607954545454545,0.00106898126998621,0.1280721790772042,47.81,47.743630952380954,6.03,False,True,1,0.106,False
40.1261_32.5529,40.12612612612613,32.55294117647059,0.6470388024976959,0.06153673429621649,4.153320431189882,34.66416309012875,15.280193631932514,2.0085836909871246,False,False,3,0.013,True
40.1261_32.6353,40.12612612612613,32.63529411764706,1.6839275962783344,0.03508243943176448,4.511554974093737,36.430288166768854,37.529789592512046,13.991416309012875,False,False,3,0.051,False
40.1261_32.6471,40.12612612612613,32.64705882352941,4.122136372289365,0.10300282241048149,12.528958965134741,37.21115139854965,33.264992119554115,29.03862660944206,False,False,3,0.063,False
40.1261_32.8353,40.12612612612613,32.83529411764706,0.13728170373839807,0.009854994886108286,1.3904050010992477,9.276824034334764,9.276353245160726,3.0128755364806867,True,False,3,0.001,True
40.1261_32.8471,40.12612612612613,32.84705882352941,0.13728170373839807,0.009854994886108278,1.3904050010992477,9.276824034334764,9.276353245160724,7.030042918454936,True,False,3,0.001,True
40.1261_32.9176,40.12612612612613,32.917647058823526,1.021808316548629,0.07312753941000907,10.913504554340566,9.971298283261802,8.941994960214956,8.034334763948499,True,False,3,0.095,False
40.1261_32.9294,40.12612612612613,32.92941176470588,4.743294591622491,0.10013443541595468,17.03970986354781,19.785502952027887,25.87254231004638,20.120171673819744,False,False,3,0.176,False
40.1261_32.9412,40.12612612612613,32.94117647058823,7.3969447198201586,0.07233553686972652,14.464774008750338,41.99517167381974,50.60019433769715,4.017167381974249,False,False,4,0.172,False
40.1261_32.9765,40.12612612612613,32.976470588235294,3.9206357624969512,0.0808984275306464,15.125645238547824,21.282784930853598,26.46818604040376,18.07725321888412,False,False,3,0.084,False
40.1261_32.9882,40.12612612612613,32.98823529411764,7.787510854428517,0.08229974805244354,20.080982506316516,38.701716738197426,38.721127836606456,1.0042918454935623,False,False,3,0.035,True
40.1261_33.0235,40.12612612612613,33.023529411764706,0.12159090909090904,0.00213796253997251,0.2561443581544084,47.81,47.743630952380954,2.01,False,False,1,0.123,False
40.1261_33.0706,40.12612612612613,33.07058823529412,2.2005979353500718,0.033031507243509964,4.150401889635434,49.62440942042053,53.099948510459996,16.6480686695279,False,False,1,0.015,True
40.1261_33.0824,40.12612612612613,33.08235294117647,2.5129217161834787,0.03715275995688513,4.714649393613163,50.750989353993646,53.62145690951582,10.48068669527897,False,False,1,0.041,True
40.1261_33.0941,40.12612612612613,33.09411764705882,0.0607954545454545,0.00106898126998621,0.1280721790772042,47.81,47.743630952380954,5.025,False,True,1,0.034,True
40.1351_32.7882,40.13513513513514,32.78823529411765,0.21968458341848893,0.0297704203283602,4.313304721030043,4.648068669527897,4.617361536889434,4.017167381974249,True,False,3,0.001,True
40.1351_32.8353,40.13513513513514,32.83529411764706,0.3988919217527789,0.025077909464525417,3.707052689707146,10.003004291845492,10.259176327746172,10.042918454935622,True,False,3,0.001,True
40.1351_32.8471,40.13513513513514,32.84705882352941,0.44367893620496496,0.027427243874940083,4.079620222232982,10.352646638054363,10.385656447464779,27.11587982832618,True,False,3,0.001,True
40.1351_32.8588,40.13513513513514,32.858823529411765,0.43485720063815925,0.024610700402220038,3.7859095641492333,11.092274678111588,11.09604980996145,5.021459227467811,False,False,3,0.001,True
40.1351_32.8824,40.13513513513514,32.88235294117647,0.45158247758578074,0.025557265802305423,3.9315214704626658,11.092274678111588,11.09604980996145,10.042918454935622,False,False,3,0.001,True
40.1351_32.8941,40.13513513513514,32.89411764705882,0.47213958252048377,0.036919625438938695,5.45552087397581,8.103004291845494,8.103511576304342,2.0085836909871246,True,False,3,0.001,True
40.1351_32.9059,40.13513513513514,32.90588235294118,0.3345055389524301,0.01893130800170769,2.912238126268641,11.092274678111588,11.09604980996145,1.0042918454935623,False,False,3,0.001,True
40.1351_32.9176,40.13513513513514,32.917647058823526,11.787235656034536,0.1814627024577908,32.94015960404882,21.846734230172757,31.83295943035497,18.630901287553648,False,False,3,0.002,True
40.1351_32.9765,40.13513513513514,32.976470588235294,0.33892617449664425,0.028077022784226704,3.9872396808479995,7.347639484978541,7.327297013225892,2.0085836909871246,True,False,3,0.048,True
40.1351_32.9882,40.13513513513514,32.98823529411764,6.230008683542814,0.06583979844195485,16.064786005053215,38.701716738197426,38.721127836606456,1.0042918454935623,False,False,3,0.046,True
40.1351_33.0706,40.13513513513514,33.07058823529412,1.512543719692325,0.022088895546513516,2.796100760827156,54.06008583690987,54.03369835304119,4.017167381974249,False,False,1,0.023,True
40.1351_33.0824,40.13513513513514,33.08235294117647,3.406369809994548,0.05048656488748399,6.3553042852341495,51.25804721030043,53.54641458617146,8.034334763948499,False,False,1,0.033,True
40.1351_33.0941,40.13513513513514,33.09411764705882,0.39072169267035045,0.008668423517942296,0.9553354836989844,42.851931330472105,42.861794789446535,1.0042918454935623,False,False,1,0.116,False
40.1351_33.1176,40.13513513513514,33.11764705882353,0.39072169267035045,0.008668423517942296,0.9553354836989844,42.851931330472105,42.861794789446535,1.0042918454935623,False,False,1,0.243,False
40.1351_33.1412,40.13513513513514,33.141176470588235,0.23443301560221022,0.005201054110765356,0.5732012902193906,42.851931330472105,42.861794789446535,1.0042918454935623,False,False,1,0.15,False
40.1351_33.1647,40.13513513513514,33.16470588235294,0.39072169267035045,0.008668423517942296,0.9553354836989844,42.851931330472105,42.861794789446535,2.0085836909871246,False,False,1,0.15,False
40.1351_33.1882,40.13513513513514,33.188235294117646,0.39072169267035045,0.008668423517942296,0.9553354836989844,42.851931330472105,42.861794789446535,2.0085836909871246,False,False,1,0.15,False
40.1441_32.7882,40.14414414414414,32.78823529411765,0.21968458341848893,0.0297704203283602,4.313304721030043,4.648068669527897,4.617361536889434,2.0085836909871246,True,False,3,0.001,True
40.1441_32.8,40.14414414414414,32.8,0.21968458341848893,0.0297704203283602,4.313304721030043,4.648068669527897,4.617361536889434,6.0257510729613735,True,False,3,0.001,True
40.1441_32.8353,40.14414414414414,32.83529411764706,0.16725276947621506,0.009465654000853833,1.4561190631343204,11.092274678111588,11.09604980996145,4.017167381974249,False,False,3,0.001,True
40.1441_32.9059,40.14414414414414,32.90588235294118,0.47213958252048377,0.036919625438938695,5.45552087397581,8.103004291845494,8.103511576304342,2.0085836909871246,True,False,3,0.001,True
40.1441_33.0,40.14414414414414,33.0,6.230008683542814,0.06583979844195485,16.064786005053215,38.701716738197426,38.721127836606456,1.0042918454935623,False,False,3,0.141,False
40.1441_33.0824,40.14414414414414,33.08235294117647,2.2688155795384874,0.033133343319770296,4.1941511412407335,54.06008583690987,54.03369835304119,4.017167381974249,False,False,1,0.114,False
40.1532_32.8353,40.15315315315316,32.83529411764706,0.16725276947621506,0.009465654000853833,1.4561190631343204,11.092274678111588,11.09604980996145,8.034334763948499,False,False,3,0.001,True
40.1532_32.9059,40.15315315315316,32.90588235294118,0.47213958252048377,0.036919625438938695,5.45552087397581,8.103004291845494,8.103511576304342,1.0042918454935623,True,False,3,0.001,True
40.1532_32.9412,40.15315315315316,32.94117647058823,0.33892617449664425,0.028077022784226704,3.9872396808479995,7.347639484978541,7.327297013225892,3.0128755364806867,True,False,3,0.001,True
40.1532_32.9647,40.15315315315316,32.96470588235294,0.33892617449664425,0.028077022784226704,3.9872396808479995,7.347639484978541,7.327297013225892,2.0085836909871246,True,False,3,0.001,True
40.1532_33.0,40.15315315315316,33.0,6.230008683542814,0.06583979844195485,16.064786005053215,38.701716738197426,38.721127836606456,1.0042918454935623,False,False,3,0.199,False
40.1532_33.0118,40.15315315315316,33.01176470588235,6.230008683542814,0.06583979844195485,16.064786005053215,38.701716738197426,38.721127836606456,3.0128755364806867,False,False,3,0.491,False
40.1532_33.0941,40.15315315315316,33.09411764705882,2.048770100607547,0.1413617900340003,19.32019362075693,28.417381974248926,18.997775974944176,4.0,False,False,3,0.098,False
40.1622_32.8235,40.16216216216216,32.8235294117647,0.16725276947621506,0.009465654000853833,1.4561190631343204,11.092274678111588,11.09604980996145,1.0042918454935623,False,False,3,0.001,True
40.1622_32.8941,40.16216216216216,32.89411764705882,0.47213958252048377,0.036919625438938695,5.45552087397581,8.103004291845494,8.103511576304342,2.0085836909871246,True,False,3,0.001,True
40.1622_32.9059,40.16216216216216,32.90588235294118,0.47213958252048377,0.036919625438938695,5.45552087397581,8.103004291845494,8.103511576304342,7.030042918454936,True,False,3,0.001,True
40.1622_32.9412,40.16216216216216,32.94117647058823,0.33892617449664425,0.028077022784226704,3.9872396808479995,7.347639484978541,7.327297013225892,4.017167381974249,True,False,3,0.001,True
40.1622_32.9529,40.16216216216216,32.95294117647059,0.33892617449664425,0.028077022784226704,3.9872396808479995,7.347639484978541,7.327297013225892,1.0042918454935623,True,False,3,0.001,True
40.1622_33.0118,40.16216216216216,33.01176470588235,6.230008683542814,0.06583979844195485,16.064786005053215,38.701716738197426,38.721127836606456,1.0042918454935623,False,False,3,0.442,False
40.1712_32.6824,40.17117117117117,32.68235294117647,1.5711611291851615,0.03399414314017787,4.202091766978752,36.35622317596567,37.54523295941422,12.0,False,False,3,0.378,False
40.1712_32.8118,40.17117117117117,32.811764705882354,0.2770950611854595,0.02435086416503396,3.6127714236493422,9.481223175965665,7.519571876246621,4.017167381974249,True,False,3,0.001,True
40.1712_32.9059,40.17117117117117,32.90588235294118,0.47213958252048377,0.036919625438938695,5.45552087397581,8.103004291845494,8.103511576304342,1.0042918454935623,True,False,3,0.001,True
40.1712_33.0118,40.17117117117117,33.01176470588235,6.230008683542814,0.06583979844195485,16.064786005053215,38.701716738197426,38.721127836606456,3.0128755364806867,False,False,3,0.44,False
40.1712_33.0588,40.17117117117117,33.05882352941176,0.2659245516388373,0.060064935064935036,8.322510822510823,2.4437229437229435,2.457740672026386,1.0043290043290043,True,False,3,0.006,True
40.1712_33.0706,40.17117117117117,33.07058823529412,0.2659245516388373,0.060064935064935036,8.322510822510823,2.4437229437229435,2.457740672026386,2.0086580086580086,True,False,3,0.005,True
40.1712_33.0941,40.17117117117117,33.09411764705882,0.2659245516388373,0.060064935064935036,8.322510822510823,2.4437229437229435,2.457740672026386,1.0043290043290043,True,False,3,0.002,True
40.1802_32.6706,40.18018018018018,32.67058823529412,0.43613543260564597,0.013603456182287981,1.0146781343242215,41.57618025751073,42.59518500779061,2.0085836909871246,False,False,4,0.343,False
40.1802_32.6824,40.18018018018018,32.68235294117647,1.625627196638256,0.0335636395084953,4.32828239209175,36.81892499489066,37.708276659688714,9.004291845493562,False,False,3,0.372,False
40.1802_32.8941,40.18018018018018,32.89411764705882,0.47213958252048377,0.036919625438938695,5.45552087397581,8.103004291845494,8.103511576304342,2.0085836909871246,True,False,3,0.001,True
40.1802_32.9294,40.18018018018018,32.92941176470588,0.33892617449664425,0.028077022784226704,3.9872396808479995,7.347639484978541,7.327297013225892,2.0085836909871246,True,False,3,0.001,True
40.1802_32.9647,40.18018018018018,32.96470588235294,0.33892617449664425,0.028077022784226704,3.9872396808479995,7.347639484978541,7.327297013225892,3.0128755364806867,True,False,3,0.001,True
40.1802_33.0118,40.18018018018018,33.01176470588235,6.230008683542814,0.06583979844195485,16.064786005053215,38.701716738197426,38.721127836606456,1.0042918454935623,False,False,3,0.441,False
40.1802_33.0235,40.18018018018018,33.023529411764706,6.230008683542814,0.06583979844195485,16.064786005053215,38.701716738197426,38.721127836606456,4.017167381974249,False,False,3,0.441,False
40.1802_33.0824,40.18018018018018,33.08235294117647,0.2659245516388373,0.060064935064935036,8.322510822510823,2.4437229437229435,2.457740672026386,1.0043290043290043,True,False,3,0.001,True
40.1802_33.0941,40.18018018018018,33.09411764705882,0.2659245516388373,0.060064935064935036,8.322510822510823,2.4437229437229435,2.457740672026386,1.0043290043290043,True,False,3,0.002,True
40.1892_32.6588,40.18918918918919,32.65882352941176,2.480463869384121,0.04596835109973479,6.796650094849885,32.7049356223176,36.861015057791676,1.9914163090128756,False,False,3,0.379,False
40.1892_32.6824,40.18918918918919,32.68235294117647,1.707363681387317,0.0333837206795546,4.591524341731045,36.07144947327351,37.418464378001325,10.995708154506438,False,False,3,0.378,False
40.1892_32.6941,40.18918918918919,32.694117647058825,0.29075695507043064,0.009068970788191976,0.6764520895494809,41.57618025751073,42.59518500779061,2.0085836909871246,False,False,4,0.34,False
40.1892_32.9294,40.18918918918919,32.92941176470588,0.33892617449664425,0.028077022784226704,3.9872396808479995,7.347639484978541,7.327297013225892,4.017167381974249,True,False,3,0.001,True
40.1892_33.0235,40.18918918918919,33.023529411764706,6.230008683542814,0.06583979844195485,16.064786005053215,38.701716738197426,38.721127836606456,3.0128755364806867,False,False,3,0.441,False
40.1982_32.6706,40.1981981981982,32.67058823529412,2.805406010083973,0.04878815381696543,7.597506758946671,34.01801445674271,37.247800869100914,37.90557939914163,False,False,3,0.381,False
40.1982_32.6824,40.1981981981982,32.68235294117647,2.4882955802865205,0.07868247703946812,8.345955658804526,33.48973443592186,29.85517301127567,37.90557939914163,False,False,3,0.44,False
40.1982_32.6941,40.1981981981982,32.694117647058825,0.09438275038288739,0.0030029371968973493,0.2513136107122423,37.43562231759657,37.41955115146745,1.0042918454935623,False,True,3,0.393,False
40.1982_32.7412,40.1981981981982,32.74117647058824,0.19637420468754316,0.006066033591294577,0.42513847883723854,45.716738197424895,45.72454010955651,1.0042918454935623,False,False,4,0.492,False
40.1982_32.7765,40.1981981981982,32.77647058823529,0.39274840937508637,0.01213206718258925,0.8502769576744771,45.716738197424895,45.72454010955651,1.0042918454935623,False,False,4,0.001,True
40.1982_32.8824,40.1981981981982,32.88235294117647,0.47213958252048377,0.036919625438938695,5.45552087397581,8.103004291845494,8.103511576304342,1.0042918454935623,True,False,3,0.001,True
40.1982_32.9176,40.1981981981982,32.917647058823526,0.33892617449664425,0.028077022784226704,3.9872396808479995,7.347639484978541,7.327297013225892,1.0042918454935623,True,False,3,0.001,True
40.1982_33.0235,40.1981981981982,33.023529411764706,6.749176073838048,0.07132644831211774,17.40351817214098,38.701716738197426,38.721127836606456,3.0128755364806867,False,False,3,0.437,False
40.2072_32.7294,40.207207207207205,32.72941176470588,0.5459098577985557,0.017783423365953024,1.2449788688232046,43.35944206008584,43.37296962456643,2.0085836909871246,False,False,4,0.498,False
40.2072_32.8824,40.207207207207205,32.88235294117647,0.47213958252048377,0.036919625438938695,5.45552087397581,8.103004291845494,8.103511576304342,4.017167381974249,True,False,3,0.001,True
40.2072_33.0235,40.207207207207205,33.023529411764706,6.230008683542814,0.06583979844195485,16.064786005053215,38.701716738197426,38.721127836606456,3.0128755364806867,False,False,3,0.347,False
40.2072_33.0471,40.207207207207205,33.04705882352941,6.230008683542814,0.06583979844195485,16.064786005053215,38.701716738197426,38.721127836606456,1.0042918454935623,False,False,3,0.347,False
40.2162_32.7176,40.21621621621622,32.71764705882353,0.35027411549033133,0.011733658549005738,0.8795375729323577,38.964132434089514,39.447471197239544,7.030042918454936,False,False,3,0.468,False
40.2162_33.0235,40.21621621621622,33.023529411764706,6.230008683542814,0.06583979844195485,16.064786005053215,38.701716738197426,38.721127836606456,3.0128755364806867,False,False,3,0.172,False
40.2252_32.9059,40.22522522522522,32.90588235294118,0.47213958252048377,0.036919625438938695,5.45552087397581,8.103004291845494,8.103511576304342,1.0042918454935623,True,False,3,0.001,True
40.2252_33.0235,40.22522522522522,33.023529411764706,7.787510854428517,0.08229974805244354,20.080982506316516,38.701716738197426,38.721127836606456,2.0085836909871246,False,False,3,0.172,False
40.2342_32.6941,40.23423423423424,32.694117647058825,0.39292267634157196,0.01318877877435712,0.98424156663571,39.21888412017167,39.53814668801399,2.0085836909871246,False,False,3,0.413,False
40.2342_33.0118,40.23423423423424,33.01176470588235,4.405956894385615,0.10087602130999242,19.484741621087256,18.937551154515237,23.000366868654503,17.92703862660944,False,False,3,0.029,True
40.2342_33.0235,40.23423423423424,33.023529411764706,4.439756171379476,0.08461911143908245,16.741304639552727,23.00760827155677,26.946093374396703,14.48068669527897,False,False,3,0.102,False
40.2342_33.0471,40.23423423423424,33.04705882352941,6.230008683542814,0.06583979844195485,16.064786005053215,38.701716738197426,38.721127836606456,15.064377682403434,False,False,3,0.059,False
40.2432_33.0,40.24324324324324,33.0,1.5575021708857035,0.016459949610488668,4.016196501263304,38.701716738197426,38.721127836606456,1.0042918454935623,False,False,3,0.017,True
40.2432_33.0118,40.24324324324324,33.01176470588235,1.5575021708857035,0.016459949610488668,4.016196501263304,38.701716738197426,38.721127836606456,3.0128755364806867,False,False,3,0.017,True
40.2432_33.0235,40.24324324324324,33.023529411764706,2.896325385732507,0.039792985040260305,9.352654313188193,23.522603719599427,31.007647668996768,5.875536480686695,False,False,3,0.022,True
40.2432_33.0941,40.24324324324324,33.09411764705882,0.38636363636363635,0.015757575757575755,1.6534848484848488,11.815,11.811946816031933,1.005,False,False,3,0.002,True
40.2432_33.1529,40.24324324324324,33.15294117647059,0.38636363636363635,0.015757575757575755,1.6534848484848488,11.815,11.811946816031933,1.005,False,False,3,0.001,True
40.2523_33.0471,40.252252252252255,33.04705882352941,6.230008683542814,0.06583979844195485,16.064786005053215,38.701716738197426,38.721127836606456,1.0042918454935623,False,False,3,0.017,True
40.2523_33.1059,40.252252252252255,33.10588235294117,0.38636363636363635,0.015757575757575755,1.6534848484848488,11.815,11.811946816031933,1.005,False,False,3,0.002,True
40.2613_33.0118,40.26126126126126,33.01176470588235,0.4867857142857142,0.024523809523809517,2.571428571428571,9.62,9.628858024691358,1.005,True,False,3,0.058,False
40.2613_33.0235,40.26126126126126,33.023529411764706,0.4867857142857142,0.024523809523809517,2.571428571428571,9.62,9.628858024691358,1.005,True,False,3,0.058,False
40.2703_33.1765,40.27027027027027,33.1764705882353,0.38636363636363635,0.015757575757575755,1.6534848484848488,11.815,11.811946816031933,1.005,False,False,3,0.001,True
40.2793_32.6118,40.27927927927928,32.61176470588235,3.6806410243135814,0.09973452323532603,11.884020980141385,33.33599019006744,31.335722073414846,7.012875536480687,False,False,3,0.362,False
40.2793_32.6941,40.27927927927928,32.694117647058825,0.39292267634157196,0.01318877877435712,0.98424156663571,39.21888412017167,39.53814668801399,2.0085836909871246,False,False,3,0.363,False
40.2793_33.1176,40.27927927927928,33.11764705882353,0.38636363636363635,0.015757575757575755,1.6534848484848488,11.815,11.811946816031933,1.005,False,False,3,0.002,True
40.2883_32.4706,40.288288288288285,32.47058823529412,0.5786557039751812,0.05975229461027788,4.031626239732524,14.045064377682403,14.06688805264577,3.0128755364806867,False,False,3,0.002,True
40.2973_32.9647,40.2972972972973,32.96470588235294,0.4867857142857142,0.024523809523809517,2.571428571428571,9.62,9.628858024691358,2.01,True,False,3,0.002,True
