grid_id,yolcu_per_stop_weekday,sefer_per_stop_weekday,kapasite_per_stop_weekday,doluluk_orani_weekday,kapasite_kullanimi_weekday,stop_count_weekday,yolcu_per_stop_weekend,sefer_per_stop_weekend,kapasite_per_stop_weekend,doluluk_orani_weekend,kapasite_kullanimi_weekend,stop_count_weekend,util_change,high_weekend_variance
39.5045_32.8235,0.12314556734400284,0.004257970046497268,0.5885118298353328,21.0,20.960106720226346,4.024096385542169,0.07736371447665717,0.002736848805015397,0.3853865003341501,20.34328358208955,20.32871357498223,4.0,0.6313931452441146,False
39.5045_32.8941,0.20980669793549853,0.005262392697758448,0.7357994412065892,28.572289156626507,28.557315170483303,1.0060240963855422,0.09872985544470717,0.0026937714366258164,0.37712800112762523,26.26865671641791,26.258884150675197,1.0,2.298431019808106,False
39.5045_32.9529,0.029177879028805538,0.0010121705094489248,0.14246223472570477,20.5,20.496189828438176,2.0120481927710845,0.029782559284794265,0.0010228047579361687,0.14319266611106896,21.059701492537314,21.103411513859275,2.0,0.6072216854210986,False
39.5135_32.5647,0.10889198632883353,0.0031027437801920323,0.4347182708647586,25.042168674698797,25.01606425702811,4.024096385542169,0.034534143860728006,0.0015729592922865598,0.22021430092012206,15.776119402985074,15.767590618336886,4.0,9.248473638691223,False
39.5135_32.8353,0.18471835101600428,0.006386955069745909,0.8827677447529992,21.0,20.960106720226346,1.0060240963855422,0.11604557171498578,0.0041052732075231,0.5780797505012252,20.34328358208955,20.328713574982235,1.0,0.631393145244111,False
39.5135_32.8588,0.3147100469032478,0.00789358904663772,1.103699161809884,28.572289156626507,28.557315170483303,1.0060240963855422,0.1480947831670608,0.0040406571549387775,0.5656920016914379,26.26865671641791,26.258884150675197,1.0,2.298431019808106,False
39.5135_32.9412,0.043766818543208325,0.0015182557641734336,0.21369335208855728,20.5,20.496189828438176,4.024096385542169,0.04467383892719141,0.0015342071369042968,0.21478899916660354,21.059701492537314,21.103411513859275,4.0,0.6072216854210986,False
39.5135_32.9765,0.029177879028805538,0.0010121705094489248,0.14246223472570477,20.5,20.496189828438176,2.0120481927710845,0.029782559284794265,0.0010228047579361687,0.14319266611106896,21.059701492537314,21.103411513859275,2.0,0.6072216854210986,False
39.5225_32.6471,0.31353013464793916,0.009756840412797535,1.3643993965279106,23.042168674698797,23.054534485476342,2.0120481927710845,0.20930620267270347,0.00787069941298791,1.1043547693630613,18.925373134328357,18.937868668498606,2.0,4.116665816977736,False
39.5225_32.8,0.10669331076544657,0.0020742558591027656,0.29094581936368547,35.42168674698795,36.506734884068074,2.0120481927710845,0.057991222829724944,0.0015026162488744879,0.2124652725710233,25.723880597014926,26.546804959510986,2.0,9.959929924557088,False
39.5225_32.8353,0.12314556734400284,0.004257970046497268,0.5885118298353328,21.0,20.960106720226346,1.0060240963855422,0.07736371447665717,0.002736848805015397,0.3853865003341501,20.34328358208955,20.32871357498223,1.0,0.6313931452441146,False
39.5225_32.8588,0.3147100469032478,0.00789358904663772,1.103699161809884,28.572289156626507,28.557315170483303,1.0060240963855422,0.1480947831670608,0.0040406571549387775,0.5656920016914379,26.26865671641791,26.258884150675197,1.0,2.298431019808106,False
39.5225_32.8706,0.1486701675109576,0.004149452113052621,0.5815930726918519,22.518072289156628,25.60618515110706,4.024096385542169,0.09403876664954502,0.0028810928552172135,0.40335299973041616,22.361940298507463,23.336909101322608,4.0,2.2692760497844517,False
39.5225_32.8941,0.029177879028805538,0.0010121705094489248,0.14246223472570477,20.5,20.496189828438176,4.024096385542169,0.029782559284794265,0.0010228047579361687,0.14319266611106896,21.059701492537314,21.103411513859275,4.0,0.6072216854210986,False
39.5225_32.9059,0.048629798381342584,0.001686950849081541,0.23743705787617472,20.5,20.496189828438176,6.036144578313253,0.04963759880799047,0.0017046745965602805,0.23865444351844833,21.059701492537314,21.103411513859278,6.0,0.6072216854211021,False
39.5225_32.9294,0.05835575805761112,0.002024341018897852,0.28492446945140965,20.5,20.496189828438176,2.0120481927710845,0.05956511856958856,0.002045609515872342,0.286385332222138,21.059701492537314,21.103411513859275,2.0,0.6072216854210986,False
39.5225_33.0,0.029177879028805538,0.0010121705094489248,0.14246223472570477,20.5,20.496189828438176,2.0120481927710845,0.029782559284794265,0.0010228047579361687,0.14319266611106896,21.059701492537314,21.103411513859275,2.0,0.6072216854210986,False
39.5315_32.6,0.6336331814651591,0.01928937628948446,2.698676501089004,24.042168674698797,23.511818659761897,8.048192771084338,0.3657605198001473,0.014165488057911794,1.9868536054247747,17.350746268656717,18.40256677015501,8.0,5.109251889606888,False
39.5315_32.6118,0.6148035904759108,0.01872863888497344,2.62018961258541,23.983345145287032,23.49768933587266,17.102409638554217,0.35655732467500356,0.013795206372916266,1.9349419091858504,17.44337137840211,18.420447150149247,17.0,5.077242185723414,False
39.5315_32.6353,0.6336331814651591,0.01928937628948446,2.698676501089004,24.042168674698797,23.511818659761897,2.0120481927710845,0.3657605198001473,0.014165488057911794,1.9868536054247747,17.350746268656717,18.40256677015501,2.0,5.109251889606888,False
39.5315_32.8,0.10669331076544657,0.0020742558591027656,0.29094581936368547,35.42168674698795,36.506734884068074,4.024096385542169,0.057991222829724944,0.0015026162488744879,0.2124652725710233,25.723880597014926,26.546804959510986,4.0,9.959929924557088,False
39.5315_32.8588,0.15393195918000355,0.005322462558121542,0.735639787294166,21.0,20.960106720226346,2.0120481927710845,0.09670464309582148,0.003421061006269248,0.4817331254176877,20.34328358208955,20.328713574982235,2.0,0.631393145244111,False
39.5315_32.8706,0.029177879028805538,0.0010121705094489248,0.14246223472570477,20.5,20.496189828438176,2.0120481927710845,0.029782559284794265,0.0010228047579361687,0.14319266611106896,21.059701492537314,21.103411513859275,2.0,0.6072216854210986,False
39.5315_32.8941,0.05835575805761112,0.002024341018897852,0.28492446945140965,20.5,20.496189828438176,4.024096385542169,0.05956511856958856,0.002045609515872342,0.286385332222138,21.059701492537314,21.103411513859275,4.0,0.6072216854210986,False
39.5405_32.6118,0.6336331814651591,0.01928937628948446,2.698676501089004,24.042168674698797,23.511818659761897,2.0120481927710845,0.3657605198001473,0.014165488057911794,1.9868536054247747,17.350746268656717,18.40256677015501,2.0,5.109251889606888,False
39.5405_32.6235,0.6336331814651591,0.01928937628948446,2.698676501089004,24.042168674698797,23.511818659761897,4.024096385542169,0.3657605198001473,0.014165488057911794,1.9868536054247747,17.350746268656717,18.40256677015501,4.0,5.109251889606888,False
39.5405_32.8471,0.6773006203920159,0.023418835255735,3.2368150640943303,21.0,20.960106720226346,1.0060240963855422,0.4255004296216148,0.015052668427584794,2.1196257518378263,20.34328358208955,20.328713574982235,1.0,0.631393145244111,False
39.5405_32.8588,0.45952089689512454,0.012402664755950314,1.7290328944880307,24.78614457831325,26.599363993776063,2.0120481927710845,0.2308000328857305,0.0067667366178568306,0.9490138772239568,23.30597014925373,24.337488737512174,2.0,2.261875256263888,False
39.5405_32.9294,0.20980669793549853,0.005262392697758448,0.7357994412065892,28.572289156626507,28.557315170483303,3.0180722891566263,0.09872985544470718,0.0026937714366258164,0.37712800112762523,26.26865671641791,26.258884150675197,3.0,2.298431019808106,False
39.5405_33.0118,0.02917787902880553,0.0010121705094489248,0.14246223472570477,20.5,20.496189828438176,13.078313253012048,0.029782559284794258,0.0010228047579361687,0.14319266611106896,21.059701492537314,21.103411513859275,13.0,0.6072216854210986,False
39.5405_33.0235,0.029177879028805538,0.0010121705094489248,0.14246223472570477,20.5,20.496189828438176,4.024096385542169,0.029782559284794265,0.0010228047579361687,0.14319266611106896,21.059701492537314,21.103411513859275,4.0,0.6072216854210986,False
39.5495_32.5882,0.31353013464793916,0.009756840412797535,1.3643993965279106,23.042168674698797,23.054534485476342,1.0060240963855422,0.20930620267270347,0.00787069941298791,1.1043547693630613,18.925373134328357,18.937868668498606,1.0,4.116665816977736,False
39.5495_32.6941,0.06695490778187216,0.0015003971837407384,0.21090621475634658,33.61746987951807,31.7515196294671,10.060240963855422,0.04512420037330054,0.0010160870145187535,0.14330326464772358,31.402985074626866,31.463433438168344,10.0,0.28808619129875623,False
39.5495_32.8,0.38655652242319355,0.00711535241921975,0.9950520313297387,38.346385542168676,38.31658001667939,3.0180722891566263,0.229263026904653,0.0059046805150540045,0.8385495925695479,26.253731343283583,26.23134328358209,3.0,12.0852367330973,False
39.5495_32.8118,0.0640417941403608,0.00147847443295724,0.2080143134406587,30.8925702811245,30.407982888606064,3.0180722891566263,0.031824576857170765,0.0007976545869760807,0.11167164217665485,26.80099502487562,28.761763364866106,3.0,1.6462195237399584,False
39.5495_32.8471,0.18471835101600428,0.006386955069745909,0.8827677447529992,21.0,20.960106720226342,5.030120481927711,0.11604557171498578,0.0041052732075231,0.5780797505012253,20.34328358208955,20.32871357498223,5.0,0.631393145244111,False
39.5495_32.8588,0.26260091125925017,0.009109534585040619,1.2821601125313438,20.5,20.496189828438176,2.0120481927710845,0.2680430335631487,0.009205242821425815,1.2887339949996213,21.059701492537314,21.103411513859275,2.0,0.6072216854210986,False
39.5495_32.8706,0.05700342353018628,0.0021594575021396303,0.3021133715188623,18.876506024096386,18.864293579849353,1.0060240963855422,0.06171648987463833,0.0021857923497267,0.3060109289617486,20.235294117647058,20.168067226890756,1.0,1.3037736470414032,False
39.5495_32.9059,0.3147100469032478,0.00789358904663772,1.103699161809884,28.572289156626507,28.557315170483303,1.0060240963855422,0.1480947831670608,0.0040406571549387775,0.5656920016914379,26.26865671641791,26.258884150675197,1.0,2.298431019808106,False
39.5495_33.0118,0.029177879028805538,0.0010121705094489248,0.14246223472570477,20.5,20.496189828438176,2.0120481927710845,0.029782559284794265,0.0010228047579361687,0.14319266611106896,21.059701492537314,21.103411513859275,2.0,0.6072216854210986,False
39.5495_33.1176,2.7512191592245587,0.05704955355680657,8.829648849279067,33.6355421686747,32.33744240234502,16.096385542168676,2.26269481968584,0.055734746073346955,8.731871788823472,25.776119402985074,27.001429893517766,16.0,5.3360125088272525,False
39.5586_32.7412,0.20025878160529442,0.0035741557780416666,0.5033514339046326,39.55120481927711,39.60413080895009,2.0120481927710845,0.1658082825310069,0.003573680891317981,0.5076729030901829,32.791044776119406,32.76652452025587,2.0,6.837606288694218,False
39.5586_32.8,0.21766789878461593,0.00512382531114434,0.7206505958566798,30.09036144578313,29.925141821018585,6.036144578313253,0.1104159760270288,0.002737495770839628,0.3832494079175541,27.604477611940297,29.04621954519074,6.0,0.8789222758278434,False
39.5586_32.8588,0.17671061294357757,0.006694318256633085,0.9365514517084733,18.876506024096386,18.864293579849353,5.030120481927711,0.19132111861137896,0.006775956284153,0.9486338797814208,20.235294117647058,20.168067226890756,5.0,1.3037736470414032,False
39.5586_32.9059,0.20980669793549853,0.005262392697758448,0.7357994412065892,28.572289156626507,28.557315170483303,2.0120481927710845,0.09872985544470717,0.0026937714366258164,0.37712800112762523,26.26865671641791,26.258884150675197,2.0,2.298431019808106,False
39.5586_33.1059,2.87083738353867,0.059529968928841624,9.21354662533468,33.6355421686747,32.33744240234502,8.048192771084338,2.361072855324355,0.05815799590262295,9.111518388337537,25.776119402985074,27.001429893517766,8.0,5.3360125088272525,False
39.5676_32.7882,0.4327873570682005,0.010106142606114673,1.4179695272450918,32.93012048192771,30.52316476675355,15.090361445783133,0.24028009710684128,0.0058909257103137375,0.8320694797110858,28.576119402985075,28.624285294029495,15.0,1.8988794727240546,False
39.5676_32.8,0.4327873570682005,0.010106142606114673,1.4179695272450918,32.93012048192771,30.52316476675355,15.090361445783133,0.24028009710684128,0.0058909257103137375,0.8320694797110858,28.576119402985075,28.624285294029495,15.0,1.8988794727240546,False
39.5676_32.8118,0.18471835101600428,0.006386955069745909,0.8827677447529992,21.0,20.960106720226346,4.024096385542169,0.11604557171498578,0.0041052732075231,0.5780797505012252,20.34328358208955,20.328713574982235,4.0,0.631393145244111,False
39.5676_32.8471,0.4299256880466256,0.013758241981639172,1.9171480995698964,17.282471348809874,23.24676093656039,22.759036144578314,0.3949189186244265,0.013000247608659291,1.820745907509069,20.443696153379445,21.18722830389414,14.895522388059701,2.0595326326662473,False
39.5766_32.7882,0.4327873570682005,0.010106142606114673,1.4179695272450918,32.93012048192771,30.52316476675355,35.21084337349398,0.24028009710684128,0.0058909257103137375,0.8320694797110858,28.576119402985075,28.624285294029495,35.0,1.8988794727240546,False
39.5766_32.8,0.4650131007207986,0.011068767551399301,1.5529016441288508,32.532756024096386,29.960034578482,32.19277108433735,0.25523712373222796,0.006261724460157586,0.8844381146056556,28.57929104477612,28.59965230161479,32.0,1.3603822768672096,False
39.5766_32.8824,0.3147100469032478,0.00789358904663772,1.103699161809884,28.572289156626507,28.557315170483303,2.0120481927710845,0.1480947831670608,0.0040406571549387775,0.5656920016914379,26.26865671641791,26.258884150675197,2.0,2.298431019808106,False
39.5856_32.6588,0.15555352896408495,0.003946167709402917,0.5516595780015191,31.379518072289155,28.25312972765715,5.030120481927711,0.09144200229411183,0.0031773265849998596,0.4543854243538142,20.441791044776117,19.866263595825416,5.0,8.386866131831734,False
39.5856_32.8471,0.675617449910625,0.02084378190390878,2.905629006124385,21.00602409638554,23.38749263259381,4.469879518072289,0.4966830965296207,0.016161091536781858,2.263091614331443,21.903980099502487,21.849765433574895,3.746268656716418,1.5377271990189136,False
39.5946_32.5412,0.11605937754312137,0.002493499533554247,0.3484746233699212,33.463855421686745,33.47113689357473,5.030120481927711,0.06197595219946392,0.002003983378002861,0.29189308810150233,20.82089552238806,20.787637776720466,5.0,12.683499116854264,False
39.5946_32.8353,0.659485496484877,0.0153998363521748,2.160715470087759,32.93012048192771,30.52316476675355,15.090361445783133,0.366141100353282,0.00897664870143048,1.267915397654988,28.576119402985075,28.624285294029495,15.0,1.8988794727240546,False
39.5946_32.8471,0.647469756102248,0.01687028839871654,2.360795996295471,29.614624886099016,27.41309366824758,34.65060240963855,0.36167560609983673,0.010342598649420559,1.4556513900271575,25.626723145160373,24.596249332083396,33.74626865671642,2.816844336164184,False
39.5946_32.8588,0.05767451454755186,0.0022229876954626797,0.3090073058190207,18.60542168674699,18.56629677681786,2.0120481927710845,0.019579628453477247,0.0013496348046998523,0.188631311527469,10.402985074626866,10.382820918449228,2.0,8.183475858368633,False
39.5946_33.0824,0.32113807485390117,0.005697396784298867,0.9922630206584065,35.08433734939759,35.069829628511464,2.0120481927710845,0.17452020182917138,0.0031545264049746137,0.7847735473670675,24.313432835820894,24.23454157782516,2.0,10.835288050686305,False
39.6036_32.6706,0.9405904039438177,0.02927052123839267,4.093198189583732,23.042168674698797,23.054534485476342,1.0060240963855422,0.6279186080181105,0.023612098238963854,3.3130643080891833,18.925373134328357,18.93786866849861,1.0,4.116665816977733,False
39.6036_32.8353,0.4890777880331173,0.012588881314059497,1.762456909896877,30.542670682730922,27.765865016951366,6.036144578313253,0.2549443589921043,0.007409918511327248,1.043955538904326,25.54726368159204,24.111155036844377,6.0,3.6547099801069898,False
39.6036_32.8471,0.4890777880331172,0.012588881314059497,1.762456909896877,30.542670682730922,27.765865016951366,12.072289156626505,0.2549443589921043,0.007409918511327248,1.043955538904326,25.54726368159204,24.111155036844377,12.0,3.6547099801069898,False
39.6036_32.8588,0.26225837241937316,0.0065779908721980435,0.9197493015082365,28.572289156626507,28.557315170483303,2.0120481927710845,0.12341231930588396,0.003367214295782324,0.4714100014095316,26.26865671641791,26.258884150675197,2.0,2.298431019808106,False
39.6036_32.8706,0.05767451454755186,0.0022229876954626797,0.3090073058190207,18.60542168674699,18.56629677681786,2.0120481927710845,0.019579628453477247,0.0013496348046998523,0.188631311527469,10.402985074626866,10.382820918449228,2.0,8.183475858368633,False
39.6126_32.6824,0.6336331814651591,0.01928937628948446,2.698676501089004,24.042168674698797,23.511818659761897,2.0120481927710845,0.3657605198001473,0.014165488057911794,1.9868536054247747,17.350746268656717,18.40256677015501,2.0,5.109251889606888,False
39.6126_32.6941,0.6336331814651591,0.01928937628948446,2.698676501089004,24.042168674698797,23.511818659761897,4.024096385542169,0.3657605198001473,0.014165488057911794,1.9868536054247747,17.350746268656717,18.40256677015501,4.0,5.109251889606888,False
39.6126_32.8235,0.9094850287258415,0.028058937178338707,3.911423662090518,21.00602409638554,23.38749263259381,26.819277108433734,0.6686118607129511,0.021755315530283263,3.0464694808307886,21.903980099502487,21.849765433574895,22.47761194029851,1.5377271990189136,False
39.6126_32.8353,0.4890777880331173,0.012588881314059497,1.762456909896877,30.542670682730922,27.765865016951366,6.036144578313253,0.2549443589921043,0.007409918511327248,1.043955538904326,25.54726368159204,24.111155036844377,6.0,3.6547099801069898,False
39.6126_32.8706,0.05767451454755186,0.0022229876954626797,0.3090073058190207,18.60542168674699,18.56629677681786,4.024096385542169,0.019579628453477247,0.0013496348046998523,0.188631311527469,10.402985074626866,10.382820918449228,4.0,8.183475858368633,False
39.6126_32.8824,0.05767451454755186,0.0022229876954626797,0.3090073058190207,18.60542168674699,18.56629677681786,2.0120481927710845,0.019579628453477247,0.0013496348046998523,0.188631311527469,10.402985074626866,10.382820918449228,2.0,8.183475858368633,False
39.6126_32.8941,0.05767451454755186,0.0022229876954626797,0.3090073058190207,18.60542168674699,18.56629677681786,2.0120481927710845,0.019579628453477247,0.0013496348046998523,0.188631311527469,10.402985074626866,10.382820918449228,2.0,8.183475858368633,False
39.6216_32.6471,0.11605937754312137,0.002493499533554247,0.3484746233699212,33.463855421686745,33.47113689357473,2.0120481927710845,0.06197595219946392,0.002003983378002861,0.29189308810150233,20.82089552238806,20.787637776720466,2.0,12.683499116854264,False
39.6216_32.6588,0.11605937754312137,0.002493499533554247,0.3484746233699212,33.463855421686745,33.47113689357473,6.036144578313253,0.06197595219946392,0.002003983378002861,0.29189308810150233,20.82089552238806,20.787637776720466,6.0,12.683499116854264,False
39.6216_32.6706,0.11605937754312137,0.002493499533554247,0.3484746233699212,33.463855421686745,33.47113689357473,2.0120481927710845,0.06197595219946392,0.002003983378002861,0.29189308810150233,20.82089552238806,20.787637776720466,2.0,12.683499116854264,False
39.6216_32.6941,0.684238471401979,0.019998217497028913,2.797544433045674,25.926506024096387,24.485361759606867,5.030120481927711,0.3909572469063753,0.01482430888978665,2.0879111688776586,18.044776119402986,18.678252170565422,5.0,5.8071095890414455,False
39.6216_32.8235,0.18471835101600428,0.006386955069745909,0.8827677447529992,21.0,20.960106720226346,2.0120481927710845,0.11604557171498578,0.0041052732075231,0.5780797505012252,20.34328358208955,20.328713574982235,2.0,0.631393145244111,False
39.6216_32.9059,0.05767451454755186,0.0022229876954626797,0.3090073058190207,18.60542168674699,18.56629677681786,2.0120481927710845,0.019579628453477247,0.0013496348046998523,0.188631311527469,10.402985074626866,10.382820918449228,2.0,8.183475858368633,False
39.6216_33.0588,0.12843510078430107,0.0036367302401300425,0.5086414559293795,24.630339539978092,29.941481191531928,26.85542168674699,0.1589252526724704,0.0029462789431901615,0.7083608449603923,23.006784260515605,24.221227051159232,8.417910447761194,5.720254140372695,False
39.6306_32.5294,0.11605937754312137,0.002493499533554247,0.3484746233699212,33.463855421686745,33.47113689357473,3.0180722891566263,0.06197595219946392,0.002003983378002861,0.29189308810150233,20.82089552238806,20.787637776720466,3.0,12.683499116854264,False
39.6306_32.5882,0.11605937754312137,0.002493499533554247,0.3484746233699212,33.463855421686745,33.47113689357473,2.0120481927710845,0.06197595219946392,0.002003983378002861,0.29189308810150233,20.82089552238806,20.787637776720466,2.0,12.683499116854264,False
39.6306_32.7059,0.7179753313598589,0.020470778302058578,2.8634563876834536,27.182730923694777,25.098405392070646,3.0180722891566263,0.40775506497719405,0.015263522777703237,2.1552828778462474,18.507462686567163,18.84527810658653,3.0,6.253127285484116,False
39.6306_32.8118,1.0401669184178488,0.02830013028246585,3.9494894043985296,28.211847389558233,26.273878367032193,12.072289156626505,0.5160090460918377,0.01834892333575429,2.5801316987933647,22.223880597014926,19.57747061941223,12.0,6.696407747619961,False
39.6306_32.8235,1.2829525747394583,0.03149705595931685,4.422180917611637,32.873493975903614,29.022892133165787,12.072289156626505,0.6949766591206579,0.01684818959305021,2.3786571110021844,28.870646766169152,29.12290576066092,12.0,0.10001362749513376,False
39.6306_32.9059,0.05767451454755186,0.0022229876954626797,0.3090073058190207,18.60542168674699,18.56629677681786,2.0120481927710845,0.019579628453477247,0.0013496348046998523,0.188631311527469,10.402985074626866,10.382820918449228,2.0,8.183475858368633,False
39.6306_32.9176,0.05767451454755186,0.0022229876954626797,0.3090073058190207,18.60542168674699,18.56629677681786,2.0120481927710845,0.019579628453477247,0.0013496348046998523,0.188631311527469,10.402985074626866,10.382820918449228,2.0,8.183475858368633,False
39.6306_33.1059,1.8068455640744798,0.03778751369112809,5.811610076670317,32.18674698795181,32.20309810671256,1.0060240963855422,1.515875169606513,0.03772048846675706,5.812754409769335,27.238805970149254,27.226368159203982,1.0,4.976729947508577,False
39.6396_32.7059,0.7179753313598589,0.020470778302058578,2.8634563876834536,27.182730923694777,25.098405392070646,12.072289156626505,0.40775506497719405,0.015263522777703237,2.1552828778462474,18.507462686567163,18.84527810658653,12.0,6.253127285484116,False
39.6396_32.7176,0.6679018422288074,0.019859778448047816,2.7779028216200015,25.102409638554217,24.082638937804575,7.042168674698795,0.3988587207460987,0.015086334585840733,2.1224249888343625,18.29637526652452,18.752251306146725,7.0,5.33038763165785,False
39.6396_32.9294,0.05767451454755186,0.0022229876954626797,0.3090073058190207,18.60542168674699,18.56629677681786,1.0060240963855422,0.019579628453477247,0.0013496348046998523,0.188631311527469,10.402985074626866,10.382820918449228,1.0,8.183475858368633,False
39.6486_32.3294,0.334943974966741,0.006799359178549339,0.9590961044801288,35.65060240963855,35.634944736871034,2.0120481927710845,0.204452078642557,0.004804902393166357,0.6630301060792461,31.149253731343283,31.100965773966465,2.0,4.53397896290457,False
39.6486_32.3412,0.334943974966741,0.006799359178549339,0.9590961044801288,35.65060240963855,35.634944736871034,1.0060240963855422,0.204452078642557,0.004804902393166357,0.6630301060792461,31.149253731343283,31.100965773966465,1.0,4.53397896290457,False
39.6486_32.7176,0.7602649682244211,0.02222024166336549,3.1083827033840823,26.135876840696117,24.485361759606867,18.10843373493976,0.4343969410070837,0.01647145432198517,2.3199012987529537,18.121890547263682,18.678252170565422,18.0,5.8071095890414455,False
39.6486_32.7882,1.1439865514320393,0.031612000594311684,4.418081225312619,26.52212486308872,25.883494948332263,21.012048192771083,0.6861509336510109,0.020917777909967822,2.939112356013243,24.19060756821951,23.116325584182704,19.492537313432837,2.7671693641495594,False
39.6486_32.8,0.3376190986156469,0.0082886989366623,1.163731820424115,32.873493975903614,29.022892133165787,9.05421686746988,0.18288859450543624,0.0044337341034342385,0.6259623976321538,28.870646766169152,29.12290576066092,9.0,0.10001362749513376,False
39.6486_32.9412,0.05767451454755186,0.0022229876954626797,0.3090073058190207,18.60542168674699,18.56629677681786,2.0120481927710845,0.019579628453477247,0.0013496348046998523,0.188631311527469,10.402985074626866,10.382820918449228,2.0,8.183475858368633,False
39.6486_32.9529,0.05767451454755186,0.0022229876954626797,0.3090073058190207,18.60542168674699,18.56629677681786,1.0060240963855422,0.019579628453477247,0.0013496348046998523,0.188631311527469,10.402985074626866,10.382820918449228,1.0,8.183475858368633,False
39.6486_33.0353,0.04863796611222409,0.003820528351115867,0.21289350665486337,22.73228346456693,22.693544544095214,6.047244094488189,0.005917159763313601,0.0003287310979618666,0.03550295857988165,2.8333333333333335,2.7777777777777772,6.0,19.915766766317436,False
39.6577_32.4235,0.1461337151886233,0.007575383501217966,1.124333399170452,13.24698795180723,13.241203877570186,2.0120481927710845,0.07899389263902278,0.005062680810028885,0.7798135647701703,10.882352941176471,10.87876369185667,2.0,2.362440185713515,False
39.6577_32.4353,0.1461337151886233,0.007575383501217966,1.124333399170452,13.24698795180723,13.241203877570186,1.0060240963855422,0.07899389263902278,0.005062680810028885,0.7798135647701703,10.882352941176471,10.87876369185667,1.0,2.362440185713515,False
39.6577_32.7176,0.684238471401979,0.019998217497028913,2.797544433045674,25.926506024096387,24.485361759606867,5.030120481927711,0.3909572469063753,0.01482430888978665,2.0879111688776586,18.044776119402986,18.678252170565422,5.0,5.8071095890414455,False
39.6577_32.7294,0.6512750569875688,0.01856556076308533,2.5957384106132912,27.00389794472006,25.111780271251465,17.102409638554217,0.36593495295952627,0.013722141781911276,1.9371006535209574,18.33889376646181,18.81190288160467,17.0,6.299877389646795,False
39.6577_32.8,1.0867097664421186,0.028765556330604746,4.02344800080486,27.3690093708166,27.007416886283167,19.0,0.6849410123504447,0.019224257722767635,2.7033952353036512,25.786235489220562,25.092128414012045,17.492537313432837,1.915288472271122,False
39.6577_32.8235,1.154601843506969,0.0319644699354046,4.466861921174178,26.264773379231208,25.83823238470382,22.018072289156628,0.6903406985787216,0.02108009402407569,2.96194951998237,23.992064847387777,23.085037419293716,20.492537313432837,2.7531949654101027,False
39.6577_32.9529,0.05767451454755186,0.0022229876954626797,0.3090073058190207,18.60542168674699,18.56629677681786,2.0120481927710845,0.019579628453477247,0.0013496348046998523,0.188631311527469,10.402985074626866,10.382820918449228,2.0,8.183475858368633,False
39.6577_33.0118,0.32113807485390117,0.005697396784298867,0.9922630206584065,35.08433734939759,35.069829628511464,6.036144578313253,0.17452020182917138,0.0031545264049746137,0.7847735473670674,24.313432835820894,24.234541577825162,6.0,10.835288050686302,False
39.6577_33.0235,0.22243243224014625,0.005294107548616589,0.7693834841193037,28.69578313253012,32.46766459409241,10.662650602409638,0.17426654937180205,0.0032015834949293553,0.7797440816801497,23.51492537313433,24.228714022869315,6.537313432835821,8.238950571223096,False
39.6667_32.4353,0.1461337151886233,0.007575383501217966,1.124333399170452,13.24698795180723,13.241203877570186,1.0060240963855422,0.07899389263902278,0.005062680810028885,0.7798135647701703,10.882352941176471,10.87876369185667,1.0,2.362440185713515,False
39.6667_32.6706,0.15102299919539386,0.0042764292207859355,0.5878535825870699,25.662650602409638,25.653102564152253,2.0120481927710845,0.05228411282701838,0.002161784313471634,0.30073397108128047,17.074626865671643,17.083619918838984,2.0,8.569482645313268,False
39.6667_32.6824,0.15102299919539386,0.0042764292207859355,0.5878535825870699,25.662650602409638,25.653102564152253,2.0120481927710845,0.05228411282701838,0.002161784313471634,0.30073397108128047,17.074626865671643,17.083619918838984,2.0,8.569482645313268,False
39.6667_32.7059,0.6336331814651591,0.01928937628948446,2.698676501089004,24.042168674698797,23.511818659761897,10.060240963855422,0.3657605198001473,0.014165488057911794,1.9868536054247747,17.350746268656717,18.40256677015501,10.0,5.109251889606888,False
39.6667_32.7294,0.5328700175634461,0.014839347168673208,2.074118742467482,26.96557659208262,25.710311618223642,7.042168674698795,0.29615853740325476,0.010979940992449248,1.5535980265277003,18.30277185501066,18.953779411181763,7.0,6.756532207041879,False
39.6667_33.0118,0.21026082715118863,0.006115104867955271,0.8105136719848581,24.05722891566265,27.899073633891657,2.746987951807229,0.14240841254421105,0.0045460350437643736,0.7888717853370292,16.895522388059703,18.644843721896006,2.044776119402985,9.254229911995651,False
39.6757_32.4941,0.48493755466832195,0.03925993787797556,5.528281157416552,10.768072289156626,8.735135244975213,2.0120481927710845,0.3161519684947627,0.050325072529623496,7.055006000442751,5.977611940298507,4.830081222491345,1.507462686567164,3.905054022483868,False
39.6757_32.5059,0.5978721678282215,0.0498214560035614,6.996263743498585,9.941767068273093,8.50692493379012,3.0180722891566263,0.354158170894163,0.05558274202756705,7.782228591624237,5.537313432835821,4.746740337390187,2.5074626865671643,3.7601845963999336,False
39.6757_32.6706,0.15102299919539386,0.0042764292207859355,0.5878535825870699,25.662650602409638,25.653102564152253,1.0060240963855422,0.05228411282701838,0.002161784313471634,0.30073397108128047,17.074626865671643,17.083619918838984,1.0,8.569482645313268,False
39.6757_32.6941,0.15102299919539386,0.0042764292207859355,0.5878535825870699,25.662650602409638,25.653102564152253,7.042168674698795,0.05228411282701838,0.002161784313471634,0.30073397108128047,17.074626865671643,17.083619918838984,7.0,8.569482645313268,False
39.6757_32.7294,0.7272602475141365,0.020698620252526445,2.882409268996428,26.802710843373493,25.229577232951577,4.024096385542169,0.37117143976666855,0.014149872475116999,1.9923796222362866,18.149253731343283,18.5168202053773,4.0,6.712757027574277,False
39.6757_32.8118,1.1439865514320393,0.031612000594311684,4.418081225312619,26.52212486308872,25.883494948332263,42.024096385542165,0.686150933651011,0.020917777909967822,2.939112356013243,24.19060756821951,23.116325584182704,38.985074626865675,2.7671693641495594,False
39.6757_32.8235,0.3133033645219284,0.008398539246441496,1.138586747935177,26.06495983935743,28.114495426729857,19.03614457831325,0.177571240730613,0.005191945856207812,0.8023058152529606,21.433333333333334,22.31977110791993,16.17910447761194,5.7947243188099264,False
39.6757_32.8471,0.21026082715118863,0.006115104867955271,0.8105136719848581,24.05722891566265,27.899073633891657,5.493975903614458,0.14240841254421105,0.0045460350437643736,0.7888717853370292,16.895522388059703,18.644843721896006,4.08955223880597,9.254229911995651,False
39.6757_32.8588,0.21026082715118863,0.006115104867955271,0.8105136719848581,24.05722891566265,27.899073633891657,5.493975903614458,0.14240841254421105,0.0045460350437643736,0.7888717853370292,16.895522388059703,18.644843721896006,4.08955223880597,9.254229911995651,False
39.6757_32.9176,0.3147100469032478,0.00789358904663772,1.103699161809884,28.572289156626507,28.557315170483303,4.024096385542169,0.1480947831670608,0.0040406571549387775,0.5656920016914379,26.26865671641791,26.258884150675197,4.0,2.298431019808106,False
39.6757_32.9647,0.21026082715118863,0.006115104867955271,0.8105136719848581,24.05722891566265,27.899073633891657,2.746987951807229,0.14240841254421105,0.0045460350437643736,0.7888717853370292,16.895522388059703,18.644843721896006,2.044776119402985,9.254229911995651,False
39.6847_32.6471,0.15102299919539386,0.0042764292207859355,0.5878535825870699,25.662650602409638,25.653102564152253,2.0120481927710845,0.05228411282701838,0.002161784313471634,0.30073397108128047,17.074626865671643,17.083619918838984,2.0,8.569482645313268,False
39.6847_32.6588,0.15102299919539386,0.0042764292207859355,0.5878535825870699,25.662650602409638,25.653102564152253,2.0120481927710845,0.05228411282701838,0.002161784313471634,0.30073397108128047,17.074626865671643,17.083619918838984,2.0,8.569482645313268,False
39.6847_32.6824,0.15102299919539386,0.0042764292207859355,0.5878535825870699,25.662650602409638,25.653102564152253,1.0060240963855422,0.05228411282701838,0.002161784313471634,0.30073397108128047,17.074626865671643,17.083619918838984,1.0,8.569482645313268,False
39.6847_32.7176,0.3266759589865007,0.009308231340576196,1.3041548125942757,25.042168674698797,25.01606425702811,1.0060240963855422,0.10360243158218413,0.00471887787685968,0.6606429027603663,15.776119402985074,15.767590618336886,1.0,9.248473638691223,False
39.6847_32.7294,0.8002069260937168,0.02279427137754648,3.1810855042569517,26.96557659208262,25.165434364519744,7.042168674698795,0.4305381789615931,0.016262528616693594,2.2931184686955106,18.30277185501066,18.677818248664448,7.0,6.487616115855296,False
39.6847_32.7412,0.8002069260937168,0.02279427137754648,3.1810855042569517,26.96557659208262,25.165434364519744,7.042168674698795,0.4305381789615931,0.016262528616693594,2.2931184686955106,18.30277185501066,18.677818248664448,7.0,6.487616115855296,False
39.6847_32.8,1.1937589944107516,0.03378468484310987,4.719150267076772,24.824046184738958,25.290311422605352,8.493975903614459,0.7131439458212342,0.022594378132226953,3.1732697103028222,22.340707178393746,22.149544213661425,7.746268656716418,3.1407672089439274,False
39.6847_32.8118,1.1502376427474355,0.031327973027551234,4.298484354149182,26.169551713346895,26.944370891971136,56.493975903614455,0.7372573442215186,0.021462253822490895,3.173176921896796,22.866530637387225,23.151411937931243,49.25373134328358,3.792958954039893,False
39.6847_32.8235,0.05767451454755186,0.0022229876954626797,0.3090073058190207,18.60542168674699,18.56629677681786,11.066265060240964,0.019579628453477247,0.0013496348046998523,0.188631311527469,10.402985074626866,10.382820918449228,11.0,8.183475858368633,False
39.6847_32.8588,0.05767451454755186,0.0022229876954626797,0.3090073058190207,18.60542168674699,18.56629677681786,2.0120481927710845,0.019579628453477247,0.0013496348046998523,0.188631311527469,10.402985074626866,10.382820918449228,2.0,8.183475858368633,False
39.6847_32.8824,0.17700451463828867,0.0035487637695798876,0.5760736004197259,31.31169383416017,33.30510456174115,16.56024096385542,0.10365956258423319,0.002145175208013567,0.4859978063924122,22.265788703541116,22.864234118791156,15.08955223880597,10.440870442949997,False
39.6847_32.8941,0.2447744809247483,0.006139458147384908,0.8584326814076874,28.572289156626507,28.557315170483303,3.0180722891566263,0.11518483135215839,0.0031427333427302027,0.43998266798222946,26.26865671641791,26.258884150675197,3.0,2.298431019808106,False
39.6847_32.9059,0.3147100469032478,0.00789358904663772,1.103699161809884,28.572289156626507,28.557315170483303,1.0060240963855422,0.1480947831670608,0.0040406571549387775,0.5656920016914379,26.26865671641791,26.258884150675197,1.0,2.298431019808106,False
39.6847_32.9176,0.21026082715118863,0.006115104867955271,0.8105136719848581,24.05722891566265,27.899073633891657,10.987951807228916,0.14240841254421105,0.0045460350437643736,0.7888717853370292,16.895522388059703,18.644843721896006,8.17910447761194,9.254229911995651,False
39.6847_32.9294,0.21026082715118863,0.006115104867955271,0.8105136719848581,24.05722891566265,27.899073633891657,2.746987951807229,0.14240841254421105,0.0045460350437643736,0.7888717853370292,16.895522388059703,18.644843721896006,2.044776119402985,9.254229911995651,False
39.6847_32.9647,0.21409204990260075,0.0037982645228659107,0.6615086804389377,35.08433734939759,35.069829628511464,1.0060240963855422,0.11634680121944757,0.002103017603316409,0.5231823649113783,24.313432835820894,24.234541577825162,1.0,10.835288050686302,False
39.6847_32.9765,0.21026082715118863,0.006115104867955271,0.8105136719848581,24.05722891566265,27.899073633891657,2.746987951807229,0.14240841254421105,0.0045460350437643736,0.7888717853370292,16.895522388059703,18.644843721896006,2.044776119402985,9.254229911995651,False
39.6847_32.9882,0.09081001951854258,0.005139882888744219,0.5662329212752115,15.93125,15.89153272850661,1.00625,0.057173064411190584,0.005123617436564648,0.5624593363695511,10.046875,10.004367770173994,1.0,5.887164958332615,False
39.6847_33.0,0.022702504879635606,0.00128497072218603,0.14155823031880285,15.93125,15.89153272850661,2.0125,0.01429326610279761,0.0012809043591411374,0.14061483409238776,10.046875,10.004367770173994,2.0,5.887164958332615,False
39.6937_32.3529,1.3358114013843927,0.03136250705714742,4.686894837405752,29.720883534136544,28.647025593626417,12.072289156626505,0.9069007890302957,0.023520070997188513,3.4077353849223466,27.189054726368155,27.020870602728785,12.0,1.626154990897632,False
39.6937_32.4,0.5845348607544933,0.030301534004871903,4.497333596681809,13.24698795180723,13.241203877570186,1.0060240963855422,0.31597557055609127,0.020250723240115655,3.119254259080681,10.882352941176471,10.87876369185667,1.0,2.362440185713515,False
39.6937_32.4706,0.1461337151886233,0.007575383501217966,1.124333399170452,13.24698795180723,13.241203877570186,1.0060240963855422,0.07899389263902278,0.005062680810028885,0.7798135647701703,10.882352941176471,10.87876369185667,1.0,2.362440185713515,False
39.6937_32.6471,0.15102299919539386,0.0042764292207859355,0.5878535825870699,25.662650602409638,25.653102564152253,1.0060240963855422,0.05228411282701838,0.002161784313471634,0.30073397108128047,17.074626865671643,17.083619918838984,1.0,8.569482645313268,False
39.6937_32.7412,0.8618806221441101,0.024536891184162427,3.4193073416870754,26.802710843373493,25.20851060098346,8.048192771084338,0.4476255144498924,0.017011782995936357,2.3964951618324575,18.149253731343283,18.569805212255797,8.0,6.6387053887276615,False
39.6937_32.8118,1.4418628636887978,0.055574692386567495,7.7251826454755195,18.60542168674699,18.56629677681786,1.0060240963855422,0.48949071133693234,0.03374087011749759,4.715782788186726,10.402985074626866,10.382820918449228,1.0,8.183475858368633,False
39.6937_32.8235,0.27974226391399803,0.00701652359701127,0.9810659216087857,28.572289156626507,28.557315170483303,3.0180722891566263,0.13163980725960958,0.0035916952488344897,0.5028373348368337,26.26865671641791,26.258884150675197,3.0,2.298431019808106,False
39.6937_32.8353,0.3147100469032478,0.00789358904663772,1.103699161809884,28.572289156626507,28.557315170483303,1.0060240963855422,0.1480947831670608,0.0040406571549387775,0.5656920016914379,26.26865671641791,26.258884150675197,1.0,2.298431019808106,False
39.6937_32.9882,4.517113910186199,0.09446878422782035,14.529025191675794,32.18674698795181,32.20309810671256,4.024096385542169,3.7896879240162824,0.09430122116689278,14.531886024423338,27.238805970149254,27.226368159203982,4.0,4.976729947508577,False
39.7027_32.3529,1.312210118912128,0.031459510097481005,4.707549499242043,28.787399598393574,28.023008817097637,24.14457831325301,0.901825489866304,0.023622824519813866,3.429263700328407,26.69681483884923,26.74954861032083,23.507462686567163,1.2734602067768073,False
39.7027_32.6,0.15102299919539386,0.0042764292207859355,0.5878535825870699,25.662650602409638,25.653102564152253,3.0180722891566263,0.05228411282701838,0.002161784313471634,0.30073397108128047,17.074626865671643,17.083619918838984,3.0,8.569482645313268,False
39.7027_32.6235,0.15102299919539386,0.0042764292207859355,0.5878535825870699,25.662650602409638,25.653102564152253,2.0120481927710845,0.05228411282701838,0.002161784313471634,0.30073397108128047,17.074626865671643,17.083619918838984,2.0,8.569482645313268,False
39.7027_32.6353,0.15102299919539386,0.0042764292207859355,0.5878535825870699,25.662650602409638,25.653102564152253,3.0180722891566263,0.05228411282701838,0.002161784313471634,0.30073397108128047,17.074626865671643,17.083619918838984,3.0,8.569482645313268,False
39.7027_32.6471,0.15102299919539386,0.0042764292207859355,0.5878535825870699,25.662650602409638,25.653102564152253,5.030120481927711,0.05228411282701838,0.002161784313471634,0.30073397108128047,17.074626865671643,17.083619918838984,5.0,8.569482645313268,False
39.7027_32.7412,0.5722417369694274,0.017293147299702785,2.419772163390058,24.242168674698792,23.668439449312555,5.030120481927711,0.3133289021565547,0.012276166021701368,1.7216114648918932,17.035820895522388,18.197982821810598,5.0,5.470456627501957,False
39.7027_32.8118,1.2994392082795234,0.03518130945839113,4.83169194527277,26.691063554918976,27.048506397084342,48.98795180722892,0.8306284419578169,0.02392980701056717,3.5271588550360593,24.03307703904719,23.440060715779115,43.16417910447761,3.608445681305227,False
39.7027_32.9647,0.21026082715118863,0.006115104867955271,0.8105136719848581,24.05722891566265,27.899073633891657,2.746987951807229,0.14240841254421105,0.0045460350437643736,0.7888717853370292,16.895522388059703,18.644843721896006,2.044776119402985,9.254229911995651,False
39.7117_32.3176,0.8531497122510662,0.037666128431250744,3.117728646544942,27.92168674698795,27.90071660832313,1.0060240963855422,0.3140996050674462,0.020156947222649605,1.633584654049341,19.970149253731343,19.902134349895544,1.0,7.998582258427586,False
39.7117_32.3529,1.3561860357086262,0.03868353813294248,5.272528318569952,26.066265060240966,25.78239245211407,5.030120481927711,0.8988285953504221,0.02706207621517522,3.6542027686760665,23.99328358208955,25.199222936549422,4.507462686567164,0.5831695155646486,False
39.7117_32.6588,0.15102299919539386,0.0042764292207859355,0.5878535825870699,25.662650602409638,25.653102564152253,1.0060240963855422,0.05228411282701838,0.002161784313471634,0.30073397108128047,17.074626865671643,17.083619918838984,1.0,8.569482645313268,False
39.7117_32.7529,0.8002069260937168,0.02279427137754648,3.1810855042569517,26.96557659208262,25.165434364519744,7.042168674698795,0.4305381789615931,0.016262528616693594,2.2931184686955106,18.30277185501066,18.677818248664448,7.0,6.487616115855296,False
39.7117_32.8118,1.3435900463819417,0.037580779183613716,5.167129765813234,26.07441805182769,26.113004161578708,26.50602409638554,0.8239057980652044,0.025348566855977833,3.715310102092155,22.866532721010334,22.067615286490796,23.582089552238806,4.045388875087912,False
39.7117_32.9647,0.022702504879635606,0.00128497072218603,0.14155823031880285,15.93125,15.89153272850661,1.00625,0.01429326610279761,0.0012809043591411374,0.14061483409238776,10.046875,10.004367770173994,1.0,5.887164958332615,False
39.7207_32.3176,0.8531497122510662,0.037666128431250744,3.117728646544942,27.92168674698795,27.90071660832313,1.0060240963855422,0.3140996050674462,0.020156947222649605,1.633584654049341,19.970149253731343,19.902134349895544,1.0,7.998582258427586,False
39.7207_32.3412,1.2525448882517611,0.03251018428240218,4.840801810156989,27.612048192771088,25.978549353834865,5.030120481927711,0.8767991943284044,0.023762924477431297,3.451900017788284,26.46791044776119,25.967177049623974,4.507462686567164,0.01137230421089086,False
39.7207_32.3529,1.2896958024173135,0.036314428068304004,5.101978367561112,26.782181357006973,25.367741002727346,19.1144578313253,0.8763921607870897,0.0257613298248409,3.5700171800318126,25.55579994763027,25.195876845616386,17.029850746268657,0.17186415711096004,False
39.7207_32.3647,1.9669699971647603,0.06371449449430185,8.013745569210684,23.670180722891565,24.631001783476503,4.024096385542169,1.2582489650557636,0.043460487986296516,5.457610943438483,22.043532338308456,23.76538286326055,3.5074626865671643,0.865618920215951,False
39.7207_32.4,0.7646157628945925,0.018450568364509798,2.8955381967430163,26.15963855421687,26.116622954402644,1.0060240963855422,0.5622437264228309,0.01574544858126942,2.388059701492537,23.582089552238806,23.51226012793177,1.0,2.6043628264708722,False
39.7207_32.4118,0.33728765591227144,0.012188025592345409,1.8482179483562062,19.70331325301205,17.980040346411663,2.0120481927710845,0.2570549855145612,0.00847366482306533,1.2879683728717248,20.91044776119403,20.396250449620922,1.507462686567164,2.4162101032092593,False
39.7207_32.4235,0.4404600671800304,0.017283646160126457,2.1021200879939537,21.34698795180723,20.747529411583187,5.030120481927711,0.26107516250283663,0.01120185331476345,1.3425110070485524,20.3681592039801,20.183110634323246,4.014925373134329,0.5644187772599416,False
39.7207_32.4353,0.3080609128745468,0.010672948892101805,1.6233512685221159,20.99457831325301,18.63703102097483,5.030120481927711,0.2235684946090762,0.007303780144494561,1.1104140619188332,21.444776119402984,20.68241630671125,4.014925373134329,2.045385285736419,False
39.7207_32.6588,0.21154755470782863,0.003995939738299237,0.5815797022981699,36.83032128514056,36.27634720161951,3.0180722891566263,0.09132662942372784,0.002045725004538161,0.3179253894909566,27.815920398009947,29.078866683492873,3.0,7.1974805181266355,False
39.7207_32.6706,0.15102299919539386,0.0042764292207859355,0.5878535825870699,25.662650602409638,25.653102564152253,3.0180722891566263,0.05228411282701838,0.002161784313471634,0.30073397108128047,17.074626865671643,17.083619918838984,3.0,8.569482645313268,False
39.7207_32.7059,0.48361966492809205,0.007711389994111836,1.1568855243074398,42.41415662650602,41.72849369265329,2.0120481927710845,0.22169577544416522,0.0039753907001429025,0.6530421973915894,33.1865671641791,34.33235260570641,2.0,7.396141086946876,False
39.7207_32.7529,0.7631905383984816,0.022015405802421614,3.0738835035529632,26.315930388219545,24.842327936728907,9.05421686746988,0.41614314359238297,0.015796519603630963,2.2250596101909026,18.091210613598673,18.623587386966893,9.0,6.218740549762014,False
39.7207_32.8,1.1496288002520967,0.03208914215453349,4.298857753999944,27.538896388228498,26.752265261026835,25.0,0.6971265769107818,0.022421299945106655,2.992501461132725,24.147583300325028,23.130392325912975,23.44776119402985,3.62187293511386,False
39.7207_32.8118,1.163025180756998,0.031513541599817584,4.453146853367648,26.20967746183462,26.174294563936623,38.45180722891566,0.6876276425992519,0.021146069888783425,3.1003513995671876,22.947579018594908,22.05871011884471,36.1044776119403,4.115584445091912,False
39.7207_32.8824,0.05767451454755186,0.0022229876954626797,0.3090073058190207,18.60542168674699,18.56629677681786,1.0060240963855422,0.019579628453477247,0.0013496348046998523,0.188631311527469,10.402985074626866,10.382820918449228,1.0,8.183475858368633,False
39.7207_32.9647,0.022702504879635606,0.00128497072218603,0.14155823031880285,15.93125,15.89153272850661,1.00625,0.01429326610279761,0.0012809043591411374,0.14061483409238776,10.046875,10.004367770173994,1.0,5.887164958332615,False
39.7297_32.3529,1.0644025897823732,0.02957377271740157,4.0401191145442885,28.804647160068846,26.388256410525567,7.042168674698795,0.6863070801747538,0.02029818528282107,2.746900118755054,26.129708599857853,25.575465502637517,6.507462686567164,0.8127909078880506,False
39.7297_32.3647,1.6751118418774447,0.054389252047998084,6.746724512402228,25.551004016064255,24.90081964447916,15.090361445783133,1.0328492541714729,0.036092581311271466,4.479775952215863,23.168407960199005,23.80065554863681,13.522388059701493,1.1001640958423486,False
39.7297_32.3765,1.0184833493837393,0.0413614530772944,4.54277636217157,22.44277108433735,22.28836968764314,6.036144578313253,0.5336678500919586,0.02571501460864006,2.7698960447151215,20.154228855721392,20.084300307477505,5.014925373134329,2.2040693801656346,False
39.7297_32.3882,1.7062994245021323,0.07533225686250151,6.235457293089886,27.92168674698795,27.90071660832313,1.0060240963855422,0.6281992101348925,0.04031389444529926,3.2671693080986817,19.970149253731343,19.902134349895544,1.0,7.998582258427586,False
39.7297_32.5294,0.8237413941480206,0.07094449225473318,9.93222891566265,8.289156626506024,8.25301204819277,1.0060240963855422,0.43017057569296374,0.06609808102345413,9.236673773987206,4.656716417910448,4.656441295825022,1.0,3.5965707523677484,False
39.7297_32.5412,0.8237413941480206,0.07094449225473318,9.93222891566265,8.289156626506024,8.25301204819277,2.0120481927710845,0.43017057569296374,0.06609808102345413,9.236673773987206,4.656716417910448,4.656441295825022,2.0,3.5965707523677484,False
39.7297_32.6706,1.349484352541391,0.02050199703521085,3.1071041236055676,39.8105421686747,43.41665182296084,5.0120481927710845,1.0156814809185204,0.016975019438708352,2.732332329927009,33.100746268656714,37.33164047626118,4.0,6.085011346699659,False
39.7297_32.6824,0.6693105214407896,0.010405352960047465,1.568714522926761,44.80722891566265,42.601421661095834,7.042168674698795,0.3092390916592334,0.005370303241136838,0.8899554289763734,35.488272921108745,35.14447370299952,7.0,7.456947958096315,False
39.7297_32.6941,0.3325966657326982,0.0034349607733258074,0.5690319417203699,59.16566265060241,59.11306729701739,1.0060240963855422,0.1694116626171468,0.0018136063866712657,0.3523082263103089,49.298507462686565,49.26253934409585,1.0,9.850527952921539,False
39.7297_32.7176,0.38903745862712547,0.008467585325098592,1.1414744655876365,53.46471600688468,34.291513329768144,13.975903614457831,0.2948460521253966,0.007570542232596752,1.1363165249744474,26.182835820895523,26.030273365989252,8.0,8.261239963778891,False
39.7297_32.7294,0.4095668133997534,0.007634032219598015,1.0966086622056115,46.39685314685315,37.34984737230365,13.042168674698795,0.22591060051732373,0.004805032037781597,0.7535028270101191,32.29579375848033,30.129676842486496,11.0,7.220170529817153,False
39.7297_32.7412,0.5337383128449534,0.015315758098912384,2.0446129282336987,46.971218206157964,26.124078073175475,14.981927710843374,0.4294443701771793,0.015885110969875417,2.238982636915747,18.955223880597014,18.969959928271837,9.0,7.154118144903638,False
39.7297_32.7529,0.9911639228261862,0.02817313943060757,3.8444888871672713,37.4058734939759,25.751367413903324,10.024096385542169,0.6187763884553833,0.023260278947508872,3.2776527476301163,18.41231343283582,18.716085020313752,8.0,7.035282393589572,False
39.7297_32.8,1.2475364026887341,0.03546396496767637,4.709192093538532,26.517733640606384,26.57766720870254,30.53012048192771,0.765643472940676,0.024577106577878673,3.397868009400545,22.509362528019246,22.4357338749475,27.582089552238806,4.141933333755041,False
39.7297_32.8235,0.31999234623950806,0.011004699139206065,0.9122464213460688,36.68825301204819,35.23563386954935,19.97590361445783,0.2981839129086667,0.01434498128835119,1.1599778683207151,17.06467661691542,25.7377390685754,12.0,9.497894800973953,False
39.7297_32.8471,0.10521780609026139,0.006058717629137182,0.8323716321223591,12.69578313253012,12.660766019977459,2.0120481927710845,0.03364404033472479,0.002516154857894354,0.40174605897714494,8.716417910447761,8.682165210812299,2.0,3.97860080916516,False
39.7297_32.9529,0.022702504879635606,0.00128497072218603,0.14155823031880285,15.93125,15.89153272850661,1.00625,0.01429326610279761,0.0012809043591411374,0.14061483409238776,10.046875,10.004367770173994,1.0,5.887164958332615,False
39.7297_32.9647,0.022702504879635606,0.00128497072218603,0.14155823031880285,15.93125,15.891532728506608,3.01875,0.01429326610279761,0.0012809043591411374,0.14061483409238776,10.046875,10.004367770173994,3.0,5.8871649583326136,False
39.7297_33.0118,0.1830777262916515,0.0054001796106328635,0.7110364759568638,22.850430292598965,27.513526861746442,6.463855421686747,0.1187098176376293,0.003939836554138569,0.67087538494862,15.57100213219616,18.26635831278505,5.044776119402985,9.24716854896139,False
39.7297_33.0588,0.022702504879635606,0.00128497072218603,0.14155823031880285,15.93125,15.89153272850661,2.0125,0.01429326610279761,0.0012809043591411374,0.14061483409238776,10.046875,10.004367770173994,2.0,5.887164958332615,False
39.7387_32.4,1.5991942336294238,0.05107438928159844,6.255246266075242,25.159208261617902,25.654852028725752,7.042168674698795,0.9814067273562902,0.034095325505635384,4.206788403244129,22.651741293532336,23.99775011036013,6.507462686567164,1.6571019183656226,False
39.7387_32.4118,1.2797245683765992,0.05649919264687612,4.676592969817414,27.92168674698795,27.90071660832313,1.0060240963855422,0.47114940760116936,0.030235420833974416,2.4503769810740113,19.970149253731343,19.902134349895544,1.0,7.998582258427586,False
39.7387_32.5412,0.8237413941480206,0.07094449225473318,9.93222891566265,8.289156626506024,8.25301204819277,2.0120481927710845,0.43017057569296374,0.06609808102345413,9.236673773987206,4.656716417910448,4.656441295825022,2.0,3.5965707523677484,False
39.7387_32.5882,0.31648382244464046,0.004652764720345947,0.6761921636124328,46.6355421686747,46.65959431417693,1.0060240963855422,0.19684291627098596,0.003691028650265997,0.5443371378402106,36.46268656716418,36.466400988256,1.0,10.19319332592093,False
39.7387_32.6588,0.31648382244464046,0.004652764720345947,0.6761921636124328,46.6355421686747,46.65959431417693,1.0060240963855422,0.19684291627098596,0.003691028650265997,0.5443371378402106,36.46268656716418,36.466400988256,1.0,10.19319332592093,False
39.7387_32.6706,1.1787381972562063,0.017188049979555406,2.6221698898749364,41.42430762009075,44.984438430375924,14.03012048192771,0.9501548263909547,0.015361653114496752,2.474786318143623,35.15332428765265,38.58368343317226,11.0,6.400754997203663,False
39.7387_32.7059,0.19511111111111107,0.006372155287817918,0.8797858099062918,22.349397590361445,22.373318484142704,2.0120481927710845,0.10776782752902153,0.00392703150912101,0.5522255389718076,19.17910447761194,19.177448940072946,2.0,3.195869544069758,False
39.7387_32.7176,0.3393586266845396,0.009580458841071404,1.2372878629847177,52.74246987951807,27.495128563821808,7.975903614457831,0.2539488392095607,0.009574535532801416,1.342312157052264,18.12686567164179,18.441721078019,4.0,9.053407485802808,False
39.7387_32.7412,0.2809899221859196,0.00793052784474237,0.9991912616200171,61.77911646586346,28.58600863845079,8.94578313253012,0.32330348258706465,0.011781094527363157,1.6566766169154228,19.17910447761194,19.177448940072946,3.0,9.408559698377843,False
39.7387_32.7529,1.3174765459359008,0.03738781702756681,5.164600791768125,34.31572443620636,25.500359092998973,15.05421686746988,0.783157616879279,0.029524554602905956,4.162194049770599,18.516647531572907,18.68166937170731,13.0,6.818689721291662,False
39.7387_32.7647,0.7179753313598589,0.020470778302058578,2.8634563876834536,27.182730923694777,25.098405392070646,3.0180722891566263,0.40775506497719405,0.015263522777703237,2.1552828778462474,18.507462686567163,18.84527810658653,3.0,6.253127285484116,False
39.7387_32.8235,0.11921495509982817,0.0039522012275533145,0.4263160915424377,35.795180722891565,28.07633371563292,3.9879518072289155,0.03915925690695454,0.0026992696093997987,0.3772626230549381,10.402985074626866,10.382820918449228,2.0,17.693512797183693,False
39.7387_32.9882,0.022702504879635606,0.00128497072218603,0.14155823031880285,15.93125,15.89153272850661,2.0125,0.01429326610279761,0.0012809043591411374,0.14061483409238776,10.046875,10.004367770173994,2.0,5.887164958332615,False
39.7387_33.0,0.022702504879635606,0.00128497072218603,0.14155823031880285,15.93125,15.89153272850661,1.00625,0.01429326610279761,0.0012809043591411374,0.14061483409238776,10.046875,10.004367770173994,1.0,5.887164958332615,False
39.7477_32.4,0.33728765591227144,0.012188025592345409,1.8482179483562062,19.70331325301205,17.980040346411663,2.0120481927710845,0.2570549855145612,0.00847366482306533,1.2879683728717248,20.91044776119403,20.396250449620922,1.507462686567164,2.4162101032092593,False
39.7477_32.4235,1.7982457102769285,0.05584206735619325,6.655768532092208,27.222289156626506,27.14698486391128,10.060240963855422,1.0628081760124988,0.03656806538068136,4.43715559244626,23.113432835820895,24.534511675630217,10.0,2.6124731882810615,False
39.7477_32.4353,1.9032563767242463,0.0578616161256313,7.048884074930793,27.14457831325301,27.136583097915736,3.0180722891566263,1.1459980172286157,0.03839152295379599,4.748663474490361,23.46268656716418,24.714708096493215,3.0,2.4218750014225208,False
39.7477_32.5294,0.8237413941480206,0.07094449225473318,9.93222891566265,8.289156626506024,8.25301204819277,2.0120481927710845,0.43017057569296374,0.06609808102345413,9.236673773987206,4.656716417910448,4.656441295825022,2.0,3.5965707523677484,False
39.7477_32.6,0.31648382244464046,0.004652764720345947,0.6761921636124328,46.6355421686747,46.65959431417693,4.024096385542169,0.19684291627098596,0.003691028650265997,0.5443371378402106,36.46268656716418,36.466400988256,4.0,10.19319332592093,False
39.7477_32.6235,0.31648382244464046,0.004652764720345947,0.6761921636124328,46.6355421686747,46.65959431417693,2.0120481927710845,0.19684291627098596,0.003691028650265997,0.5443371378402106,36.46268656716418,36.466400988256,2.0,10.19319332592093,False
39.7477_32.6471,1.0650319228495242,0.01478193323489789,2.2486873267669876,44.993061531841654,47.30083210818523,16.06024096385542,0.7680069556724111,0.012374197912800497,1.9686223667176166,37.311300639658846,39.181488695642415,14.0,8.119343412542818,False
39.7477_32.6588,1.0219746144218838,0.01390503781760718,2.1498537752757234,44.01144578313253,47.56101830864985,10.024096385542169,0.8094718009755445,0.012340988400061518,2.021216177320379,37.94776119402985,40.264133332264315,8.0,7.296884976385535,False
39.7477_32.7176,0.4088477434970767,0.011834156902275154,1.5573264798231592,46.41867469879518,26.240946595782315,6.9879518072289155,0.28009089562306994,0.010655427689537238,1.4926791425929042,18.12686567164179,18.27907888957052,4.0,7.961867706211795,False
39.7477_32.7294,0.19511111111111107,0.006372155287817918,0.8797858099062918,22.349397590361445,22.373318484142704,1.0060240963855422,0.10776782752902153,0.00392703150912101,0.5522255389718076,19.17910447761194,19.177448940072946,1.0,3.195869544069758,False
39.7477_32.7412,0.19511111111111107,0.006372155287817918,0.8797858099062918,22.349397590361445,22.373318484142704,2.0120481927710845,0.10776782752902153,0.00392703150912101,0.5522255389718076,19.17910447761194,19.177448940072946,2.0,3.195869544069758,False
39.7477_32.7529,0.895962502616301,0.025239546360553422,3.4948646313777987,35.03004876649455,25.445465580090474,28.042168674698797,0.5791140424969097,0.020825654858248097,3.0115495073669045,18.889836531627576,18.936209242135142,21.0,6.509256337955332,False
39.7477_32.7647,0.5580179049752552,0.019394368779542558,1.41351505609327,40.12801204819277,39.51512039589187,2.0120481927710845,0.4081166124560454,0.01881820232312699,1.3627041794261345,30.388059701492537,29.968355043127517,2.0,9.546765352764353,False
39.7477_32.8118,0.33469175188077815,0.011338420559421811,0.9002653610314489,38.66602774735305,36.83121658044582,10.921686746987952,0.08852418462930815,0.004046155327712711,0.5658266236187507,15.691542288557212,15.58198644506332,3.0,21.249230135382497,False
39.7477_32.8588,0.10521780609026139,0.006058717629137182,0.8323716321223591,12.69578313253012,12.660766019977459,2.0120481927710845,0.03364404033472479,0.002516154857894354,0.40174605897714494,8.716417910447761,8.682165210812299,2.0,3.97860080916516,False
39.7477_32.8706,0.10521780609026139,0.006058717629137182,0.8323716321223591,12.69578313253012,12.660766019977459,1.0060240963855422,0.03364404033472479,0.002516154857894354,0.40174605897714494,8.716417910447761,8.682165210812299,1.0,3.97860080916516,False
39.7477_33.1059,0.022702504879635606,0.00128497072218603,0.14155823031880285,15.93125,15.89153272850661,1.00625,0.01429326610279761,0.0012809043591411374,0.14061483409238776,10.046875,10.004367770173994,1.0,5.887164958332615,False
39.7568_32.3882,0.334943974966741,0.006799359178549339,0.9590961044801288,35.65060240963855,35.634944736871034,1.0060240963855422,0.204452078642557,0.004804902393166357,0.6630301060792461,31.149253731343283,31.100965773966465,1.0,4.53397896290457,False
39.7568_32.6353,0.31648382244464046,0.004652764720345947,0.6761921636124328,46.6355421686747,46.65959431417693,8.048192771084338,0.19684291627098596,0.003691028650265997,0.5443371378402106,36.46268656716418,36.466400988256,8.0,10.19319332592093,False
39.7568_32.6471,0.31648382244464046,0.004652764720345947,0.6761921636124328,46.6355421686747,46.65959431417693,2.0120481927710845,0.19684291627098596,0.003691028650265997,0.5443371378402106,36.46268656716418,36.466400988256,2.0,10.19319332592093,False
39.7568_32.6588,1.51529623053766,0.02088375247095605,3.1964546089903716,44.01144578313253,47.39521160870566,30.072289156626507,1.19637998522348,0.01888657485970138,3.0368362883756714,37.94776119402985,39.57431483309902,24.0,7.820896775606641,False
39.7568_32.7294,0.4312953706348179,0.01218436771999942,1.58388233583303,52.74246987951807,27.256743142935193,7.975903614457831,0.32010388071207996,0.012177631645185401,1.7059190201061762,18.12686567164179,18.279078889570524,4.0,8.977664253364669,False
39.7568_32.7412,0.5002327723530283,0.012784126780388769,1.782496201158356,54.99966532797858,27.883647562933096,17.94578313253012,0.41282824443277555,0.013840653815935888,2.0391540388529394,25.320066334991708,19.884543267846414,9.0,7.999104295086681,False
39.7568_32.7529,1.3733141122222938,0.03850950280536909,5.317956468802404,40.09087037806398,25.722414229567214,29.012048192771083,0.9591660805943192,0.035164225980513074,5.036339339998715,18.527611940298506,18.80368202857651,20.0,6.9187322009907035,False
39.7568_32.7765,0.6336331814651591,0.01928937628948446,2.698676501089004,24.042168674698797,23.511818659761897,6.036144578313253,0.3657605198001473,0.014165488057911794,1.9868536054247752,17.350746268656717,18.40256677015501,6.0,5.109251889606888,False
39.7568_32.8,1.3574640738890305,0.03665524129161439,5.041236024567545,26.756107663700053,27.086772996325102,123.47590361445783,0.8664634647763381,0.024894652842423554,3.681093440591022,24.034629311185324,23.435134062794635,108.91044776119404,3.6516389335304673,False
39.7568_32.8118,15.320123066823236,0.24468528345489743,29.558403551053726,36.44672712988402,51.182805351343674,136.36746987951807,12.16738537293059,0.24130321256555465,30.17301215323489,24.59106500615834,39.91480514871038,86.49253731343283,11.268000202633296,False
39.7568_32.8353,0.05767451454755186,0.0022229876954626797,0.3090073058190207,18.60542168674699,18.56629677681786,1.0060240963855422,0.019579628453477247,0.0013496348046998523,0.188631311527469,10.402985074626866,10.382820918449228,1.0,8.183475858368633,False
39.7568_32.8471,0.10521780609026139,0.006058717629137182,0.8323716321223591,12.69578313253012,12.660766019977459,2.0120481927710845,0.03364404033472479,0.002516154857894354,0.40174605897714494,8.716417910447761,8.682165210812299,2.0,3.97860080916516,False
39.7568_32.8588,0.10521780609026139,0.006058717629137182,0.8323716321223591,12.69578313253012,12.660766019977459,4.024096385542169,0.03364404033472479,0.002516154857894354,0.40174605897714494,8.716417910447761,8.682165210812299,4.0,3.97860080916516,False
39.7658_32.4,0.1461337151886233,0.007575383501217966,1.124333399170452,13.24698795180723,13.241203877570186,2.0120481927710845,0.07899389263902278,0.005062680810028885,0.7798135647701703,10.882352941176471,10.87876369185667,2.0,2.362440185713515,False
39.7658_32.4706,1.9032563767242463,0.0578616161256313,7.048884074930793,27.14457831325301,27.136583097915736,3.0180722891566263,1.1459980172286157,0.03839152295379599,4.748663474490361,23.46268656716418,24.714708096493215,3.0,2.4218750014225208,False
39.7658_32.5176,0.8237413941480206,0.07094449225473318,9.93222891566265,8.289156626506024,8.25301204819277,4.024096385542169,0.43017057569296374,0.06609808102345413,9.236673773987206,4.656716417910448,4.656441295825022,4.0,3.5965707523677484,False
39.7658_32.6,2.569201807228916,0.15173192771084337,21.265361445783135,11.936746987951807,11.96787792871465,3.0180722891566263,1.133823529411765,0.09558823529411764,13.382352941176471,8.558823529411764,8.518907563025211,3.0,3.448970365689439,False
39.7658_32.6471,0.32722571797001226,0.0038408954223324884,0.6047520156843907,54.98895582329317,54.120999391693886,6.036144578313253,0.17855541383509319,0.0024394138078695045,0.41631786348694283,45.01990049751243,43.40945353213666,6.0,10.711545859557226,False
39.7658_32.6588,0.8510130238663429,0.013209167471948785,1.9869597778671808,40.15700301204819,42.7882718818655,8.012048192771084,0.6920206894812835,0.012497113896977032,1.9260803395322965,34.646766169154226,36.1021697880072,6.0,6.686102093858295,False
39.7658_32.6706,1.176755061727991,0.01588310283208203,2.443210756077793,48.351405622489956,48.11508251665998,14.048192771084338,0.854057211021369,0.013195585368691323,2.1419936010205505,41.73134328358209,40.05642289547823,12.0,8.058659621181754,False
39.7658_32.6824,0.3325966657326982,0.0034349607733258074,0.5690319417203699,59.16566265060241,59.11306729701739,1.0060240963855422,0.1694116626171468,0.0018136063866712657,0.3523082263103089,49.298507462686565,49.26253934409585,1.0,9.850527952921539,False
39.7658_32.6941,0.3325966657326982,0.0034349607733258074,0.5690319417203699,59.16566265060241,59.11306729701739,1.0060240963855422,0.1694116626171468,0.0018136063866712657,0.3523082263103089,49.298507462686565,49.26253934409585,1.0,9.850527952921539,False
39.7658_32.7176,0.2809899221859196,0.00793052784474237,0.9991912616200171,61.77911646586346,28.58600863845079,8.94578313253012,0.32330348258706465,0.011781094527363157,1.6566766169154228,19.17910447761194,19.177448940072946,3.0,9.408559698377843,False
39.7658_32.7294,0.2809899221859196,0.00793052784474237,0.9991912616200173,61.77911646586346,28.586008638450785,11.927710843373495,0.32330348258706465,0.011781094527363157,1.6566766169154228,19.17910447761194,19.177448940072946,4.0,9.40855969837784,False
39.7658_32.7412,0.4668457235835627,0.012483626962330721,1.682170274639446,47.58891870001012,27.505661198039324,16.92168674698795,0.43502626258116517,0.015153460018760837,2.253891568818092,18.69722814498934,18.833104586049465,7.0,8.672556611989858,False
39.7658_32.7529,0.9890025055378038,0.026515713076940468,3.754834868252131,49.02033132530121,26.047218831260334,7.957831325301205,1.1179815209665955,0.03852167732764743,5.772850035536603,18.925373134328357,18.874850300462796,3.0,7.172368530797538,False
39.7658_32.7647,1.1771225201030844,0.03278652190994771,4.488676196317229,46.88125175119081,26.154676416354796,42.91566265060241,0.9760243809234332,0.03577498159806531,5.122556827311377,18.58146766169154,18.792703368241572,24.0,7.361973048113224,False
39.7658_32.8,0.695053665850455,0.020677269897051025,2.3748369096111968,39.53965863453815,28.859067984248384,11.927710843373495,0.62886460554371,0.02166844349680167,3.2472281449893385,18.925373134328357,18.874850300462796,4.0,9.984217683785587,False
39.7658_32.8118,18.67875497420809,0.267077934590005,35.11311677900367,37.494906560312906,52.52580672299088,131.4156626506024,15.345794610310909,0.2527376986689379,36.50039417892602,24.77308576837377,41.7322513697843,79.26865671641791,10.793555353206578,False
39.7658_32.8235,0.47143994548690843,0.012802667683040964,1.8378806628977677,38.20180722891566,25.259035040614467,1.9939759036144578,0.4192430703624733,0.014445628997867731,2.164818763326226,18.925373134328357,18.874850300462796,1.0,6.384184740151671,False
39.7658_32.8471,0.10521780609026139,0.006058717629137182,0.8323716321223591,12.69578313253012,12.660766019977459,4.024096385542169,0.03364404033472479,0.002516154857894354,0.40174605897714494,8.716417910447761,8.682165210812299,4.0,3.97860080916516,False
39.7658_32.9882,0.022702504879635606,0.00128497072218603,0.14155823031880285,15.93125,15.89153272850661,2.0125,0.01429326610279761,0.0012809043591411374,0.14061483409238776,10.046875,10.004367770173994,2.0,5.887164958332615,False
39.7748_32.3765,0.334943974966741,0.006799359178549339,0.9590961044801288,35.65060240963855,35.634944736871034,2.0120481927710845,0.204452078642557,0.004804902393166357,0.6630301060792461,31.149253731343283,31.100965773966465,2.0,4.53397896290457,False
39.7748_32.3882,0.334943974966741,0.006799359178549339,0.9590961044801288,35.65060240963855,35.634944736871034,4.024096385542169,0.204452078642557,0.004804902393166357,0.6630301060792461,31.149253731343283,31.100965773966465,4.0,4.53397896290457,False
39.7748_32.4,1.3804855761384112,0.040840863809937296,5.018954751447239,29.97991967871486,27.600148640594277,9.05421686746988,0.8321493710332628,0.02719598276691944,3.3867856850199898,26.024875621890548,25.098383505536745,9.0,2.501765135057532,False
39.7748_32.4118,0.334943974966741,0.006799359178549339,0.9590961044801288,35.65060240963855,35.634944736871034,1.0060240963855422,0.204452078642557,0.004804902393166357,0.6630301060792461,31.149253731343283,31.100965773966465,1.0,4.53397896290457,False
39.7748_32.4235,0.334943974966741,0.006799359178549339,0.9590961044801288,35.65060240963855,35.634944736871034,2.0120481927710845,0.204452078642557,0.004804902393166357,0.6630301060792461,31.149253731343283,31.100965773966465,2.0,4.53397896290457,False
39.7748_32.4353,0.33494397496674094,0.006799359178549339,0.9590961044801288,35.65060240963855,35.634944736871034,5.030120481927711,0.204452078642557,0.004804902393166357,0.6630301060792461,31.149253731343283,31.100965773966465,5.0,4.53397896290457,False
39.7748_32.5059,1.9032563767242463,0.0578616161256313,7.048884074930793,27.14457831325301,27.136583097915736,6.036144578313253,1.1459980172286157,0.03839152295379599,4.748663474490361,23.46268656716418,24.714708096493215,6.0,2.4218750014225208,False
39.7748_32.5176,0.8237413941480206,0.07094449225473318,9.93222891566265,8.289156626506024,8.25301204819277,2.0120481927710845,0.43017057569296374,0.06609808102345413,9.236673773987206,4.656716417910448,4.656441295825022,2.0,3.5965707523677484,False
39.7748_32.5882,2.569201807228916,0.15173192771084337,21.265361445783135,11.936746987951807,11.96787792871465,4.024096385542169,1.133823529411765,0.09558823529411764,13.382352941176471,8.558823529411764,8.518907563025211,4.0,3.448970365689439,False
39.7748_32.6588,0.3325966657326982,0.0034349607733258074,0.5690319417203699,59.16566265060241,59.11306729701739,1.0060240963855422,0.1694116626171468,0.0018136063866712657,0.3523082263103089,49.298507462686565,49.26253934409585,1.0,9.850527952921539,False
39.7748_32.6706,1.51529623053766,0.02088375247095605,3.1964546089903716,44.01144578313253,47.39521160870566,20.048192771084338,1.19637998522348,0.01888657485970138,3.0368362883756714,37.94776119402985,39.57431483309902,16.0,7.820896775606641,False
39.7748_32.7294,0.34114797561966037,0.009634507103784924,1.233409754556783,58.162951807228914,27.85534751118084,9.951807228915662,0.3217036816495723,0.01197936308627428,1.6812978185107994,18.652985074626866,18.685653204684588,4.0,9.169694306496254,False
39.7748_32.7529,0.4491895785460629,0.012157637606249895,1.7887936490460161,33.24598393574297,24.655328668954482,3.0,0.314432302771855,0.010834221748400825,1.6236140724946693,18.925373134328357,18.874850300462796,2.0,5.780478368491686,False
39.7748_32.7647,0.5548141753218575,0.014278787039246049,1.9854987340598085,54.65647590361446,27.76808521457237,19.867469879518072,0.6987384506041222,0.024076048329779613,3.608031272210377,18.925373134328357,18.874850300462796,6.0,8.893234914109573,False
39.7748_32.7765,1.4435816741367486,0.03946626296155511,5.489174771803188,39.16341730558598,26.169133601684916,54.96987951807229,1.000259916123447,0.03675545738191091,5.263486029537317,18.43667377398721,18.74921441144264,35.0,7.419919190242275,False
39.7748_32.8,6.821526734881832,0.09613581653619575,11.634704116292006,41.20413080895008,57.45732393579161,14.006024096385541,4.308031995532038,0.07720700943621758,10.166633798640735,26.48358208955224,41.77258517480727,9.776119402985074,15.684738760984338,False
39.7748_32.8118,17.311971337122074,0.2458765118725949,31.969591769045373,42.640503155256006,53.59689732396993,162.63855421686748,15.484355152974517,0.25473061042274187,36.214387910265806,28.426587476451978,42.36364018034018,90.14925373134328,11.23325714362975,False
39.7748_32.8235,5.261657494595215,0.07074381643411932,8.471707895878572,52.209600305985845,61.72533970893227,19.90963855421687,7.892279753282641,0.11842253278859571,15.518658120500232,44.411750769959724,50.19241210338348,8.552238805970148,11.532927605548785,False
39.7748_32.8353,0.10521780609026139,0.006058717629137182,0.8323716321223591,12.69578313253012,12.660766019977459,6.036144578313253,0.03364404033472479,0.002516154857894354,0.40174605897714494,8.716417910447761,8.682165210812299,6.0,3.97860080916516,False
39.7748_33.0353,0.022702504879635606,0.00128497072218603,0.14155823031880285,15.93125,15.89153272850661,1.00625,0.01429326610279761,0.0012809043591411374,0.14061483409238776,10.046875,10.004367770173994,1.0,5.887164958332615,False
39.7838_32.3765,0.334943974966741,0.006799359178549339,0.9590961044801288,35.65060240963855,35.634944736871034,2.0120481927710845,0.204452078642557,0.004804902393166357,0.6630301060792461,31.149253731343283,31.100965773966465,2.0,4.53397896290457,False
39.7838_32.4,0.334943974966741,0.006799359178549339,0.9590961044801288,35.65060240963855,35.634944736871034,1.0060240963855422,0.204452078642557,0.004804902393166357,0.6630301060792461,31.149253731343283,31.100965773966465,1.0,4.53397896290457,False
39.7838_32.4118,0.334943974966741,0.006799359178549339,0.9590961044801288,35.65060240963855,35.634944736871034,1.0060240963855422,0.204452078642557,0.004804902393166357,0.6630301060792461,31.149253731343283,31.100965773966465,1.0,4.53397896290457,False
39.7838_32.4235,0.334943974966741,0.006799359178549339,0.9590961044801288,35.65060240963855,35.634944736871034,1.0060240963855422,0.204452078642557,0.004804902393166357,0.6630301060792461,31.149253731343283,31.100965773966465,1.0,4.53397896290457,False
39.7838_32.4471,0.334943974966741,0.006799359178549339,0.9590961044801288,35.65060240963855,35.634944736871034,6.036144578313253,0.204452078642557,0.004804902393166357,0.6630301060792461,31.149253731343283,31.100965773966465,6.0,4.53397896290457,False
39.7838_32.5059,1.9032563767242463,0.0578616161256313,7.048884074930793,27.14457831325301,27.136583097915736,6.036144578313253,1.1459980172286157,0.03839152295379599,4.748663474490361,23.46268656716418,24.714708096493215,6.0,2.4218750014225208,False
39.7838_32.6,2.569201807228916,0.15173192771084337,21.265361445783135,11.936746987951807,11.96787792871465,2.0120481927710845,1.133823529411765,0.09558823529411764,13.382352941176471,8.558823529411764,8.518907563025211,2.0,3.448970365689439,False
39.7838_32.6824,1.3623910050798702,0.018500083758090907,2.832303590525086,46.611847389558235,48.108172738506525,12.036144578313253,1.0591795751561777,0.016435959721923597,2.6518658186904123,39.63880597014926,40.125366309636235,10.0,7.9828064288702905,False
39.7838_32.6941,1.5303014267461361,0.02060998901961337,3.1350405509113446,46.05640744797371,48.78243611730418,11.03012048192771,1.1369943784811196,0.01792926775239939,2.862170116859481,38.78441127694859,39.88875972304005,9.0,8.893676394264126,False
39.7838_32.7059,8.740803661797871,0.09272841970546877,16.032372763255598,57.73293172690763,54.667141864468476,3.13855421686747,6.233443530122211,0.08151546034758123,13.460516918815713,45.57711442786069,46.02681688402453,3.0,8.64032498044395,False
39.7838_32.7882,1.649492585102619,0.04350194318079153,6.075633163551285,41.966770307034594,26.973467289480446,54.897590361445786,1.1764647920732727,0.04272903764758839,6.1489454123179215,18.6783822821377,18.831012907858145,31.0,8.1424543816223,False
39.7838_32.8,13.619573646785831,0.19541356047146513,25.24769624870042,38.57724567327483,53.24880843484579,296.00602409638554,11.165400697193434,0.1855130741149654,26.129320038920884,27.587862652622743,42.34656118366959,181.91044776119404,10.902247251176199,False
39.7838_32.8118,10.467405807735412,0.1464117651917319,19.016311983509542,45.28814755661598,54.584575431899495,108.56024096385542,11.304617655945153,0.17540859603291725,24.963931682178497,34.772262584317026,44.93763402469306,57.0,9.646941407206434,False
39.7838_32.8235,10.721909590705854,0.12586918308236042,15.75015432760234,47.43651710192828,68.16742754722205,108.79518072289157,15.532357247151266,0.20655660291795877,27.14779838603588,43.51405521798124,56.70652313455234,45.55223880597015,11.460904412669706,False
39.7838_32.8353,8.286506020881616,0.08908342309570116,11.28258651193843,53.179332023434235,73.88438323481518,75.40361445783132,13.811913989597047,0.17369935445150197,22.74010057292774,54.61525704809287,60.23084306571668,27.0,13.653540169098498,False
39.7838_32.8471,4.354374116605563,0.04705451009637564,5.967210300417723,51.04347389558233,73.38922415620935,28.44578313253012,7.359858489540097,0.09292546143819874,12.104417578143698,54.417910447761194,60.29769610866963,10.0,13.091528047539718,False
39.7928_32.3765,0.334943974966741,0.006799359178549339,0.9590961044801288,35.65060240963855,35.634944736871034,1.0060240963855422,0.204452078642557,0.004804902393166357,0.6630301060792461,31.149253731343283,31.100965773966465,1.0,4.53397896290457,False
39.7928_32.3882,0.334943974966741,0.006799359178549339,0.9590961044801288,35.65060240963855,35.634944736871034,4.024096385542169,0.204452078642557,0.004804902393166357,0.6630301060792461,31.149253731343283,31.100965773966465,4.0,4.53397896290457,False
39.7928_32.4,0.334943974966741,0.006799359178549339,0.9590961044801288,35.65060240963855,35.634944736871034,2.0120481927710845,0.204452078642557,0.004804902393166357,0.6630301060792461,31.149253731343283,31.100965773966465,2.0,4.53397896290457,False
39.7928_32.4118,0.1461337151886233,0.007575383501217966,1.124333399170452,13.24698795180723,13.241203877570186,2.0120481927710845,0.07899389263902278,0.005062680810028885,0.7798135647701703,10.882352941176471,10.87876369185667,2.0,2.362440185713515,False
39.7928_32.4235,0.334943974966741,0.006799359178549339,0.9590961044801288,35.65060240963855,35.634944736871034,1.0060240963855422,0.204452078642557,0.004804902393166357,0.6630301060792461,31.149253731343283,31.100965773966465,1.0,4.53397896290457,False
39.7928_32.4471,1.9032563767242463,0.0578616161256313,7.048884074930793,27.14457831325301,27.136583097915736,12.072289156626505,1.1459980172286157,0.03839152295379599,4.748663474490361,23.46268656716418,24.714708096493215,12.0,2.4218750014225208,False
39.7928_32.4588,0.334943974966741,0.006799359178549339,0.9590961044801288,35.65060240963855,35.634944736871034,1.0060240963855422,0.204452078642557,0.004804902393166357,0.6630301060792461,31.149253731343283,31.100965773966465,1.0,4.53397896290457,False
39.7928_32.5412,0.8237413941480206,0.07094449225473318,9.93222891566265,8.289156626506024,8.25301204819277,1.0060240963855422,0.43017057569296374,0.06609808102345413,9.236673773987206,4.656716417910448,4.656441295825022,1.0,3.5965707523677484,False
39.7928_32.5529,0.8237413941480206,0.07094449225473318,9.93222891566265,8.289156626506024,8.25301204819277,1.0060240963855422,0.43017057569296374,0.06609808102345413,9.236673773987206,4.656716417910448,4.656441295825022,1.0,3.5965707523677484,False
39.7928_32.6,2.569201807228916,0.15173192771084337,21.265361445783135,11.936746987951807,11.967877928714648,5.030120481927711,1.1338235294117647,0.09558823529411764,13.382352941176471,8.558823529411764,8.518907563025211,5.0,3.448970365689437,False
39.7928_32.6824,5.314747009562821,0.05646551737503482,10.477418731002608,47.27239928745953,50.77271804405915,13.162650602409638,4.120776697731419,0.0530599697513526,9.578450245397935,40.028493894165535,42.88298914445053,11.0,7.88972889960862,False
39.7928_32.6941,1.51529623053766,0.02088375247095605,3.1964546089903716,44.01144578313253,47.39521160870566,20.048192771084338,1.19637998522348,0.01888657485970138,3.0368362883756714,37.94776119402985,39.57431483309902,16.0,7.820896775606641,False
39.7928_32.7059,5.994592593193458,0.06156739657641677,11.219313363854832,55.191266215758176,53.54095285048655,20.427710843373493,4.790635350599717,0.05989105259173475,10.525694608103553,46.64705882352941,45.308006978788896,17.0,8.232945871697652,False
39.7928_32.7176,1.6815884672711465,0.017909265929698114,2.5285368277232645,66.45180722891567,66.52967085428548,2.0120481927710845,0.6619095245422373,0.010270810893983627,1.4648407447299585,45.47761194029851,45.52985074626866,2.0,20.999820108016827,False
39.7928_32.7882,1.6031706240388481,0.04289435911611211,5.991686660558604,39.37654514160538,26.605357574145273,21.987951807228917,1.0759435011427083,0.03928612113650923,5.632296976889724,18.653518123667375,18.840279540503058,14.0,7.765078033642215,False
39.7928_32.8,9.221108810352447,0.1432624714059847,18.290896975405374,38.37763849675052,49.683658018256395,144.01807228915663,7.169007769899685,0.1373357460320046,19.026927369089044,26.247815926963725,37.32763892139051,87.02985074626865,12.356019096865886,False
39.7928_32.8118,9.970857099665649,0.1187055742529991,14.703963933827831,49.83159138189419,67.96642676629196,44.8855421686747,17.061430261298877,0.2313028676277785,30.292882702860666,50.63327114427861,55.775139958361805,15.776119402985074,12.191286807930155,False
39.7928_32.8353,4.764618536733641,0.05101061837676577,6.467815687358009,53.81133592340375,74.08905995642243,21.72289156626506,7.748511439834814,0.09717548160484059,12.670071811810248,55.082089552238806,60.63535550137812,8.0,13.45370445504431,False
39.7928_32.8471,4.757723325775759,0.05127009697909071,6.505529586412495,53.41643385134741,73.58757952780975,43.4277108433735,8.16783677295564,0.10298478856278856,13.425765844748431,55.492537313432834,60.3297132415861,15.0,13.257866286223653,False
39.8018_32.3765,0.8577147755525761,0.023820111494243304,2.9890254279636834,32.81526104417671,28.717817298806413,9.05421686746988,0.51830072483791,0.01600044258004287,2.024907895549618,28.587064676616915,26.00205097240346,9.0,2.715766326402953,False
39.8018_32.3882,0.334943974966741,0.006799359178549339,0.9590961044801288,35.65060240963855,35.634944736871034,1.0060240963855422,0.204452078642557,0.004804902393166357,0.6630301060792461,31.149253731343283,31.100965773966465,1.0,4.53397896290457,False
39.8018_32.4,0.1461337151886233,0.007575383501217966,1.124333399170452,13.24698795180723,13.241203877570186,6.036144578313253,0.07899389263902278,0.005062680810028885,0.7798135647701703,10.882352941176471,10.87876369185667,6.0,2.362440185713515,False
39.8018_32.4118,0.1461337151886233,0.007575383501217966,1.124333399170452,13.24698795180723,13.241203877570186,2.0120481927710845,0.07899389263902278,0.005062680810028885,0.7798135647701703,10.882352941176471,10.87876369185667,2.0,2.362440185713515,False
39.8018_32.4471,0.334943974966741,0.006799359178549339,0.9590961044801288,35.65060240963855,35.634944736871034,2.0120481927710845,0.204452078642557,0.004804902393166357,0.6630301060792461,31.149253731343283,31.100965773966465,2.0,4.53397896290457,False
39.8018_32.5294,0.8237413941480206,0.07094449225473318,9.93222891566265,8.289156626506024,8.25301204819277,2.0120481927710845,0.43017057569296374,0.06609808102345413,9.236673773987206,4.656716417910448,4.656441295825022,2.0,3.5965707523677484,False
39.8018_32.5412,2.9908314491381014,0.09092539676884923,11.076817832034104,27.14457831325301,27.136583097915736,21.126506024096386,1.800854027073539,0.06032953607025087,7.4621854599134245,23.46268656716418,24.714708096493215,21.0,2.4218750014225208,False
39.8018_32.5647,4.925301071950682,0.08131201919548009,11.185969805051789,41.8740796519411,43.68566466611002,9.048192771084338,3.2388638593384798,0.06400187940007361,8.643728580895903,40.66417910447761,37.296396618986314,8.0,6.389268047123707,False
39.8018_32.6941,4.4445623472676745,0.04773268090826159,8.718113475872771,48.104719841398,51.02189690914385,46.493975903614455,3.525340307186466,0.04557499891111042,8.150661365182847,41.019638648860955,43.11711726333409,38.0,7.904779645809761,False
39.8018_32.7059,6.374830413093256,0.0657389090037663,11.948489878117863,54.73258749282846,53.47592262586365,12.27710843373494,5.192475709668632,0.06513509070867593,11.397410298768598,46.4865671641791,45.34238002712458,10.0,8.133542598739076,False
39.8018_32.8,14.630795974430788,0.1999868969256661,27.089606348049248,51.04266476744068,54.216816029027925,53.765060240963855,18.949105166227525,0.3008310416084276,44.786176651440805,37.123808873253864,42.40928420032919,22.104477611940297,11.807531828698735,False
39.8018_32.8353,5.4833882778776415,0.06070724914061131,7.727405554331057,57.180471887550205,71.54091910008519,3.7409638554216866,11.522439437922266,0.1494592442263724,19.47131810825391,58.776119402985074,58.76459435697313,1.0,12.776324743112063,False
39.8108_32.4471,0.334943974966741,0.006799359178549339,0.9590961044801288,35.65060240963855,35.634944736871034,2.0120481927710845,0.204452078642557,0.004804902393166357,0.6630301060792461,31.149253731343283,31.100965773966465,2.0,4.53397896290457,False
39.8108_32.5294,0.8237413941480206,0.07094449225473318,9.93222891566265,8.289156626506024,8.25301204819277,4.024096385542169,0.43017057569296374,0.06609808102345413,9.236673773987206,4.656716417910448,4.656441295825022,4.0,3.5965707523677484,False
39.8108_32.5529,3.08258658659834,0.09456075099216014,11.326140980986759,27.649500440787538,27.34509772665451,41.24698795180723,1.8382108976224896,0.062227791005569535,7.580189687541803,23.93775027302512,24.831349653849994,41.0,2.5137480728045176,False
39.8108_32.5647,8.117224848186392,0.1308161165077817,18.53761594205533,39.005589063721224,43.41844642692316,43.2289156626506,5.284017366831932,0.10406226053900007,14.489710488760014,35.25216025137471,36.2709481929706,38.0,7.147498233952561,False
39.8108_32.5765,6.476582276800413,0.10842392490915762,14.890401157967162,45.05572289156626,43.360324786353026,2.0120481927710845,4.262995191541558,0.08165863307617068,11.274386223452236,41.67164179104478,37.59246917940586,2.0,5.767855606947165,False
39.8108_32.6471,0.9279051690633502,0.012527934317916751,1.7641129032258067,53.25903614457831,53.23582083435783,3.0180722891566263,0.8366634569090033,0.01227732306210873,1.7188252286952335,48.74626865671642,48.74733475479744,3.0,4.4884860795603885,False
39.8108_32.7059,8.228569704319401,0.0918557336670928,15.89472574307086,50.785537069261395,51.73020175176656,79.89759036144578,5.279844527173405,0.07138274231302782,12.38566964061558,41.996322734155314,42.38508699099965,69.0,9.345114760766904,False
39.8108_32.7176,4.3224178486266585,0.06167676892342932,8.627882445411695,56.545180722891565,49.459882331952095,5.006024096385542,1.9590456298500007,0.03918885740435537,5.987018821218001,32.3955223880597,32.61448680897458,2.0,16.845395522977512,False
39.8108_32.7647,0.680749856182075,0.012284328894441553,1.7212022843840789,32.48644578313253,39.61305523398923,4.024096385542169,0.5032408546785292,0.011738329998123308,1.6526847477792497,26.97761194029851,30.545781737726315,4.0,9.067273496262914,False
39.8108_32.8,22.80105525634977,0.30371802208627846,38.3396138701753,51.974086246018715,58.93877534458663,52.01807228915663,25.578870118550547,0.40648799808034514,56.64127581111361,39.30443178842629,44.90065578332573,22.880597014925375,14.038119561260899,False
39.8108_32.8824,2.7397037692052617,0.04015419476069414,5.6169448435945615,48.81024096385542,48.77156146901523,11.066265060240964,1.9597973435574423,0.03442420922908392,4.8232233328769,40.6865671641791,40.66378743170481,11.0,8.10777403731042,False
39.8198_32.4,0.1461337151886233,0.007575383501217966,1.124333399170452,13.24698795180723,13.241203877570186,1.0060240963855422,0.07899389263902278,0.005062680810028885,0.7798135647701703,10.882352941176471,10.87876369185667,1.0,2.362440185713515,False
39.8198_32.4235,0.334943974966741,0.006799359178549339,0.9590961044801288,35.65060240963855,35.634944736871034,2.0120481927710845,0.204452078642557,0.004804902393166357,0.6630301060792461,31.149253731343283,31.100965773966465,2.0,4.53397896290457,False
39.8198_32.5294,3.602672043140918,0.031007356150779722,5.209827139542545,69.07530120481928,68.85384697698872,2.0120481927710845,2.1422501316500626,0.021796557654362055,3.535007967013592,61.83582089552239,61.54446041664513,2.0,7.30938656034359,False
39.8198_32.5412,1.8973970177900357,0.1047694795245238,14.568860986113126,23.64759036144578,12.923569464531733,3.0180722891566263,0.6368538831944695,0.03763311954284798,5.097884073607864,32.43283582089552,26.02927215178345,2.014925373134328,13.105702687251716,False
39.8198_32.5529,7.004064314517786,0.0646673264290974,11.640460957668438,54.74096385542169,54.73183523234361,9.05421686746988,0.6619933732835481,0.011954542217338585,1.9229008332570277,36.791044776119406,36.79708599857854,9.0,17.934749233765075,False
39.8198_32.5647,27.52547467640176,0.46080168086392,63.284204921360434,45.05572289156626,43.360324786353026,8.048192771084338,18.117729564051622,0.3470491905737256,47.91614144967201,41.67164179104478,37.59246917940586,8.0,5.767855606947165,False
39.8198_32.5882,2.569201807228916,0.15173192771084337,21.265361445783135,11.936746987951807,11.96787792871465,2.0120481927710845,1.133823529411765,0.09558823529411764,13.382352941176471,8.558823529411764,8.518907563025211,2.0,3.448970365689439,False
39.8198_32.6471,10.18716616708436,0.14581285602955676,20.591600021118868,51.44367469879518,49.446008043302356,10.060240963855422,7.469117663150524,0.12014128321999701,16.902670979281147,46.35820895522388,43.77140759916922,10.0,5.674600444133134,False
39.8198_32.6588,12.863286180547878,0.18297017917833694,25.83854725483744,50.8968952734013,49.74866073251956,13.078313253012048,9.164481770399222,0.14685668383488057,20.65770212565454,45.169919632606195,43.89353082462506,13.0,5.855129907894501,False
39.8198_32.6941,8.331324429228136,0.09752455576327869,16.27957179426819,48.5973321858864,51.057872343653735,14.012048192771084,5.015807268528006,0.07203377077977642,12.448287231182054,41.14328358208955,39.99314626791905,10.0,11.064726075734683,False
39.8198_32.7059,5.452896441342808,0.06241632520568795,10.295647026465911,53.33500083282439,52.80003434183022,70.27710843373494,3.484710727432095,0.04840809665523788,7.941397701293006,43.754935002407315,43.61903746104266,62.0,9.18099688078756,False
39.8198_32.7176,12.316834122226458,0.14575474784930764,24.43547519458061,50.1453136962566,50.27404042183355,49.08433734939759,6.923026106543681,0.09921768215451518,17.175397424624606,38.93358208955224,40.029930847411926,40.0,10.244109574421621,False
39.8198_32.7294,11.187773443022081,0.13293202868198492,22.41919973459611,48.23916450789537,49.78035101532757,64.46385542168674,6.2610568654632734,0.09045207880964146,15.759226872355816,37.364647351477906,39.44908505521303,51.0,10.331265960114536,False
39.8198_32.7412,8.14893997794989,0.09439912972465066,16.06864157847964,48.93825838111806,50.45546343657168,34.18674698795181,4.26209775967312,0.06102050999026332,10.298248731754919,37.82270465852555,41.08452008177569,33.0,9.370943354795983,False
39.8198_32.7529,0.8711396258208182,0.015503321707472203,2.2367872717754,33.66867469879518,38.924277673456025,6.0,0.7548612820177936,0.01760749499718501,2.4790271216688744,26.97761194029851,30.545781737726315,4.0,8.37849593572971,False
39.8198_32.7647,0.6552318964928509,0.011288288658732335,1.5812912383307067,37.140562248995984,41.481295874661114,18.10843373493976,0.4764170298773016,0.010747954771452933,1.5124048389123692,29.42786069651741,31.5696488573566,18.0,9.911647017304514,False
39.8198_32.7882,20.78037635206047,0.2907714638034095,38.99517270891932,48.136026247848534,53.373149394769165,15.060240963855422,24.868237790904356,0.4031022476561444,59.29504743963658,35.898365316275765,42.15675157840257,6.776119402985074,11.216397816366594,False
39.8198_32.8,17.09573524210898,0.2696936428428457,29.336662116279967,54.115892139988524,58.44681132890415,13.518072289156626,17.568895808003028,0.359991531589875,38.94914383959123,31.847014925373134,44.83436457949066,8.0,13.612446749413486,False
39.8198_32.8118,2.247966523977308,0.03988177749009207,6.945841144608847,35.08433734939759,35.06982962851146,2.0120481927710845,1.2216414128042001,0.022081684834822295,5.493414831569472,24.313432835820894,24.23454157782516,2.0,10.835288050686298,False
39.8198_32.8235,2.7397037692052617,0.04015419476069414,5.6169448435945615,48.81024096385542,48.77156146901523,1.0060240963855422,1.9597973435574423,0.03442420922908392,4.8232233328769,40.6865671641791,40.66378743170481,1.0,8.10777403731042,False
39.8198_32.8706,2.7397037692052617,0.04015419476069414,5.6169448435945615,48.81024096385542,48.77156146901523,4.024096385542169,1.9597973435574423,0.03442420922908392,4.8232233328769,40.6865671641791,40.66378743170481,4.0,8.10777403731042,False
39.8288_32.4471,0.334943974966741,0.006799359178549339,0.9590961044801288,35.65060240963855,35.634944736871034,4.024096385542169,0.204452078642557,0.004804902393166357,0.6630301060792461,31.149253731343283,31.100965773966465,4.0,4.53397896290457,False
39.8288_32.5294,6.6678087751436435,0.07503737082109331,11.593680308945794,59.86883899233296,57.19851613305961,22.132530120481928,4.764169509006705,0.062492906703380195,9.485550294182561,54.928697421981006,50.57989616225932,21.074626865671643,6.618619970800296,False
39.8288_32.5529,11.09775297910044,0.16226582333767317,23.468138224340436,36.08827994906455,47.25664222318393,41.18072289156626,14.993128010584488,0.23469278664351476,34.161079146864374,37.023697302958894,43.81778788596962,24.82089552238806,3.438854337214309,False
39.8288_32.5647,45.82171073885448,0.6115301109801984,89.26922199840371,51.19277108433735,51.17488928556442,6.036144578313253,31.529574132492115,0.47910094637223966,69.5031545741325,45.44117647058823,45.442615401364456,6.0,5.732273884199962,False
39.8288_32.5765,20.820655442192024,0.3531574186996083,48.78238154682304,35.49704432704078,42.563527376462474,34.19879518072289,14.272357440306811,0.27567033000286617,38.24806212113815,33.80857485901525,37.155678715824855,32.04477611940298,5.407848660637619,False
39.8288_32.6471,6.983696882343305,0.10354318638110391,14.630560707080996,50.7425584691708,47.74399190846522,17.102409638554217,5.725880473430673,0.09445757397090943,13.309389664658344,45.956101843722564,42.80998744950021,17.0,4.934004458965006,False
39.8288_32.6588,11.890152034707286,0.16823346048821494,23.75347245332001,51.407936092194866,50.018194607375314,23.13855421686747,8.321206966311765,0.13277452632937478,18.669715916872388,45.57949383517197,44.063250254091095,23.0,5.954944353284219,False
39.8288_32.6824,10.635878835791841,0.1723882481464153,24.212596454559108,37.7710843373494,43.983138336667984,10.939759036144578,9.741163887403374,0.23462492099761775,33.21503233020565,28.955223880597014,28.91953753365588,4.0,15.063600803012104,False
39.8288_32.6941,9.89162684441318,0.13490741231644798,20.63271901571498,43.9777280623123,47.8567374181876,60.96987951807229,6.917950986645277,0.12591711929038427,19.4355886659587,37.057022579410635,35.20083621197829,39.0,12.655901206209307,False
39.8288_32.7059,8.30014856977905,0.10091392963148023,14.549269045244701,59.3566265060241,56.85828001174297,5.030120481927711,5.316161479700486,0.07862999674047524,11.268547289473586,43.76417910447761,46.997722230391076,5.0,9.860557781351893,False
39.8288_32.7176,3.4995702840862526,0.043374074852843565,6.262197372456672,47.589829907866765,55.758221657443436,17.102409638554217,2.5382549460774797,0.03861228461631942,5.535693911250135,36.95873573309921,45.69028691690232,17.0,10.067934740541112,False
39.8288_32.7294,8.214326050373188,0.10886589141987417,15.494482237676479,49.17340791738383,52.788597649655635,14.072289156626505,3.9513443966823925,0.06717146303370425,9.647702843481275,36.940298507462686,40.816699697715784,13.0,11.971897951939852,False
39.8288_32.7412,4.493467368405947,0.060755409964388524,8.675695132595951,43.34129307197442,51.58556090189932,33.126506024096386,2.318342125274809,0.040770189885837776,5.845759342315125,33.88265568708183,39.54861236479566,29.0,12.036948537103662,False
39.8288_32.7529,6.203970780165768,0.06573376399650403,12.592905102370914,47.52551165959476,49.19443707926868,54.13253012048193,4.5307314320695395,0.05449091215046158,11.029328636099095,36.93615257048093,41.02166416488999,36.0,8.17277291437869,False
39.8288_32.7647,8.784104633345036,0.09487860891166286,17.631004871319966,50.73957879202646,49.78506158567965,28.542168674698797,6.3903339697807064,0.07990733360554869,15.264232647236415,39.89402985074627,41.721872640378706,20.0,8.063188945300944,False
39.8288_32.8118,28.70619115076869,0.3670604599564633,54.35702936808959,50.40232722838538,52.93808316648271,22.86144578313253,30.24349041049924,0.43610448117218803,71.51876510338273,39.18543645409317,42.15990326757455,11.776119402985074,10.778179898908164,False
39.8288_32.8471,2.7397037692052617,0.04015419476069414,5.6169448435945615,48.81024096385542,48.77156146901523,9.05421686746988,1.9597973435574423,0.03442420922908392,4.8232233328769,40.6865671641791,40.66378743170481,9.0,8.10777403731042,False
39.8288_32.8706,2.7397037692052617,0.04015419476069414,5.6169448435945615,48.81024096385542,48.77156146901523,4.024096385542169,1.9597973435574423,0.03442420922908392,4.8232233328769,40.6865671641791,40.66378743170481,4.0,8.10777403731042,False
39.8288_32.8941,0.20980669793549853,0.005262392697758448,0.7357994412065892,28.572289156626507,28.557315170483303,1.0060240963855422,0.09872985544470717,0.0026937714366258164,0.37712800112762523,26.26865671641791,26.258884150675197,1.0,2.298431019808106,False
39.8288_32.9412,5.169321663553912,0.054067333162436955,7.597697782009497,68.14759036144578,68.14271132311647,1.0060240963855422,3.0440502653903736,0.037804896490193377,5.309622102254684,57.44776119402985,57.43856369942106,1.0,10.704147623695413,False
39.8378_32.4,0.1461337151886233,0.007575383501217966,1.124333399170452,13.24698795180723,13.241203877570186,1.0060240963855422,0.07899389263902278,0.005062680810028885,0.7798135647701703,10.882352941176471,10.87876369185667,1.0,2.362440185713515,False
39.8378_32.4471,0.2922674303772467,0.015150767002435936,2.248666798340904,13.24698795180723,13.241203877570186,1.0060240963855422,0.1579877852780456,0.010125361620057786,1.5596271295403406,10.882352941176471,10.87876369185667,1.0,2.362440185713515,False
39.8378_32.5294,12.432913540142273,0.1499531870217599,22.93750164398721,50.13438923156741,53.66532002776811,44.2289156626506,8.73955511942025,0.12355466748264912,18.472487400906324,45.888320381176825,47.51589886998254,35.16417910447761,6.149421157785568,False
39.8378_32.5412,12.94871045584101,0.16822317978328472,25.132367623592085,45.340995766009776,51.28890395226808,90.51807228915662,10.5873116309403,0.15595476715424633,23.048245926701604,42.691251355277004,46.10359022320162,74.94029850746269,5.185313729066458,False
39.8378_32.5529,9.764334246129593,0.12096597286770126,18.431663114918738,48.15830464716007,52.5683027274158,21.120481927710845,7.667737584141025,0.11067780779424158,16.45724509044534,44.12501776830135,46.79177435525918,18.059701492537314,5.776528372156619,False
39.8378_32.5765,23.72560644494654,0.38393695713129405,53.44904259708409,35.61683400267737,44.30127427307602,10.05421686746988,17.86059228551625,0.32579013644961874,45.51936111941996,32.509168443496804,39.24640506624119,8.044776119402986,5.05486920683483,False
39.8378_32.5882,23.72560644494654,0.38393695713129405,53.44904259708409,35.61683400267737,44.30127427307602,10.05421686746988,17.86059228551625,0.32579013644961874,45.51936111941996,32.509168443496804,39.24640506624119,8.044776119402986,5.05486920683483,False
39.8378_32.6588,11.657858440309493,0.16791656010204503,23.7163087734837,50.832530120481934,49.132601034432945,10.060240963855422,8.6564989385915,0.14009934415499148,19.71752234230076,45.680597014925375,43.51251211744964,10.0,5.620088916983306,False
39.8378_32.6706,8.159730792421218,0.11619239136631836,16.408423526818552,51.461746987951805,49.69390482039964,10.060240963855422,5.779738313564144,0.0928168284477373,13.056524479044395,46.002985074626864,43.78760920107051,10.0,5.9062956193291285,False
39.8378_32.6824,9.853540949991038,0.14233360377817644,21.437941570999453,39.66181392235609,45.97979062641862,8.963855421686747,8.112915526928731,0.1637070023882266,25.16307254685083,32.6865671641791,31.809068830714637,4.0,14.170721795703983,False
39.8378_32.7059,7.275769383553322,0.0927721624800393,13.277250018822027,48.11463617628409,54.61478237295946,19.07831325301205,4.911345507326786,0.07581103103280122,10.8187041954626,36.93097014925373,45.22853721968954,16.0,9.386245153269918,False
39.8378_32.7176,6.3185318313718675,0.08373064112219754,11.909802499512542,50.227134343826926,52.822746548456664,31.174698795180724,2.9001890003052666,0.04989391736971804,7.162082942391539,37.93233830845771,40.35923417905006,30.0,12.463512369406601,False
39.8378_32.7294,5.983699339068621,0.08277454543388205,11.673095052409158,50.868975903614455,51.012413602009374,4.024096385542169,1.7764416306870814,0.036466545450289094,5.2472233217100905,36.350746268656714,33.74166913384785,4.0,17.270744468161524,False
39.8378_32.7412,0.6008402646231367,0.007295252638669503,1.0897669906354663,56.314006024096386,55.478112695302684,4.024096385542169,0.48847579623393816,0.0071669254576374524,1.141949210256684,43.384328358208954,42.95323215172579,4.0,12.524880543576892,False
39.8378_32.7647,9.157809633152048,0.10010188522785984,18.803904456495182,48.51515304917148,48.659416589958056,19.186746987951807,6.295395187519603,0.08106573368027986,15.73023121672959,37.010660980810236,39.87567133057505,14.0,8.783745259383004,False
39.8378_32.7765,7.842583553664319,0.08813488676633549,16.08942135584796,48.04231750531538,48.67420727335181,32.83734939759036,5.964058598702781,0.07679911611815986,14.902324310585927,37.010660980810236,39.87567133057505,21.0,8.798535942776759,False
39.8378_32.7882,9.142009005267052,0.11817315341462471,18.56572013099594,48.515481896865495,49.233974796060615,29.07831325301205,7.620741542786887,0.09813220392875983,19.04185884130424,37.010660980810236,39.87567133057505,14.0,9.358303465485562,False
39.8378_32.8,14.410741818177112,0.18716665739824617,23.64671689930392,52.914855024493576,60.52902319382481,27.048192771084338,13.888404005441238,0.22024983724759203,29.493635525747447,38.198048220436284,46.606989609493795,13.776119402985074,13.922033584331018,False
39.8378_32.8235,16.240513349328452,0.2148903286355049,28.819845920609424,47.72278588036356,56.38146718531596,18.96385542168675,14.522865211381482,0.253614349745952,32.5039445006383,37.43432835820895,44.466065836633966,10.0,11.915401348681996,False
39.8378_32.8471,11.226305677473526,0.19566375384325965,16.646639952518775,64.88253012048193,67.44267251815855,5.030120481927711,5.598315573974906,0.14193653502212042,11.890525051743122,47.12238805970149,46.64287945536373,5.0,20.799793062794812,False
39.8378_32.8588,2.7397037692052617,0.04015419476069414,5.6169448435945615,48.81024096385542,48.77156146901523,4.024096385542169,1.9597973435574423,0.03442420922908392,4.8232233328769,40.6865671641791,40.66378743170481,4.0,8.10777403731042,False
39.8378_33.0118,11.889905471689127,0.0759044081464196,19.41481340381288,61.31024096385542,61.31181208968391,1.0060240963855422,8.708925727095746,0.058934576131201635,15.96759286571097,54.492537313432834,54.50955484358269,1.0,6.80225724610122,False
39.8468_32.4118,0.1461337151886233,0.007575383501217966,1.124333399170452,13.24698795180723,13.241203877570186,2.0120481927710845,0.07899389263902278,0.005062680810028885,0.7798135647701703,10.882352941176471,10.87876369185667,2.0,2.362440185713515,False
39.8468_32.4235,0.21461807008656195,0.009688663245302934,1.3955749873350807,14.813253012048193,14.767163861966427,2.0120481927710845,0.0740811481895822,0.006166607547272751,0.8815520205189774,8.925373134328359,8.888592750533048,2.0,5.878571111433379,False
39.8468_32.4471,0.2922674303772467,0.015150767002435936,2.248666798340904,13.24698795180723,13.241203877570186,1.0060240963855422,0.1579877852780456,0.010125361620057786,1.5596271295403406,10.882352941176471,10.87876369185667,1.0,2.362440185713515,False
39.8468_32.5529,11.319767856877471,0.1387242769617887,21.29157387520752,46.5083189902467,52.72023709547593,7.036144578313253,9.378203947447012,0.13440720278374524,20.056604005202637,44.221890547263676,46.986395484273224,5.507462686567164,5.733841611202706,False
39.8468_32.5882,16.06100259470732,0.24999717221145265,34.704271164571644,43.46812248995984,46.120927709141036,12.066265060240964,11.271102985519244,0.19976391796280024,27.807057932255145,35.476971204583144,40.49910970516552,10.044776119402986,5.621818003975513,False
39.8468_32.6,22.764524324091923,0.37351328553747337,52.00447951126482,34.659754550938025,43.68408509442498,41.2289156626506,17.013179842507018,0.31248290304863463,43.65611345696627,31.83727976658063,39.00333253872389,33.19402985074627,4.6807525557010905,False
39.8468_32.6235,37.51580308196228,0.4311384192864697,65.78898031825719,46.89533132530121,56.97049917370364,4.018072289156627,27.431165341177323,0.37622108435922574,56.95725750808004,48.04477611940298,48.03987019174323,3.0,8.930628981960403,False
39.8468_32.6353,37.738091633005126,0.43814081163663465,66.73443236563332,46.05163731850479,56.49211157173488,15.060240963855422,25.852829874809395,0.3594161464299823,54.233484326994876,45.39427860696517,47.53917749047257,12.0,8.952934081262313,False
39.8468_32.6471,8.062910906917697,0.146972319624118,20.591247869730164,34.68126075731497,39.13227471768676,8.03012048192771,4.001062556349602,0.10324537265985391,14.419741740313578,24.86993603411514,27.01452159742336,7.0,12.117753120263401,False
39.8468_32.6588,9.978960956608388,0.18424449678412894,25.921233807410086,38.58132530120482,38.573374633926065,21.126506024096386,4.158231399394007,0.10189653237571536,14.422623723487824,28.16417910447761,28.110632343584673,21.0,10.462742290341392,False
39.8468_32.6706,10.297706520505573,0.15961878842620159,22.111030476439332,43.95869739721625,46.501504094943044,48.66867469879518,7.320830410711449,0.13804422251141354,19.201743397786434,41.50697730857905,37.662207045711256,40.014925373134325,8.839297049231789,False
39.8468_32.6824,9.641872322897537,0.1597690456023279,22.41725442253965,35.664909638554214,43.062020927558656,15.933734939759036,9.045366466874562,0.2178659980692165,30.84253002090525,28.955223880597014,28.91953753365588,7.0,14.142483393902776,False
39.8468_32.7059,12.71450880532957,0.17455529056503907,26.358582851094575,48.042661120673166,48.271174414141015,21.08433734939759,7.920736323016912,0.13888244489403942,17.849439300484637,43.63233830845771,44.27331303627966,16.52238805970149,3.997861377861355,False
39.8468_32.7176,11.696634728603712,0.16098599620175055,23.58165776470681,41.67620481927711,49.41570256944463,42.25301204819277,4.619878211744704,0.08451712459914866,10.878746870585903,31.62267609321812,41.996491489109935,40.02985074626866,7.419211080334698,False
39.8468_32.7294,4.8517976360474515,0.07593066743291524,8.206924036561466,45.29246987951807,58.93495782048054,10.060240963855422,1.9734042931658378,0.046050065219410234,4.384529314531479,32.51194029850747,44.74868867072357,10.0,14.186269149756974,False
39.8468_32.7412,18.979528625937238,0.3309801783973859,23.164859684619966,56.825301204819276,81.94192016718848,5.030120481927711,12.264723713617798,0.2796296364256906,19.601382074138773,43.67462686567164,62.13365420781778,5.0,19.808265959370708,False
39.8468_32.7529,18.974399761686172,0.33060576795412866,23.138530248135627,59.177437020810515,82.01331217448208,11.066265060240964,12.26069192451138,0.27926965525547487,19.575989556208942,45.41248303934871,62.19429748798806,11.0,19.81901468649402,False
39.8468_32.7882,2.504515685563172,0.07136310694441785,9.998520229889445,25.042168674698797,25.016064257028113,1.0060240963855422,0.7942853087967452,0.036178063722591386,5.064928921162807,15.776119402985074,15.767590618336886,1.0,9.248473638691227,False
39.8468_32.8,30.109485207345863,0.3937728082334019,55.31123587870416,49.9647666336641,54.34000841152647,46.975903614457835,27.279484562681294,0.41741785315219354,63.68386771414668,36.14339019189765,42.52368504900375,27.55223880597015,11.816323362522716,False
39.8468_32.8118,9.759349375439895,0.1738757681828298,18.076512136005064,44.40880983409475,54.130684100632976,46.19879518072289,5.393164036192833,0.15329007978853038,14.641365673699324,32.081543502002184,36.938602451381925,41.0,17.19208164925105,False
39.8468_32.8235,39.72972277109961,0.5794907295588175,67.09871293233333,49.375961234214245,59.29934941243731,65.05421686746988,31.658278136231544,0.6329939916539724,71.7725113256501,38.3219131614654,43.88277939895241,44.0,15.4165700134849,False
39.8468_32.8353,24.249543996982126,0.3150112865549349,43.98191472666091,45.75905864691505,55.06210719423599,56.95180722891566,20.972516474434023,0.3549123500648997,46.906666112995154,39.16899374097256,44.52068276838543,31.0,10.541424425850565,False
39.8468_32.8471,22.417056151464898,0.36136104279446246,35.39076052494433,55.728607764390894,63.28484993797764,31.07831325301205,14.097732083687553,0.33704068616544147,31.847577323433793,43.514600908500974,43.79973946742939,23.0,19.48511047054825,False
39.8468_32.8588,5.1289609015115785,0.08441841158103126,8.660682633734925,53.180457122608075,59.18172205780577,17.096385542168676,3.094823023395861,0.06797956324427491,7.027267255668184,42.67010535557506,43.79330908440071,16.01492537313433,15.38841297340506,False
39.8468_32.9412,5.169321663553912,0.05406733316243693,7.597697782009497,68.14759036144578,68.14271132311649,20.120481927710845,3.0440502653903736,0.037804896490193377,5.309622102254684,57.44776119402985,57.43856369942106,20.0,10.704147623695427,False
39.8468_32.9529,6.042104323229441,0.05573684193379068,11.804149580869948,43.901606425702816,51.0985503463577,27.162650602409638,4.657873843319448,0.04260886843237046,9.733252245624415,39.47189054726368,48.09914251243076,23.55223880597015,2.999407833926938,False
39.8468_32.9647,5.978397460327561,0.054784792624433656,11.876886645792103,42.2464859437751,50.252784408774616,36.21686746987952,4.689285323221897,0.04239372988920439,9.942966199496995,37.61334353871667,47.41387959420285,31.074626865671643,2.8389048145717695,False
39.8559_32.4235,0.1461337151886233,0.007575383501217966,1.124333399170452,13.24698795180723,13.241203877570186,1.0060240963855422,0.07899389263902278,0.005062680810028885,0.7798135647701703,10.882352941176471,10.87876369185667,1.0,2.362440185713515,False
39.8559_32.4706,0.334943974966741,0.006799359178549339,0.9590961044801288,35.65060240963855,35.634944736871034,1.0060240963855422,0.204452078642557,0.004804902393166357,0.6630301060792461,31.149253731343283,31.100965773966465,1.0,4.53397896290457,False
39.8559_32.4941,0.334943974966741,0.006799359178549339,0.9590961044801288,35.65060240963855,35.634944736871034,1.0060240963855422,0.204452078642557,0.004804902393166357,0.6630301060792461,31.149253731343283,31.100965773966465,1.0,4.53397896290457,False
39.8559_32.5294,3.602672043140918,0.031007356150779722,5.209827139542545,69.07530120481928,68.85384697698872,4.024096385542169,2.1422501316500626,0.021796557654362055,3.535007967013592,61.83582089552239,61.54446041664513,4.0,7.30938656034359,False
39.8559_32.5412,3.602672043140918,0.031007356150779722,5.209827139542545,69.07530120481928,68.85384697698872,2.0120481927710845,2.1422501316500626,0.021796557654362055,3.535007967013592,61.83582089552239,61.54446041664513,2.0,7.30938656034359,False
39.8559_32.5765,0.9111394306410567,0.05908361755523405,8.364839727006185,17.579518072289154,10.88704373665525,5.030120481927711,0.36796822199257867,0.053308828338587445,7.458563449187018,11.08358208955224,5.482614692460535,5.0,5.404429044194716,False
39.8559_32.5882,1.2607315766132015,0.011640118757237495,2.095282972380319,54.74096385542169,54.73183523234361,1.0060240963855422,0.11915880719103863,0.002151817599120931,0.34612214998626506,36.791044776119406,36.79708599857854,1.0,17.934749233765075,False
39.8559_32.6118,21.598454610836566,0.34963293843307375,48.67464060172763,35.620317634173055,44.283307177759944,22.120481927710845,15.902553656396076,0.2901064957200554,40.53482887549054,32.36183853459973,39.23059777582107,18.08955223880597,5.052709401938877,False
39.8559_32.6353,36.58985704537419,0.43197844328095414,65.57851298775981,34.728736374067694,55.7614014294777,24.072289156626507,32.03584466519427,0.4568062144486591,68.51064562170346,37.44278606965174,46.61461371291592,15.0,9.146787716561782,False
39.8559_32.6471,31.122526444579744,0.3665508130857272,55.64649392331084,47.52351775523145,55.84112817696396,20.1144578313253,17.850322821623234,0.2529037652975408,38.066796614854034,40.267085624509036,46.73270803425131,19.0,9.108420142712653,False
39.8559_32.6588,9.978960956608388,0.18424449678412894,25.921233807410086,38.58132530120482,38.573374633926065,13.078313253012048,4.158231399394007,0.10189653237571536,14.422623723487824,28.16417910447761,28.110632343584673,13.0,10.462742290341392,False
39.8559_32.6706,19.71186339926124,0.2986611592578068,42.06146249317558,44.742253496745604,46.791331837207586,29.08433734939759,14.151920908384904,0.25727534158661475,36.275035425135655,41.35634328358209,38.563909422418064,24.0,8.227422414789523,False
39.8559_32.6824,19.89755644861104,0.289930242429392,41.47242672370892,44.77435019668609,47.8774458136144,37.01807228915663,14.89203197182085,0.2610410326808224,37.24263830970307,38.21098455092956,39.71418462741796,21.53731343283582,8.163261186196443,False
39.8559_32.6941,17.265693300398468,0.24811585503146286,35.80005844810496,43.04680145363569,48.18750933476477,29.06024096385542,14.663317799858984,0.2574841049289075,36.81502117727347,35.606654228855724,39.588752556708485,18.53731343283582,8.598756778056284,False
39.8559_32.7059,23.20891731931486,0.34215272721118717,51.50319427572635,48.87842215544099,45.04696600289293,23.09036144578313,14.416445095712968,0.29222525942734473,38.57831482894845,45.30620581304006,37.35124680813594,17.029850746268657,7.69571919475699,False
39.8559_32.7176,22.228940461225516,0.3792601833720698,42.016736440064,47.05012908777969,73.30874759279688,2.644578313253012,13.39438788762523,0.32469621461929404,38.598579004820174,34.87100213219616,52.06671197476366,2.746268656716418,21.242035618033213,False
39.8559_32.7294,88.213941608105,0.8221877981989858,115.1088932736523,42.96084337349398,54.126258195328774,3.5240963855421685,33.29587955302241,0.5241443501723733,71.65471912668075,26.53091684434968,30.873462943432173,3.5970149253731343,23.2527952518966,False
39.8559_32.7412,10.579709694613742,0.17371264109455498,15.825688976940343,41.293244406196216,66.70345599475003,14.08433734939759,5.155621404426861,0.12036339266566908,9.648861772660807,29.624733475479744,53.04046782464889,14.0,13.662988170101137,False
39.8559_32.7529,18.993633002627675,0.3320098071163434,23.237265634951907,50.35692771084337,81.74643337293993,6.036144578313253,12.275811133660442,0.2806195846437838,19.67121149844581,38.8955223880597,61.96772419396552,6.0,19.77870917897441,False
39.8559_32.7647,18.9231111191755,0.3268616635215561,22.87523588329221,82.6987951807229,82.73635209190404,1.0060240963855422,12.220374033447222,0.2756698435533177,19.32206437691063,62.791044776119406,62.809849744327174,1.0,19.926502347576864,False
39.8559_32.8,30.344738208646746,0.39268471746268624,55.124596569226135,51.412757926823076,54.97038408269446,87.93975903614458,27.59226232646187,0.4171668595911318,63.5275856912208,37.42085246842709,43.10935805242806,51.1044776119403,11.861026030266402,False
39.8559_32.8118,12.760761010136772,0.24692556106009012,25.3840395946404,41.15621727975097,50.440977065266836,77.24096385542168,9.133503514926108,0.25155094537120604,26.410484132097142,32.889603705609886,34.5790405766555,58.0,15.861936488611335,False
39.8559_32.8235,30.514956322623565,0.4597306099768972,48.41736248311011,47.85609830626856,62.93514469511776,60.10843373493976,18.88194035841142,0.3193172507199434,40.13758164156118,37.04153147306943,47.08556032478139,46.0,15.849584370336373,False
39.8559_32.8353,15.378113518176217,0.2211721937363966,25.330530220700417,44.917641996557656,61.097858972366495,14.012048192771084,15.175954219895262,0.26451640462539655,33.258254840517516,35.22537313432836,45.67624998710979,10.0,15.421608985256704,False
39.8559_32.8471,12.723469757648742,0.19617208157699487,21.79968122230525,46.275811363243854,58.302990596381235,54.98795180722892,10.710067434945596,0.23304081035198723,23.880605003821568,39.16364835306228,44.58358110574791,29.044776119402986,13.719409490633325,False
39.8559_32.8588,6.6382304862537795,0.07982877477137934,12.8029629423605,43.753633038648104,51.679623620859026,16.05421686746988,4.970540480605771,0.07145030939303083,11.211542788184738,41.09905020352782,44.11978074938266,11.014925373134329,7.559842871476363,False
39.8559_32.8706,2.7397037692052617,0.04015419476069414,5.6169448435945615,48.81024096385542,48.77156146901523,8.048192771084338,1.9597973435574423,0.03442420922908392,4.8232233328769,40.6865671641791,40.66378743170481,8.0,8.10777403731042,False
39.8559_32.9529,3.431405368308678,0.034315743988612625,5.5072543337908595,62.43975903614458,62.44458797634586,2.0120481927710845,2.1857295799483594,0.02286038163612311,3.807040745638894,58.11940298507463,58.0329179218013,2.0,4.411670054544558,False
39.8559_32.9647,6.002768087441987,0.055778822300905424,11.99645904403081,40.09563253012048,49.95622436319695,24.14457831325301,4.627872544709083,0.04273107052697297,9.88207470032892,35.69900497512438,47.04721973597813,21.044776119402986,2.9090046272188204,False
39.8649_32.4471,0.669887949933482,0.013598718357098678,1.9181922089602577,35.65060240963855,35.634944736871034,2.0120481927710845,0.40890415728511403,0.009609804786332714,1.3260602121584921,31.149253731343283,31.100965773966465,2.0,4.53397896290457,False
39.8649_32.5294,3.6026720431409176,0.031007356150779722,5.209827139542545,69.07530120481928,68.85384697698872,10.060240963855422,2.1422501316500626,0.021796557654362055,3.535007967013592,61.83582089552239,61.54446041664513,10.0,7.30938656034359,False
39.8649_32.5412,3.602672043140918,0.031007356150779722,5.209827139542545,69.07530120481928,68.85384697698872,4.024096385542169,2.1422501316500626,0.021796557654362055,3.535007967013592,61.83582089552239,61.54446041664513,4.0,7.30938656034359,False
39.8649_32.6,4.38082697736356,0.05661464210952673,9.41790810226173,35.484939759036145,42.93072761252584,10.060240963855422,0.8676202707302844,0.024765510496052363,3.6392682362094417,28.119402985074625,24.103303198954734,10.0,18.82742441357111,False
39.8649_32.6235,3.1518289415330036,0.029100296893093798,5.238207430950798,54.74096385542169,54.73183523234361,2.0120481927710845,0.29789701797759666,0.005379543997802386,0.8653053749656626,36.791044776119406,36.79708599857854,2.0,17.934749233765075,False
39.8649_32.6353,13.363937613470132,0.21515640762277619,30.292422108975703,25.23484007458405,44.05183578316816,25.072289156626507,12.98060640500915,0.24786298942083695,34.53942693097069,25.32294149002885,37.46023438115286,15.044776119402986,6.5916014020153,False
39.8649_32.6471,24.62817536278337,0.2893758975007927,43.96223594747561,41.059086134453786,55.952631878312964,17.07831325301205,16.40043922800759,0.23364685483380326,35.06191696699921,38.05756929637526,46.630561118253986,14.0,9.322070760058978,False
39.8649_32.6588,42.302639650929436,0.48986608935341347,74.69168903601489,37.561402753872635,56.60757811836956,16.048192771084338,37.03854087228093,0.5091422449794821,77.07312427195856,43.6044776119403,47.93393225652055,10.0,8.67364586184901,False
39.8649_32.6706,6.731354181449999,0.1253880922961343,17.641500315378543,33.98025435073628,38.21625779101797,9.05421686746988,2.822977779592858,0.07003526191661998,9.913111369273812,26.102819237147596,27.760854933469833,9.0,10.45540285754814,False
39.8649_32.6824,40.46022231470679,0.5851281160125071,83.35093641744875,46.68388258918025,48.42010446103297,40.08433734939759,27.14893077935569,0.4565515964401779,64.70483894719149,41.26199770378875,41.60260879817307,28.029850746268657,6.817495662859898,False
39.8649_32.6941,0.6173567509474518,0.026996590716258092,5.258655621204408,8.637048192771084,10.417341655721426,2.0120481927710845,0.49100846599269976,0.03578458539568479,7.3674903332250405,6.888059701492537,7.111608530491078,1.492537313432836,3.305733125230348,False
39.8649_32.7059,18.050025495373735,0.2610002518840268,40.7221795624209,44.26311914323963,45.12574916091601,20.55421686746988,13.303335401681956,0.2501448443359306,37.34773023709307,41.16737693113381,37.55812221559053,14.119402985074627,7.567626945325479,False
39.8649_32.7176,57.6005291005291,0.8527336860670193,230.93121693121694,25.0,24.98069667507008,6.0,26.994444444444447,0.6944444444444444,197.37777777777777,13.5,13.47401090627958,6.0,11.506685768790502,False
39.8649_32.7294,1165.2539682539682,10.571428571428571,1481.390476190476,95.19047619047619,95.25472762235898,4.0,381.4266666666666,5.913333333333333,808.86,50.5,50.51061460558379,4.0,44.744113016775195,True
39.8649_32.7412,9.982597663697062,0.19334701940123625,19.949926873119644,49.90562248995983,49.83442323861962,15.090361445783133,3.6389500867112807,0.12147767744782663,10.631061601210854,32.33333333333333,33.90279316814739,15.0,15.931630070472231,False
39.8649_32.7647,13.958657888655898,0.24500668288234315,17.845282784833092,47.257458405048766,78.23348526306128,21.126506024096386,9.082236409010319,0.20789243192618576,15.26599784851363,36.1457000710732,59.067843012808964,21.0,19.16564225025232,False
39.8649_32.8,27.584537156547565,0.3585769915416212,50.56154226948102,50.07631168933436,54.44119807651462,47.993975903614455,23.56713448017319,0.3621727322020731,54.96375949826914,35.73454157782516,42.54756008896137,29.55223880597015,11.893637987553248,False
39.8649_32.8118,11.346921004769358,0.11843197358884763,19.869768900889607,39.057973068745575,57.1544734278885,17.07831325301205,8.038845504787927,0.10620172085122166,17.42830345600761,32.38905472636816,46.14028375391901,15.0,11.01418967396949,False
39.8649_32.8235,10.721068663123749,0.19265308515732849,18.258828967955345,44.07988574677829,58.8151473320022,79.31927710843374,8.286576450507564,0.19127662022897224,19.463862072806222,35.648919581198484,42.674127582047184,67.0,16.141019749955014,False
39.8649_32.8353,20.357889791262156,0.3210742328947031,39.4060101845889,44.346809121236355,51.874893298944734,22.825301204819276,16.014733656221967,0.30764956922377734,42.10343716108072,35.49882168106834,38.1358954105112,19.0,13.73899788843353,False
39.8649_32.8471,10.875334642466033,0.18632285146698974,16.699315588079394,62.7323498539613,65.17787478245648,24.10843373493976,5.774529984963195,0.14634969457247904,13.021471557081485,45.21302578018996,43.93725027583441,22.0,21.240624506622076,False
39.8649_32.8588,8.798145913397908,0.12770961131717487,15.980976020809033,45.92894969709346,55.02529162853394,58.98795180722892,7.9135615247389675,0.15503095760021196,18.713219583775246,36.810696517412936,42.174368933334485,30.149253731343283,12.850922695199458,False
39.8649_32.8706,13.533390213585117,0.11437871295116894,27.604020008341557,38.34107700579193,48.92209146602843,29.07831325301205,11.936511321964204,0.10314016039057214,26.883301229107346,38.43371378402107,44.53906884182458,17.0,4.383022624203846,False
39.8649_32.9412,4.901872853865653,0.04110378866716995,9.59542793248016,39.11422613531047,51.05240703773798,13.078313253012048,4.281356496949068,0.0356895084413305,8.754108639604771,37.217629799719354,49.195596042863414,11.029850746268657,1.8568109948745644,False
39.8649_32.9529,6.002768087441987,0.05577882230090542,11.99645904403081,40.09563253012048,49.95622436319695,16.096385542168676,4.627872544709083,0.04273107052697297,9.88207470032892,35.69900497512438,47.04721973597813,14.029850746268657,2.9090046272188204,False
39.8739_32.4824,0.4810776901553643,0.014374742679767304,2.083429503650581,24.448795180722893,23.28120535451529,2.0120481927710845,0.3399402168212046,0.009672020794987378,1.376019223161149,25.753731343283583,25.297734044312467,1.507462686567164,2.016528689797177,False
39.8739_32.4941,0.4810776901553643,0.014374742679767304,2.083429503650581,24.448795180722893,23.28120535451529,2.0120481927710845,0.3399402168212046,0.009672020794987378,1.376019223161149,25.753731343283583,25.297734044312467,1.507462686567164,2.016528689797177,False
39.8739_32.5882,48.6847758681786,0.6478118355776045,93.31369596031183,52.01807228915663,52.00555132054554,1.0060240963855422,33.02524879062075,0.49675534977449376,71.99817111375785,46.23529411764706,46.14978967022889,1.0588235294117647,5.855761650316651,False
39.8739_32.6471,19.07787988539708,0.3171784942327823,44.07513970047537,30.72238270607009,43.210205503449394,95.43373493975903,15.766480656267474,0.3019190197535967,41.90582614473802,28.6797964480378,37.58270117044637,69.31343283582089,5.627504333003024,False
39.8739_32.6588,11.455392789406519,0.2048523160844044,28.645829953088526,31.589294890973846,40.01878536069388,31.00602409638554,13.783209372177328,0.3254494572630412,45.53295345858815,26.022202711930543,30.098239512075807,16.044776119402986,9.920545848618076,False
39.8739_32.6706,26.717743042876403,0.3725022185495169,54.55865355128778,32.14970399105622,48.95099062482251,79.06626506024097,29.954702430866455,0.5273643966131101,76.47562192301145,34.52598184711128,39.093388738375644,40.134328358208954,9.857601886446865,False
39.8739_32.6824,35.7868456895779,0.5356247450852503,76.2181766437097,46.15853198368523,46.8428731374795,95.21084337349397,22.42661962003175,0.39161852462459357,55.58813986716691,39.046789860222695,39.92030137939409,67.56716417910448,6.922571758085411,False
39.8739_32.6941,8.367741264618052,0.15117736615040234,21.45362641780017,37.08343373493975,38.9987007184448,15.036144578313253,5.150896104084413,0.12474264030439264,17.271383115282493,33.12064676616916,29.105854042435606,12.0,9.892846676009196,False
39.8739_32.7059,22.05838126826089,0.3949840395336864,67.32637831102102,23.273106712564545,34.57450376705026,8.686746987951807,10.746367726971947,0.3239715996818415,53.680545765208656,22.84328358208955,22.134741826100775,8.940298507462687,12.439761940949484,False
39.8739_32.7412,18.993633002627675,0.3320098071163434,23.237265634951907,50.35692771084337,81.74643337293993,2.0120481927710845,12.275811133660442,0.2806195846437838,19.671211498445814,38.8955223880597,61.96772419396552,2.0,19.77870917897441,False
39.8739_32.7529,9.220057048837896,0.20016934723731464,15.614981351370918,50.18775100401606,58.97171981822798,24.14457831325301,5.369739041616852,0.16270830506009493,11.932618009031874,36.85199004975124,44.58781568471166,24.0,14.383904133516324,False
39.8739_32.7882,22.087961089790333,0.42202514917885503,29.91134484486655,60.05722891566265,73.3295326421419,5.506024096385542,29.52858349760631,0.6665727963953817,46.744578991833286,63.08955223880597,63.09440619773679,2.0,10.235126444405111,False
39.8739_32.8,29.351397241525575,0.39812197662769555,53.30245552390295,51.94821899835252,55.07273445824437,102.47590361445783,29.04985234397634,0.4533563334333542,66.19807966930597,40.11050516647531,43.62205290838226,55.1044776119403,11.45068154986211,False
39.8739_32.8118,20.847475723781123,0.23927750745213985,37.217481939113554,44.96162184497181,55.837205103262534,94.12650602409639,17.30579167405621,0.22467695618600692,37.66750862018212,36.22665083672546,45.78810074252427,65.55223880597015,10.049104360738262,False
39.8739_32.8235,4.462164106107272,0.102312786414542,8.864725394401683,39.151711076280044,50.28349092029225,33.16265060240964,4.204098180985102,0.11122285790865609,10.164096975314058,32.854348944930514,41.143349436541165,29.0,9.140141483751087,False
39.8739_32.8353,22.29897708299561,0.3288810706371357,35.92355739224368,50.607831325301206,62.21717223815368,27.126506024096386,15.422626188426666,0.28496252093453395,34.38950578119236,37.66686567164179,44.797296618589286,25.0,17.419875619564394,False
39.8739_32.8471,20.506073455677644,0.2749747778791112,35.30156119706755,54.3761674449976,58.09466611440182,35.1144578313253,13.896994084587396,0.24870947538848748,31.786727089967698,41.48971807628524,43.54790402671484,27.044776119402986,14.546762087686979,False
39.8739_32.8588,11.06969327609789,0.15741713457506357,20.198241452999344,40.239930680989076,54.77988178329243,61.13855421686747,8.136422053095004,0.15322531747817295,19.396531864295742,31.435145109762058,41.86737518738418,43.08955223880597,12.912506595908255,False
39.8739_32.8706,9.842231581562173,0.09548875462893722,17.304280605073544,51.68355881697896,56.71599753157544,43.18072289156626,7.255702778283318,0.08859147869476217,15.833855614303863,44.491220368744514,45.430763600820114,34.0,11.285233930755325,False
39.8739_32.8824,10.192513389999887,0.11175046951947654,15.662766358154807,69.13132530120481,64.67786661562434,10.060240963855422,4.63713332611943,0.07700210654405194,10.808056641304198,41.71940298507462,42.29026729324892,10.0,22.387599322375422,False
39.8739_32.8941,0.21567398119122252,0.004271159874608143,0.601619644723093,35.557575757575755,35.56421356421357,1.006060606060606,0.0642748478701825,0.004183569979716017,0.5856997971602433,10.676470588235293,10.651260504201682,1.0,24.912953060011887,False
39.8739_32.9294,20.1103479210462,0.1972442162698755,35.247765361087886,50.334421017402946,56.82429387845106,12.012048192771084,17.803284608955924,0.17469102249339355,34.43179106957602,42.86830727315802,51.73557930820493,7.656716417910448,5.088714570246125,False
39.8739_32.9412,5.100714953594808,0.06118629826022684,9.158186348118864,53.3335843373494,55.63132519072998,4.024096385542169,2.5530098715284337,0.03528176728334951,5.404290318126989,42.1455223880597,47.58619957922257,4.0,8.045125611507409,False
39.8739_32.9529,5.698389792128593,0.061509654326491255,9.577559377399243,58.39257028112449,59.502964732141905,6.036144578313253,3.320400633960997,0.0385411670953896,6.208947553695334,51.01990049751243,53.864996645801696,6.0,5.637968086340209,False
39.8739_32.9882,11.307308044887993,0.08633586596233524,19.634515725195186,50.606024096385546,57.494422815447834,20.120481927710845,7.470834940474487,0.061649107417312166,15.487048718669152,41.35671641791045,48.04598724971113,20.0,9.448435565736702,False
39.8739_33.0,6.934407524135476,0.059630513075155614,12.58048534753482,49.82965194109773,55.02064486006574,27.162650602409638,4.173565821086616,0.04022525956866038,9.601634397841305,38.564400221116635,43.36335216968761,27.0,11.657292690378128,False
39.8739_33.1765,1.9094991215109753,0.029681758984588382,4.164499646971414,43.58734939759036,46.04897874476828,2.289156626506024,0.8484818275037029,0.016812407428506274,2.380653981998405,36.92537313432836,37.00052429697442,2.0,9.048454447793858,False
39.8829_32.5765,0.334943974966741,0.006799359178549339,0.9590961044801288,35.65060240963855,35.634944736871034,1.0060240963855422,0.204452078642557,0.004804902393166357,0.6630301060792461,31.149253731343283,31.100965773966465,1.0,4.53397896290457,False
39.8829_32.5882,3.332622078390322,0.04238447909900704,7.002392100251578,31.462349397590362,44.19990209426754,4.0120481927710845,0.9380113811000486,0.0242758210821551,3.6271380388511116,28.119402985074625,26.310286445525612,2.0,17.88961564874193,False
39.8829_32.6,1.2307364851329308,0.017439115130355107,3.432089402741608,34.41265060240964,34.42892231878007,1.0060240963855422,0.25695749282093094,0.01067111000815394,1.9456163363704044,13.208955223880597,13.254657833282568,1.0,21.1742644854975,False
39.8829_32.6118,21.881730383238107,0.29984027106988964,43.93460590983881,41.28744604465573,49.59820216077898,47.19879518072289,20.40492648180555,0.32133598226650845,46.747732050831345,37.53789386401326,43.78747299270415,28.119402985074625,5.810729168074829,False
39.8829_32.6235,9.814541618552788,0.16039553434831152,23.769904786452884,32.16448749543629,40.98681819721237,24.120481927710845,5.669944130187982,0.15063537565717036,21.617518570715585,24.887381275440976,26.171859588129866,22.0,14.814958609082506,False
39.8829_32.6353,3.6158855694873173,0.06896863917188178,10.011368801132827,31.212349397590362,35.88452947522732,12.048192771084338,2.0572838817656973,0.06940540051726139,9.814456375395764,19.37014925373134,20.867996944601227,10.0,15.01653253062609,False
39.8829_32.6471,7.960887883745983,0.13062202756612573,19.256815100488648,32.03463855421687,41.055778885285726,6.036144578313253,4.288683714828851,0.11471879350875173,16.44437974992101,24.17910447761194,26.037880282180385,6.0,15.01789860310534,False
39.8829_32.6588,17.069795143021985,0.28958932013415706,40.23006800679477,28.882420882038968,42.36001147159209,82.32530120481928,14.662883639149142,0.29192771113184635,40.28191116156277,27.943292913098617,36.348066574032295,57.26865671641791,6.011944897559793,False
39.8829_32.6706,13.795621865959832,0.24668691331244902,36.787216593581014,27.901921411134733,37.27978893014587,18.096385542168676,17.364444171428904,0.27962630301092817,42.33239027913305,31.339771729587362,39.22248050265663,17.0,1.9426915725107605,False
39.8829_32.6824,30.445353968775624,0.48176100833742086,70.42441768705731,34.999526648966,43.07819019208911,105.39156626506023,23.142578780809345,0.47922120537322693,69.27708513909747,30.24136995560752,33.424791419194435,81.19402985074628,9.653398772894676,False
39.8829_32.6941,28.16391247749619,0.5153409500069243,76.85949868439275,42.011044176706825,36.748094033783445,3.0180722891566263,13.46395882655687,0.40821135700806305,56.328454280322525,45.18407960199004,23.930570380769048,3.0,12.817523653014398,False
39.8829_32.7059,24.35301665552718,0.44375014040513905,63.82667717750885,41.791543095458756,38.68221986266997,10.439759036144578,12.554052001664363,0.3640455956432333,50.38024366109845,38.642824339839265,25.521773766967826,10.447761194029852,13.160446095702142,False
39.8829_32.7176,5.056111650744992,0.0775450173474965,20.62760955062855,4.893188137164041,5.688643511715475,5.162650602409639,2.803405310724484,0.07453487002855544,20.800649121257614,4.5614236509758905,4.982332047283123,5.343283582089552,0.7063114644323525,False
39.8829_32.7294,1165.2539682539682,10.571428571428571,1481.390476190476,95.19047619047619,95.25472762235898,2.0,381.4266666666666,5.913333333333333,808.86,50.5,50.51061460558379,2.0,44.744113016775195,True
39.8829_32.7412,18.993633002627675,0.3320098071163434,23.237265634951907,50.35692771084337,81.74643337293993,2.0120481927710845,12.275811133660442,0.2806195846437838,19.671211498445814,38.8955223880597,61.96772419396552,2.0,19.77870917897441,False
39.8829_32.7529,25.202324366289155,0.46012342165496356,36.61618187319009,49.987010542168676,68.73856703039918,32.19277108433735,14.37666857362618,0.36084343912638706,26.748929350487636,36.80783582089552,53.28970072391266,32.0,15.448866306486522,False
39.8829_32.7647,18.182158512170556,0.15760007770974124,25.045043410376095,61.972602531337465,73.01675085879309,10.072289156626505,13.170410009775935,0.1433835530425608,23.31700347902372,50.1575456053068,56.492540071021544,9.0,16.524210787771544,False
39.8829_32.7765,15.837818838233932,0.15541301221306622,23.352351805515806,55.61883607225839,68.15841428344244,27.120481927710845,13.570015170177374,0.1572659134160372,24.478121720619562,47.08432835820896,55.43571435989913,20.0,12.72269992354331,False
39.8829_32.7882,19.661242196343743,0.4177321799046676,30.81409434276621,56.9814974182444,63.67901785799804,21.05421686746988,29.886025399679387,0.6523124223689102,48.4790714480777,53.484342990927715,61.18844657261006,11.149253731343284,2.490571285387979,False
39.8829_32.8,26.643285610151338,0.3864290757282231,46.12422315843433,52.89013375539232,57.610683035508075,68.5,27.400457809365662,0.45919091132924267,59.34652118806403,41.19926297306039,45.78013863632748,34.62686567164179,11.830544399180596,False
39.8829_32.8118,13.049949147417133,0.10366689101039168,22.5056916614996,45.68405048766495,58.04017979401174,30.14457831325301,8.246430823789327,0.07856060502709403,17.03345575793725,35.85341151385928,48.41061189188622,28.0,9.629567902125522,False
39.8829_32.8235,3.477549115782613,0.07530154408102656,7.149358587708397,38.35050286616552,48.604589367313864,39.05421686746988,4.90164115850832,0.10697382070521703,10.769142925354707,34.03648424543947,44.25185843733147,27.0,4.352730929982393,False
39.8829_32.8353,26.187298376541268,0.42713460095103417,47.32426564165143,46.93064759036144,55.57301946084831,48.144578313253014,20.057951478371127,0.4184122702099722,50.937551968534116,34.735074626865675,39.36361047567295,40.0,16.209408985175358,False
39.8829_32.8471,14.271479463481398,0.1982207223367998,25.004896208011957,44.117910994954556,57.10676965301212,83.13855421686748,12.411039635409557,0.23056320551323936,28.733986080770492,35.66089552238806,43.04407561925787,50.1044776119403,14.062694033754255,False
39.8829_32.8588,9.203646214274897,0.07337276944389944,15.190192447059665,42.85193631669535,60.693318918089815,10.03012048192771,8.613683673184312,0.08501239618257718,18.06727880998748,43.76119402985075,47.50238089364759,7.0,13.190938024442225,False
39.8829_32.8706,15.824561997904377,0.18036556743829557,23.132217450646134,60.976412437078636,68.09030714572346,18.05421686746988,8.924229069025447,0.1309898498370126,18.92112762600866,47.93915040183697,46.53250524370892,13.0,21.55780190201454,False
39.8829_32.8824,12.297918437318788,0.1356587808743621,19.013252479754293,66.03909382704563,64.27436314142302,37.21084337349398,5.856159640668133,0.09709713857938251,13.625321667524446,41.860980810234544,42.33491636730502,35.0,21.939446774118004,False
39.8829_32.8941,0.8744510059944212,0.009652835479850389,1.3552918570835064,54.243975903614455,64.69030305260249,4.0120481927710845,0.6110809866921549,0.011832769649290456,1.6720277920741122,31.723880597014926,37.01017709631423,3.014925373134328,27.680125956288258,False
39.8829_32.9059,0.21567398119122252,0.004271159874608143,0.601619644723093,35.557575757575755,35.56421356421357,2.012121212121212,0.0642748478701825,0.004183569979716017,0.5856997971602433,10.676470588235293,10.651260504201682,2.0,24.912953060011887,False
39.8829_32.9176,15.307731142566901,0.1410500213475559,24.730146042000072,56.54379054680259,61.86639936364599,13.078313253012048,11.878910071176,0.1124651960109823,22.409643659912167,48.64179104477612,53.14448459806558,11.029850746268657,8.721914765580408,False
39.8829_32.9294,30.42311409307169,0.2739699707548226,55.32562488183474,51.46589138149637,54.8005548271379,62.31927710843374,22.543126028002334,0.2028631736309934,44.8820197629117,43.95958435706513,50.267703713133166,56.53731343283582,4.532851114004735,False
39.8829_32.9412,9.150414315489806,0.09150865063630043,14.686011556775625,62.43975903614458,62.44458797634586,3.0180722891566263,5.828612213195625,0.06096101769632843,10.15210865503705,58.11940298507463,58.0329179218013,3.0,4.411670054544558,False
39.8829_32.9529,2.678290350341458,0.028184165232357953,3.9461347694927174,67.57228915662651,67.59748154528597,4.024096385542169,1.6922415571910037,0.021803425269963483,3.0926015085861014,54.64179104477612,54.6429540536988,4.0,12.954527491587172,False
39.8829_32.9647,0.3340881255518528,0.00584845291330801,0.8234925517673531,40.23192771084337,40.258426479967596,2.0120481927710845,0.14999470731449133,0.004069487079966549,0.5697281911953236,26.46268656716418,26.429637526652453,2.0,13.828788953315144,False
39.8829_32.9765,14.503055346239009,0.11054347027842736,25.16923727686715,49.583333333333336,57.52936131836128,39.234939759036145,9.63752049344905,0.07943998547898157,19.940568854144928,40.01569077688481,48.13924222282184,39.0,9.39011909553944,False
39.8829_32.9882,15.513594301745767,0.11891717494455785,27.01561808507784,48.63614457831326,57.3327155578972,10.060240963855422,10.292888943698454,0.08540518582670058,21.366298297657547,39.767164179104476,47.98098553532609,10.0,9.351730022571111,False
39.8919_32.4824,0.4810776901553643,0.014374742679767304,2.083429503650581,24.448795180722893,23.28120535451529,4.024096385542169,0.3399402168212046,0.009672020794987378,1.376019223161149,25.753731343283583,25.297734044312467,3.014925373134328,2.016528689797177,False
39.8919_32.4941,0.4810776901553643,0.014374742679767304,2.083429503650581,24.448795180722893,23.28120535451529,4.024096385542169,0.3399402168212046,0.009672020794987378,1.376019223161149,25.753731343283583,25.297734044312467,3.014925373134328,2.016528689797177,False
39.8919_32.5529,3.305377342856579,0.02942329772496901,4.912074983743311,64.82515777395295,66.97978099482243,42.25301204819277,2.0051790878781692,0.020922421198316554,3.38020671191516,58.96423240938166,60.26546596257685,41.014925373134325,6.714315032245587,False
39.8919_32.6118,4.107399511828753,0.0736509587882783,11.110434995485605,26.21987951807229,37.03695208758209,3.0060240963855422,3.8719138863499625,0.10350313644370313,14.917270901881603,24.12686567164179,25.908798390813207,2.0,11.12815369676888,False
39.8919_32.6235,5.639971809328153,0.09930734741288368,14.890845943796036,31.39615605278256,37.66403389965081,28.120481927710845,3.546352407780978,0.10316516141380626,14.79918602009184,21.888681592039802,23.86952578526382,24.0,13.79450811438699,False
39.8919_32.6353,8.21706231003079,0.13848930570605286,21.075893312059193,34.06755430814166,38.701799959457624,24.120481927710845,4.788789639062212,0.13348990948274542,19.332087412255486,23.28222523744912,24.658208730225592,22.0,14.043591229232032,False
39.8919_32.6471,18.424876622515995,0.2996170224018675,45.66767476300173,35.84151992585728,39.90892203744732,39.234939759036145,12.768362350196355,0.2816613509710526,41.994745286001475,27.79640260237275,30.080506039283847,39.0,9.828415998163472,False
39.8919_32.6588,22.98788571453361,0.38575971574065365,59.084685216246015,32.42402945113788,38.49446683292163,30.14457831325301,18.37348335093755,0.39636989849870763,59.52167062853463,27.925373134328357,30.419441489206875,27.0,8.075025343714756,False
39.8919_32.6706,24.847560522813176,0.41651068471690106,64.21024359585385,29.795783132530122,38.279473942369755,22.120481927710845,22.984624861103583,0.461747292819334,70.39254735054712,29.311940298507466,31.659306716221376,20.0,6.620167226148379,False
39.8919_32.6824,9.61823124774298,0.18791034138414112,25.47977539478544,28.049980767224742,37.823844028522856,16.09036144578313,8.850800506987513,0.18985946741286017,25.71037850917962,29.42740841248304,34.2564784928459,11.0,3.567365535676956,False
39.8919_32.6941,25.24724849056277,0.4899382471705335,72.5150228071471,31.828297400126825,34.919874486172645,20.150602409638555,13.268256773273766,0.4258140021589583,59.48899976610286,28.438334642576592,22.198211364958606,19.0,12.72166312121404,False
39.8919_32.7059,39.329748234316575,0.7316198587453261,108.45117573743248,40.4066265060241,36.39857141340226,10.060240963855422,19.326027792074115,0.592376737004632,82.82939783839424,39.417910447761194,23.34334968643236,10.0,13.055221726969897,False
39.8919_32.7176,27.77168621532121,0.5209915651443812,55.097636769277635,46.558864027538725,58.57649538610798,6.168674698795181,15.007041147068636,0.4138901304865344,44.77684635805606,32.617484008528784,42.19681800484546,6.343283582089552,16.379677381262518,False
39.8919_32.7294,45.9040201914181,0.5855118032834655,65.30678955263403,58.60714024930892,69.61461585312699,20.265060240963855,27.352047587430675,0.46088938013040137,50.24073697158676,46.4634683724236,54.060093529558635,20.149253731343283,15.554522323568357,False
39.8919_32.7412,5.114472312326228,0.15300625579240032,10.710437905468027,47.765060240963855,47.7478759258935,1.0060240963855422,3.516647531572905,0.13676808266360505,9.583811710677383,36.3134328358209,36.36179406300357,1.0,11.386081862889931,False
39.8919_32.7529,29.160690588048958,0.4411236932279825,49.66061768410364,57.51431390991038,59.09447537692593,74.5,19.743398662990415,0.49215224553615317,59.07313268969081,42.632751734286316,35.96051940061717,71.0,23.133955976308755,False
39.8919_32.7647,30.681054770433477,0.5763589117817132,46.757338476560896,49.86370481927711,65.51846961524284,8.048192771084338,17.08697706422936,0.44768662297947887,33.49687700321579,36.11194029850746,50.56393148343827,8.0,14.954538131804568,False
39.8919_32.7882,30.61660726748397,0.588854433235776,50.08563562676577,56.73377956269523,61.03393151705597,26.987951807228917,44.6023485621539,0.9061090277226578,78.08461305574794,49.47462686567164,56.751494209879155,14.149253731343284,4.282437307176814,False
39.8919_32.8,9.365331436850484,0.17733319300720732,14.302914706240887,47.31469153926631,65.28084710431736,66.51807228915662,16.19010061878268,0.33555505358518595,27.907488099194662,50.166666666666664,57.68262558854155,12.805970149253731,7.598221515775812,False
39.8919_32.8118,25.121018526519432,0.3069640957257785,46.626919210551605,48.14224750689942,53.790943656131496,150.93373493975903,23.331713215350614,0.33384708136583957,54.21277556209734,36.959948221001184,42.7912465577368,88.82089552238806,10.999697098394698,False
39.8919_32.8235,5.038925268718123,0.09630264447919275,9.870377756672863,40.78346176915454,50.98748091062688,28.08433734939759,5.549741075609988,0.11825235826982639,12.515978697974308,35.063093622795115,43.55979628812148,22.0,7.427684622505396,False
39.8919_32.8353,31.40361535231541,0.5008489081064078,53.07245224146067,45.25202413052912,59.254387866929235,53.18072289156626,25.922686667072043,0.5068456463771946,57.95529992805636,35.99185888738128,44.82769372312779,44.0,14.426694143801448,False
39.8919_32.8471,13.55153007164611,0.22400264494331926,23.387054265932324,44.83824746108739,58.02343121619494,55.18674698795181,9.990488429968803,0.22854432350187268,23.413372959053294,35.93163749359515,42.486777696816574,42.014925373134325,15.536653519378369,False
39.8919_32.8588,22.38539947753042,0.22839236701611912,33.29449876053133,59.2759404443932,67.04411977030912,38.08433734939759,14.338736074628017,0.16401874789235515,28.779467304758114,48.27694859038143,49.422000141031965,27.044776119402986,17.622119629277158,False
39.8919_32.8706,18.514333370873526,0.21821462001871772,26.644937851906747,63.7415497986139,69.17531199340051,78.13253012048193,9.677538338169636,0.14081325512847104,19.937348430802444,47.094205976831546,47.59831870287415,54.97014925373134,21.57699329052636,False
39.8919_32.8824,12.276523465370984,0.13521274078707776,19.035237985997092,61.32892935377875,64.13210403966839,12.048192771084338,5.7603625566920735,0.09537521159753266,13.397459787751433,38.736092265943014,42.47666580275495,10.835820895522389,21.65543823691344,False
39.8919_32.8941,0.21567398119122252,0.004271159874608143,0.601619644723093,35.557575757575755,35.56421356421357,2.012121212121212,0.0642748478701825,0.004183569979716017,0.5856997971602433,10.676470588235293,10.651260504201682,2.0,24.912953060011887,False
39.8919_32.9059,1.1231826343836886,0.01575532900834103,2.2345535990114307,50.29819277108434,50.26106217956155,12.072289156626505,0.4060945273631841,0.0080606582472254,1.1328932261768083,36.82089552238806,36.88854786750126,12.0,13.37251431206029,False
39.8919_32.9176,20.52923914959947,0.18819630622232117,34.755427575178636,52.43954507658101,58.908086959787965,119.45180722891567,16.929219097882005,0.1571268582149523,32.06958901807672,45.234878901080485,52.783724885685615,92.97014925373135,6.124362074102351,False
39.8919_32.9294,18.48258976649209,0.1560784252863202,32.97052209437833,51.47825952403993,55.98149567209242,99.28915662650603,16.26143698224928,0.1427779439106575,32.6977130589049,45.10920932955414,49.81239212574768,75.13432835820896,6.1691035463447434,False
39.8919_32.9529,2.678290350341458,0.028184165232357953,3.9461347694927174,67.57228915662651,67.59748154528597,2.0120481927710845,1.6922415571910037,0.021803425269963483,3.0926015085861014,54.64179104477612,54.6429540536988,2.0,12.954527491587172,False
39.8919_32.9647,4.919159569251374,0.04106872971086978,9.308209431696369,43.24531459170014,52.74390825597815,18.10843373493976,3.1985861271588907,0.030696036842266877,7.505224487853438,34.5,42.63975363680229,18.0,10.104154619175858,False
39.8919_32.9765,10.522394957033432,0.08029978405500143,18.222743272150822,49.55764437058579,57.65349629056608,29.174698795180724,6.980547344706569,0.05743207713615223,14.378769344628447,40.35563561502831,48.34373229817352,29.0,9.309763992392561,False
39.8919_33.0118,1.5231110555320782,0.019225793654215964,2.704892583936318,55.98192771084337,55.92867288489358,2.0120481927710845,0.887338539941666,0.01403861152362732,1.97288432568724,45.04477611940298,45.05127294951609,2.0,10.87739993537749,False
39.8919_33.0235,2.4784395663345578,0.03110465618462798,4.37457407436704,58.56174698795181,56.308572101219966,10.060240963855422,1.9357237566509582,0.03191305774005108,4.481289765890085,42.0,44.78259577907952,7.537313432835821,11.525976322140444,False
39.8919_33.0353,2.4784395663345578,0.03110465618462798,4.37457407436704,58.56174698795181,56.308572101219966,10.060240963855422,1.9357237566509582,0.03191305774005108,4.481289765890085,42.0,44.78259577907952,7.537313432835821,11.525976322140444,False
39.9009_32.4706,0.334943974966741,0.006799359178549339,0.9590961044801288,35.65060240963855,35.634944736871034,2.0120481927710845,0.204452078642557,0.004804902393166357,0.6630301060792461,31.149253731343283,31.100965773966465,2.0,4.53397896290457,False
39.9009_32.6235,5.162067755668388,0.08967288084683298,13.839380086610202,31.688838688085678,37.095268935381114,18.08433734939759,3.341676554505455,0.09290589171567971,13.546923408135832,22.521455223880597,24.594726056258708,16.0,12.500542879122406,False
39.9009_32.6353,5.2394876406824205,0.08168123495884011,13.01362603211832,38.09460397982909,39.51057697397875,21.102409638554217,2.699818889528347,0.07313859325206713,10.791565001895911,26.494108405341713,24.96294692883479,19.0,14.547630045143961,False
39.9009_32.6471,16.67223898794035,0.26791776004446843,42.0321765042659,32.20797475616752,39.07619247218283,42.25301204819277,16.088653936719552,0.28355791145054576,44.03245452219673,32.7455579246624,34.48054782070534,42.0,4.5956446514774925,False
39.9009_32.6824,5.1024331458546195,0.09900955123885212,16.912908653792538,25.420682730923694,30.22700121134973,3.0180722891566263,3.021125997519464,0.09095536989878861,14.991803550594424,19.19402985074627,20.12410646257347,3.0,10.102894748776261,False
39.9009_32.6941,4.6260132611839335,0.09738366982456942,15.991108034551917,21.478834819798674,28.98744308340088,14.060240963855422,3.6881711180368457,0.11317783332307625,18.316881191523176,19.271641791044775,20.091723417608446,10.0,8.895719665792434,False
39.9009_32.7059,31.455697190347273,0.4308325979137397,68.47942020632867,49.281802413836715,46.083646508494105,58.1566265060241,21.998813810387098,0.41359239519282753,63.705946118400085,45.52174713168849,34.67551152129319,48.507462686567166,11.408134987200917,False
39.9009_32.7294,50.17151639514963,0.4274199570289732,70.94410154602244,52.73850106307584,72.46132820753537,18.012048192771083,30.818116069159185,0.36090731424709405,61.379592765037636,46.62781546811397,56.714819748061096,16.044776119402986,15.746508459474278,False
39.9009_32.7412,33.30134233741588,0.4214383556360777,55.38392351522992,53.191384065000925,60.61304961921414,30.35542168674699,26.612434970832332,0.5168379030147373,69.31254068405637,45.708678828081815,40.8694861384002,27.0,19.74356348081394,False
39.9009_32.7529,32.431496477893646,0.7194453716837044,69.19464760967875,52.79512685338951,47.24137299770488,46.28915662650602,20.77383425843449,0.7932736438357216,87.18369451832325,35.8441127694859,26.393962491543117,45.0,20.84741050616176,False
39.9009_32.7647,16.104036109501344,0.1475686411860468,22.160119150346375,63.459638554216866,72.71047036006968,11.060240963855422,11.33920684114351,0.1301290394633233,20.176799820819795,51.25223880597015,56.207768383145236,10.0,16.502701976924442,False
39.9009_32.7765,6.220116773913838,0.3470643939393939,24.371129974443228,33.6777108433735,25.564706628083503,2.0060240963855422,3.4821347806422436,0.44233378561736764,30.963364993215738,11.134328358208956,11.1184423719614,1.0,14.446264256122102,False
39.9009_32.7882,21.265074215254504,0.305980705554342,42.49703266562258,54.52817136801079,50.15514163140728,57.25301204819277,19.73732026377875,0.3162264652536433,45.6886799998652,49.05036356678148,43.143043009110826,39.26865671641791,7.012098622296456,False
39.9009_32.8,19.438417158357108,0.35456089098312565,32.123196001160096,49.072837914852315,60.39665232275448,65.79518072289157,33.950804006043576,0.645427804869941,64.2803743045827,45.933457711442784,52.548680301269314,18.149253731343283,7.8479720214851625,False
39.9009_32.8118,27.70252107399566,0.3576685825935215,50.08683680388194,47.18685703310103,55.08539834503946,101.43373493975903,23.826594837389486,0.34087241046705297,52.534362671353165,37.04171726439012,45.030268536040644,61.59701492537314,10.055129808998814,False
39.9009_32.8353,46.86254952581875,0.794799043325878,88.18496053472758,44.421626976131954,53.27994087554614,46.16265060240964,38.08211327981076,0.804337200755975,95.25885795112232,34.61385380788366,40.07921287331905,39.0,13.200728002227088,False
39.9009_32.8471,33.199932783137946,0.4893191595886516,59.74115584886303,45.53703242625365,55.57171283356786,86.91566265060241,28.06034368733616,0.5077403119693098,65.14170531977518,36.917915290516916,43.047441972433354,67.02985074626865,12.524270861134504,False
39.9009_32.8588,22.364600040177244,0.2436473309542456,33.35677934608156,60.33106291626132,66.80326134737221,46.355421686746986,11.056879348998326,0.15779070330831715,22.39192878691667,40.6315565031983,48.16646170217849,38.28358208955224,18.636799645193726,False
39.9009_32.8706,13.820251146282104,0.16354974549440113,23.21811154301486,56.15436746987952,59.34632730961613,44.04819277108434,6.641546648499719,0.10655220969913708,15.001951834856614,36.95047489823609,43.24266438779878,35.940298507462686,16.103662921817346,False
39.9009_32.8824,7.523703065097348,0.0912218378442818,12.883716434808127,48.432900059017435,58.33639791240193,31.06024096385542,4.853016549422975,0.0825097177827784,11.617446841429258,34.73344389165285,41.981153173943945,23.223880597014926,16.355244738457984,False
39.9009_32.8941,5.161305056278337,0.07392824246764278,10.396727111545083,42.82081587218438,49.620692332025065,24.13855421686747,3.46264608013306,0.06361937251712182,8.969566662978025,34.73961713173264,38.44103207719785,23.507462686567163,11.179660254827212,False
39.9009_32.9059,37.55393566951251,0.3650282563143116,61.61027340756095,56.07641115290074,60.736710680829226,115.01204819277109,28.074225694923708,0.3170869264413492,58.86708595203231,43.04905918295081,47.706668653258184,81.02985074626865,13.030042027571042,False
39.9009_32.9176,16.8408443295388,0.157198772123513,29.580209198678492,50.77434368731309,56.75194855338947,100.33132530120481,14.930635163513314,0.14101241012301197,28.508576999558006,45.19117109063445,52.33636234074987,74.97014925373135,4.415586212639596,False
39.9009_32.9294,14.790836234551035,0.12325908886164913,26.47800014472811,49.723147600096574,55.8043851001173,102.41566265060241,12.006676008158207,0.1055555515432721,24.33515022875353,43.36189018278571,49.41663784672502,86.07462686567165,6.387747253392284,False
39.9009_32.9412,40.23199845341853,0.36556454586841486,73.37830878116033,52.88415633638787,54.66015301338377,36.45783132530121,25.760648137944685,0.25782504669123135,56.121190686549085,40.187664618086046,45.78725662399033,33.014925373134325,8.87289638939344,False
39.9009_32.9529,9.627914177176388,0.0836804116748922,16.204589002660523,55.601932404944456,59.21801405725972,55.22289156626506,6.518476245020244,0.058797365608750235,13.432804043819527,42.272921108742004,48.32602573381291,49.0,10.89198832344681,False
39.9009_32.9647,8.7424562544149,0.07288539665491017,14.191782400456107,56.96357167801641,61.46643814366667,46.096385542168676,6.510991245474106,0.05012655742936534,12.656827798112769,41.02694859038143,51.24506597551013,36.0,10.221372168156542,False
39.9009_32.9765,7.993784652928532,0.06565361772953213,12.936352270138963,55.39637367202801,61.69416769086682,29.03012048192771,6.488237384541152,0.04779685293093879,12.364901656824113,38.81023454157783,52.39443636167563,21.0,9.29973132919119,False
39.9009_33.0,8.80635630456386,0.06755652466717584,16.169857343484367,54.40060240963855,54.38070884144229,1.0060240963855422,5.777452207266327,0.050219251391305154,13.084271892073376,44.208955223880594,44.20363719603727,1.0,10.177071645405022,False
39.9009_33.0118,1.87703883821482,0.02440738705034012,3.4315764276575944,54.931927710843375,54.518049697790914,5.168674698795181,1.2941794132899445,0.02156108596095329,3.031148526846091,40.92338308457712,43.32130524596284,4.014925373134329,11.196744451828074,False
39.9009_33.0235,2.4784395663345578,0.03110465618462798,4.37457407436704,58.56174698795181,56.308572101219966,4.024096385542169,1.9357237566509582,0.03191305774005108,4.481289765890085,42.0,44.78259577907952,3.014925373134328,11.525976322140444,False
39.9009_33.0353,2.4784395663345578,0.03110465618462798,4.37457407436704,58.56174698795181,56.308572101219966,2.0120481927710845,1.9357237566509582,0.03191305774005108,4.481289765890085,42.0,44.78259577907952,1.507462686567164,11.525976322140444,False
39.9099_32.5882,0.48760272905117624,0.00719362706686194,1.1411202717533022,43.29066265060241,42.91212469001784,8.048192771084338,0.3328546795291655,0.0067633374283407235,1.1032448348238646,32.93283582089552,31.136469244921113,7.044776119402985,11.775655445096728,False
39.9099_32.6235,1.9094991215109753,0.029681758984588382,4.164499646971414,43.58734939759036,46.04897874476828,1.144578313253012,0.8484818275037029,0.016812407428506274,2.380653981998405,36.92537313432836,37.00052429697442,1.0,9.048454447793858,False
39.9099_32.6353,7.708606165029541,0.12498870516552314,19.79062534802709,32.117646022687246,38.54455676949095,36.45783132530121,7.481738307123903,0.1392225634683028,21.462708354921087,27.77631727725011,33.76374779973223,32.776119402985074,4.7808089697587235,False
39.9099_32.6471,5.074546606846299,0.06627746282581386,11.683324295477517,33.286144578313255,41.20580179369967,10.060240963855422,9.33170754292052,0.09721038114391371,16.995014999900846,38.13134328358209,42.2897866134513,10.0,1.0839848197516275,False
39.9099_32.7059,34.04861915288145,0.3244372982965251,58.55934299454414,51.39273918064177,58.21197475873443,41.86144578313253,24.697914883300303,0.3017663021827677,54.74057317788352,41.17659194375612,45.147970429404666,36.014925373134325,13.064004329329762,False
39.9099_32.7412,28.14743272209654,0.3453761562069941,46.24134451379674,54.47126004016064,61.12725455118927,8.066265060240964,19.10153162782297,0.26398054025149464,37.94024315507265,42.848880597014926,50.38200622977823,8.0,10.74524832141104,False
39.9099_32.7529,13.863012251327557,0.7259902310797235,50.91614659811293,29.150669344042836,27.192636941148855,9.072289156626505,4.118580302609396,0.46947388882383956,32.86435075813059,13.636815920398009,12.522038042518995,9.0,14.67059889862986,False
39.9099_32.7647,12.328358890105878,0.6895764877692587,48.30868930266521,25.46987951807229,25.487386334639783,6.036144578313253,3.4821347806422436,0.44233378561736764,30.963364993215738,11.134328358208956,11.1184423719614,6.0,14.368943962678383,False
39.9099_32.7765,2.5045612829734334,0.08252692847951346,9.624346017386472,35.40794011285416,26.535642303292217,37.83734939759036,7.84065565588983,0.5047489823609227,55.255228559397366,13.149253731343284,13.968277162819918,2.0,12.5673651404723,False
39.9099_32.7882,7.02828916193287,0.17845599693615058,22.09367177611066,39.139011152971015,32.03038662818266,75.7710843373494,17.282047788287436,0.5016611222829426,64.5738696755135,35.397014925373135,26.710608548483062,15.0,5.319778079699599,False
39.9099_32.8,18.634938100854768,0.25928951058938543,32.00259087878595,52.026466317767294,58.18714003445475,85.33132530120481,22.046622222715357,0.35505693772668756,49.44259200573309,42.12542432059553,44.48168134148047,35.417910447761194,13.705458692974283,False
39.9099_32.8118,23.886880642115425,0.29060834748617503,44.0909828290997,48.061761614800005,54.06605797676546,168.04819277108433,22.733479584084876,0.307867296374888,50.741754547177614,40.35677060262573,44.54632833805396,98.2089552238806,9.519729638711496,False
39.9099_32.8235,26.334267354246368,0.31649309456136715,46.982109107876006,47.85164676539528,56.01645153895988,59.95180722891566,22.201876213801278,0.29777210182188707,46.61164384193443,43.433601224646004,47.475979758961905,39.0,8.540471779997972,False
39.9099_32.8353,42.5621142497565,0.5042201706432049,78.19183430326308,51.599544677199226,54.43390435783597,81.40963855421687,33.189057538305484,0.46576672470021924,72.17088564188589,47.28606965174129,45.85289926191953,54.0,8.581005095916439,False
39.9099_32.8471,44.62535784827041,0.6026487144293448,76.30313592701377,50.816300847907506,58.459351327856474,94.53614457831326,31.783773164948872,0.5327201634616566,72.01728218006221,40.12843553358359,44.08156392055845,81.02985074626865,14.377787407298023,False
39.9099_32.8588,25.078877259525164,0.26745666027616044,37.94902300865534,57.97188269988165,65.90532883762695,27.64457831325301,12.562342554310975,0.17980733756092035,25.52532474203312,41.50688586055231,48.15526735055807,24.313432835820894,17.750061487068884,False
39.9099_32.8706,4.149810603546307,0.0572076982660156,8.018892507715327,42.1588833968352,51.897588028482495,26.96987951807229,4.067332927720055,0.06988252335065433,9.831796490170388,37.428370965684394,41.51303981844426,15.537313432835822,10.384548210038233,False
39.9099_32.8824,76.39590559628294,0.7488894982486545,114.22149781006928,51.53438034084377,66.87459081712827,60.01807228915663,68.82857725450455,0.7523281339568568,119.88524944416467,38.87907907544657,58.21014577063863,41.55223880597015,8.664445046489632,False
39.9099_32.8941,36.92344442926707,0.3609601826969814,58.395853411385644,49.982475382751666,63.11361639851977,107.76506024096386,34.84900603945841,0.3855217937802997,66.61035717710254,40.08652518825159,52.38892189574238,67.04477611940298,10.724694502777389,False
39.9099_32.9059,30.319827632185866,0.27317372902951786,52.93039931849143,49.90409413743209,57.11633682032094,116.37349397590361,23.85978846136203,0.22532136627187815,48.97839720994602,42.34514679554127,48.689713051321824,92.40298507462687,8.426623768999114,False
39.9099_32.9176,12.607818614400406,0.11219012987006415,20.457078375069212,58.9391481828486,61.45338661534638,44.22289156626506,9.221842532139776,0.0913235053310028,17.848540494629773,49.931967040161624,51.644173725948235,39.47761194029851,9.809212889398147,False
39.9099_32.9294,20.626099537124418,0.19954747714414367,35.559592277197034,50.7940708825529,57.86355022104328,115.89156626506023,15.66674332113234,0.16295011679901442,32.50020597145987,41.80631219607539,48.2766002085049,94.6268656716418,9.58695001253838,False
39.9099_32.9412,40.945706014350314,0.376201041959681,74.46196925695179,49.6312391173084,54.84315723308654,48.7710843373494,27.578206861155266,0.2757085539269289,59.8324947405334,37.03981202634279,45.97410999873445,42.52238805970149,8.869047234352088,False
39.9099_32.9529,36.976523704143624,0.3385610686174302,69.01383771016557,48.32771522278787,53.43931997060886,109.53012048192771,23.608186721674297,0.2376681928324984,52.905004073930954,36.297373606395006,44.53131713621526,100.04477611940298,8.9080028343936,False
39.9099_32.9647,11.27034846530858,0.1174148858417813,22.899644652952603,45.87241660338665,49.159176459317884,48.1144578313253,6.741961207293976,0.08127895825271697,16.25243205965169,34.35786815791308,41.518101427359845,44.04477611940298,7.641075031958039,False
39.9099_32.9765,5.627810561473308,0.0645185968329782,10.422956013217808,48.94283047096723,53.829072997322264,55.77710843373494,3.557820502041465,0.04463960304635122,8.04573654711079,34.01710495143331,44.09557877965804,47.02985074626866,9.733494217664223,False
39.9099_32.9882,4.40197933371196,0.06237806645023486,8.75996785836153,51.0636546184739,50.06802498453033,9.19277108433735,2.642153726597153,0.047327387813551426,6.658205638108965,35.78358208955224,39.76654439971538,7.522388059701493,10.301480584814954,False
39.9099_33.0471,2.8358609136377533,0.050703353315221716,7.103265774435725,36.91265060240964,39.943081893684464,6.313253012048193,1.107110830833579,0.026675229073449866,3.7671638587584506,26.82587064676617,29.55242941865516,6.0,10.390652475029306,False
39.9189_32.5765,0.48760272905117624,0.00719362706686194,1.1411202717533022,43.29066265060241,42.91212469001784,4.024096385542169,0.3328546795291655,0.0067633374283407235,1.1032448348238646,32.93283582089552,31.136469244921113,3.5223880597014925,11.775655445096728,False
39.9189_32.6235,3.182498535851626,0.04946959830764733,6.940832744952357,43.58734939759036,46.048978744768284,1.144578313253012,1.414136379172838,0.02802067904751051,3.9677566366640087,36.92537313432836,37.00052429697442,1.0,9.048454447793866,False
39.9189_32.6353,7.1411345694033095,0.09499018286361563,14.833691457335116,42.23248256182625,47.742186126640924,19.072289156626507,5.676384530883116,0.08426189593538698,13.357766727460282,33.22600140324021,42.57704726686692,14.582089552238806,5.165138859774004,False
39.9189_32.6471,7.119301799094877,0.09609891670803497,17.69915141468718,34.06785967399008,39.24000150714175,17.102409638554217,9.51752016924372,0.11370893658824806,20.434560200528313,36.1387181738367,39.48710192455347,17.0,0.24710041741172262,False
39.9189_32.6824,5.153541764570064,0.06305062639562842,11.070601163165797,37.20105421686747,44.13611011283459,4.024096385542169,7.919156533504345,0.08139241959023366,14.048676308270219,38.906716417910445,44.30762598910503,4.0,0.17151587627044051,False
39.9189_32.6941,36.01107966366608,0.331142512249531,61.320589881631484,57.69165367892353,58.86262942688452,46.10843373493976,30.81564770786175,0.348801758280777,65.5042999390515,44.48902546093064,47.00983337940539,34.0,11.852796047479124,False
39.9189_32.7294,1.9094991215109753,0.029681758984588382,4.164499646971414,43.58734939759036,46.04897874476828,1.144578313253012,0.8484818275037029,0.016812407428506274,2.380653981998405,36.92537313432836,37.00052429697442,1.0,9.048454447793858,False
39.9189_32.7882,5.281853500305661,0.18914484450487928,26.53170114547583,33.94954819277108,20.12495977307101,10.13855421686747,8.287822128087235,0.31083655214119826,46.36043037293405,25.029850746268657,17.77619844620823,4.0,2.3487613268627783,False
39.9189_32.8,4.897720735876751,0.07771067721420018,13.535588167315264,32.77909364731654,36.14084904097887,10.987951807228916,8.516887851176728,0.12541543393933646,25.20344567072796,34.350746268656714,33.84031383157642,4.0,2.3005352094024545,False
39.9189_32.8118,18.539190531407524,0.21823491044068966,35.43705763050675,57.81534559289791,52.390020987041865,19.35542168674699,21.99138516208659,0.36606354852848555,63.52182440374852,32.515724946695094,34.54597196561131,7.82089552238806,17.844049021430557,False
39.9189_32.8235,9.591521534533394,0.4886695806238287,53.44229458325604,29.59814257028112,18.188835849790735,23.89156626506024,8.70210351468464,0.7864874819451131,85.46728334135771,15.591044776119402,10.167196122369523,10.0,8.021639727421212,False
39.9189_32.8353,27.27056016798724,0.36627433165277934,58.03351215708929,50.16840696117805,47.03041960406061,14.975903614457831,32.9360504593051,0.514254746316354,90.17275642525878,41.737396351575455,36.93641153988263,7.164179104477612,10.094008064177984,False
39.9189_32.8471,37.15612483695815,0.4406393426250008,67.27638811644506,48.294854868450294,55.131546629900406,424.0,28.825150147149095,0.4058142741159392,65.12225941754672,39.54686593581047,44.170107435215776,329.82089552238807,10.96143919468463,False
39.9189_32.8588,85.23631198878384,0.7722585899408653,152.99893558466977,51.38499895654527,55.5877214995187,117.7710843373494,66.52107958873458,0.6563203020612721,144.77941893684613,42.68822548364075,46.0047706760031,98.44776119402985,9.582950823515603,False
39.9189_32.8706,11.012149270906745,0.10579957061156284,18.27853832707242,47.27263449402003,60.21644416424841,12.963855421686747,11.389194493921327,0.1280663652061591,24.737325880884896,40.669651741293535,46.471580024386824,7.0,13.744864139861583,False
39.9189_32.8824,25.840139305539047,0.23483359600541173,43.13408362339519,50.81145341092995,59.72186869739882,119.08433734939759,22.067530212574678,0.22213458660252539,45.59982771744944,41.71002996618951,48.585265780835144,82.74626865671642,11.136602916563675,False
39.9189_32.8941,33.983338419372444,0.3111722500556866,57.31576658896604,52.68873767872134,59.13756088910703,80.09638554216868,29.279686972993783,0.2920566643837048,58.96489535835,44.77307599852968,49.63268630139286,57.35820895522388,9.50487458771417,False
39.9189_32.9059,20.038488072855017,0.1779900072786216,34.44278724462809,53.75505517899441,58.02573429241751,54.3433734939759,14.938498393405306,0.14317937537320363,30.645527186902356,46.948116145647454,48.662372832927595,46.1044776119403,9.363361459489916,False
39.9189_32.9176,30.320149190584136,0.29544644691199595,52.61047130520652,49.924810262260365,57.49318150610767,182.65060240963857,22.02573518072672,0.23122524570635722,46.25824088001244,39.36411839886844,47.59585084423551,157.62686567164178,9.89733066187216,False
39.9189_32.9294,11.875520114077311,0.5701826178596002,65.3379436574423,30.34036144578313,18.45630594824052,12.102409638554217,2.0774214191919076,0.03308133176075612,6.253928971258707,33.82587064676616,33.35484317576742,6.0,14.898537227526901,False
39.9189_32.9412,11.155893258320507,0.4526961820260086,53.98343438866085,35.52005457728349,20.8770164339746,26.012048192771083,3.4260349834403776,0.04510634091914803,10.281309035921014,33.22222222222222,33.56204773809825,18.0,12.685031304123651,False
39.9189_32.9529,4.201106942595978,0.11835568010882215,15.249691055499028,41.565526033753784,27.66296354867929,33.16265060240964,2.043884995270402,0.032405946381589175,6.187863810766696,32.84737602311025,33.24856185798329,31.0,5.585598309304,False
39.9189_32.9647,2.34121511242956,0.04713598815709196,5.577356221140863,42.346385542168676,42.35214632239562,9.05421686746988,1.8775811367926387,0.047530525916135616,5.859829721084999,32.32835820895522,32.3817810931916,9.0,9.97036522920402,False
39.9189_32.9765,1.7852375410733845,0.02871072357612265,4.041544016976999,44.23795180722892,44.18322046897712,4.024096385542169,0.9029002713704206,0.02050118724559016,2.885006784260516,31.134328358208954,31.149654322119204,4.0,13.033566146857915,False
39.9189_32.9882,1.7852375410733845,0.02871072357612265,4.041544016976999,44.23795180722892,44.18322046897712,15.090361445783133,0.9029002713704206,0.02050118724559016,2.885006784260516,31.134328358208954,31.149654322119204,15.0,13.033566146857915,False
39.9189_33.0588,1.7852375410733845,0.02871072357612265,4.041544016976999,44.23795180722892,44.18322046897712,1.0060240963855422,0.9029002713704206,0.02050118724559016,2.885006784260516,31.134328358208954,31.149654322119204,1.0,13.033566146857915,False
39.9279_32.5647,7.63780597045541,0.06407072129185934,10.480036333886208,61.07298838209982,72.85469153087531,16.08433734939759,6.3708275180621445,0.06268769366360379,10.215648545351064,57.97530206112295,63.35953105478505,13.522388059701493,9.495160476090263,False
39.9279_32.5765,3.677081963357599,0.029218406866547267,4.869544708628332,50.58743545611016,75.62774940208914,42.24096385542169,3.351307723271453,0.0323331216859685,5.479398223159012,43.4105625717566,62.00042873068417,36.656716417910445,13.627320671404966,False
39.9279_32.5882,0.48864531072618744,0.022549163218222406,3.4606511150986927,14.075301204819278,14.073060951288147,1.0060240963855422,0.4758653540806605,0.02170757156466903,3.5249285487456334,13.432835820895523,13.496294040004063,1.0,0.5767669112840839,False
39.9279_32.6,0.8123236878602901,0.006870866394316444,1.1286901718070401,72.50602409638554,72.54419556653062,1.0060240963855422,0.6128333870744853,0.0057016803066827805,0.9713124612935752,64.47058823529412,64.4185718014713,1.0,8.125623765059316,False
39.9279_32.6118,12.146621698728659,0.11876455140799737,22.71750492645306,60.07322015334063,53.22966804594582,78.05421686746988,10.370678680883746,0.1324382852700024,25.899097186488394,35.905563093622796,40.05265152977777,55.0,13.177016516168052,False
39.9279_32.6235,5.177207154641964,0.050564337309493154,9.86271119749044,50.92479775630499,52.356091080909295,40.2710843373494,4.529116593146844,0.05094581727770706,10.043468729332574,37.78138718173837,44.97701537043014,34.0,7.379075710479157,False
39.9279_32.6353,5.492803855515105,0.057866859371497624,9.75038402454719,55.81096694470188,56.184625454978864,55.102409638554214,5.818034280908631,0.06969560366539543,11.947040652962716,42.26023727516265,48.559806631718494,39.0,7.6248188232603695,False
39.9279_32.6471,7.5735147945653205,0.09025552512662685,17.329614457150686,37.73449086634111,43.7568112955832,114.58433734939759,6.890529176559039,0.09289863558655025,17.683208839138786,31.84105246961071,38.442723038126495,97.0,5.314088257456703,False
39.9279_32.6588,3.4555026504352426,0.05263698473262773,10.287667642811572,32.07003012048193,33.87153553660191,8.048192771084338,1.930466586521452,0.04496035325436841,8.808732558570997,22.48134328358209,21.966853241580413,8.0,11.904682295021498,False
39.9279_32.6941,36.01107966366608,0.331142512249531,61.320589881631484,57.69165367892353,58.86262942688452,46.10843373493976,30.81564770786175,0.348801758280777,65.5042999390515,44.48902546093064,47.00983337940539,34.0,11.852796047479124,False
39.9279_32.7059,15.124507608313731,0.15009413861541437,24.811835086463514,59.353761800448545,60.95313332505223,29.734939759036145,12.054249367385808,0.1517110826807901,25.65653482065371,45.619131614654,47.09848788954331,21.01492537313433,13.854645435508921,False
39.9279_32.7882,4.9403735955843935,0.21963190063115806,29.331786067251,38.06715017966603,17.201492235975074,37.86144578313253,21.95851775604735,1.0208955223880596,143.1847658260422,15.164179104477611,15.160524459327329,5.0,2.0409677766477454,False
39.9279_32.8118,62.00665543631017,0.6101402369486232,112.04487462295842,49.09931969416087,55.36628325985819,105.5,77.54132366509408,0.8560900169279986,174.04765976209075,36.65077627505112,44.36821146089208,52.76119402985075,10.998071798966116,False
39.9279_32.8235,12.968520829401712,0.1437094542348129,25.509943338241627,61.039720415344185,51.2240057434155,126.355421686747,16.226848841393267,0.26807879579429605,43.78621661612587,40.55122499748959,32.032661100221375,30.08955223880597,19.191344643194128,False
39.9279_32.8353,37.597160087512115,0.3549198583392979,65.65432716742197,51.155087900300956,57.13360472293989,163.06626506024097,33.69612137073801,0.34144319507524135,72.67706614168182,41.71557127043769,46.292357046969904,100.38805970149254,10.841247675969989,False
39.9279_32.8471,55.304161362167335,0.6177643355264109,98.06784403946074,48.17860077853325,56.26253111711434,624.6867469879518,42.559606533043464,0.5574020509159604,94.47036635066631,38.81542486871315,44.91843812306757,503.4925373134328,11.344092994046775,False
39.9279_32.8588,81.38266594891844,0.8193415312931824,145.9428066880759,50.894531172038484,55.63506252757259,192.26506024096386,59.39600103056076,0.6843506013182855,131.31495897955813,41.82047675010811,45.111650420196554,167.6417910447761,10.52341210737604,False
39.9279_32.8706,76.05260184056385,0.6898647782262053,135.65879616028698,51.57076515780271,55.9038373454098,202.02409638554218,56.839479166857906,0.5614620276812786,122.88625354112726,41.425627559345195,46.230621023030274,171.88059701492537,9.673216322379524,False
39.9279_32.8824,58.188265840809905,0.5544245989560845,108.79895437183549,50.927311345247205,53.31880705683023,244.90963855421685,43.1167788444292,0.44944443472663914,96.49308542204605,42.15058057372444,44.60336211053859,211.5820895522388,8.71544494629164,False
39.9279_32.8941,56.73340658627771,0.5427608663900351,105.41346045832623,49.045686790734486,53.687949343917865,83.31927710843374,42.38571537355891,0.4408013971485362,94.51887340302864,41.281128603557555,44.69794720429479,73.0,8.990002139623073,False
39.9279_32.9059,26.3042237651999,0.25463764929710586,47.931041813942116,52.000596679522054,54.7254173794214,104.42771084337349,18.90410142826338,0.2002873634664041,42.252632977502024,42.61498956828759,44.591317997635365,93.0,10.134099381786037,False
39.9279_32.9176,4.058090672292961,0.05736599017494562,9.389824220810482,44.57940192141114,43.14208714018813,18.367469879518072,2.125821226992775,0.03499308816782689,6.330046274781825,31.40170803735334,33.482308830528055,14.044776119402986,9.659778309660076,False
39.9279_33.0,1.7852375410733845,0.02871072357612265,4.041544016976999,44.23795180722892,44.18322046897712,5.030120481927711,0.9029002713704206,0.02050118724559016,2.885006784260516,31.134328358208954,31.149654322119204,5.0,13.033566146857915,False
39.9279_33.0118,3.934756750235877,0.06308508642745149,8.848193380777204,40.46498055714923,44.43024371694498,28.271084337349397,1.8236901780604775,0.03742612669092258,5.276762060118624,29.156970702045328,34.64748406942461,26.01492537313433,9.782759647520372,False
39.9279_33.0235,3.70998024248704,0.06404687953497892,8.986990503597475,38.62831325301205,41.24290354038512,8.325301204819278,1.6112999670436479,0.03788311496491602,5.34229959402283,27.902985074626866,29.855602993257673,8.0,11.387300547127449,False
39.9369_32.5412,9.772113639785006,0.07811210391722273,16.671993434645383,41.90490533562822,58.898783985794395,21.126506024096386,9.314675426713862,0.0796276499961486,16.611349979746947,43.27935950499603,55.97708284088514,19.029850746268657,2.9217011449092567,False
39.9369_32.5529,0.8306941947208842,0.024486254445084035,1.747616410104155,42.58734939759036,48.08609578918235,2.7590361445783134,0.6277752080694914,0.020081684049580363,1.5672381759399503,42.208955223880594,40.531308566533475,2.0,7.554787222648876,False
39.9369_32.5647,15.49181621322969,0.1310916326798584,23.942047945793732,56.51451679343481,64.55185892240023,110.21686746987952,12.727465002113993,0.12914389064256104,23.784519605942478,46.83503781864373,53.775074126624,92.56716417910448,10.77678479577623,False
39.9369_32.5765,9.95857197118603,0.07740034961465467,14.39469725965551,63.77071044854692,69.02281415609673,57.31927710843374,7.255760180745797,0.06749017104778915,12.521374831949073,57.15929785037079,58.18803535995293,51.80597014925373,10.834778796143802,False
39.9369_32.5882,12.588527900250444,0.09363537089411382,18.125302249652822,62.28689815081157,69.33412408140423,128.56626506024097,10.44671727244836,0.09434373909301738,18.42421933406852,56.10389042343481,56.87852080117928,103.13432835820896,12.455603280224949,False
39.9369_32.6,11.758929238002203,0.09533147102804904,19.46851017091431,55.707060488954106,60.089833253642546,53.13253012048193,9.312791493924225,0.09712273242123749,20.42538692239695,40.89043597800471,45.5431634567412,39.52238805970149,14.546669796901348,False
39.9369_32.6118,15.63982948125432,0.14206699996743324,26.160020947334377,54.50300215935506,59.5005482862522,102.28313253012048,15.268805870811113,0.15991096488733078,29.934457608162603,42.0197516445391,51.02481775264272,78.5223880597015,8.475730533609479,False
39.9369_32.6235,10.593295188538557,0.09322320785489524,17.0883800931429,52.67928469684509,61.76778454897376,58.21084337349398,9.661153562495624,0.09659549511421386,17.97418605025194,41.57416996649406,53.71232748476258,49.0,8.055457064211176,False
39.9369_32.6353,11.504906592220983,0.10250372758012201,18.72852097963569,54.96258595956523,60.98803880820241,141.3012048192771,11.212166663406538,0.10998859643083565,20.647438506153055,48.4124324987727,54.41883273897022,96.68656716417911,6.5692060692321945,False
39.9369_32.6471,8.215297465255903,0.07385049656472453,14.079373707830584,48.56704585367472,58.39865329239078,85.41566265060241,6.755613141794259,0.070117390658524,13.285710031195427,38.0719131614654,50.99208618309898,77.0,7.406567109291807,False
39.9369_32.6588,5.999964187399884,0.07954607158723719,15.081577156613902,38.751094920221426,39.60678775764458,80.44578313253012,4.741334032140922,0.07514467285696286,14.038947780667067,30.09721661960468,32.996849412952336,74.0,6.609938344692246,False
39.9369_32.6706,36.043121277892084,0.3309887223841479,61.387150007550325,57.28932261553956,58.840969612123764,45.12048192771084,30.244987565123566,0.3423424664607626,64.2912573475876,44.48902546093064,47.00983337940539,34.0,11.831136232718372,False
39.9369_32.6824,0.5112376576840664,0.012934849498756836,1.8173449511982558,28.563253012048193,27.98005774562231,3.6626506024096384,0.09659370877243174,0.0033538378395561266,0.47064994516236713,19.29850746268657,19.295648381469277,2.0,8.684409364153034,False
39.9369_32.7059,18.603712819795533,0.17876091605639732,30.262948238024503,54.51601663846723,61.503421794912235,158.92168674698794,16.42762955634642,0.18587179741357363,32.442538515591195,44.47376265174382,50.62210844664256,114.04477611940298,10.881313348269678,False
39.9369_32.7176,21.39476027024835,0.20145016709139804,34.546597825795274,52.57707166816694,61.93296329842746,144.22289156626505,19.13021656623962,0.20701174445945947,36.6894321459743,43.806956693134794,52.10659192143761,107.07462686567165,9.826371376989847,False
39.9369_32.7294,21.467603747784175,0.2035529314793042,34.81228078921976,52.22980713628943,61.67889676224362,98.59036144578313,19.477824191722004,0.21123959587668728,37.391393661878205,43.800362554524796,52.049084846665714,72.01492537313433,9.629811915577903,False
39.9369_32.7412,20.725902916829078,0.19646288543518736,33.43757662461089,53.2675488172367,61.983805477818436,138.46385542168676,18.052897751640373,0.19495361389941163,34.61178655163654,43.663903070494214,52.104950975829574,105.56716417910448,9.878854501988862,False
39.9369_32.7529,21.625978296821327,0.2163513946702592,35.37609178139652,52.072451600434746,61.13105566534272,153.20481927710844,19.628413368210218,0.2164324345361523,37.82976991283972,43.59123841698625,51.84812952558447,109.98507462686567,9.282926139758253,False
39.9369_32.7647,20.728386640276987,0.21139650535818663,34.136888461250535,51.33603770810114,60.72427068871688,52.024096385542165,19.791478077215537,0.2133604534165628,37.953972727314486,43.82137218401485,52.128076260896385,35.059701492537314,8.596194427820492,False
39.9369_32.7765,2.6568261144638496,0.044781398398091865,5.916457266722786,54.4778186058015,44.95540477114232,30.783132530120483,4.182301467705437,0.041507544989105125,6.9712355994710835,60.20746268656717,60.327075255728246,4.104477611940299,15.371670484585927,False
39.9369_32.7882,2.4799312343265463,0.03692074636453641,4.9339192600504305,57.22068117273412,50.29637189264411,39.78915662650602,2.854535884484646,0.03562870393902266,5.532928969422896,44.93760364842454,51.82676149707583,9.253731343283581,1.5303896044317185,False
39.9369_32.8,2.7071352624553673,0.05454286054703845,7.262400428788365,66.16701287910261,37.77805418604637,28.77710843373494,5.42189188513324,0.11736869782550748,17.469043568515932,55.11727078891258,30.97954842361164,7.0,6.798505762434729,False
39.9369_32.8118,14.785496016193788,0.14135750726954427,25.569916101443958,56.8932015144803,57.92951151191305,154.93373493975903,17.068171068012965,0.18872652531332096,34.38204931001391,44.01963363714288,49.43986678386299,82.40298507462687,8.48964472805006,False
39.9369_32.8235,15.39909077169019,0.176802933297819,30.159334262807334,54.1354092150642,51.09490248836661,191.31927710843374,19.373578183993466,0.2745042999523829,49.77927906285479,41.68250012606786,38.71734977221292,80.61194029850746,12.377552716153687,False
39.9369_32.8353,26.837997886974247,0.2688145776995106,48.84466480636186,50.16310572028503,54.93346504223582,280.9457831325301,28.590059110627607,0.3282667654257647,64.89953710209495,41.24457507601687,43.97186604865022,162.23880597014926,10.961598993585596,False
39.9369_32.8471,44.221401826234015,0.48560330101872384,79.96095978715925,47.17823762182727,55.154693991605626,434.0301204819277,33.666962844500695,0.4339990777678448,76.43982107075843,38.61785161951546,43.94725539504115,358.74626865671644,11.20743859656448,False
39.9369_32.8588,27.138463337349183,0.21579581896431513,44.96044777448626,54.439349892600106,60.23940857131218,45.1144578313253,22.80417661979333,0.20697177687022292,46.32990487347001,42.95420964674696,49.14780668395057,36.97014925373134,11.091601887361612,False
39.9369_32.8706,36.86438031723972,0.34664638053836394,66.21556860161162,47.97326063845741,55.57893034456976,147.13253012048193,33.582726894401056,0.31021698620354093,70.55461030859989,39.222257929672956,47.63449916919639,94.86567164179104,7.944431175373374,False
39.9369_32.8824,47.74106919838437,0.4165880362467051,83.30355225420989,48.908295930205774,57.21486453719129,81.7710843373494,42.92865682472099,0.38528329285853785,89.72429810202449,39.14204711735441,47.822450768681904,54.791044776119406,9.392413768509385,False
39.9369_32.8941,6.440586997521137,0.08142904453628678,17.799409737089977,31.53525596639431,35.83885564786832,52.91566265060241,5.214369199093422,0.06536774434450689,17.13387315151745,29.561202644784732,30.425711262362352,35.46268656716418,5.413144385505969,False
39.9369_32.9059,5.571196172425725,0.05048865760385129,10.704173124568378,44.04090044388079,51.948474973680334,19.1144578313253,3.63956072625512,0.036811969311268795,8.016753563344599,39.435192458758834,45.30375213335963,19.0,6.6447228403207035,False
39.9369_32.9176,5.05093053265599,0.05781173118244403,11.235443878160751,45.12588932359316,44.855241893181706,47.78313253012048,3.197790617544296,0.03878068884806519,8.437560173016767,35.10719131614654,37.821268325371385,38.08955223880597,7.033973567810321,False
39.9369_33.0,1.7852375410733845,0.02871072357612265,4.041544016976999,44.23795180722892,44.18322046897712,2.0120481927710845,0.9029002713704206,0.02050118724559016,2.885006784260516,31.134328358208954,31.149654322119204,2.0,13.033566146857915,False
39.9369_33.0118,1.7852375410733845,0.02871072357612265,4.041544016976999,44.23795180722892,44.18322046897712,9.05421686746988,0.9029002713704206,0.02050118724559016,2.885006784260516,31.134328358208954,31.149654322119204,9.0,13.033566146857915,False
39.9369_33.0235,3.7763608858998254,0.06574119729754212,9.221309923095822,37.71259905933896,40.92492679618947,17.795180722891565,1.6056665542622506,0.03795018542163679,5.353427736007035,27.332748024582965,29.7448507142772,17.0,11.180076081912269,False
39.9369_33.0941,2.5459988286813005,0.03957567864611786,5.552666195961886,43.58734939759036,46.048978744768284,1.144578313253012,1.1313091033382703,0.02241654323800839,3.174205309331206,36.92537313432836,37.00052429697442,1.0,9.048454447793866,False
39.9459_32.5294,12.572726680097992,0.09800883776260597,21.206631185889304,41.591652323580035,59.6120393353187,14.08433734939759,11.619087454629687,0.09796825774492188,20.53410219180534,45.54477611940298,56.56440808168757,13.014925373134329,3.047631253631131,False
39.9459_32.5412,9.974704369970576,0.07893174865942584,16.595876854282572,46.34390050623952,60.44780011721478,28.656626506024097,9.201657177766299,0.07864760190879508,16.236274321231647,46.9273410724157,56.785569907325254,26.01492537313433,3.662230209889529,False
39.9459_32.5529,13.3948620249745,0.1029987486916265,22.205825952898604,47.40861559445328,60.58449708687333,53.31927710843374,11.612331209081011,0.09834890225077884,20.645460179581466,45.42682225664132,56.33309767577723,50.53731343283582,4.251399411096095,False
39.9459_32.5647,13.269755474195506,0.09229162753393717,20.01698094412087,60.47759330002938,66.49394732149771,41.24698795180723,10.211564555190742,0.0828088728491999,17.452822326750432,53.4062613760466,58.92291469173474,41.0,7.571032629762975,False
39.9459_32.5765,17.79253709509251,0.13949058944760248,27.801537631548022,55.146184968156014,63.86601637797893,151.4879518072289,17.257809897922623,0.1587512735642178,31.70440122819548,49.02140109170745,54.69962285661798,116.28358208955224,9.166393521360952,False
39.9459_32.5882,13.699952217615035,0.10463790719829016,21.878012214162702,56.81232605061394,62.4466500027662,110.2710843373494,14.784262037750509,0.13543621051964472,28.70878293215092,51.814328358208954,51.66963717227616,75.0,10.777012830490037,False
39.9459_32.6,12.493858043155665,0.11575071775441878,20.981117134270704,50.07120127149491,59.362964089783716,181.5,13.908607468015195,0.14890210361735123,27.560739109111534,42.755104477611944,50.50578024669828,125.0,8.857183843085437,False
39.9459_32.6118,4.0051890098124945,0.04466440898026019,7.773420459287513,44.83791490070956,51.21501944506848,45.325301204819276,7.632531149628687,0.07870748919624321,13.75754034528456,38.58299412030755,51.651825414668295,33.0,0.436805969599817,False
39.9459_32.6235,7.465556707807777,0.0701304557515903,12.293001573548878,52.539092851592855,60.681999091219666,88.3132530120482,6.842052528900501,0.07763482931996125,13.661718368527822,39.327529021558874,50.067785925349696,72.0,10.61421316586997,False
39.9459_32.6353,14.712795268990577,0.13362688814526041,23.20915948259877,56.638315165423606,63.44806655769536,90.20481927710843,12.981146518058143,0.1446530354273971,25.216160230966555,43.57121535181237,51.67415294017935,70.0,11.773913617516016,False
39.9459_32.6471,18.239908286701773,0.16379105854803405,28.689524733896217,57.942411284570014,63.55849883250652,141.36144578313252,15.483539414105378,0.16997605038480634,29.934005777674525,44.43839891451832,51.89798254609049,110.0,11.660516286416033,False
39.9459_32.6588,33.90618665759705,0.30976912463312195,57.44335960339653,58.099996839513565,59.1419925390326,175.62048192771084,28.488817860545108,0.3193036730777122,59.842596254969806,45.65749610158165,47.60137509493093,134.0,11.54061744410167,False
39.9459_32.6941,22.88240643693226,0.2178209855514118,37.55903202833739,49.88487978050962,60.88348275388016,232.4879518072289,19.711798012813418,0.2265004165285229,39.636227726562986,42.12175587691192,49.719347627908135,178.08955223880596,11.164135125972024,False
39.9459_32.7059,26.07491996819522,0.5089198363521911,37.869749365958135,50.56100556070436,68.9006477558618,18.85542168674699,29.620044861112337,0.7477638422848379,52.30406682450576,50.95464982778416,58.28210633183769,9.552238805970148,10.618541424024109,False
39.9459_32.7176,26.283321656671,0.3402105698501391,40.313734212136545,52.804030643478754,65.15066727022844,62.84939759036145,22.051468220473566,0.33601114093227835,40.82930148095105,44.74612658294111,53.91403428691315,47.46268656716418,11.236632983315289,False
39.9459_32.7294,31.371506810484526,0.8249522610259908,63.148174970460545,39.68549472615738,50.097377552216905,15.825301204819278,21.584687567612225,0.7807428659373178,56.23071643262998,31.621125143513204,38.15339592444977,13.0,11.943981627767137,False
39.9459_32.7412,28.878748932646474,0.7792783282663364,58.486432294598956,37.09487951807229,49.450538392135215,4.024096385542169,15.267136862416887,0.6292282745152741,45.701196122192776,27.597014925373134,32.92037452862883,4.0,16.530163863506388,False
39.9459_32.7529,21.132709927381796,0.20374801408596238,34.239344463423656,52.62480281981358,61.71886136210918,98.16265060240964,18.74496252553035,0.20529594695053088,36.07745535660762,43.49744993350534,51.958347772645304,73.02985074626865,9.760513589463876,False
39.9459_32.7647,23.130406306364875,0.674179277523433,47.21941315857589,35.13052208835341,48.22011353406825,2.855421686746988,22.477092280035954,1.0581244382303006,74.2597872765405,28.75,31.206383825079534,1.4838709677419355,17.013729708988713,False
39.9459_32.7765,23.85635697043019,0.291565889785085,39.59897894073987,53.87606161304832,60.25134932425273,193.67469879518072,19.08510744513836,0.2806427416392779,39.24358201995261,43.00985394887158,48.654323676539676,154.4179104477612,11.597025647713053,False
39.9459_32.7882,19.507324342077933,0.2013483881231291,32.59886505539149,50.86471803608585,59.83421376149173,222.43373493975903,16.460188871779412,0.20184711195062208,33.0707869586967,42.52187782211187,49.721089973035056,176.88059701492537,10.113123788456676,False
39.9459_32.8,19.67826799402638,0.19573871241481597,33.04013844843476,50.04695371551848,59.541575020506556,207.5722891566265,15.936166043702672,0.1857535108166419,31.653821641013877,42.48219712901969,50.28493257210298,175.26865671641792,9.256642448403575,False
39.9459_32.8118,17.63333741304532,0.1596516699536133,29.11426868742187,53.81231375719328,60.54683000090112,35.34939759036145,13.22000562007523,0.1403232922918058,25.879779015631104,43.185987031592084,50.98541991874843,32.44776119402985,9.56141008215269,False
39.9459_32.8235,18.017863222408206,0.19373396774099907,33.75197427468166,48.01479485435635,53.38739217198019,143.4879518072289,16.924662582594124,0.2169213598198576,39.209394442286175,39.62034714992052,43.099968140324435,96.55223880597015,10.287424031655753,False
39.9459_32.8353,19.252926540884758,0.3699592396171193,39.97224196037052,44.433421262433484,48.15787542770138,150.1987951807229,18.861310742202996,0.40998950049208405,49.047223102469715,37.48930274742691,38.49420527638978,110.44776119402985,9.6636701513116,False
39.9459_32.8471,106.23563320648626,1.0019316080221394,187.63152855143832,46.631682333069016,56.5047543913406,328.66265060240966,93.32788144867355,0.9946821901791869,203.5977764134715,38.454771458683176,45.70377956167994,243.19402985074626,10.80097482966066,False
39.9459_32.8588,48.05884311713198,0.4382355153233844,91.06974417720896,44.59090906178936,52.678063333575665,76.92168674698796,40.04560855940762,0.4180523315415928,92.85257837912299,37.7413086806686,43.09386674072023,60.507462686567166,9.584196592855434,False
39.9459_32.8706,5.162688053975598,0.07931228078341711,11.119525189572125,36.82715589631252,46.48276642755071,27.596385542168676,8.981388294009252,0.11849550789487838,16.64154110787577,38.1286391571554,52.32488331826174,19.507462686567163,5.842116890711033,False
39.9459_32.8824,38.94787867018415,0.3625392405342535,68.84609864270008,46.18257075238177,56.47288243205698,87.57228915662651,35.698910304606386,0.342562122358837,74.66550876809369,39.60749973669016,47.83867949099069,57.73134328358209,8.634202941066285,False
39.9459_32.8941,49.00878514095441,0.42844382709751944,84.23205338768301,48.36024312291294,58.04792145613919,131.24698795180723,44.415710016456266,0.4159658309620634,92.6494846181894,39.90252208195102,47.88129159549398,86.38805970149254,10.166629860645216,False
39.9459_32.9059,4.000699339155791,0.05893813658535619,8.96817479859099,44.66139084590365,44.489747587711626,37.71686746987952,1.8874278996599594,0.03398005248086848,5.424097867761028,31.21845318860244,34.72639926168849,27.08955223880597,9.763348326023134,False
39.9459_32.9176,5.611155615758768,0.06606230057581508,10.866574009069545,47.23975903614458,51.38087789070219,15.024096385542169,5.56202999995456,0.06771745688739313,12.52920858981275,37.94328358208955,46.043062289801306,7.044776119402985,5.337815600900882,False
39.9459_32.9882,0.23116347177848773,0.00550524782837411,0.7716328573078256,30.051204819277107,30.04327335028712,7.042168674698795,0.09659370877243174,0.0033538378395561266,0.47064994516236713,19.29850746268657,19.295648381469277,7.0,10.747624968817842,False
39.9459_33.0353,2.7353353881017974,0.04688852775981382,6.581225562040742,40.252153541703045,41.50838995738803,23.69277108433735,1.2025724853775845,0.02815769475523214,3.96984525926426,28.886437378325763,29.956820017428477,23.0,11.551569939959556,False
39.9459_33.0471,2.8358609136377533,0.050703353315221716,7.103265774435725,36.91265060240964,39.943081893684464,6.313253012048193,1.107110830833579,0.026675229073449866,3.7671638587584506,26.82587064676617,29.55242941865516,6.0,10.390652475029306,False
39.9459_33.0588,2.8358609136377533,0.050703353315221716,7.103265774435725,36.91265060240964,39.943081893684464,6.313253012048193,1.107110830833579,0.026675229073449866,3.7671638587584506,26.82587064676617,29.55242941865516,6.0,10.390652475029306,False
39.9459_33.0706,2.8358609136377533,0.050703353315221716,7.103265774435725,36.91265060240964,39.943081893684464,6.313253012048193,1.107110830833579,0.026675229073449866,3.7671638587584506,26.82587064676617,29.55242941865516,6.0,10.390652475029306,False
39.9459_33.0941,2.8358609136377533,0.050703353315221716,7.103265774435725,36.91265060240964,39.943081893684464,6.313253012048193,1.107110830833579,0.026675229073449866,3.7671638587584506,26.82587064676617,29.55242941865516,6.0,10.390652475029306,False
39.9459_33.1882,1.9094991215109753,0.029681758984588382,4.164499646971414,43.58734939759036,46.04897874476828,2.289156626506024,0.8484818275037029,0.016812407428506274,2.380653981998405,36.92537313432836,37.00052429697442,2.0,9.048454447793858,False
39.955_32.5529,11.083221708942943,0.09401666924494946,19.352993413596472,44.81968479980528,57.26608349277117,45.265060240963855,10.268481828628458,0.09428739337325574,19.150221082290567,42.91009069485111,53.44401394371784,41.04477611940298,3.8220695490533316,False
39.955_32.5647,7.559202200473535,0.06438088786903176,12.847816615666881,48.33709045862975,58.64925252018671,61.27710843373494,6.876105595670301,0.06704353790275899,13.552053587370821,45.48448304977638,50.98773386190852,49.298507462686565,7.66151865827819,False
39.955_32.5765,13.344369247795075,0.11304711895870265,21.857279470840993,50.279159432958664,60.90736474840208,188.53012048192772,11.748870005814428,0.12239337488521475,24.295317812077894,41.65865454649048,48.54168490301752,135.61194029850745,12.365679845384562,False
39.955_32.5882,8.957481168437223,0.07555392859635528,14.84302333163944,54.74211398688719,60.365353750485156,102.33734939759036,7.209613107109175,0.0787848812435926,15.983790112853729,43.31649786780384,45.190610078675924,83.04477611940298,15.174743671809232,False
39.955_32.6,10.675826436966002,0.10356672982508913,16.978237769435292,50.47837902256842,63.06033257953118,131.51807228915663,9.154746808580493,0.11236485494887914,18.819319027378963,41.47620354111794,48.72199214365294,100.56716417910448,14.338340435878237,False
39.955_32.6118,13.35263531799605,0.12648074414388918,20.741596641392757,52.75724889730914,64.55154846519358,80.32530120481928,10.80259577487424,0.13180339814918193,21.79502820460326,44.423235727520755,49.668840297484095,65.04477611940298,14.882708167709481,False
39.955_32.6235,11.921509060636334,0.11383308633933524,19.05431387005084,55.85720237919033,62.575931395964375,44.126506024096386,8.903805511175781,0.1134303453184439,18.968006068091718,42.69632509720306,46.991333018227046,34.76119402985075,15.58459837773733,False
39.955_32.6471,21.16583257452538,0.192496558912846,34.625053538471704,52.529598530737914,61.04412697553196,81.13855421686748,17.474040475532806,0.19337535044808282,35.17018053389946,43.99580270525895,49.629655480682324,63.0,11.414471494849636,False
39.955_32.6588,20.465471446559995,0.18464216023358015,33.39000503052953,52.347040339417454,61.21950810592078,199.56024096385542,17.10390271718209,0.18748600693037584,34.25911945066987,43.67276448635185,49.86987460333166,153.44776119402985,11.349633502589121,False
39.955_32.6706,14.397395037085793,0.126682530238339,23.28998015357405,53.964781886165355,61.8299001587452,29.27710843373494,11.754315356054684,0.12277099564092846,23.008548973221522,43.957979417294794,51.03786841667352,24.44776119402985,10.792031742071678,False
39.955_32.6824,22.472394413060634,0.21813324140394005,36.72901240651961,50.41470197486491,61.14521195884236,230.65662650602408,19.013073641902142,0.22283977879348765,38.094132881379174,42.34494384997229,49.871571180013156,179.97014925373134,11.273640778829204,False
39.955_32.6941,16.699601260240076,0.371602847748066,26.060911505339035,48.214164349706515,63.865589407872584,12.120481927710843,10.518452299513628,0.3024622362086719,21.319402198678738,40.166666666666664,49.18790637102109,12.0,14.67768303685149,False
39.955_32.7059,19.04502261830651,0.3927402802761144,27.528946144268765,55.126506024096386,69.05280279204283,10.060240963855422,12.32256253701518,0.32188827486887567,22.636343688352415,46.514925373134325,54.32312204503648,10.0,14.729680747006348,False
39.955_32.7176,21.58766940311899,0.4950517678519573,37.15330309117039,49.782851276526124,58.2315504645819,44.18674698795181,17.653466013946428,0.5349459474277308,38.072052823163126,44.08058453812442,46.32707625047919,31.029850746268657,11.904474214102713,False
39.955_32.7294,22.045506412139154,0.6330422889949363,49.696465050050755,38.50000273822563,44.79770564162296,28.174698795180724,15.460975036409268,0.6362204125143892,46.42990053625429,30.196743554952512,33.07860612251433,22.0,11.719099519108632,False
39.955_32.7412,23.36793789541512,0.700983982496292,52.87294519237809,36.34725403715703,44.32968467604191,16.52409638554217,13.138502529307328,0.5760765428078687,41.768379376219876,27.2523987206823,31.21396580480582,15.014925373134329,13.115718871236087,False
39.955_32.7529,6.516841039412879,0.3427213716313967,23.93586973074603,23.305859802847756,27.181873256864076,11.03012048192771,2.1642054391032057,0.19501272555692178,13.571720666876375,14.248663101604278,16.3060320811765,11.0,10.875841175687576,False
39.955_32.7647,4.471711327935668,0.17657588873921326,12.734397594654402,29.047820228281548,35.37777106964137,16.313253012048193,2.9708643946045177,0.2027871338494692,14.223545374730625,19.28955223880597,19.707808272395205,3.5223880597014925,15.669962797246164,False
39.955_32.7765,11.629825443139744,0.3762339531293152,27.797045731337622,32.47152897303499,40.701337519265174,27.301204819277107,13.424444587057925,0.6837967331822232,51.46721339271197,21.729404923434775,25.16273774337321,10.955223880597014,15.538599775891964,False
39.955_32.7882,26.287167902378748,1.2478761198640715,87.540546802595,29.951807228915662,29.940994002233413,2.0120481927710845,12.122081898201301,1.1423650975889783,80.5683122847302,15.0,14.982347150228719,2.0,14.958646852004694,False
39.955_32.8,54.06255307429508,0.8214441945211679,128.0734643779147,37.86254509909557,42.21538447523565,40.30722891566265,33.70316893912604,0.7110426271107841,103.6647164602923,29.946776533996683,32.576351242720456,35.76119402985075,9.639033232515196,False
39.955_32.8118,42.36869711314525,0.6245515629684109,99.170144546776,40.79193091578014,42.545113566669876,63.77710843373494,28.19234199444095,0.6434936461650915,93.47033285702179,30.700267538778476,30.055682946292237,43.92537313432836,12.48943062037764,False
39.955_32.8235,20.272497643000737,0.3650346773630622,45.72192207856316,40.35046386172502,44.33169860988007,65.644578313253,14.860184547839554,0.3634437016873329,48.12826727824149,32.953386861367214,30.85707257145778,53.82089552238806,13.47462603842229,False
39.955_32.8353,48.138161923028505,0.689753302439789,88.64478372862361,45.24109443378497,54.238789692590686,52.21686746987952,40.86244076089034,0.7059508708339298,102.5381585128357,33.506474901997294,39.7088275950213,39.47761194029851,14.529962097569388,False
39.955_32.8471,62.288000934049364,0.5797227189279099,105.80010335002557,49.67613621868786,58.84332540184528,42.42168674698795,56.18283382517461,0.6591784542517897,129.71853012320912,38.13226909311697,43.194107623289185,30.0,15.649217778556093,False
39.955_32.8588,71.17162867836059,0.7885653538620637,136.76739978453847,46.71361766365511,51.75347358103954,206.31927710843374,53.31121390699037,0.6976109094773306,129.20482893771887,37.92304916742271,41.332892769661434,178.61194029850745,10.420580811378109,False
39.955_32.8706,27.208420146079646,0.30142867584631905,49.63971273512981,47.434490286040976,54.71034576634758,114.6987951807229,21.965674345273673,0.28423064620098215,48.0640076097621,40.40984833785536,46.04469978771253,98.46268656716418,8.665645978635048,False
39.955_32.8824,11.388123101199099,0.10004878525739179,14.649668122633319,57.425542168674696,77.51350108757556,25.150602409638555,6.478602910908691,0.07552615775041428,10.942270109184067,46.46291400142147,59.42512744929373,23.029850746268657,18.08837363828183,False
39.955_32.8941,33.852364363506645,0.27388426948391287,55.683363421788954,54.39935007595799,60.599373448546025,127.47590361445783,28.846791152026306,0.2533133042108814,58.94694073285925,44.166044776119406,49.094937847157404,89.64179104477611,11.504435601388622,False
39.955_32.9059,12.12652163834521,0.10540530009331539,20.78949648565797,51.213632682082704,58.180007706746416,85.36746987951807,11.745142777122721,0.10433357658487014,24.813858991090385,40.429770502327074,47.636593388760744,53.62686567164179,10.543414317985672,False
39.955_32.9176,13.98660237172544,0.11563644024140586,23.257094748316963,52.92268874841147,60.01396237484166,80.92771084337349,15.2870630756729,0.12735574568111177,32.03654378547511,41.6412829750452,48.22508960938354,48.64179104477612,11.788872765458123,False
39.955_32.9294,12.772614835862678,0.11676106920590149,22.09090500688021,50.296923159913185,57.641158931316426,41.09036144578313,12.821466721815046,0.11494369072884167,27.04178279739415,39.584482758620695,47.86431542110317,24.567164179104477,9.776843510213254,False
39.955_32.9412,11.92571472401089,0.11955530421778274,21.582403935905518,50.114516196513314,55.06412993113675,59.19879518072289,11.061036042282987,0.1168582124406038,24.432058811223676,38.760017645761344,46.02362289160045,39.149253731343286,9.040507039536294,False
39.955_32.9529,6.323418218017425,0.04855047554093199,11.16423706748404,49.7983699503898,56.53998142816535,15.759036144578314,9.24905465858853,0.07050225024430695,17.949100666196976,47.62189054726368,51.18032116733097,6.0,5.359660260834374,False
39.955_32.9647,7.788073473104061,0.05404586173925845,13.27936768178642,47.77389558232932,58.50232790346042,11.578313253012048,5.461905299300384,0.04057011186896461,10.680815577995475,44.201492537313435,50.78574168045234,10.0,7.716586223008079,False
39.955_32.9765,24.90342305328874,0.18862504874768518,41.55981276842206,50.82149651236525,59.76554218015622,54.024096385542165,24.00410723312114,0.19604144760846912,50.39725548756692,42.19929762949956,47.559016049225015,36.02985074626866,12.206526130931202,False
39.955_33.0941,2.8358609136377533,0.050703353315221716,7.103265774435725,36.91265060240964,39.943081893684464,6.313253012048193,1.107110830833579,0.026675229073449866,3.7671638587584506,26.82587064676617,29.55242941865516,6.0,10.390652475029306,False
39.955_33.1765,2.036691866198049,0.0341045882227523,4.784066189014023,36.756024096385545,42.67770880857567,12.903614457831326,0.882997680588756,0.01941614594474719,2.7436701331039606,28.111940298507463,33.341393021698245,12.0,9.336315786877428,False
39.955_33.1882,0.23116347177848773,0.00550524782837411,0.7716328573078256,30.051204819277107,30.04327335028712,5.030120481927711,0.09659370877243174,0.0033538378395561266,0.47064994516236713,19.29850746268657,19.295648381469277,5.0,10.747624968817842,False
39.964_32.5176,9.321025424058083,0.07608326202379334,15.47041388645438,46.90763769363167,60.336311412893515,8.94578313253012,9.763367516944975,0.09012743077516848,20.001339969466255,43.41748400852878,49.24449277098047,5.686567164179104,11.091818641913044,False
39.964_32.5294,0.21461807008656195,0.009688663245302934,1.3955749873350807,14.813253012048193,14.767163861966427,2.0120481927710845,0.0740811481895822,0.006166607547272751,0.8815520205189774,8.925373134328359,8.888592750533048,2.0,5.878571111433379,False
39.964_32.5412,0.21461807008656195,0.009688663245302934,1.3955749873350807,14.813253012048193,14.767163861966427,2.0120481927710845,0.0740811481895822,0.006166607547272751,0.8815520205189774,8.925373134328359,8.888592750533048,2.0,5.878571111433379,False
39.964_32.5647,2.4896242099822254,0.027675536739017976,5.091425364616034,54.32564543889845,48.81651593721904,15.08433734939759,1.7240676082487956,0.021833207685740576,4.1460227090137804,41.11513859275053,41.75506491102187,13.014925373134329,7.061451026197169,False
39.964_32.5765,11.862958737769066,0.1025379157961411,18.94180631230529,55.453217710413846,62.44657045542854,88.41566265060241,8.76346689186285,0.09399458871155159,17.228605234912145,45.52482095262304,50.8570019393432,74.26865671641791,11.589568516085343,False
39.964_32.5882,3.723756292274773,0.031228427360833474,5.352870166522899,56.99174710485471,69.54723397190482,87.46385542168674,2.65222989089158,0.029308063086163627,4.645897212236755,46.30025198681915,56.948947563236516,77.0,12.5982864086683,False
39.964_32.6,6.7513986594827635,0.07453205028696534,12.273179994044751,50.69458285288341,54.92273927886923,52.18072289156626,4.947517251294597,0.07331336022361702,11.736319138300887,40.86773936640906,42.058636898935156,44.6865671641791,12.864102379934074,False
39.964_32.6118,7.801562904155501,0.07610935632236265,13.856731602567066,46.67677037497891,56.241997285996995,109.40361445783132,6.447175786591723,0.07742920848383872,14.225662122981698,40.62402074744622,45.295749167005766,83.34328358208955,10.946248118991228,False
39.964_32.6235,16.23910942274838,0.15201914924952445,27.824461474109164,51.4631685548735,58.33682338878328,101.53614457831326,13.140286851339248,0.15403640586832226,28.200848521320196,43.64834658615754,46.52140239815595,79.58208955223881,11.81542099062733,False
39.964_32.6353,14.79380260975033,0.13521679679910006,24.020029865288,52.86155919189488,61.49832414818021,235.3734939759036,13.130240781508224,0.147962170124697,26.512905096772332,44.17227819666488,49.45873380612998,165.97014925373134,12.039590342050232,False
39.964_32.6471,15.479927755574332,0.1545365403294255,26.280696785049955,48.61613799563688,58.75624036156674,137.21686746987953,12.913478122998349,0.1570157885804253,27.03103970725129,41.313671388680646,47.655958582781714,98.98507462686567,11.100281778785025,False
39.964_32.6588,5.03857654296098,0.06833953063490406,10.025155136423413,42.76847145420589,50.04320888215031,47.15060240963855,3.4134188491670843,0.06482301137736532,9.29276923036575,33.38191631130064,36.85829363235425,33.52238805970149,13.184915249796063,False
39.964_32.6706,2.3504415035155404,0.03818712853835515,5.0470153615749584,43.87925111244705,46.91592466579106,22.102409638554217,1.8185834967797183,0.03926835628354428,5.230900392660911,34.17178908091123,34.99617112863184,17.52238805970149,11.919753537159217,False
39.964_32.6824,12.353826045810033,0.3180903304872867,22.31481312010402,40.396987951807226,55.14508089111259,4.072289156626506,6.691087876269041,0.2523738655700684,17.758753939244734,29.641044776119404,37.77846679229189,4.029850746268656,17.366614098820705,False
39.964_32.6941,16.284774001436652,0.3986856269623841,28.42195300899192,47.77295371964047,57.10294522951879,30.367469879518072,9.549014558044588,0.34106522620090046,24.06181650557164,35.57766721945827,39.54359509866247,27.0,17.559350130856316,False
39.964_32.7059,29.68399312792054,0.6859585682306089,49.08496073506698,48.82014913354947,60.41335562741777,47.765060240963855,21.521090644456162,0.6913678749646942,48.81637317082806,39.686325131101256,44.018159076301046,36.014925373134325,16.395196551116726,False
39.964_32.7176,60.40677433022809,1.2915001244876854,93.33392733237487,52.224702165645716,64.63739561062815,97.51807228915662,46.78819531228831,1.3409484667124174,94.67808118592771,45.28613478217023,49.52065980033407,69.07462686567165,15.116735810294074,False
39.964_32.7294,24.997645213688397,0.6442801246282484,52.18877024933275,35.832234140323045,48.14154567589866,30.13855421686747,20.17629284364477,0.7406039456637216,53.15978092597513,30.521259249968644,37.99318091780192,19.029850746268657,10.14836475809674,False
39.964_32.7412,49.50921243592327,1.251419207357598,112.08114727235491,31.804839196688228,44.32036745540591,32.873493975903614,30.2279006825055,1.288851120101535,95.85771507241607,25.48638346727899,31.66292337427742,19.08955223880597,12.657444081128489,False
39.964_32.7529,51.164829367685954,1.0645731844817643,74.57326334816244,54.01807228915663,68.08120822355276,10.060240963855422,32.454638247396126,1.0181167982962454,71.72025856111382,40.452736318407965,46.21688339966177,8.029850746268657,21.864324823890996,False
39.964_32.7647,51.09062845363801,0.8461863141911755,101.30959497297441,44.87346963612024,50.40664919911279,58.33132530120482,49.22033602772091,0.9593148323520574,112.63393233725954,35.42297135014582,43.7128003287354,32.55223880597015,6.693848870377394,False
39.964_32.7765,44.12772161768145,0.7047723737997642,94.72632409621912,46.21347020871921,46.74477482611169,69.6144578313253,34.87918730267279,0.6307439489084578,82.65630735306384,34.72792747090188,42.17404189369116,49.776119402985074,4.570732932420526,False
39.964_32.7882,28.489079891658143,0.5139956587371656,62.53064002805715,35.58758906594118,45.47008448968316,31.16867469879518,17.422800842450012,0.41776578454595603,46.572658725241965,27.129288340904175,37.28564826939712,29.582089552238806,8.184436220286038,False
39.964_32.8,30.029345973763572,0.516271349840338,66.77328241319644,41.2904953145917,44.92709574890743,45.2710843373494,18.523044945022775,0.428933175984653,52.95266481973349,32.32923103779349,35.069977855304295,44.582089552238806,9.857117893603139,False
39.964_32.8118,40.81934356441389,0.4715712926220909,84.02076863197652,44.42680171133043,48.2830759397076,70.74096385542168,39.0114641398939,0.5626756467135782,89.48659270866708,40.802888392047855,43.46485142393681,38.985074626865675,4.818224515770794,False
39.964_32.8235,32.111473180395414,0.31356710019852013,57.673453596044986,50.72452525271897,55.52134137132006,82.16867469879519,21.6979345210802,0.31827813631170465,58.39864960546546,39.19065609452736,37.02854751244997,63.940298507462686,18.492793858870094,False
39.964_32.8353,76.71350032471167,0.6875819989387523,128.18106623912195,50.5383864980262,59.7547384313545,137.24096385542168,62.025012216577096,0.647330010510323,134.17870008505844,39.53996062468407,46.0275958069956,101.95522388059702,13.727142624358898,False
39.964_32.8471,18.084509721040607,0.2068423684803077,40.91835293704027,46.794049637911826,44.26476400625794,49.84939759036145,13.13963258583153,0.19188834741400893,42.59161988038728,31.566094141267058,31.133712451912324,37.059701492537314,13.131051554345618,False
39.964_32.8588,24.810349462070395,0.2085479276024374,46.80244946835826,41.01248911346193,53.074935492776824,74.355421686747,27.085320550477377,0.25314363674563917,60.04241868330656,35.915314730694355,44.966262228641014,46.0,8.10867326413581,False
39.964_32.8706,53.08593319243076,0.6044525577067535,107.39268028954535,44.557443909317726,49.32312438977267,186.71686746987953,44.03090979023145,0.5697252058242157,107.09488993316593,36.896646811918394,41.271800275503466,154.044776119403,8.051324114269207,False
39.964_32.8824,4.309945698114176,0.033766862852796564,7.516633706395793,35.67174609769126,57.39143540434623,29.16867469879518,2.9555861313415797,0.029646623638422378,6.665072458257748,31.30490405117271,44.24971839978024,28.0,13.14171700456599,False
39.964_32.8941,18.89635513061155,0.13539591381055505,25.65106800843524,59.452173033218145,73.5230791628192,43.21686746987952,12.30732707703465,0.11277284446967818,22.44876309588014,48.53648424543947,54.67626240283065,36.0,18.84681675998855,False
39.964_32.9059,9.138635903309815,0.08774212696355098,15.759707255378181,52.74370534419011,57.938872104676854,73.03012048192771,8.987346064083788,0.097662294760074,17.75758981840403,47.3530024297119,50.47379823330608,43.0,7.465073871370777,False
39.964_32.9176,9.233664597699242,0.0794719503187805,16.24210211349246,51.40120149428884,56.749072086899446,54.674698795180724,8.874751842256181,0.08544120495659435,18.19323142557584,44.02705223880597,48.59734901770186,32.0,8.151723069197587,False
39.964_32.9294,27.231291126827543,0.24526881037544826,46.12878736590017,50.715015050520684,58.88179298610143,56.09036144578313,23.931272005690918,0.250409632399815,49.49442378407053,41.58972680457363,48.20017824207992,37.014925373134325,10.681614744021509,False
39.964_32.9412,15.125545329455841,0.12825840099882854,25.896154675913568,50.15127467237041,58.26059525102272,138.09036144578315,16.370549377418115,0.14419839451332686,34.95372504256589,41.91775098864651,46.998274722274985,81.64179104477611,11.262320528747736,False
39.964_32.9529,13.313455031457119,0.11472862231187332,22.762189554357082,50.26555933773483,58.35973327618593,60.734939759036145,14.029865162491383,0.1254909218365734,30.440093738703474,40.43030645093859,46.23484117011876,38.059701492537314,12.124892106067165,False
39.964_32.9647,13.709986142331415,0.10333462502393838,22.133805798532727,54.50086879777173,61.9037931517364,61.63855421686747,13.760895098569213,0.11227761834535915,29.129469099704384,41.84321897008464,47.09915538401553,43.014925373134325,14.80463776772087,False
39.964_32.9765,26.00602158589744,0.1933372656825659,42.890973752562616,53.686952666401,60.47424457106392,58.16265060240964,23.829857626260942,0.19698736008900763,50.26832813588468,42.216456180635284,47.39375408720565,42.04477611940298,13.08049048385827,False
39.964_32.9882,1.3076069557067078,0.02570883227332551,3.624142866346977,40.29216867469879,36.16478366854456,2.0120481927710845,1.74670003686685,0.03657799619169235,5.158299412030756,36.23134328358209,35.024142420656894,1.507462686567164,1.1406412478876646,False
39.964_33.0,0.9061369299453992,0.017711858383367897,2.4962644057257806,41.79919678714859,36.34896831656631,6.036144578313253,1.5496042831424746,0.032801361159570074,4.629570507533633,36.69651741293532,35.08111522816618,4.029850746268656,1.2678530884001233,False
39.964_33.0941,2.4813782994330342,0.04436543415081902,6.21535755263126,36.91265060240964,39.943081893684464,3.1566265060240966,0.9687219769793818,0.023340825439268666,3.2962683764136442,26.82587064676617,29.55242941865516,3.0,10.390652475029306,False
39.964_33.1059,2.2450565566298883,0.04014015470788386,5.623418738094949,36.91265060240964,39.943081893684464,9.46987951807229,0.8764627410765834,0.02111788968314781,2.98233805485044,26.82587064676617,29.55242941865516,9.0,10.390652475029306,False
39.964_33.1294,2.126895685228315,0.03802751498641629,5.327449330826794,36.91265060240964,39.943081893684464,6.313253012048193,0.8303331231251844,0.02000642180508739,2.8253728940688383,26.82587064676617,29.55242941865516,6.0,10.390652475029306,False
39.964_33.1412,2.126895685228315,0.03802751498641629,5.327449330826794,36.91265060240964,39.943081893684464,6.313253012048193,0.8303331231251844,0.02000642180508739,2.8253728940688383,26.82587064676617,29.55242941865516,6.0,10.390652475029306,False
39.964_33.1529,2.1376027821840635,0.03799479743343772,5.325633592911234,36.83829604130809,40.17926223939424,15.921686746987952,0.8752378200184039,0.020892144248545044,2.9495259973005212,27.340298507462688,30.146027108173268,15.0,10.033235131220973,False
39.973_32.5529,0.21461807008656195,0.009688663245302934,1.3955749873350807,14.813253012048193,14.767163861966427,2.0120481927710845,0.0740811481895822,0.006166607547272751,0.8815520205189774,8.925373134328359,8.888592750533048,2.0,5.878571111433379,False
39.973_32.5647,12.115569222318907,0.09754650235550182,21.47595067082274,44.09162308574959,56.431348589719526,27.987951807228917,10.53920017103305,0.10834104763731892,25.038194948799116,36.904820304074036,42.315582103605706,23.37313432835821,14.11576648611382,False
39.973_32.5765,23.582767110614817,0.1945305238826946,37.897060527609256,54.72809664522699,61.99220383260738,177.54819277108433,17.634225338161013,0.1802897976815146,35.289341782337175,45.38848799233621,49.971843843376746,146.37313432835822,12.020359989230634,False
39.973_32.5882,7.93912990734774,0.07573667788972747,14.672182430669388,46.46045696940311,54.10857331982129,80.42771084337349,6.510179546908948,0.07651093009925743,15.144092325377747,40.25311258583072,43.124557442855,61.44776119402985,10.98401587696629,False
39.973_32.6,8.326889568437295,0.09871725512737639,11.807898278656197,61.6553049685198,70.59048147501856,90.28313253012048,6.830261689364386,0.10959603361269461,12.970786186833447,51.391843598906874,52.749574131804444,71.0,17.84090734321412,False
39.973_32.6118,8.276620107544764,0.0915953167606239,15.43103599555847,55.26143537576358,53.540483138866634,37.1144578313253,5.82173743019221,0.08580330695827902,14.272046835501627,46.01445218521601,40.74493024548333,33.6865671641791,12.795552893383302,False
39.973_32.6235,4.811811470815384,0.04514176417827679,7.624009834337044,63.076279685758166,63.16140699828742,34.096385542168676,3.780350644879432,0.046545428912222346,7.57374374348037,56.6670493685419,49.95829829938506,26.0,13.203108698902355,False
39.973_32.6353,4.1999837621986424,0.047742562803679514,6.239850294616448,54.55458420624969,67.45754182585694,51.024096385542165,4.095859354533657,0.06715788612637537,8.263305443292609,49.79584221748401,49.59070421796154,28.0,17.8668376078954,False
39.973_32.6471,10.808790795443258,0.16102709356650818,21.09433749221498,45.128086144292425,50.94856086752149,135.4879518072289,7.407373292781021,0.14865474863740938,18.975409476778434,33.36471144625182,38.95651313885814,104.74626865671642,11.992047728663351,False
39.973_32.6588,5.339722605416154,0.14960190578737018,12.420320755597645,45.95874094669275,43.8326460389913,27.156626506024097,3.6999518518517864,0.16154809161634073,12.952352734979913,33.179678530424795,28.967790035072213,24.52238805970149,14.864856003919087,False
39.973_32.6706,27.842432228915662,1.0281438253012047,69.03332078313252,44.256024096385545,44.213594460806746,3.0180722891566263,17.621268656716417,1.0485074626865671,69.27332089552239,26.17910447761194,26.131149606643994,3.0,18.082444854162752,False
39.973_32.6824,12.632357198651803,0.34403589035513105,24.31143108879711,39.97956421961136,51.89793122488112,23.102409638554217,6.780704671840438,0.29453987389624064,20.71958353688245,25.773276474769013,32.56194539805223,21.0,19.33598582682889,False
39.973_32.6941,18.014859696078176,0.449994568639609,32.080569088629055,47.102718566573984,56.125554430051686,48.126506024096386,11.989794142470215,0.4319918224459947,30.51639116285837,35.146957520091846,39.10902122480389,39.0,17.016533205247796,False
39.973_32.7059,45.06191215237235,1.0142322485885338,71.34138815170375,58.87034387550201,62.9456098393011,16.07831325301205,26.360186026284804,0.8203571180208452,58.136944258517154,43.026865671641794,45.24322344032477,15.0,17.70238639897633,False
39.973_32.7176,65.99388331622028,1.2772454547111598,89.80392187410882,69.7765562248996,73.13505678990086,24.072289156626507,43.63432942517803,1.1051420288264562,78.46941914203492,57.125373134328356,55.45480238347325,20.0,17.680254406427608,False
39.973_32.7294,24.560533041255933,0.5045880491663625,38.0138767189972,62.943318729463314,64.48345165652987,11.066265060240964,15.347414442936829,0.4606965174129353,32.71125433438866,46.474898236092265,47.11451090335347,9.522388059701493,17.368940753176396,False
39.973_32.7412,39.545261884735794,0.714698285651303,70.17860801407926,55.49748995983936,56.251382192701065,30.180722891566266,17.60896395352094,0.4835814356914927,37.52521395341711,39.72178393745558,46.81273092889371,22.0,9.438651263807358,False
39.973_32.7529,44.60092571058506,0.889476803361977,63.62996018766973,51.38570206219426,69.61650289818276,41.12048192771084,28.54823289420607,0.8589216370423809,60.6401669898785,41.86070566286216,47.073922523546045,33.014925373134325,22.542580374636714,False
39.973_32.7647,15.798726735528861,0.24388547235864175,31.460997449573398,51.887993214543314,49.92075352369712,43.10843373493976,10.816149822635715,0.21531656286993628,27.95749169532523,39.09447308909996,39.15379091358973,29.059701492537314,10.766962610107392,False
39.973_32.7765,15.0354292544491,0.2657720750249935,34.47060509670912,49.89347780261317,43.73801420280626,46.5,9.32501144055159,0.25071542136583486,31.877380384300373,34.65134951428814,29.273862741200773,32.52238805970149,14.46415146160549,False
39.973_32.7882,29.643175964973278,0.36716303267096767,59.89377978965349,50.75271514629949,49.41514512634225,28.1144578313253,18.469818904613348,0.2580672248251551,41.02467131327783,40.24713822193381,45.02329322138777,24.880597014925375,4.3918519049544855,False
39.973_32.8,42.57595890531149,0.5427128687125248,92.91484563747657,46.95159208261617,45.987314204917396,35.08433734939759,32.237423625051576,0.5125141943219123,84.43296940413624,37.1457000710732,38.7063611218065,27.582089552238806,7.280953083110894,False
39.973_32.8118,33.525875662257135,0.37947660437351977,66.06181195246174,45.08799483648881,50.52892924609041,48.91566265060241,34.709235015088645,0.4450998103435532,71.86318321623774,47.696695095948826,48.20727062283411,28.0,2.3216586232562975,False
39.973_32.8235,23.543929091894007,0.22661257517055594,40.73001425554686,49.74480660738191,57.572908189847254,72.144578313253,18.54506469637888,0.19809816065348534,37.39434382416073,41.32542643923241,49.41627846180865,56.0,8.156629728038602,False
39.973_32.8353,34.94490392682029,0.28199112456981296,58.00978214619712,50.75225196000982,60.25558051078373,85.21084337349397,34.79687356635393,0.3155650185868505,73.37925604778334,39.5707228563067,47.30206165354225,50.507462686567166,12.953518857241477,False
39.973_32.8471,26.78484724069715,0.23255189099534937,52.43465651716747,47.281706861979714,50.94058542075891,55.54216867469879,21.473309834797814,0.24711189537649472,60.0240628482463,32.61044776119403,35.93749354729679,36.059701492537314,15.003091873462118,False
39.973_32.8588,35.925906074451326,0.2855155311457969,65.53741739482706,46.71623060260263,54.82440969026946,91.29518072289157,31.101793534999132,0.2777243747143624,67.5088227361847,38.44776119402985,45.930500840807184,70.0,8.893908849462278,False
39.973_32.8706,12.673802908657501,0.1375611704092571,23.664249892738738,39.282998093770594,53.50088387000231,36.13253012048193,10.445977972182488,0.14226888709312885,25.001091109933714,31.103372028745166,41.75089616393783,27.0,11.74998770606448,False
39.973_32.8824,53.16880864550838,0.6184724970439551,106.79847142455671,45.993756817942185,49.41745980633904,148.03614457831324,39.99033508702973,0.5311790720504963,99.41822627081619,37.600279765206785,40.34400913593226,128.88059701492537,9.073450670406778,False
39.973_32.8941,9.885023082668484,0.08626959162752777,15.603013811034224,54.6674260065472,63.23408374572343,63.16265060240964,6.943793997584823,0.07525666171160934,13.998715308641025,46.51448639157155,49.58005620388982,51.0,13.654027541833614,False
39.973_32.9059,11.55495799179024,0.10260600871874831,15.002720071924049,70.02409638554217,76.93507703565446,21.018072289156628,8.727963759759815,0.08876908428301061,13.086407254575617,69.62189054726369,66.32880542311477,15.0,10.606271612539686,False
39.973_32.9176,16.989981749849203,0.12061339066149057,17.64534389161266,96.21385542168674,96.21149715391458,1.0060240963855422,8.630965838330809,0.07269174027168392,10.874255168317589,78.92537313432835,78.90781181368548,1.0,17.303685340229094,False
39.973_32.9294,15.770402593680103,0.12759757347843637,21.973414905363107,68.28108864027539,71.65297488861913,28.16867469879518,8.69356236553341,0.08245493136051919,14.42300826244221,55.72441364605544,60.01813932776655,28.0,11.63483556085258,False
39.973_32.9412,10.444269250083972,0.0766063914660336,17.688583714820748,53.14851907630523,58.780548708092084,19.59036144578313,7.341689123563272,0.061070554876359,14.924688005637272,47.62966417910448,48.90802103509688,16.0,9.872527672995204,False
39.973_32.9529,9.845776890991337,0.08440796313673267,17.887360781870903,42.20862198795181,54.78608153064947,15.783132530120483,11.289484239642148,0.10932003511510652,25.019085536496437,39.16567164179104,45.49107354072775,8.029850746268657,9.295007989921722,False
39.973_32.9647,14.328545268505431,0.11456218623367455,23.856168938977824,52.83630446778097,59.920068648743715,59.13855421686747,13.999930641619226,0.1251560400836467,30.746344237289605,41.01128702989611,45.788319704414704,41.08955223880597,14.131748944329011,False
39.973_33.0235,0.9061369299453992,0.017711858383367897,2.4962644057257806,41.79919678714859,36.34896831656631,3.0180722891566263,1.5496042831424746,0.032801361159570074,4.629570507533633,36.69651741293532,35.08111522816618,2.014925373134328,1.2678530884001233,False
39.973_33.1529,0.7452477262293251,0.01418237315895915,1.9749109724169593,37.6355421686747,37.61931663710881,6.036144578313253,0.1429823078223711,0.004180949013941572,0.5939406981570008,24.253731343283583,24.229744136460553,6.0,13.389572500648256,False
39.973_33.1647,0.6920157457843733,0.013169346504747803,1.8338459029586052,37.6355421686747,37.6193166371088,7.042168674698795,0.13276928583505887,0.003882309798660061,0.5515163625743579,24.253731343283583,24.229744136460553,7.0,13.38957250064825,False
39.973_33.1765,0.5589357946719938,0.010636779869219369,1.4811832293127194,37.6355421686747,37.61931663710881,6.036144578313253,0.10723673086677832,0.003135711760456203,0.44545552361775054,24.253731343283583,24.229744136460553,6.0,13.389572500648256,False
39.982_32.5059,3.782370163885355,0.04494452967148094,11.3163024769887,33.1144578313253,33.09847148414029,2.0120481927710845,1.7016779456753497,0.038008714193010086,9.752665245202557,17.53731343283582,17.527715146816863,2.0,15.570756337323427,False
39.982_32.5176,18.503152203954667,0.11542078163603439,29.260159024679194,58.4066265060241,63.49492639630002,4.0,25.170146955344105,0.19041313215962355,49.98234367136127,50.985074626865675,50.57116059153219,2.0,12.923765804767832,False
39.982_32.5412,20.30304926644302,0.18366849350662992,42.588086957878694,45.8328821780629,47.586286140900164,29.927710843373493,16.24953502898399,0.2041945205381925,49.811094844221856,36.155834464043416,32.83071957803671,21.37313432835821,14.755566562863457,False
39.982_32.5529,11.122163771941358,0.10061227224178873,19.580731533906643,48.65803870813116,56.55399959079014,213.2289156626506,8.545666987131959,0.09924528070992596,19.701519140227532,39.012995704147144,43.425119661549076,161.43283582089552,13.128879929241066,False
39.982_32.5647,11.080444170026889,0.1021090726380117,18.27925041873034,51.236293246880614,60.32706098363938,166.9156626506024,8.065903713274832,0.09629377546119822,16.829787945764235,42.48978281946707,47.90426343027706,128.6865671641791,12.422797553362315,False
39.982_32.5765,17.103313064391827,0.1488339341245226,26.787231940382732,55.1591347266643,63.53523110173926,215.5722891566265,12.164142890998288,0.13478655484076074,23.010595185757666,45.12005191434134,52.83287813087297,161.0,10.702352970866286,False
39.982_32.5882,11.135238602863664,0.10348959624444241,17.93341925486983,53.31809171322911,61.86594779093634,107.42771084337349,9.584007226680281,0.11407197162079419,19.41179020473881,46.84053417124902,49.42212212691583,76.0,12.443825664020508,False
39.982_32.6,8.034403017736834,0.08945858320472712,10.623383457681015,60.014142693221864,75.72715110261875,75.1144578313253,7.576416812606732,0.112759182998117,12.865041119387968,50.494999492334244,59.299516833322244,48.1044776119403,16.427634269296504,False
39.982_32.6118,3.85693999409425,0.03675855293953389,5.828073068031541,54.90095784206344,66.0569877504957,55.16867469879518,3.9240622843618156,0.044534748998685,7.360290294500933,46.610672129548334,53.47088818606612,34.208955223880594,12.586099564429574,False
39.982_32.6235,2.3628363903894125,0.019630944755092007,3.4055364822355276,70.6749065226423,69.60328787498298,29.048192771084338,1.6165972581797894,0.015969879793394273,2.6825761315301806,61.776119402985074,60.327075255728246,22.0,9.276212619254736,False
39.982_32.6353,10.72676567010307,0.12359052577400541,15.63558409511039,53.757230719868296,68.41332524152824,78.26506024096386,9.0379696623885,0.1357323223905429,16.679833579125596,43.244808871005475,54.36373838851449,55.3134328358209,14.04958685301375,False
39.982_32.6471,11.984270268898575,0.327529448664855,26.621072050140832,43.66407600395057,45.68321057634788,73.3433734939759,9.033660458700986,0.37778063382869725,29.449632105406135,30.673789627832978,30.931386528233993,60.38805970149254,14.751824048113889,False
39.982_32.6588,27.842432228915662,1.0281438253012047,69.03332078313252,44.256024096385545,44.213594460806746,6.036144578313253,17.621268656716417,1.0485074626865671,69.27332089552239,26.17910447761194,26.131149606643994,6.0,18.082444854162752,False
39.982_32.6706,27.842432228915662,1.0281438253012047,69.03332078313252,44.256024096385545,44.213594460806746,1.0060240963855422,17.621268656716417,1.0485074626865671,69.27332089552239,26.17910447761194,26.131149606643994,1.0,18.082444854162752,False
39.982_32.6824,23.2686046816527,0.5649954247172077,40.17251784803437,54.111395582329315,57.91131223402727,30.072289156626507,16.52961092166704,0.5563709510199831,39.23622131128153,43.276119402985074,41.96462569839872,24.0,15.946686535628551,False
39.982_32.6941,19.423992679472157,0.46795967892934776,33.1667252982933,58.97320532128514,58.58399741715859,16.02409638554217,14.555274598720757,0.4859018374203395,34.29782058778081,47.723880597014926,42.30110841491963,12.0,16.28288900223896,False
39.982_32.7059,41.11131616337086,0.767564373646508,53.93453203187708,69.90635268346112,75.85757732091818,22.06024096385542,27.87448317104494,0.6734360377838758,47.802233155499,57.424543946932005,58.10928705631552,18.0,17.74829026460266,False
39.982_32.7176,33.717425091873636,0.6519964946619936,45.70271745417437,68.26289774482545,73.47499949069383,13.060240963855422,21.21504414817148,0.5566464720499235,39.335277919116535,52.32089552238806,53.70848372253705,12.0,19.76651576815678,False
39.982_32.7294,45.26319119068868,0.7891436114829689,82.72827606723189,57.273092369477915,54.61295280584834,9.05421686746988,17.677183526810392,0.46780449603832686,36.91058595909342,47.73466003316749,47.63404066696515,6.044776119402985,6.978912138883189,False
39.982_32.7412,23.020590624530904,0.4260746913665124,43.14314811237832,56.42996987951807,53.37987563647887,20.120481927710845,10.202569426496918,0.3130571843433492,23.503553868409803,41.82462686567164,43.73890173338823,12.611940298507463,9.64097390309064,False
39.982_32.7529,29.791871355658838,0.5614949524740789,39.739966272368015,56.57316762404505,74.7360169300054,26.240963855421686,18.960111557735427,0.5263240575928565,37.04714634078886,46.34334257565926,51.05670758723395,22.507462686567163,23.679309342771454,False
39.982_32.7647,18.814213035743624,0.3276400521211758,31.76613770325326,57.68939351486283,59.32074526488098,51.28313253012048,13.369883293324618,0.31308039404389126,29.258099361295173,42.924004010952984,45.954679178272244,39.55223880597015,13.36606608660874,False
39.982_32.7765,20.257821960900664,0.28878019331991145,40.45842809040176,55.87906246836084,50.029780825680184,32.18072289156626,15.678764894682462,0.260760411857008,35.93320701923552,41.43526415541341,44.07703087513225,23.074626865671643,5.952749950547933,False
39.982_32.7882,53.41826311535573,0.6127623588376047,111.24709581798577,48.295412418906395,48.006257633231996,39.234939759036145,32.69887506024028,0.4253727714324646,74.88023424961949,43.80448071492848,43.96838010451566,38.014925373134325,4.037877528716336,False
39.982_32.8,18.64796230460057,0.21498606467031672,35.52261866924955,64.3746349453112,52.59241229746068,35.13855421686747,12.87638416990778,0.18204150647117065,30.39596550533827,53.059476809500886,42.764279193405144,30.208955223880597,9.828133104055539,False
39.982_32.8118,25.7985355901173,0.27464712157826265,45.40561891960133,54.4476656626506,56.663799887053315,96.0,24.25620169399425,0.2972066349737812,49.848466220843704,46.328740071571964,48.60489281716821,60.37313432835821,8.058907069885102,False
39.982_32.8235,9.994287056101843,0.1043549737527185,18.82348358219377,52.13947376042632,53.238790840009884,95.78313253012048,11.560747029348422,0.12794837257012592,27.34384960229194,38.414466130884044,42.20148679903234,52.0,11.037304040977546,False
39.982_32.8353,13.34527535083783,0.11381168222379366,23.208702318342525,47.78173125402041,57.480871981747626,61.16867469879518,12.656223907444838,0.11646418524629355,26.627453255470193,36.21250888415068,47.37143669148246,42.0,10.109435290265168,False
39.982_32.8471,22.333013317244678,0.19512810752087553,43.43063471157899,48.2386996012784,51.35038715955282,62.355421686746986,17.0493616172608,0.19164636001652327,46.878901678998155,33.46673821527813,36.46779778745186,42.55223880597015,14.88258937210096,False
39.982_32.8588,33.03750527825687,0.23929719899935548,58.94696839263705,50.02921214284152,56.041310315629545,74.20481927710843,28.87359788126469,0.23159131129975208,61.317261557828594,40.85261194029851,46.96961515852782,56.0,9.071695157101722,False
39.982_32.8706,22.56323194521179,0.2539214543007498,40.74550447629898,46.457086881396776,55.41345902835684,74.56626506024097,17.7358385481941,0.27687846685270556,43.167935891169684,33.200918484500576,40.99591700924278,52.0,14.417542019114059,False
39.982_32.8824,31.280089352592498,0.37553949591903985,63.6866368982127,43.102922746819225,48.99243210912404,81.29518072289157,26.19635706855001,0.35549123069447885,64.14116389233637,35.13711465633943,41.03020839483201,66.01492537313433,7.96222371429203,False
39.982_32.8941,35.73738447604474,0.4287460660458731,73.12051989239006,45.775631212436124,48.74794328873878,98.36746987951807,29.426900431032426,0.3957896609758062,71.6991559604394,38.98282682970689,41.247685642178986,81.5223880597015,7.500257646559795,False
39.982_32.9176,16.989981749849203,0.12061339066149057,17.64534389161266,96.21385542168674,96.21149715391458,8.048192771084338,8.630965838330809,0.07269174027168392,10.874255168317589,78.92537313432835,78.90781181368548,8.0,17.303685340229094,False
39.982_32.9294,17.872683266878518,0.1453279972899137,26.024901612738955,65.29317269076304,68.60060742321951,9.05421686746988,10.15361115768217,0.09743684767988373,17.437220536345105,55.208955223880594,58.040820314701584,9.0,10.55978710851793,False
39.982_32.9412,5.407737368392489,0.04409190817323342,9.315335666992294,58.22289156626506,58.18602420667384,2.0120481927710845,3.3047599838644612,0.032271077047196416,6.292187710098157,52.67164179104478,52.68892475269764,2.0,5.497099453976205,False
39.982_32.9647,0.9073075214021351,0.0181505742859392,2.558552101965284,35.899598393574294,35.479543144369224,3.0180722891566263,1.5437817077079588,0.032936271025823194,4.646196468637206,32.527363184079604,34.56817000939026,2.014925373134328,0.911373134978966,False
39.982_33.0235,0.9061369299453992,0.017711858383367897,2.4962644057257806,41.79919678714859,36.34896831656631,12.072289156626505,1.5496042831424746,0.032801361159570074,4.629570507533633,36.69651741293532,35.08111522816618,8.059701492537313,1.2678530884001233,False
39.982_33.1647,0.6210397718577709,0.011818644299132609,1.6457591436807995,37.6355421686747,37.61931663710881,6.036144578313253,0.11915192318530925,0.0034841241782845923,0.49495058179750057,24.253731343283583,24.229744136460557,6.0,13.389572500648253,False
39.982_33.1765,0.7452477262293251,0.01418237315895915,1.9749109724169593,37.6355421686747,37.61931663710881,1.0060240963855422,0.1429823078223711,0.004180949013941572,0.5939406981570008,24.253731343283583,24.229744136460553,1.0,13.389572500648256,False
39.991_32.5059,12.538978154908905,0.09361322792781238,23.67801936478213,49.65321285140562,52.74349569842133,12.036144578313253,8.187760280664667,0.08665844925533678,22.43962186338617,32.10746268656716,36.61756841664273,10.0,16.125927281778594,False
39.991_32.5176,11.386050165915986,0.08739036053243494,21.184477654963704,48.986962134251286,53.56605190690449,97.5421686746988,7.9117226430255005,0.08330556584639423,20.889862668169773,34.159139368094586,38.04773710291696,78.5223880597015,15.51831480398753,False
39.991_32.5294,19.46840745976324,0.17557409559521223,40.736390191608,45.8328821780629,47.7049089029889,14.963855421686747,15.604833772953322,0.19527160540630273,47.65809600934279,36.155834464043416,32.95249472166299,10.686567164179104,14.75241418132591,False
39.991_32.5529,5.847458530700024,0.05727168452161128,11.5161618472191,45.73432847638579,50.691097892876314,74.32530120481928,3.743995984041741,0.051149941708948155,10.496619648903474,38.26296009890187,35.635280683866576,70.68656716417911,15.055817209009739,False
39.991_32.5647,6.294197782438028,0.06557628075920705,10.762862005546886,56.31793856185843,58.48361069693264,55.126506024096386,4.614436852303989,0.06629657095482691,10.505455523825619,45.535577924331825,43.93338023209296,43.0,14.550230464839679,False
39.991_32.5765,8.027122230734067,0.07206445045898995,12.785242505213713,57.48567118141208,62.51654568475581,61.15060240963855,6.4020434326542865,0.07318146432831878,12.639752199731426,49.04572880279454,50.660953519199076,47.0,11.855592165556736,False
39.991_32.5882,7.734401194496553,0.07612069611832599,11.843533453168105,60.00351149495943,65.0757002252849,98.3132530120482,5.8896742589366875,0.07649515712907656,11.515453813471462,49.94179104477612,51.189648234740645,80.0,13.88605199054426,False
39.991_32.6,7.692886688565684,0.08646575992988516,9.481281786133588,69.40476389685728,81.39812688900267,54.18072289156626,6.044977758563756,0.09403588143587395,9.879898304728117,59.57462686567164,61.728145432269514,42.0,19.669981456733154,False
39.991_32.6118,7.651812014168662,0.08101874146269422,9.880359087860414,62.79874621854617,77.49863764510201,65.12650602409639,7.112118177726352,0.09873569275862958,11.639025297349516,52.671988892745574,61.419390410882784,43.208955223880594,16.079247234219224,False
39.991_32.6235,9.635737599263976,0.10527389584768777,12.334421369010705,58.16225936463928,78.22735226518142,99.20481927710843,9.919921917991442,0.1437331413107041,16.262503630731935,50.17952881845556,61.39603160155913,59.3134328358209,16.831320663622293,False
39.991_32.6353,17.69638540529799,0.24432738381257588,37.06186542496868,41.0266634720701,47.53086486198635,32.13253012048193,15.230731998406133,0.27355947838950634,41.77939649380001,39.993894165535956,36.4791110199759,22.0,11.051753842010449,False
39.991_32.6471,12.01262766340096,0.1976306185721198,25.612023219763028,44.181704968559934,46.77856976646289,54.30120481927711,8.615502248086141,0.18789489129143544,24.38070007272822,31.49535440836927,35.39241047827593,48.8955223880597,11.38615928818696,False
39.991_32.6588,27.842432228915662,1.0281438253012047,69.03332078313252,44.256024096385545,44.213594460806746,2.0120481927710845,17.621268656716417,1.0485074626865671,69.27332089552239,26.17910447761194,26.131149606643994,2.0,18.082444854162752,False
39.991_32.6824,17.034906954550877,0.44453059763807695,31.135154479303353,54.6777108433735,54.650769199795675,2.0120481927710845,9.408748337520318,0.35702674745086443,25.14703709176888,37.25373134328358,37.24025977386415,2.0,17.410509425931522,False
39.991_32.6941,20.4208576920771,0.41121620090133554,29.322213783074265,63.25563122053431,69.3714256707484,23.03012048192771,15.463506631181879,0.4072827700661428,28.78499862096375,55.91747146619842,53.453509362712474,17.0,15.91791630803592,False
39.991_32.7059,25.020990690833845,0.43234506123910293,30.54058230999336,71.93948727239787,81.45208154632274,21.09036144578313,15.331914918704939,0.3223163766001636,22.89705647961565,61.31186174391201,66.67321945620779,19.0,14.778862090114956,False
39.991_32.7176,28.190974802891215,0.5916894489936658,41.41343874777609,67.44277108433735,67.89252194105678,6.036144578313253,17.0304165500061,0.4982056707802977,35.06787401376953,50.97761194029851,48.37918151253616,6.0,19.513340428520628,False
39.991_32.7294,14.160598431022011,0.24037321282783106,25.862563516581908,54.96158480074143,54.66564532053471,15.05421686746988,5.403638256685938,0.122300090108819,10.138453957591366,44.10103329506314,52.30190559481838,9.552238805970148,2.3637397257163286,False
39.991_32.7412,37.42986948257589,0.6134515800058836,71.45934694947786,59.93932874354561,52.279296275264414,14.08433734939759,7.44863270123236,0.1553244518087505,14.937148686358084,42.110874200426444,39.78093727458152,7.597014925373134,12.498359000682896,False
39.991_32.7529,26.415022863052876,0.43102596136121396,49.94146942470705,63.215498357064625,52.782429360246304,22.132530120481928,5.430541139243057,0.1171163567565055,11.055338772095428,41.86702849389417,39.99737497170474,13.134328358208956,12.785054388541568,False
39.991_32.7647,12.362830237578642,0.19951579846502016,25.11268010510684,56.12407019381876,49.62903630686586,20.43975903614458,9.584366627158923,0.18912000933906575,23.04420607242002,42.12388059701493,41.71128281040631,13.522388059701493,7.917753496459554,False
39.991_32.7765,9.052942028743521,0.14562337616431476,17.960484376307075,56.269452811244975,50.49014803913299,14.74698795180723,7.246933914416148,0.14582168595844466,17.3925432988924,41.39966832504146,42.043901206923465,10.522388059701493,8.446246832209525,False
39.991_32.7882,102.10072227462426,1.1664782614280806,211.03866492046438,51.64223560910308,48.37150431055,45.2710843373494,64.51796342545367,0.8630165789046655,154.9347464583407,40.53759408087767,41.96859685510042,42.04477611940298,6.402907455449579,False
39.991_32.8,28.506269008412154,0.3266888412762716,49.370951853255434,63.16629635424817,57.65063381890626,85.36746987951807,20.971669973686907,0.28163735744462143,43.67837361498456,53.13772456474202,48.1315259529006,67.83582089552239,9.519107866005655,False
39.991_32.8118,18.95849169944213,0.19788584056059555,33.31524327795854,52.100455338343295,56.863108882097734,64.8855421686747,15.806860094427147,0.18449623554534406,35.28998494516242,43.918623945942706,44.71240526278568,49.71641791044776,12.150703619312054,False
39.991_32.8235,11.526577373268816,0.12134885584487747,18.858778802428052,53.710939652289184,61.16667427975046,110.40361445783132,9.753412171503193,0.11236821704936954,19.65354515434937,44.305199445591875,49.604939549484584,80.6268656716418,11.561734730265876,False
39.991_32.8353,14.454323010897124,0.16103665280382326,27.041658229708435,51.116160470580624,53.45938497906154,85.90361445783132,12.465916097956171,0.1633788381124158,28.920183738381862,39.39435419445988,43.05520431553452,62.014925373134325,10.404180663527022,False
39.991_32.8471,26.160855163201802,0.3226048748671082,51.16115646849866,49.39903036220096,51.13790593518124,127.1867469879518,22.36468467005499,0.3476969866018227,56.03862247194925,36.556334894744325,39.86181931275814,89.22388059701493,11.276086622423094,False
39.991_32.8588,22.66976052467179,0.23644886210690613,41.868109366111014,49.33717891172533,54.12588518530791,52.74096385542169,20.598695069761177,0.2566161994031351,46.134785071283716,38.42703664340835,44.50740450113283,37.582089552238806,9.618480684175076,False
39.991_32.8706,33.68033882989269,0.4478221558107857,61.70765255519586,51.79381627727471,55.016350625748544,104.39759036144578,27.66525201268704,0.5278467223726617,69.37616537511624,35.46669636890176,39.782695260049834,67.0,15.23365536569871,False
39.991_32.8824,23.876791640221406,0.49668972067951667,46.40821903450573,44.60100877731905,51.199403688764036,83.24698795180723,17.337370125077587,0.5179692262259779,46.26039076530842,34.70104700378704,37.39175392322208,67.0,13.807649765541953,False
39.991_32.8941,29.834371978699732,0.34543735771697787,61.74949807460436,46.09032301454622,48.19429167698577,57.33132530120482,22.07742710591296,0.284453197716493,54.68248606704386,36.80254473771793,40.60279600123696,54.014925373134325,7.59149567574881,False
39.991_32.9059,2.991597867841056,0.04829642479585312,5.849626738524217,48.708032128514056,50.729453830804474,15.090361445783133,1.783553234532152,0.0383292255651673,4.76959607836188,34.602985074626865,37.41740058516272,15.0,13.312053245641756,False
39.991_32.9412,1.3087775471634437,0.02614754817589682,3.6864305625864806,35.86746987951807,35.5600195355099,2.0120481927710845,1.7408774614323341,0.03671290605794552,5.174925373134328,33.1044776119403,34.67159127871502,1.507462686567164,0.8884282567948816,False
39.991_32.9882,1.0070897321140944,0.01993045980714296,2.8093778690008313,39.210090361445786,35.89031107547586,8.048192771084338,1.5959669338563105,0.03381297485072724,4.7700657142097,35.01679104477612,34.8281429722797,5.537313432835821,1.0621681031961572,False
39.991_33.0,0.5589357946719938,0.010636779869219369,1.4811832293127194,37.6355421686747,37.61931663710881,1.0060240963855422,0.10723673086677832,0.003135711760456203,0.44545552361775054,24.253731343283583,24.229744136460553,1.0,13.389572500648256,False
39.991_33.0353,0.9061369299453992,0.017711858383367897,2.496264405725781,41.79919678714859,36.34896831656631,18.10843373493976,1.5496042831424743,0.03280136115957011,4.629570507533633,36.69651741293532,35.08111522816618,12.08955223880597,1.2678530884001233,False
39.991_33.0588,1.2044100772839255,0.023990921669872715,3.3836353818635883,35.7710843373494,35.7701702489685,7.042168674698795,1.1511768886659142,0.0236631966219323,3.330406789581504,34.83582089552239,34.902507022709585,7.0,0.8676632262589123,False
39.991_33.1647,0.5589357946719938,0.010636779869219369,1.4811832293127194,37.6355421686747,37.61931663710881,1.0060240963855422,0.10723673086677832,0.003135711760456203,0.44545552361775054,24.253731343283583,24.229744136460553,1.0,13.389572500648256,False
39.991_33.1765,0.683143749043548,0.013000508729045901,1.8103350580488793,37.6355421686747,37.6193166371088,3.0180722891566263,0.13106711550384018,0.0038325365961130817,0.5444456399772507,24.253731343283583,24.229744136460553,3.0,13.38957250064825,False
40.009_32.3176,0.22257620946619575,0.005248694638300693,1.2000329508778453,20.075301204819276,20.079814757228192,6.036144578313253,0.11197095949179106,0.003861067568682433,0.8004290075076315,15.088235294117647,15.156712685074028,6.0,4.923102072154164,False
40.009_32.3294,0.24730689940688416,0.005831882931445217,1.333369945419828,20.075301204819276,20.079814757228192,1.0060240963855422,0.12441217721310117,0.004290075076313764,0.8893655638973682,15.088235294117647,15.156712685074028,1.0,4.923102072154164,False
40.009_32.4941,11.2486913379907,0.0673430914741305,17.244738149427803,65.92369477911647,65.35799742060843,3.0,10.175262192944304,0.07743296075886849,20.31306980850309,50.985074626865675,50.336483759937614,2.0,15.021513660670813,False
40.009_32.5059,13.091284621622497,0.09585887230701029,24.222500818565713,49.65321285140562,53.95851257830754,12.036144578313253,9.670104218523376,0.0953087081643163,24.739402223875967,32.10746268656716,39.23420489057337,10.0,14.724307687734168,False
40.009_32.5176,10.282449740408053,0.07906249538982754,19.89755377712069,50.69871977620084,51.71088601261779,86.42168674698796,8.171075276024174,0.08713012990665854,22.59059395730746,34.62824349430791,36.324757295751155,65.32835820895522,15.386128716866637,False
40.009_32.5294,11.289878221641304,0.10443753225176605,26.099139728201845,44.49361183168433,43.247865638566054,139.710843373494,7.48456012573524,0.10810538760829547,27.815172124341856,27.86975699243798,27.03984059246004,111.4776119402985,16.208025046106016,False
40.009_32.5412,9.84401830766203,0.09522906351543675,23.87322218602594,45.54351692484223,41.34179262070849,29.397590361445783,8.771938264365707,0.13748617074501499,35.49743045944689,26.271144278606965,24.940543086599536,17.432835820895523,16.401249534108953,False
40.009_32.6118,53.30473788186214,0.7090761182308264,115.44101590300247,40.46887550200803,46.18519562548326,12.072289156626505,38.0861871029353,0.6453350987086107,107.01701050962477,31.509950248756216,35.671660314026106,12.0,10.513535311457154,False
40.009_32.6353,9.561155512496507,0.13765031900559152,19.06957001870464,43.545180722891565,49.85486607603018,3.0120481927710845,6.220589033028006,0.12497287704778284,16.17609382991584,43.798507462686565,38.718883724271386,2.0,11.135982351758791,False
40.009_32.6471,3.9101746242575435,0.1306311555259022,12.917193475412004,37.71658060814687,30.419692958340733,42.25301204819277,2.5072856052697388,0.11675023656132412,11.437817426007111,24.62676115222208,22.16747207777329,39.791044776119406,8.252220880567442,False
40.009_32.6588,8.156634649943358,0.10058214823517427,9.793360406993502,62.86169678714859,83.74568061507401,8.036144578313253,6.725408871788005,0.11775581637532102,11.300441640567389,54.53731343283582,60.38089516625368,6.0,23.364785448820328,False
40.009_32.7059,0.8180021728112222,0.021151726316698555,1.4821004447899122,59.096385542168676,55.06619034529196,4.024096385542169,0.38098134117189936,0.01585395039516617,1.1171082899030598,37.73134328358209,36.83862391888591,3.014925373134328,18.22756642640605,False
40.009_32.7176,2.7692111028332715,0.05807551671976299,4.328980003927527,59.25440106289821,63.857214634814646,21.09036144578313,2.113291410576719,0.05841867027792967,4.107418980328164,42.268513889880744,53.45662183595563,15.059701492537313,10.400592798859016,False
40.009_32.7294,0.7223099301563924,0.01826438748769837,1.2796908062356955,61.505421686746985,56.307247297950056,10.060240963855422,0.35915363758457286,0.01509982627890538,1.0643196017648036,38.2955223880597,37.127089343563775,7.044776119402985,19.18015795438628,False
40.009_32.7647,14.542613820030734,0.21781160470447217,29.651229264970787,57.152610441767074,49.6870921594521,27.46987951807229,12.234508942623306,0.21638401309874658,28.665584187658137,44.7363184079602,42.460774888226744,18.0,7.226317271225355,False
40.009_32.7765,0.6980099238262875,0.007488391854571854,1.0324421110133228,67.5512048192771,67.56953323498074,1.0060240963855422,0.1431323158986516,0.0026670617869313643,0.27485553415320785,57.529411764705884,57.45798319327731,1.0,10.111550041703431,False
40.009_32.8,1.231083517744447,0.014834849602491559,2.1987951807228914,55.897590361445786,55.892975140178244,4.024096385542169,0.8490811249873084,0.014133414559853745,2.180525941719971,39.43283582089552,39.41291857869683,4.0,16.480056561481412,False
40.009_32.8118,33.74316434981551,0.3497848990282656,58.207280010013726,54.0646360331086,58.10741736560446,63.51807228915663,34.825736507543375,0.3950870535072711,74.60941137776395,41.86836144480848,46.58953418529557,40.47761194029851,11.517883180308893,False
40.009_32.8235,12.394494601822185,0.12124458378131932,21.799753303233274,51.9171020215315,57.00664741809999,34.86746987951807,13.815129437654642,0.14127960797351966,29.89834601985487,40.30188343994314,46.13937548908467,20.895522388059703,10.867271929015317,False
40.009_32.8353,7.2039625767001585,0.07684556079510785,11.980938204899944,53.76398914987682,60.329843651371306,59.53012048192771,8.272623878808467,0.09377093690916041,16.771325142296405,40.73623061164765,49.27609785227633,33.582089552238806,11.053745799094976,False
40.009_32.8471,24.84063659663175,0.2470161840524159,47.70853930112916,53.53501902302032,52.373313212195896,111.99397590361446,26.271086610602087,0.2825614454383926,59.245905055806574,41.320956603597324,44.24960677002514,64.53731343283582,8.123706442170757,False
40.009_32.8588,25.06372412550429,0.41209977208445514,48.499763991110314,47.71472245763529,52.30859551844935,89.12048192771084,20.212450373745405,0.46196981991970243,51.36812544338753,33.73042479908152,39.28033326164858,65.0,13.028262256800772,False
40.009_32.8706,19.731478609903604,0.4221245204051581,42.66361248984015,46.37815176791081,47.486473534073774,54.57831325301205,19.67794306792847,0.5741997252627582,53.12472930005263,30.855721393034827,36.928755901686834,30.0,10.55771763238694,False
40.009_32.8824,4.8586597660981745,0.08028766671366262,8.499933278307465,57.19879518072289,56.67902258314652,8.048192771084338,3.060360593378507,0.05913857232861788,6.461153853026606,45.17164179104478,47.278476207127056,8.0,9.400546376019463,False
40.009_32.8941,12.013003139988818,0.15242056194295292,24.39533304612401,50.17094934359286,49.05241241123941,85.50602409638554,8.31007048141017,0.11964982466384427,20.54964010215392,39.72765820158266,40.58665317841428,83.44776119402985,8.465759232825128,False
40.009_32.9059,4.8887026154786675,0.07926459585069584,9.312983185720888,51.55840754321635,52.03131266728863,23.13855421686747,2.938867358216849,0.06206981535124754,7.5180453017173114,38.20116807268008,39.101408765491854,23.0,12.929903901796777,False
40.009_32.9647,1.4769983175690096,0.030080180112092278,4.239968658632637,33.65301204819277,34.8467741080261,10.060240963855422,1.4804753523019467,0.03239662415312977,4.56208355782927,24.791471215351812,33.1234210456715,8.522388059701493,1.7233530623546045,False
40.009_32.9765,1.567208867162077,0.031726266832694146,4.472418268753661,34.626506024096386,35.07237760391779,9.05421686746988,1.664920827406477,0.035943387964112776,5.062429764094926,28.51077943615257,33.62531397651539,7.522388059701493,1.4470636274024002,False
40.009_32.9882,1.456124823593106,0.02964885481088749,4.179409622488059,33.63373493975904,34.86471108753603,5.030120481927711,1.37158045663504,0.029850135227519586,4.202439525652598,25.892537313432836,33.15597101278342,4.507462686567164,1.7087400747526118,False
40.009_33.0,1.7126285946246818,0.03463154996334934,4.8820216645966035,34.626506024096386,35.11304201871273,9.05421686746988,1.8272466771493592,0.03933741688579755,5.540520356882622,28.51077943615257,33.7152219104481,7.522388059701493,1.3978201082646322,False
40.009_33.0353,1.2044100772839255,0.023990921669872715,3.3836353818635883,35.7710843373494,35.7701702489685,7.042168674698795,1.1511768886659142,0.0236631966219323,3.330406789581504,34.83582089552239,34.902507022709585,7.0,0.8676632262589123,False
40.009_33.0471,1.3076069557067078,0.02570883227332551,3.624142866346977,40.29216867469879,36.16478366854456,6.036144578313253,1.74670003686685,0.036577996191692386,5.158299412030756,36.23134328358209,35.024142420656894,4.522388059701493,1.1406412478876646,False
40.018_32.2941,0.40444135030688794,0.011883382586951551,0.8337349397590362,49.9066265060241,49.856036807335784,1.0060240963855422,0.2222331737538721,0.00718107575330887,0.5578710222472543,40.44776119402985,40.4998158084512,1.0,9.35622099888458,False
40.018_32.3059,1.0891550711035036,0.03126266001069058,2.5689202647771725,38.77862251143612,43.03018859973901,20.837349397590362,0.7875544088927378,0.024449329620414576,2.046775421209949,41.18042142230026,39.17832025401353,15.522388059701493,3.851868345725485,False
40.018_32.3176,1.1732329259462098,0.033486497528831254,2.8601135517405174,37.265361445783135,41.690587106287154,19.08433734939759,0.8498248130584545,0.026203981539464082,2.240995087728433,40.33333333333333,38.67652546055668,14.029850746268657,3.0140616457304716,False
40.018_32.3294,1.1446174887280094,0.03266975368666463,2.7903546846248948,37.265361445783135,41.690587106287154,14.313253012048193,0.8290973785936142,0.02556486003850154,2.186336670954569,40.33333333333333,38.67652546055668,10.522388059701493,3.0140616457304716,False
40.018_32.4941,8.394587962486456,0.07751040798851608,19.37997582831593,43.7693012854092,43.25295395857281,23.59036144578313,5.323891105406851,0.07708083234686901,19.836447476079073,27.13464971791759,26.943573957647512,19.53731343283582,16.309380000925298,False
40.018_32.5059,8.565263633512979,0.07958271796686356,18.865154044396927,46.7088329278653,45.41723955748473,67.1867469879518,5.914868444468928,0.08116393158665908,20.122522729215703,32.21676380004738,29.56230165654427,53.343283582089555,15.854937900940456,False
40.018_32.5412,10.363084122508404,0.098550685025973,24.650365594447756,44.738161436956624,42.10170081545576,21.89156626506024,8.615955115087091,0.13061867643364292,33.67781954689493,26.95331037122082,25.772942208365716,13.895522388059701,16.32875860709004,False
40.018_32.5529,9.84401830766203,0.09522906351543675,23.87322218602594,45.54351692484223,41.341792620708496,7.349397590361446,8.771938264365707,0.13748617074501499,35.49743045944689,26.271144278606965,24.940543086599536,4.358208955223881,16.40124953410896,False
40.018_32.6353,1.8501401514696234,0.0685120190080526,5.903413069819729,37.23273092369478,31.473171712909426,15.090361445783133,1.2668211191190257,0.0679681817504299,6.061495394200323,24.43666785122009,21.448744371876973,11.985074626865671,10.024427341032453,False
40.018_32.6471,9.561155512496507,0.13765031900559152,19.06957001870464,43.545180722891565,49.85486607603018,3.0120481927710845,6.220589033028006,0.12497287704778284,16.17609382991584,43.798507462686565,38.718883724271386,2.0,11.135982351758791,False
40.018_32.6941,5.43551720212424,0.10786460908548724,8.240323516315405,58.566265060240966,65.92506777881535,8.012048192771084,4.934712145823379,0.12698958966965648,8.92941001871216,47.189054726368155,56.8373283859945,5.014925373134329,9.087739392820843,False
40.018_32.7176,0.8180021728112222,0.021151726316698555,1.4821004447899122,59.096385542168676,55.06619034529196,4.024096385542169,0.38098134117189936,0.01585395039516617,1.1171082899030598,37.73134328358209,36.83862391888591,3.014925373134328,18.22756642640605,False
40.018_32.7529,1.2709091142522477,0.01976938673631796,2.082976189469784,69.60465776148071,60.73276400865507,18.801204819277107,0.6639269964081972,0.014693588869702514,1.4236928933864106,50.11940298507463,45.63417097819724,18.0,15.098593030457828,False
40.018_32.7647,13.74228269058491,0.20525659682539688,28.036032974270896,56.44868760757315,49.613236089247216,18.09036144578313,11.511992291406663,0.20325058542249133,26.997399587633137,44.291044776119406,42.4246606338457,12.0,7.188575455401519,False
40.018_32.7765,9.975302733343844,0.1554345107965028,21.76958899866934,53.11144578313253,47.8188979841321,7.030120481927711,10.441997175249075,0.17921899454135967,25.138756346146504,41.40298507462686,41.398695809548215,3.0,6.420202174583885,False
40.018_32.7882,9.975302733343844,0.1554345107965028,21.769588998669345,53.11144578313253,47.8188979841321,2.3433734939759034,10.441997175249075,0.17921899454135967,25.138756346146504,41.40298507462686,41.39869580954822,1.0,6.420202174583878,False
40.018_32.8235,4.407873872440542,0.08355318030826782,7.120650669906517,60.368975903614455,62.03155017063738,7.686746987951807,2.9656304312769883,0.0750473323657821,6.561227476065053,43.6865671641791,45.14352682497739,7.582089552238806,16.888023345659988,False
40.018_32.8353,8.54916842214572,0.136641490760491,15.594781216759342,62.12796642666146,55.64781382915861,19.897590361445783,7.15333178199181,0.1412181533389022,15.970221953627115,44.27495854063018,44.608847162618595,14.373134328358208,11.038966666540013,False
40.018_32.8471,23.209514858803733,0.24123755789144605,42.87520397560979,60.08253748836084,54.6047754618568,87.93975903614458,24.46075951975499,0.27705033127706963,52.448928516877906,43.4755949274606,46.51319103806455,49.19402985074627,8.091584423792256,False
40.018_32.8588,34.874082213395425,0.34829666798558934,64.9168388041154,58.526722589686116,54.346078746908184,48.373493975903614,47.3930076291693,0.5030904969531584,101.24075273166727,44.39716489323716,46.76084820876557,20.52238805970149,7.585230538142611,False
40.018_32.8706,4.8586597660981745,0.08028766671366262,8.499933278307463,57.19879518072289,56.67902258314652,6.036144578313253,3.060360593378507,0.05913857232861788,6.461153853026606,45.17164179104478,47.27847620712706,6.0,9.400546376019456,False
40.018_32.8824,8.464247001825349,0.08617632157941055,20.599145214833083,39.00100401606425,39.11923225204238,6.0120481927710845,4.5529663065902275,0.05320372426117113,13.391368477975638,28.76492537313433,33.11201054816115,4.477611940298507,6.007221703881228,False
40.018_32.8941,34.69463950170877,0.3789846899771566,73.38103908472925,44.5373965497618,47.210787106132855,39.204819277108435,27.34920156245722,0.32820518037236035,69.66574032326699,35.63662081748122,39.55639535570225,35.014925373134325,7.654391750430605,False
40.018_32.9059,5.515437499498327,0.07339083181493458,10.795012160567655,51.105421686746986,51.080484171607374,2.0120481927710845,3.5669553630912723,0.05659908319826579,7.940576928813627,45.07462686567164,45.069548149576235,2.0,6.010936022031139,False
40.018_32.9176,6.588767184246288,0.08892389775124633,13.039267022129575,49.075301204819276,50.516218876950596,4.024096385542169,4.238404474309238,0.06872752336883793,9.646768447900405,41.79477611940298,44.090765823808525,4.0,6.425453053142071,False
40.018_32.9882,0.28036795067594317,0.006554386560325747,0.9225634934102607,30.33132530120482,30.369477911646584,1.0060240963855422,0.08741503748861323,0.0037488613271669025,0.5272931119052623,16.850746268656717,16.851101634683726,1.0,13.518376276962858,False
40.018_33.0471,1.273207996232447,0.025136195405507895,3.543973704852514,38.78514056224899,36.03729484099977,6.036144578313253,1.4548773828844066,0.030217514414178078,4.258298525199315,35.76616915422885,34.98478043404558,5.014925373134329,1.052514406954188,False
40.027_32.2941,0.24730689940688416,0.005831882931445217,1.333369945419828,20.075301204819276,20.079814757228192,1.0060240963855422,0.12441217721310117,0.004290075076313764,0.8893655638973682,15.088235294117647,15.156712685074028,1.0,4.923102072154164,False
40.027_32.3059,0.8045075449858393,0.02249058022558353,2.3172983659744166,27.533132530120483,35.93482274386273,4.024096385542169,0.7200584609040852,0.021383996685444606,2.0627596161403674,30.753731343283583,35.162180545208,2.5223880597014925,0.7726421986547294,False
40.027_32.5059,0.26406679131513205,0.007527248989450916,0.6861210315526621,38.752008032128515,38.68522544819778,2.7590361445783134,0.2467525124241542,0.006719496271735005,0.5573828708157067,45.73134328358209,44.886103279661754,2.0,6.200877831463977,False
40.027_32.6118,0.3380439536765179,0.017838419544419302,1.2732850090600638,33.3960843373494,27.654602967299382,4.024096385542169,0.09562592673819596,0.014714803501266248,1.0493883931055112,15.16044776119403,12.003484737757788,4.0,15.651118229541595,False
40.027_32.6353,0.030781777225270316,0.0007757951900698001,0.10979838671988185,28.27409638554217,28.21858864027539,2.0120481927710845,0.01971432483000953,0.0006959339205037912,0.10222242504449412,19.852941176470587,19.83543417366947,2.0,8.38315446660592,False
40.027_32.6824,7.77458706061705,0.14701363984365556,10.296159554606385,75.37951807228916,75.38374934055356,13.078313253012048,5.335467312268091,0.12645801094860146,8.888459042579743,60.149253731343286,60.13179974791697,13.0,15.251949592636592,False
40.027_32.6941,3.0746751241900543,0.06185470495314293,5.291956339524959,51.49879518072289,58.18881447017389,19.93975903614458,3.4111082979825413,0.0925116010949411,6.5067861156803035,43.80298507462686,54.376884356263815,8.029850746268657,3.8119301139100727,False
40.027_32.7412,1.0503324988264746,0.016022531685182202,1.2738225629791895,81.48795180722891,81.50295616603707,3.0180722891566263,0.592944369063772,0.013878658654777972,1.0556309362279512,55.19402985074627,55.14385862893326,3.0,26.359097537103807,False
40.027_32.7529,1.0503324988264746,0.016022531685182202,1.2738225629791895,81.48795180722891,81.50295616603707,10.060240963855422,0.592944369063772,0.013878658654777972,1.055630936227951,55.19402985074627,55.143858628933266,10.0,26.3590975371038,False
40.027_32.7647,8.666566508442703,0.12799447633639655,17.285125904929554,58.98992941462821,50.52494484576315,31.49397590361446,7.011894004689085,0.12512055550344872,16.28986053425414,45.909090909090914,42.80710240298465,22.0,7.717842442778505,False
40.027_32.7765,5.743375520995961,0.08688258588612328,12.244611498507789,53.10274431057563,48.75988291377155,14.060240963855422,5.5843946119870305,0.09640288459415214,13.525137493065223,40.33333333333333,41.164108246996946,6.0,7.595774666774602,False
40.027_32.7882,9.975302733343844,0.1554345107965028,21.769588998669345,53.11144578313253,47.8188979841321,25.77710843373494,10.441997175249075,0.1792189945413597,25.138756346146504,41.40298507462686,41.39869580954822,11.0,6.420202174583878,False
40.027_32.8,9.975302733343844,0.1554345107965028,21.769588998669345,53.11144578313253,47.8188979841321,4.686746987951807,10.441997175249075,0.17921899454135967,25.138756346146504,41.40298507462686,41.39869580954822,2.0,6.420202174583878,False
40.027_32.8353,1.3154258878757676,0.013971858430913675,1.983156997825413,63.485943775100395,65.64972655237204,2.3433734939759034,0.7467039452206159,0.00928336444530011,1.3231096341065285,56.62686567164179,56.624829245654794,1.0,9.02489730671725,False
40.027_32.8471,29.73632472164527,0.23722429932335304,52.518113055262866,57.86129375071501,56.76522863111075,54.933734939759034,25.143308328384403,0.21704345452878376,51.3750693299381,46.71012828832426,48.937292356704376,42.55223880597015,7.827936274406376,False
40.027_32.8588,24.331050169400587,0.2122858284853747,44.29024573658745,55.670348233757046,55.192292186407414,52.4277108433735,30.02828518145493,0.2747923252607042,62.62316313672621,46.634881149806525,47.891260796876296,25.52238805970149,7.3010313895311185,False
40.027_32.8706,2.991235191207512,0.030025024701564432,7.518660671876286,38.693373493975905,39.03588113911469,10.042168674698795,1.2626344958811189,0.015969553922248,4.20842721784254,29.104477611940297,29.982105795044323,9.477611940298507,9.05377534407037,False
40.027_32.8824,5.2814109036673775,0.054098300609278165,12.613093466937093,41.554531546179355,40.46614257818702,56.126506024096386,3.3982779486106978,0.03934309265757113,9.6885524268123,30.736950948423424,34.403775147687504,43.865671641791046,6.062367430499513,False
40.027_32.8941,26.375083411798794,0.291250954695987,54.93132316118705,44.84253539810599,47.88149785829724,75.34939759036145,20.742396920724687,0.24967456694525028,51.78680121832563,35.70920892101753,40.31925537062451,66.98507462686567,7.5622424876727266,False
40.027_32.9059,0.8209591842388038,0.012677399591782646,1.8079497518625984,43.40137472968798,45.44637503735335,39.234939759036145,0.4991179613241273,0.009986132321358721,1.4074960996789232,32.628013777267505,35.77741506279567,39.0,9.66895997455768,False
40.027_32.9176,0.5840853037401113,0.010703780614933758,1.5063712919799457,37.14481000926784,38.70747628727161,13.078313253012048,0.3015697995858811,0.0077200640457748,1.089036130291123,24.983926521239955,27.912556708287507,13.0,10.794919578984103,False
40.027_32.9412,0.28036795067594317,0.006554386560325747,0.9225634934102607,30.33132530120482,30.36947791164659,6.036144578313253,0.08741503748861323,0.0037488613271669025,0.5272931119052623,16.850746268656717,16.851101634683726,6.0,13.518376276962865,False
40.027_32.9647,1.9319486966685537,0.03923298860807964,5.53028307905548,34.02208835341365,34.951369082171716,3.0180722891566263,2.0153721827600073,0.043852398166189535,6.17608928568975,25.925373134328357,33.3618018262762,2.5074626865671643,1.589567255895517,False
40.027_32.9765,0.28036795067594317,0.006554386560325747,0.9225634934102607,30.33132530120482,30.369477911646584,2.0120481927710845,0.08741503748861323,0.0037488613271669025,0.5272931119052623,16.850746268656717,16.851101634683726,2.0,13.518376276962858,False
40.027_33.0471,1.3076069557067078,0.02570883227332551,3.624142866346977,40.29216867469879,36.16478366854456,4.024096385542169,1.74670003686685,0.03657799619169235,5.158299412030756,36.23134328358209,35.024142420656894,3.014925373134328,1.1406412478876646,False
40.027_33.0588,1.3076069557067078,0.02570883227332551,3.624142866346977,40.29216867469879,36.16478366854456,4.024096385542169,1.74670003686685,0.03657799619169235,5.158299412030756,36.23134328358209,35.024142420656894,3.014925373134328,1.1406412478876646,False
40.036_32.3529,1.1446174887280094,0.03266975368666463,2.7903546846248948,37.265361445783135,41.690587106287154,4.771084337349397,0.8290973785936142,0.02556486003850154,2.186336670954569,40.33333333333333,38.67652546055668,3.5074626865671643,3.0140616457304716,False
40.036_32.5059,1.1446174887280094,0.03266975368666463,2.7903546846248948,37.265361445783135,41.690587106287154,9.542168674698795,0.8290973785936142,0.02556486003850154,2.186336670954569,40.33333333333333,38.67652546055668,7.014925373134329,3.0140616457304716,False
40.036_32.5882,2.070149941385945,0.06089431743429897,6.888210484037527,40.84186746987952,30.837869588992906,4.024096385542169,1.474954065812978,0.06251782954026443,6.532667584354323,25.779850746268657,23.034988282046147,4.0,7.802881306946759,False
40.036_32.6118,0.3565901958002177,0.017531472352323177,1.2503030343647834,38.4480421686747,29.67600086399607,8.048192771084338,0.1018012837465742,0.014121305544827276,1.00775534736506,19.024253731343283,12.892098099675511,8.0,16.78390276432056,False
40.036_32.6235,0.35040811509231784,0.017633788083021917,1.2579636925965434,36.7640562248996,28.997097424869136,3.0180722891566263,0.09974283141044811,0.014319138196973585,1.0216330292785438,17.736318407960198,12.58924143835538,3.0,16.407855986513756,False
40.036_32.6353,1.2038058777164733,0.07380925571444653,5.276995833802499,23.292168674698797,23.255163511187607,2.0120481927710845,0.3331008508857581,0.0636071976565769,4.530617938345654,7.432835820895522,7.434257285003554,2.0,15.820906226184054,False
40.036_32.6941,0.8180021728112222,0.021151726316698555,1.4821004447899122,59.096385542168676,55.06619034529196,8.048192771084338,0.38098134117189936,0.01585395039516617,1.1171082899030598,37.73134328358209,36.83862391888591,6.029850746268656,18.22756642640605,False
40.036_32.7412,1.0503324988264746,0.016022531685182202,1.2738225629791895,81.48795180722891,81.50295616603707,1.0060240963855422,0.592944369063772,0.013878658654777972,1.0556309362279512,55.19402985074627,55.14385862893326,1.0,26.359097537103807,False
40.036_32.7647,4.546289438881313,0.06417753960558309,8.720520252272006,56.39139137193937,52.23535804781752,43.89156626506024,3.684805611569405,0.06636844745451047,8.50908275669562,43.24602792489167,43.096145100307375,31.0,9.139212947510146,False
40.036_32.7765,3.45026989432753,0.05973062126573077,7.842238073510102,44.41184738955823,44.12617377175409,5.698795180722891,2.322795681540076,0.04587570714074831,6.280775638865634,29.56417910447761,36.997736272923746,4.940298507462686,7.128437498830344,False
40.036_32.7882,9.975302733343844,0.1554345107965028,21.769588998669345,53.11144578313253,47.8188979841321,11.716867469879517,10.441997175249075,0.17921899454135967,25.138756346146504,41.40298507462686,41.39869580954822,5.0,6.420202174583878,False
40.036_32.8,9.975302733343844,0.1554345107965028,21.76958899866934,53.11144578313253,47.8188979841321,7.030120481927711,10.441997175249075,0.17921899454135967,25.138756346146504,41.40298507462686,41.398695809548215,3.0,6.420202174583885,False
40.036_32.8353,22.846688145451992,0.15731102759163085,39.16918531851542,60.669654642546206,58.50445706502012,41.68072289156626,20.303649940156106,0.15090012894827345,39.598073803945,50.224093816631125,51.2777411640848,32.53731343283582,7.226715900935318,False
40.036_32.8471,16.89826480109591,0.14064139291212388,30.108974157511817,54.799368904188185,56.19265856746802,29.686746987951807,12.027709438395457,0.10901773981733719,24.860657370659375,41.891422010824996,48.282848461372105,27.01492537313433,7.909810106095918,False
40.036_32.8588,1.6136805846981614,0.016304464317593418,2.3038522618706274,64.41471147748891,69.16093037198019,15.686746987951807,1.2445065753676932,0.015472274075500171,2.2051827235108807,56.62686567164179,56.624829245654794,6.0,12.536101126325391,False
40.036_32.8706,2.8501925824220447,0.028873169100701045,6.413098766135714,50.98448530965969,43.15133909968891,19.042168674698797,0.9225012836397117,0.012153494985981096,2.4988184730117013,41.13040062843676,36.707585037871105,16.91044776119403,6.443754061817806,False
40.036_32.8824,5.101720519145555,0.051059810524759566,12.08475429442609,40.98340403129353,42.48981439677978,77.39156626506023,4.157506023517016,0.047163787814473696,11.754432821268374,32.21329377954945,35.66983880964416,69.4776119402985,6.819975587135616,False
40.036_32.8941,16.96658447114489,0.20643349199903266,36.71674160308603,44.75324150300179,45.361432706305486,105.75903614457832,13.600442678218771,0.1869920137518242,37.34053154413892,33.615526934292184,36.58549377405305,86.73134328358209,8.775938932252437,False
40.036_32.9059,6.525050336873867,0.07555549704100463,14.014879594319007,43.741643077418765,46.37852596543142,72.39759036144578,5.117455540559603,0.06006330050067571,12.87802230916413,34.47513503454594,39.895776466340806,66.50746268656717,6.482749499090616,False
40.036_32.9176,1.2405573385268336,0.01646338563225547,2.964500804045845,39.29293842034806,41.440877716705955,10.042168674698795,0.6072554592058904,0.01096701362057531,1.8601078142432723,28.223383084577115,32.88508766729082,9.477611940298507,8.555790049415137,False
40.036_32.9412,0.28036795067594317,0.006554386560325747,0.9225634934102607,30.33132530120482,30.36947791164659,5.030120481927711,0.08741503748861323,0.0037488613271669025,0.5272931119052623,16.850746268656717,16.851101634683726,5.0,13.518376276962865,False
40.036_32.9647,0.28036795067594317,0.006554386560325747,0.9225634934102607,30.33132530120482,30.369477911646584,1.0060240963855422,0.08741503748861323,0.0037488613271669025,0.5272931119052623,16.850746268656717,16.851101634683726,1.0,13.518376276962858,False
40.036_32.9765,0.28036795067594317,0.006554386560325747,0.9225634934102607,30.33132530120482,30.369477911646584,1.0060240963855422,0.08741503748861323,0.0037488613271669025,0.5272931119052623,16.850746268656717,16.851101634683726,1.0,13.518376276962858,False
40.036_33.0588,1.3076069557067078,0.02570883227332551,3.624142866346977,40.29216867469879,36.16478366854456,10.060240963855422,1.74670003686685,0.03657799619169235,5.158299412030756,36.23134328358209,35.024142420656894,7.537313432835821,1.1406412478876646,False
40.045_32.3647,0.1978455195255073,0.004665506345156146,1.0666959563358624,20.075301204819276,20.079814757228196,1.0060240963855422,0.09952974177048095,0.0034320600610510117,0.7114924511178946,15.088235294117647,15.156712685074028,1.0,4.923102072154167,False
40.045_32.5882,0.37513643792391754,0.017224525160227048,1.227321059669503,43.5,31.74600994276523,2.0120481927710845,0.10797664075495243,0.013527807588388304,0.9661223016246088,22.888059701492537,13.844222001541612,2.0,17.901787941223617,False
40.045_32.6235,2.26399314388151,0.07480572994637166,7.56850993200966,40.09156626506024,30.141067792790526,15.090361445783133,1.4427419550434621,0.06535413417488571,6.587252080092588,23.346979388770436,22.12529791267995,14.940298507462687,8.015769880110575,False
40.045_32.6941,0.8180021728112222,0.021151726316698555,1.4821004447899122,59.096385542168676,55.06619034529196,6.036144578313253,0.38098134117189936,0.01585395039516617,1.1171082899030598,37.73134328358209,36.83862391888591,4.522388059701493,18.22756642640605,False
40.045_32.7647,4.322056114286469,0.06099428413099046,9.068125488363833,49.24598393574297,47.85937506882527,10.72289156626506,3.757006822842659,0.06378730225214567,8.98780364055608,40.28358208955224,41.6849836021089,8.0,6.174391466716372,False
40.045_32.8235,7.257907687086375,0.10254963516035971,14.354573222467334,50.15060240963855,50.12650732395397,5.030120481927711,2.967122135799874,0.059911709060332094,8.3876392684465,35.16417910447761,35.17643071622045,5.0,14.950076607733521,False
40.045_32.8353,24.432002322122994,0.1727721529584218,42.45982311079472,57.50942209959529,57.72237457719811,37.993975903614455,21.722026963994345,0.16548739839848478,42.95112775887479,46.3048645660586,50.586959232856344,29.53731343283582,7.135415344341766,False
40.045_32.8471,1.3719440296238234,0.013523809202035234,1.9940840197582252,68.78313253012048,68.8340032869895,7.042168674698795,0.7467039452206159,0.00928336444530011,1.3231096341065285,56.62686567164179,56.624829245654794,7.0,12.209174041334705,False
40.045_32.8588,2.944241815548883,0.05119821681231278,10.345419626668686,43.94477911646586,28.546711263352165,6.036144578313253,2.348121430822559,0.050279423414974274,10.699930223621179,40.11840796019901,22.254321250049912,5.492537313432836,6.292390013302253,False
40.045_32.8706,7.177201387536669,0.08404888461320097,17.587777788162214,40.81653888280395,40.931362818313005,33.19879518072289,5.284548353345215,0.06729706183456349,15.089777238947082,32.23428312980551,35.17376556819496,33.0,5.757597250118046,False
40.045_32.8824,3.936191288509909,0.05069953446907327,9.735773453503883,38.6035391566265,39.51853623711523,32.19277108433735,2.7799662550993904,0.038146128768895664,7.837424231794986,30.81436567164179,35.5864139054561,32.0,3.93212233165913,False
40.045_32.8941,6.550189040594508,0.07388015955955912,15.395250617183176,34.8559819895688,41.80689996317112,65.1566265060241,3.2822933561313166,0.0399800994592617,8.731037520210748,25.100082814176282,37.64273684177346,56.298507462686565,4.164163121397657,False
40.045_32.9059,7.179364458011135,0.09136363870074804,16.266130947069005,37.60637200817924,43.819229929073686,45.19879518072289,5.03049796953305,0.06493196228254373,13.035347299081845,29.402488473383997,38.77511801534207,38.95522388059702,5.044111913731612,False
40.045_32.9412,0.28036795067594317,0.006554386560325747,0.9225634934102607,30.33132530120482,30.369477911646584,1.0060240963855422,0.08741503748861323,0.0037488613271669025,0.5272931119052623,16.850746268656717,16.851101634683726,1.0,13.518376276962858,False
40.045_32.9529,0.28036795067594317,0.006554386560325747,0.9225634934102608,30.33132530120482,30.369477911646584,11.066265060240964,0.08741503748861323,0.0037488613271669025,0.5272931119052624,16.850746268656717,16.851101634683726,11.0,13.518376276962858,False
40.045_33.0824,0.25145728081292323,0.0049553282143327895,0.7196372352809619,35.31927710843374,35.329513903810984,5.030120481927711,0.07043554242116401,0.0014563072310981612,0.24669134101032195,30.0,29.991687643482596,5.0,5.337826260328388,False
40.0541_32.3647,1.1446174887280094,0.03266975368666463,2.7903546846248948,37.265361445783135,41.690587106287154,9.542168674698795,0.8290973785936142,0.02556486003850154,2.186336670954569,40.33333333333333,38.67652546055668,7.014925373134329,3.0140616457304716,False
40.0541_32.6,4.562875206173042,0.15103769007894116,15.525868809031184,36.19621342512909,29.665752933532602,7.042168674698795,3.0566158772234973,0.1334824578419815,13.659566713445908,23.928926794598436,22.601356035211044,6.940298507462686,7.064396898321558,False
40.0541_32.6118,3.4062631896073956,0.0998793337170273,10.904448339604667,38.483768406961175,31.60498864380341,18.10843373493976,2.2916856906205756,0.08960445485713714,9.653365019824998,23.84794776119403,24.025535787354634,17.880597014925375,7.579452856448775,False
40.0541_32.6235,0.7969217912110871,0.018054878473431235,1.268716484434849,63.70783132530121,63.66982214572577,2.0120481927710845,0.2427745664739884,0.008541109481494195,0.6220343369855922,38.343283582089555,38.30845771144279,2.0,25.361364434282976,False
40.0541_32.6353,4.562875206173042,0.15103769007894116,15.525868809031184,36.19621342512909,29.665752933532602,7.042168674698795,3.0566158772234973,0.1334824578419815,13.659566713445908,23.928926794598436,22.601356035211044,6.940298507462686,7.064396898321558,False
40.0541_32.6824,1.7598168962042633,0.03690915712975449,4.450126093235228,40.81061746987952,40.042091416623244,8.048192771084338,1.1247338871365573,0.02697379790594311,3.602374556283541,26.007462686567163,31.7320897208778,7.880597014925373,8.310001695745445,False
40.0541_32.7529,4.322056114286469,0.06099428413099046,9.068125488363835,49.24598393574297,47.85937506882527,18.765060240963855,3.757006822842659,0.06378730225214566,8.98780364055608,40.28358208955224,41.6849836021089,14.0,6.174391466716372,False
40.0541_32.7647,4.322056114286469,0.06099428413099046,9.068125488363833,49.24598393574297,47.85937506882527,10.72289156626506,3.757006822842659,0.06378730225214567,8.98780364055608,40.28358208955224,41.6849836021089,8.0,6.174391466716372,False
40.0541_32.8118,7.257907687086373,0.10254963516035971,14.354573222467334,50.15060240963855,50.12650732395396,3.0180722891566263,2.967122135799874,0.059911709060332094,8.3876392684465,35.16417910447761,35.17643071622045,3.0,14.950076607733507,False
40.0541_32.8353,25.55490814722813,0.21656468899965053,46.65593713447998,51.01778913037772,54.8720576608364,51.83132530120482,20.426885420474658,0.18908850405715458,43.51690823689658,39.25347620870009,46.91655178164323,42.04477611940298,7.9555058791931685,False
40.0541_32.8588,1.3719440296238234,0.013523809202035234,1.9940840197582252,68.78313253012048,68.8340032869895,1.0060240963855422,0.7467039452206159,0.00928336444530011,1.3231096341065285,56.62686567164179,56.624829245654794,1.0,12.209174041334705,False
40.0541_32.8706,1.3719440296238234,0.013523809202035234,1.9940840197582252,68.78313253012048,68.8340032869895,1.0060240963855422,0.7467039452206159,0.00928336444530011,1.3231096341065285,56.62686567164179,56.624829245654794,1.0,12.209174041334705,False
40.0541_32.8941,3.446604412691777,0.03290862567531894,6.806253920613625,33.878765060240966,50.50310926766352,4.024096385542169,2.432964941757277,0.023426293064716434,5.742283385387698,25.488805970149254,42.43983090599941,4.0,8.06327836166411,False
40.0541_32.9059,7.5444004434977066,0.08618686348433952,18.043909620096176,32.2148094421536,40.98702543839996,54.13855421686747,3.7143823926697968,0.04532318579008447,9.979612654891028,21.185032285381602,37.24349984903469,42.82089552238806,3.7435255893652695,False
40.0541_32.9176,4.961701542151446,0.06636041081363726,10.867183853066837,46.476405622489956,45.49266963839853,6.036144578313253,3.846716988807601,0.0504276565846487,9.831298955451553,39.59751243781094,39.50076567922471,5.507462686567164,5.991903959173818,False
40.0541_32.9529,0.28036795067594317,0.006554386560325747,0.9225634934102607,30.33132530120482,30.369477911646584,2.0120481927710845,0.08741503748861323,0.0037488613271669025,0.5272931119052623,16.850746268656717,16.851101634683726,2.0,13.518376276962858,False
40.0541_32.9647,0.28036795067594317,0.006554386560325747,0.9225634934102607,30.33132530120482,30.369477911646584,1.0060240963855422,0.08741503748861323,0.0037488613271669025,0.5272931119052623,16.850746268656717,16.851101634683726,1.0,13.518376276962858,False
40.0541_32.9765,0.14018397533797158,0.0032771932801628234,0.46128174670513034,30.33132530120482,30.369477911646584,1.0060240963855422,0.04370751874430659,0.0018744306635834016,0.26364655595263115,16.850746268656717,16.851101634683726,1.0,13.518376276962858,False
40.0541_33.0588,0.25145728081292323,0.0049553282143327895,0.7196372352809619,35.31927710843374,35.329513903810984,10.060240963855422,0.07043554242116401,0.0014563072310981612,0.24669134101032195,30.0,29.991687643482596,10.0,5.337826260328388,False
40.0541_33.0706,0.25145728081292323,0.0049553282143327895,0.7196372352809619,35.31927710843374,35.329513903810984,5.030120481927711,0.07043554242116401,0.0014563072310981612,0.24669134101032195,30.0,29.991687643482596,5.0,5.337826260328388,False
40.0631_32.4706,1.1446174887280094,0.03266975368666463,2.7903546846248948,37.265361445783135,41.690587106287154,9.542168674698795,0.8290973785936142,0.02556486003850154,2.186336670954569,40.33333333333333,38.67652546055668,7.014925373134329,3.0140616457304716,False
40.0631_32.4824,1.1446174887280094,0.03266975368666463,2.7903546846248948,37.265361445783135,41.690587106287154,9.542168674698795,0.8290973785936142,0.02556486003850154,2.186336670954569,40.33333333333333,38.67652546055668,7.014925373134329,3.0140616457304716,False
40.0631_32.6,4.562875206173042,0.15103769007894116,15.525868809031184,36.19621342512909,29.665752933532602,7.042168674698795,3.0566158772234973,0.1334824578419815,13.659566713445908,23.928926794598436,22.601356035211044,6.940298507462686,7.064396898321558,False
40.0631_32.7412,4.322056114286469,0.06099428413099046,9.068125488363833,49.24598393574297,47.85937506882527,2.680722891566265,3.757006822842659,0.06378730225214567,8.98780364055608,40.28358208955224,41.6849836021089,2.0,6.174391466716372,False
40.0631_32.7529,4.322056114286469,0.06099428413099046,9.068125488363833,49.24598393574297,47.85937506882527,10.72289156626506,3.757006822842659,0.06378730225214567,8.98780364055608,40.28358208955224,41.6849836021089,8.0,6.174391466716372,False
40.0631_32.8235,2.099605170606026,0.03520707890188002,6.09456971412888,35.0697074010327,34.566074152927406,7.042168674698795,0.8625084871024096,0.027213258595418784,4.3589630887097846,28.300639658848613,21.383991081510356,7.0,13.18208307141705,False
40.0631_32.8353,2.7609270018517744,0.04411013624766192,8.169364939432526,29.39879518072289,33.92887191096969,10.060240963855422,1.1034851295208048,0.034055783798776086,5.819229057962222,24.83283582089552,20.761063486334894,10.0,13.167808424634796,False
40.0631_32.8471,0.33634538152610444,0.012869660460021906,1.3090543994158452,10.355421686746988,10.341785301300781,3.0180722891566263,0.6305704099821747,0.02985739750445632,3.3351158645276295,18.941176470588236,18.98979421148401,3.0,8.64800891018323,False
40.0631_32.8941,0.4911538418793117,0.006913135660657058,1.2154294765683233,42.78395399780942,40.33227373503456,11.066265060240964,0.21425622986179454,0.0034014992823691087,0.6378793569300889,25.142469470827677,30.416452664740707,11.0,9.915821070293855,False
40.0631_32.9059,1.4321007321968002,0.017696994391909308,2.640244507752935,52.77710843373494,53.615457964600076,6.036144578313253,0.6439880130992638,0.010095624100902556,1.6478887684864918,33.559701492537314,39.087694453259246,6.0,14.52776351134083,False
40.0631_32.9176,7.693942334208651,0.09245433514493318,18.15336583671421,33.920086596385545,41.745453528775954,80.26506024096386,4.170771165718983,0.05317401316113451,11.10143214720176,24.24673062416051,37.65138996581784,67.7910447761194,4.094063562958112,False
40.0631_32.9294,16.083158683119663,0.191416034399691,32.571484383756406,46.47874365679773,47.73540630852912,44.626506024096386,10.55663323747091,0.14008352275234412,30.077984547167176,39.24710354859608,36.19705910718298,39.8955223880597,11.538347201346141,False
40.0631_32.9412,11.163828469840752,0.1493109243306839,24.451163669400383,46.476405622489956,45.49266963839853,6.036144578313253,8.655113224817102,0.11346222731545963,22.12042264976599,39.59751243781094,39.50076567922471,5.507462686567164,5.991903959173818,False
40.0631_32.9529,0.28036795067594317,0.006554386560325747,0.9225634934102607,30.33132530120482,30.369477911646584,2.0120481927710845,0.08741503748861323,0.0037488613271669025,0.5272931119052623,16.850746268656717,16.851101634683726,2.0,13.518376276962858,False
40.0631_32.9647,2.9933077389949223,0.050708338074889156,6.4588393528729,42.070567986230635,46.501450757627545,28.16867469879518,2.3228211197799418,0.03417006598761798,4.820910560915611,38.77398720682303,48.19686975350913,28.0,1.6954189958815817,False
40.0631_32.9765,0.3322461041118454,0.007683275687450506,0.897458553778875,38.397590361445786,37.773177467862624,3.0180722891566263,0.16219091792911086,0.0037040739953870224,0.48601436290973904,34.88059701492537,33.78394611411013,3.0,3.989231353752494,False
40.0631_32.9882,2.661190082034893,0.044315414934740636,5.587774275552059,42.78313253012048,47.770645409154184,14.08433734939759,2.14700537937804,0.030726394543945088,4.3207981203973596,40.652452025586356,49.682345473475266,14.0,1.9117000643210815,False
40.0631_33.0118,0.25145728081292323,0.0049553282143327895,0.7196372352809619,35.31927710843374,35.329513903810984,16.096385542168676,0.07043554242116401,0.0014563072310981612,0.24669134101032195,30.0,29.991687643482596,16.0,5.337826260328388,False
40.0631_33.0235,0.25145728081292323,0.0049553282143327895,0.7196372352809619,35.31927710843374,35.329513903810984,6.036144578313253,0.07043554242116401,0.0014563072310981612,0.24669134101032195,30.0,29.991687643482596,6.0,5.337826260328388,False
40.0721_32.6,2.4693353301248746,0.08761237855746244,9.04640175786738,35.27280550774527,27.828119856511584,7.042168674698795,1.7669197746642262,0.08551704048765933,8.396777781897814,24.47121535181237,21.302624258247114,7.0,6.52549559826447,False
40.0721_32.6118,2.0763170187236804,0.04125670594383504,5.346259726107446,39.52911646586345,39.38494977823617,6.036144578313253,1.3357209740736815,0.02949941809252055,4.326227677244987,23.344527363184078,31.49443060860446,5.880597014925373,7.890519169631709,False
40.0721_32.6471,1.7598168962042633,0.03690915712975449,4.450126093235228,40.81061746987952,40.042091416623244,8.048192771084338,1.1247338871365573,0.02697379790594311,3.602374556283541,26.007462686567163,31.7320897208778,7.880597014925373,8.310001695745445,False
40.0721_32.7059,1.6676096976362444,0.03510294679559741,4.213887935133888,41.02072997873849,40.06823452317487,17.102409638554217,1.0633036065182424,0.025636984860530895,3.405612096660867,26.39724454649828,31.730809457319335,16.761194029850746,8.337425065855538,False
40.0721_32.7529,4.322056114286469,0.06099428413099046,9.068125488363835,49.24598393574297,47.85937506882527,13.403614457831326,3.757006822842659,0.06378730225214567,8.98780364055608,40.28358208955224,41.6849836021089,10.0,6.174391466716372,False
40.0721_32.8118,0.21273187990055456,0.030311723082807378,4.340696117804551,4.674698795180723,4.6260757314974175,5.030120481927711,0.23691068467187865,0.0284292821606254,4.2454394693200666,4.582089552238806,4.595771144278606,5.0,0.030304587218811463,False
40.0721_32.8235,0.21273187990055456,0.030311723082807378,4.340696117804551,4.674698795180723,4.6260757314974175,1.0060240963855422,0.23691068467187865,0.0284292821606254,4.2454394693200666,4.582089552238806,4.595771144278606,1.0,0.030304587218811463,False
40.0721_32.8588,0.21273187990055456,0.030311723082807378,4.340696117804551,4.674698795180723,4.6260757314974175,4.024096385542169,0.23691068467187865,0.0284292821606254,4.2454394693200666,4.582089552238806,4.595771144278606,4.0,0.030304587218811463,False
40.0721_32.8941,0.6875263020432492,0.008283428460474375,1.281042184141992,52.249139414802066,53.10271336566519,7.042168674698795,0.30946083166746086,0.004703811650742894,0.7905416294424807,32.81023454157783,39.14539511576503,7.0,13.957318249900162,False
40.0721_32.9059,0.5995360592388098,0.012480070241502664,1.6400074328000207,36.87736660929432,36.273397471875285,7.042168674698795,0.24977171157692338,0.006155223464314691,0.8697024787590429,24.586353944562898,28.757730056712102,7.0,7.515667415163183,False
40.0721_32.9176,7.6809851344117375,0.09054978907126544,18.274418127126612,31.804850557244176,41.08602975345083,56.16265060240964,3.427468802118169,0.044394419301569156,9.30421084097247,22.53919292426755,36.84723782978105,49.298507462686565,4.23879192366978,False
40.0721_32.9294,4.892790207282368,0.058224515327048545,11.364247528408672,39.7420975225285,42.11811075216813,31.102409638554217,2.419868737369371,0.03181772947222051,6.482707486994529,28.02608196475815,37.32801842957753,24.432835820895523,4.790092322590596,False
40.0721_32.9412,7.242823058943931,0.0956168190008578,16.79018355496028,47.47605421686747,43.08310797570818,20.120481927710845,6.152518697113031,0.07533404038432832,15.655767911467796,39.49670763827919,39.64678282081863,18.52238805970149,3.436325154889552,False
40.0721_32.9529,7.038099375694212,0.09134590702581911,16.530837733701468,44.55652019844082,42.53036747110776,17.102409638554217,6.393635863895891,0.07708612126625294,16.514988061079563,39.31275747957047,39.25168289315734,15.029850746268657,3.278684577950422,False
40.0721_32.9647,14.165464557147297,0.25882938529360255,39.6809520389813,41.50301204819277,35.629340587887654,6.036144578313253,16.61879461231849,0.29614681517285024,47.26637871453747,35.47512437810945,35.5406839076739,5.014925373134329,0.08865668021375228,False
40.0721_33.0,3.3957648827543783,0.05391496716072967,6.4731111770628535,48.381024096385545,52.485646251130234,12.072289156626505,3.193715318703731,0.044169177906546925,6.067478109171815,48.64179104477612,52.56129433322527,12.0,0.07564808209503582,False
40.0811_32.6353,1.7791017560154399,0.03707861732952239,4.4624469806867415,41.41867469879518,40.37581161009108,4.024096385542169,1.1399191049736914,0.02715972598902521,3.6162949713437853,26.563432835820894,32.02274627895867,3.9402985074626864,8.353065331132406,False
40.0811_32.6471,1.7405320363930863,0.0367396969299866,4.4378052057837145,40.202560240963855,39.707614474211425,8.048192771084338,1.1095486692994234,0.026787869822861,3.5884541412232975,25.45149253731343,31.440518445520606,7.880597014925373,8.267096028690819,False
40.0811_32.7882,0.21273187990055456,0.030311723082807378,4.340696117804551,4.674698795180723,4.6260757314974175,2.0120481927710845,0.23691068467187865,0.0284292821606254,4.2454394693200666,4.582089552238806,4.595771144278606,2.0,0.030304587218811463,False
40.0811_32.8,0.21273187990055456,0.030311723082807378,4.340696117804551,4.674698795180723,4.6260757314974175,3.0180722891566263,0.23691068467187865,0.0284292821606254,4.2454394693200666,4.582089552238806,4.595771144278606,3.0,0.030304587218811463,False
40.0811_32.8824,0.17795905224461311,0.012048192771084239,1.7017736871763223,10.75,10.743458527989509,1.0060240963855422,0.03649901937971603,0.004421101618854403,0.6189542266396304,5.626865671641791,5.641435678749111,1.0,5.102022849240398,False
40.0811_32.9059,0.4035742958897665,0.007278074955423297,1.2649657395488672,36.30421686746988,32.0738120714984,6.036144578313253,0.16834086137619525,0.0032335733746132584,0.5997348093051365,20.751243781094526,24.20371915600684,6.0,7.870092915491561,False
40.0811_32.9176,9.018826055976053,0.1068960103186324,21.28510475216141,31.549196787148592,41.42079990915897,42.126506024096386,3.9051726453856443,0.05132562520053027,10.584600806803508,22.748756218905474,36.89719840962055,38.343283582089555,4.523601499538422,False
40.0811_32.9294,9.018826055976053,0.1068960103186324,21.28510475216141,31.549196787148592,41.42079990915897,6.018072289156627,3.9051726453856443,0.05132562520053027,10.584600806803508,22.748756218905474,36.89719840962055,5.477611940298507,4.523601499538422,False
40.0811_32.9647,5.54289408183505,0.06520823111769579,14.063369947195275,41.86859939759036,39.36485555957838,8.048192771084338,5.365139745744224,0.06302211537546945,15.396305592995267,35.191542288557216,35.34087107476592,7.014925373134329,4.023984484812459,False
40.0811_32.9765,0.06424579083808964,0.0010925382663590942,0.1290681226504923,50.25903614457831,50.200301204819276,2.0120481927710845,0.04394969499905942,0.0009539676994597765,0.12320963104291509,35.85294117647059,35.74929971988796,2.0,14.451001484931318,False
40.0811_33.0235,1.2734118310328917,0.02021811268527359,2.42741669139857,48.381024096385545,52.485646251130234,4.024096385542169,1.197643244513899,0.016563441714955066,2.2753042909394305,48.64179104477612,52.56129433322527,4.0,0.07564808209503582,False
40.0901_32.6353,1.7405320363930863,0.0367396969299866,4.4378052057837145,40.202560240963855,39.707614474211425,4.024096385542169,1.1095486692994234,0.026787869822861,3.5884541412232975,25.45149253731343,31.440518445520606,3.9402985074626864,8.267096028690819,False
40.0901_32.8941,0.17795905224461311,0.012048192771084239,1.7017736871763223,10.75,10.743458527989509,1.0060240963855422,0.03649901937971603,0.004421101618854403,0.6189542266396304,5.626865671641791,5.641435678749111,1.0,5.102022849240398,False
40.0901_32.9176,9.379392675694092,0.11030439150050929,22.015194847726153,33.31006378454996,41.72426486152103,40.13253012048193,4.042835238541354,0.052794794225510776,10.920800573139578,23.380553116769097,37.0234911939183,36.865671641791046,4.700773667602732,False
40.0901_32.9412,13.153339429655219,0.13755672966199278,24.1970805391858,50.06140350877193,50.0678500086696,1.0,6.158901758901759,0.08425568425568422,20.320978120978122,28.488888888888887,28.52689089437677,1.0,21.540959114292832,False
40.0901_32.9529,13.153339429655219,0.13755672966199278,24.1970805391858,50.06140350877193,50.0678500086696,1.0,6.158901758901759,0.08425568425568422,20.320978120978122,28.488888888888887,28.52689089437677,1.0,21.540959114292832,False
40.0901_32.9647,4.418598659997445,0.04723428283100491,10.99197073666077,43.44979919678715,40.1481599735992,3.0180722891566263,4.425362820874162,0.04700250640684565,12.78965880934046,34.92039800995025,35.36103050803336,2.5074626865671643,4.78712946556584,False
40.0901_32.9882,0.43521427127648166,0.008306608255669094,1.1602889489420485,43.61914323962517,37.828008849859884,9.05421686746988,0.17558805620941725,0.003866941826647336,0.6308936003584129,30.207296849087893,30.16817885545774,6.537313432835821,7.659829994402145,False
40.0901_33.0235,3.3957648827543783,0.05391496716072967,6.4731111770628535,48.381024096385545,52.485646251130234,4.024096385542169,3.193715318703731,0.044169177906546925,6.067478109171815,48.64179104477612,52.56129433322527,4.0,0.07564808209503582,False
40.0901_33.0353,3.3957648827543783,0.05391496716072967,6.4731111770628535,48.381024096385545,52.485646251130234,4.024096385542169,3.193715318703731,0.044169177906546925,6.067478109171815,48.64179104477612,52.56129433322527,4.0,0.07564808209503582,False
40.0991_32.5882,0.7683217894313824,0.06566579819265024,4.420694084472529,38.9894578313253,17.596555732066605,4.024096385542169,0.3465466259157261,0.051306516284156736,3.4908722752955623,23.94776119402985,9.541147234585367,4.0,8.055408497481238,False
40.0991_32.6,0.08027183681191571,0.001967183509197336,0.13366958196812942,61.78313253012048,61.7713357315176,2.0120481927710845,0.038927418581610106,0.0013316714074168283,0.09202382093813583,39.17910447761194,39.12370063838776,2.0,22.647635093129843,False
40.0991_32.6235,1.7791017560154399,0.03707861732952239,4.4624469806867415,41.41867469879518,40.37581161009108,4.024096385542169,1.1399191049736914,0.02715972598902521,3.6162949713437853,26.563432835820894,32.02274627895867,3.9402985074626864,8.353065331132406,False
40.0991_32.7882,0.21273187990055456,0.030311723082807378,4.340696117804551,4.674698795180723,4.6260757314974175,4.024096385542169,0.23691068467187865,0.0284292821606254,4.2454394693200666,4.582089552238806,4.595771144278606,4.0,0.030304587218811463,False
40.0991_32.8706,0.17795905224461311,0.012048192771084239,1.7017736871763223,10.75,10.743458527989509,1.0060240963855422,0.03649901937971603,0.004421101618854403,0.6189542266396304,5.626865671641791,5.641435678749111,1.0,5.102022849240398,False
40.0991_32.8824,0.17795905224461311,0.012048192771084239,1.7017736871763223,10.75,10.743458527989509,2.0120481927710845,0.03649901937971603,0.004421101618854403,0.6189542266396304,5.626865671641791,5.641435678749111,2.0,5.102022849240398,False
40.0991_32.8941,0.17795905224461314,0.012048192771084253,1.7017736871763223,10.75,10.743458527989509,3.0180722891566263,0.03649901937971604,0.004421101618854403,0.6189542266396304,5.626865671641791,5.641435678749112,3.0,5.102022849240397,False
40.0991_32.9176,9.358448531312993,0.09972587342268571,20.629355146896184,37.96506024096385,44.49604446077325,12.036144578313253,4.1271931466185405,0.04939726048123291,10.557246266398488,27.001492537313432,39.091010527894596,10.955223880597014,5.405033932878652,False
40.0991_32.9647,9.845478298737119,0.10463832897022235,24.538331973510996,40.045180722891565,40.072682783404034,1.0060240963855422,8.105054288176897,0.08419473054337778,23.004173151690654,35.37313432835821,35.37249916245125,1.0,4.700183620952785,False
40.0991_32.9765,9.845478298737119,0.10463832897022235,24.538331973510996,40.045180722891565,40.072682783404034,1.0060240963855422,8.105054288176897,0.08419473054337778,23.004173151690654,35.37313432835821,35.37249916245125,1.0,4.700183620952785,False
40.0991_32.9882,0.18018777986144224,0.0032905834709829863,0.43348126240272583,47.76907630522088,41.73145914544826,6.036144578313253,0.10391346766058485,0.002383739983789885,0.38072868766031376,30.31094527363184,30.281762509930495,3.537313432835821,11.449696635517768,False
40.0991_33.0,0.12849158167617933,0.0021850765327182764,0.2581362453009846,50.25903614457831,50.200301204819276,2.0120481927710845,0.08789938999811889,0.00190793539891965,0.24641926208583018,35.85294117647059,35.74929971988796,2.0,14.451001484931318,False
40.0991_33.0353,4.0357647479589245,0.06258253880448789,7.575193755683378,50.3644578313253,53.25743593603122,3.0180722891566263,3.875723147792537,0.05306382552431031,7.312878893224449,50.223880597014926,52.9179810707308,3.0,0.339454865300425,False
40.0991_33.0471,3.3957648827543783,0.05391496716072967,6.4731111770628535,48.381024096385545,52.485646251130234,4.024096385542169,3.193715318703731,0.044169177906546925,6.067478109171815,48.64179104477612,52.56129433322527,4.0,0.07564808209503582,False
40.0_32.4118,0.8306941947208842,0.024486254445084035,1.747616410104155,42.58734939759036,48.08609578918235,24.83132530120482,0.6277752080694914,0.020081684049580363,1.56723817593995,42.208955223880594,40.531308566533475,18.0,7.554787222648876,False
40.0_32.5059,13.313987184815057,0.09481997384993185,24.01525337670787,51.66101424930491,55.34379781040469,32.08433734939759,9.852102483561627,0.09468584125733343,24.606377836519947,33.89092996555683,40.19277132550312,26.0,15.151026484901571,False
40.0_32.5176,11.496684235907288,0.08778255215954024,21.828404325868256,47.53904514037278,52.57174832758422,111.36144578313252,8.389597990688126,0.08734954851573257,22.40024092065853,31.985423952718378,37.613645714654695,90.55223880597015,14.958102612929522,False
40.0_32.5294,10.970575689516203,0.09887693461365205,24.207403081017976,45.630285473926605,45.30285708336677,55.45180722891566,7.765026556055023,0.10425201179975611,26.43741085468207,30.489524319374635,29.530266683442395,43.11940298507463,15.772590399924372,False
40.0_32.5882,9.662135675555392,0.11068218631510614,11.55494502170995,76.42846385542168,83.93506496629726,4.024096385542169,6.078059694497525,0.09858316494124783,10.206151390305225,55.899253731343286,60.19880500537055,4.0,23.73625996092671,False
40.0_32.6,8.388877939180576,0.0986038938026984,9.849207745379584,73.51532199790594,85.611786965011,43.2289156626506,6.000147987718239,0.09936440292760447,9.83243247196248,58.214061272584445,61.752592549152844,38.0,23.859194415858163,False
40.0_32.6118,13.337922077796222,0.17635752226754722,28.70327194518582,50.13729270021261,46.53649829330638,25.102409638554217,13.802797117089295,0.23350910762211688,38.7354504917327,43.556628621597895,35.71772937212,17.0,10.818768921186383,False
40.0_32.6235,12.813990524349396,0.16873972738049137,27.48285156635748,60.98354958294717,46.63210853452677,13.078313253012048,9.047103624970518,0.1528923525101708,25.362129659410716,45.9345579793341,35.75478670679234,13.0,10.877321827734434,False
40.0_32.6353,6.389317552748202,0.09065217557302618,12.483606706694252,51.13821954484606,50.972661317825136,10.05421686746988,3.0470520077585994,0.06178508059678527,7.63688910931669,48.20563847429519,40.73464907604292,9.0,10.238012241782215,False
40.0_32.6471,10.061369565149965,0.17938907052918135,23.41639069626338,43.20037650602409,42.755869275085985,40.24096385542169,6.008967113326082,0.14560418434299902,18.778160274918836,32.816952518111194,31.995240820039687,38.8955223880597,10.760628455046298,False
40.0_32.6824,79.32429226710765,1.057243680604772,172.11208559729113,27.57078313253012,46.09970516571155,2.0120481927710845,56.81314018144571,0.9630279972685591,159.6902741195981,22.87313432835821,35.659833064955045,2.0,10.439872100756503,False
40.0_32.6941,4.819117837240661,0.09851038067743928,7.146921440430604,63.62833150784958,67.34148978667663,11.03012048192771,3.567172918892581,0.09033444984126356,6.331823534938396,55.691542288557216,56.22989465061198,9.0,11.11159513606465,False
40.0_32.7059,4.7585933027047425,0.09483433296394932,7.032333279164002,61.823752151463,67.65798403028577,7.006024096385542,4.0201359099477205,0.09974745133732801,6.997463276502861,56.710447761194025,57.392383837731686,5.0,10.26560019255409,False
40.0_32.7176,4.929132112867053,0.10502399207218482,7.353087675376832,66.80722891566265,66.81413344603092,1.0060240963855422,3.0009691800736578,0.07856819797118303,5.499773857982813,54.417910447761194,54.40439401333075,1.0,12.40973943270017,False
40.0_32.7294,0.8180021728112222,0.021151726316698555,1.4821004447899122,59.096385542168676,55.06619034529196,10.060240963855422,0.38098134117189936,0.01585395039516617,1.1171082899030598,37.73134328358209,36.83862391888591,7.537313432835821,18.22756642640605,False
40.0_32.7412,0.8180021728112222,0.021151726316698555,1.4821004447899122,59.096385542168676,55.06619034529196,8.048192771084338,0.38098134117189936,0.01585395039516617,1.1171082899030598,37.73134328358209,36.83862391888591,6.029850746268656,18.22756642640605,False
40.0_32.7529,26.135340108311002,0.4467540601947499,50.85935439787825,56.338353413654616,51.30904525385461,6.036144578313253,5.304903714309043,0.12107472212602334,11.151476511988257,37.94776119402985,38.94197835758004,4.029850746268656,12.367066896274572,False
40.0_32.7647,16.476925300967444,0.2513486163538036,33.40062396430562,56.72041499330656,49.801798924000224,26.132530120481928,12.669110788317187,0.2306806267169863,29.89713192699099,44.26658374792704,42.25537503611166,17.01492537313433,7.546423887888565,False
40.0_32.7765,7.810731741514433,0.1296980230824658,15.336304274130846,57.801445783132536,50.89824060120082,23.801204819277107,4.8779652452899755,0.10512749440204916,11.743684758723646,41.82388059701492,41.561521661932225,18.044776119402986,9.336718939268593,False
40.0_32.7882,16.395208087216528,0.13943497050257178,24.01887292538671,60.805381188620025,68.07566841748854,17.048192771084338,12.669621374818231,0.11592884852384282,22.925664632891937,45.96766169154228,55.276769055697905,13.014925373134329,12.798899361790639,False
40.0_32.8,18.144402405516434,0.14390105763765357,27.270541783341486,57.60211769725687,66.46045328215148,74.1566265060241,14.403183268974557,0.1212200926643176,26.1411193408356,46.36838534599728,55.02865217892844,56.52238805970149,11.431801103223037,False
40.0_32.8118,19.59931715470309,0.21622276820565864,35.293789617306906,51.46485746909206,55.58227396285699,19.8855421686747,15.892423348136983,0.1992133059371975,36.2797012162502,38.08469417617794,43.71694367279667,16.791044776119403,11.86533029006032,False
40.0_32.8235,12.294257128335932,0.1252774892164355,22.195884849124056,54.777335199383394,55.40926111853591,26.89156626506024,10.054297836229402,0.11351333527339041,22.918762294051,41.53432835820896,43.78759796215088,21.791044776119403,11.621663156385026,False
40.0_32.8353,18.534827801764653,0.17993118100260874,35.72659895706012,48.2654991610099,51.877880214788966,105.21084337349397,16.89300858944231,0.18279860435148487,40.40912349098517,37.140612570848724,41.67435759035422,74.28358208955224,10.203522624434747,False
40.0_32.8471,27.90850224960473,0.3577497964389782,52.10832656846355,53.834224204953756,53.507653406789494,51.66265060240964,24.36444700732174,0.4061986392134037,58.706371222592054,39.145851903299544,41.46368907834991,34.43283582089552,12.043964328439586,False
40.0_32.8588,29.63548442781943,0.4212339013219714,55.19724939664807,42.93741417877392,53.631916241752315,67.06024096385542,19.304024328058382,0.37775787487987894,47.29301108430757,34.153451492537314,40.78186077879619,64.0,12.850055462956128,False
40.0_32.8706,25.517091508395897,0.5117246760692803,51.128013099452694,50.24120506750627,50.38244345935043,129.96385542168676,20.390582064677865,0.5967825971342463,55.38160333471054,34.707131011608624,36.7196531123568,90.0,13.662790346993624,False
40.0_32.8824,21.21285810825,0.6912032607471973,46.50116207292532,43.06686574130093,45.4661632962736,41.12048192771084,15.86547329924638,0.7246451928847125,47.57398595403666,32.2071992976295,33.257217772878775,34.0,12.208945523394824,False
40.0_32.8941,17.76061946406522,0.20604583676244653,35.073595269265454,49.00608574209097,49.35565445404647,86.87951807228916,10.916682325522274,0.15108283227718564,29.568014960618157,38.91773518430343,37.16896671023801,84.85074626865672,12.186687743808463,False
40.0_32.9059,2.731365467164621,0.04496998216218157,5.3835332567875165,48.03300702811244,50.308321039946385,24.14457831325301,1.598272242053278,0.03558691714158783,4.384174477726027,33.58955223880597,36.48226651522341,24.0,13.826054524722977,False
40.0_32.9765,0.9073075214021351,0.0181505742859392,2.558552101965284,35.899598393574294,35.479543144369224,3.0180722891566263,1.5437817077079588,0.032936271025823194,4.646196468637206,32.527363184079604,34.56817000939026,2.014925373134328,0.911373134978966,False
40.0_32.9882,1.3087775471634437,0.02614754817589682,3.6864305625864806,35.86746987951807,35.5600195355099,4.024096385542169,1.7408774614323341,0.03671290605794552,5.174925373134328,33.1044776119403,34.67159127871502,3.014925373134328,0.8884282567948816,False
40.0_33.0471,0.9061369299453992,0.017711858383367897,2.4962644057257806,41.79919678714859,36.34896831656631,6.036144578313253,1.5496042831424746,0.032801361159570074,4.629570507533633,36.69651741293532,35.08111522816618,4.029850746268656,1.2678530884001233,False
40.0_33.0588,1.3076069557067078,0.02570883227332551,3.624142866346977,40.29216867469879,36.16478366854456,4.024096385542169,1.74670003686685,0.03657799619169235,5.158299412030756,36.23134328358209,35.024142420656894,3.014925373134328,1.1406412478876646,False
40.1081_32.6,0.7683217894313824,0.06566579819265024,4.4206940844725295,38.9894578313253,17.596555732066605,2.0120481927710845,0.34654662591572605,0.051306516284156736,3.4908722752955623,23.94776119402985,9.541147234585367,2.0,8.055408497481238,False
40.1081_32.6235,1.7791017560154399,0.03707861732952239,4.4624469806867415,41.41867469879518,40.37581161009108,8.048192771084338,1.1399191049736914,0.02715972598902521,3.6162949713437853,26.563432835820894,32.02274627895867,7.880597014925373,8.353065331132406,False
40.1081_32.6588,2.7659584419529764,0.23639687349354105,15.914498704101106,38.9894578313253,17.596555732066605,10.060240963855422,1.247567853296614,0.18470345862296436,12.567140191064025,23.94776119402985,9.541147234585367,10.0,8.055408497481238,False
40.1081_32.8471,0.17795905224461311,0.012048192771084239,1.7017736871763223,10.75,10.743458527989509,2.0120481927710845,0.03649901937971603,0.004421101618854403,0.6189542266396304,5.626865671641791,5.641435678749111,2.0,5.102022849240398,False
40.1081_32.8588,0.17795905224461314,0.012048192771084253,1.7017736871763223,10.75,10.743458527989509,3.0180722891566263,0.03649901937971604,0.004421101618854403,0.6189542266396304,5.626865671641791,5.641435678749112,3.0,5.102022849240397,False
40.1081_32.8706,0.17795905224461311,0.012048192771084239,1.7017736871763223,10.75,10.743458527989509,1.0060240963855422,0.03649901937971603,0.004421101618854403,0.6189542266396304,5.626865671641791,5.641435678749111,1.0,5.102022849240398,False
40.1081_32.8941,0.17795905224461311,0.012048192771084239,1.7017736871763223,10.75,10.743458527989509,1.0060240963855422,0.03649901937971603,0.004421101618854403,0.6189542266396304,5.626865671641791,5.641435678749111,1.0,5.102022849240398,False
40.1081_32.9176,9.358448531312993,0.09972587342268571,20.629355146896184,37.96506024096385,44.49604446077325,12.036144578313253,4.1271931466185405,0.04939726048123291,10.557246266398488,27.001492537313432,39.091010527894596,10.955223880597014,5.405033932878652,False
40.1081_32.9294,9.358448531312993,0.09972587342268571,20.629355146896184,37.96506024096385,44.49604446077325,12.036144578313253,4.1271931466185405,0.04939726048123291,10.557246266398488,27.001492537313432,39.091010527894596,10.955223880597014,5.405033932878652,False
40.1081_32.9765,9.142229848827322,0.09716416261520647,22.785593975403064,40.045180722891565,40.07268278340404,7.042168674698795,7.526121839021404,0.07818082121885078,21.361017926569893,35.37313432835821,35.37249916245125,7.0,4.700183620952792,False
40.1081_32.9882,4.832747878055758,0.10092745652795874,14.095495438217247,34.204819277108435,34.1835758774521,1.0060240963855422,4.832473516323396,0.09522309297837982,13.711455913046903,35.83582089552239,35.850243341515615,1.0,1.666667464063515,False
40.1081_33.0118,0.12849158167617933,0.0021850765327182764,0.2581362453009846,50.25903614457831,50.200301204819276,2.0120481927710845,0.08789938999811889,0.00190793539891965,0.24641926208583018,35.85294117647059,35.74929971988796,2.0,14.451001484931318,False
40.1081_33.0235,0.12849158167617933,0.0021850765327182764,0.2581362453009846,50.25903614457831,50.200301204819276,2.0120481927710845,0.08789938999811889,0.00190793539891965,0.24641926208583018,35.85294117647059,35.74929971988796,2.0,14.451001484931318,False
40.1081_33.0353,0.12849158167617933,0.0021850765327182764,0.2581362453009846,50.25903614457831,50.200301204819276,1.0060240963855422,0.08789938999811889,0.00190793539891965,0.24641926208583018,35.85294117647059,35.74929971988796,1.0,14.451001484931318,False
40.1081_33.0471,2.4914044590648285,0.039567481889203844,4.750207109799854,48.52548656163114,52.47369136940175,13.078313253012048,2.4242405146499397,0.0336749218764092,4.62516972392559,48.028128587830075,52.51482942694097,12.507462686567164,0.041138057539221506,False
40.1081_33.0588,3.043956705088947,0.04857093352180532,5.824486389720685,49.007028112449795,52.27761803407177,6.036144578313253,3.3306277273699005,0.0474732135177421,6.5073385816153015,45.982587064676615,51.74189675588103,5.014925373134329,0.5357212781907421,False
40.1171_32.6,0.7683217894313824,0.06566579819265024,4.4206940844725295,38.9894578313253,17.596555732066605,2.0120481927710845,0.34654662591572605,0.051306516284156736,3.4908722752955623,23.94776119402985,9.541147234585367,2.0,8.055408497481238,False
40.1171_32.6118,0.7568543841725373,0.06538477197705063,4.401598429905653,35.73321858864027,17.40593750910976,7.042168674698795,0.3409855661183532,0.0511162775116686,3.477726015161543,21.771855010660982,9.428441884678476,7.0,7.977495624431283,False
40.1171_32.6235,1.7405320363930863,0.0367396969299866,4.4378052057837145,40.202560240963855,39.707614474211425,4.024096385542169,1.1095486692994234,0.026787869822861,3.5884541412232975,25.45149253731343,31.440518445520606,3.9402985074626864,8.267096028690819,False
40.1171_32.6353,4.2124175648949835,0.14323826899914996,14.340845479610193,40.002635542168676,29.6271549363462,8.048192771084338,2.7879524461482283,0.1253355697046105,12.53726093154984,26.396055437100213,22.4306108692166,7.940298507462686,7.196544067129601,False
40.1171_32.7882,0.21273187990055456,0.030311723082807378,4.340696117804551,4.674698795180723,4.6260757314974175,2.0120481927710845,0.23691068467187865,0.0284292821606254,4.2454394693200666,4.582089552238806,4.595771144278606,2.0,0.030304587218811463,False
40.1171_32.8471,0.17795905224461311,0.012048192771084239,1.7017736871763223,10.75,10.743458527989509,2.0120481927710845,0.03649901937971603,0.004421101618854403,0.6189542266396304,5.626865671641791,5.641435678749111,2.0,5.102022849240398,False
40.1171_32.8588,0.17795905224461311,0.012048192771084239,1.7017736871763223,10.75,10.743458527989509,2.0120481927710845,0.03649901937971603,0.004421101618854403,0.6189542266396304,5.626865671641791,5.641435678749111,2.0,5.102022849240398,False
40.1171_32.8941,0.17795905224461314,0.012048192771084253,1.7017736871763223,10.75,10.743458527989509,3.0180722891566263,0.03649901937971604,0.004421101618854403,0.6189542266396304,5.626865671641791,5.641435678749112,3.0,5.102022849240397,False
40.1171_32.9294,10.207959854044073,0.10558512640049816,21.788442281424537,39.22197559901316,45.492522597357635,35.433734939759034,4.494995563567095,0.0533039547065701,11.983914896141693,26.98362957888858,37.84415683926607,31.16417910447761,7.648365758091565,False
40.1171_32.9412,10.646471311622394,0.11599866009541471,23.324011525531294,40.685729932717884,44.18023219186488,21.740963855421686,4.654958744121049,0.057345802285026094,12.531811434528436,28.57537117063017,37.28921709560718,19.582089552238806,6.8910150962577035,False
40.1171_32.9529,13.921932416071053,0.15786612577829545,29.601493978643663,41.75622337836193,45.1848663789558,21.457831325301203,6.741082658191882,0.08453148976999779,19.267202412492058,27.974091662897635,35.5161912371279,20.29850746268657,9.668675141827904,False
40.1171_32.9647,16.60822863773029,0.22707705798415012,40.12050183824346,31.33922075626313,38.142562460799105,21.825301204819276,7.349654136541274,0.11004382759504615,24.361407662234363,19.51150301986979,30.21100535574181,20.64179104477612,7.931557105057294,False
40.1171_32.9765,3.5218142725344657,0.13634592420646913,21.185422082902257,16.79292168674699,17.007000033719553,8.048192771084338,1.8754206517511012,0.051072573270696406,10.033946470944935,11.205223880597014,20.842778424601484,8.0,3.8357783908819307,False
40.1171_33.0353,0.12849158167617933,0.0021850765327182764,0.2581362453009846,50.25903614457831,50.200301204819276,2.0120481927710845,0.08789938999811889,0.00190793539891965,0.24641926208583018,35.85294117647059,35.74929971988796,2.0,14.451001484931318,False
40.1171_33.0471,0.12849158167617933,0.0021850765327182764,0.2581362453009846,50.25903614457831,50.200301204819276,3.0180722891566263,0.08789938999811889,0.00190793539891965,0.24641926208583018,35.85294117647059,35.74929971988796,3.0,14.451001484931318,False
40.1171_33.0588,2.479923078375774,0.03934934463352574,4.727771989172787,49.33584337349398,52.46007716562622,20.120481927710845,2.7635263944097535,0.039329097093374996,5.395952426544478,46.12129735935706,51.82343610202512,16.55223880597015,0.6366410636010968,False
40.1171_33.0706,0.06424579083808964,0.0010925382663590942,0.1290681226504923,50.25903614457831,50.200301204819276,2.0120481927710845,0.04394969499905942,0.0009539676994597765,0.12320963104291509,35.85294117647059,35.74929971988796,2.0,14.451001484931318,False
40.1171_33.0824,0.06424579083808964,0.0010925382663590942,0.1290681226504923,50.25903614457831,50.200301204819276,5.030120481927711,0.04394969499905942,0.0009539676994597765,0.12320963104291509,35.85294117647059,35.74929971988796,5.0,14.451001484931318,False
40.1171_33.0941,0.2569831633523587,0.004370153065436653,0.5162724906019693,50.25903614457831,50.200301204819276,2.0120481927710845,0.17579877999623783,0.0038158707978394,0.49283852417166046,35.85294117647059,35.74929971988795,2.0,14.451001484931325,False
40.1171_33.1059,0.06424579083808964,0.0010925382663590942,0.1290681226504923,50.25903614457831,50.200301204819276,2.0120481927710845,0.04394969499905942,0.0009539676994597765,0.12320963104291509,35.85294117647059,35.74929971988796,2.0,14.451001484931318,False
40.1171_33.1176,0.06424579083808964,0.0010925382663590942,0.1290681226504923,50.25903614457831,50.200301204819276,6.036144578313253,0.04394969499905942,0.0009539676994597765,0.12320963104291509,35.85294117647059,35.74929971988796,6.0,14.451001484931318,False
40.1261_32.5529,0.7683217894313824,0.06566579819265024,4.4206940844725295,38.9894578313253,17.596555732066605,2.0120481927710845,0.34654662591572605,0.051306516284156736,3.4908722752955623,23.94776119402985,9.541147234585367,2.0,8.055408497481238,False
40.1261_32.6353,1.8797441109682067,0.038176503612682385,4.779806321838821,40.91738382099828,39.86646246535962,14.08433734939759,1.1987702613750684,0.02741654907307234,3.8469322319193484,25.313006396588484,31.74042098217327,13.761194029850746,8.126041483186349,False
40.1261_32.6471,4.521229931709207,0.10544536110579937,12.906440566186063,41.10469464063149,35.617653488829426,29.174698795180724,3.1333374041745348,0.09695115937432078,11.593706043126994,27.564462171899127,27.43601021955855,28.70149253731343,8.181643269270875,False
40.1261_32.8353,0.17795905224461314,0.012048192771084253,1.7017736871763223,10.75,10.743458527989509,3.0180722891566263,0.03649901937971604,0.004421101618854403,0.6189542266396304,5.626865671641791,5.641435678749112,3.0,5.102022849240397,False
40.1261_32.8471,0.17795905224461311,0.012048192771084239,1.7017736871763223,10.75,10.743458527989509,7.042168674698795,0.03649901937971604,0.004421101618854403,0.6189542266396304,5.626865671641791,5.64143567874911,7.0,5.102022849240399,False
40.1261_32.9176,1.1651668400159418,0.0834976925789784,12.5542967921185,10.733057228915662,8.939734648410992,8.048192771084338,0.6666215270624507,0.04743432409584626,6.848258114472853,8.083955223880597,8.947595135729252,8.0,0.007860487318259501,False
40.1261_32.9294,5.556325262326237,0.11436363390419314,19.16445602046559,21.82153780979735,27.30171729142031,20.451807228915662,2.728920094057984,0.06488000334061761,11.775413415064952,14.74099867755429,22.33160131141844,19.29850746268657,4.9701159800018715,False
40.1261_32.9412,8.177807520987933,0.0789991224815705,15.152145110665783,45.30948795180723,53.723842738795746,4.024096385542169,5.46226971991194,0.0558257575926205,12.761735159228484,33.78358208955224,42.861005761840936,4.0,10.86283697695481,False
40.1261_32.9765,4.2843631608453165,0.09456968542373433,16.829009931702956,22.82128514056225,25.74415132998809,18.10843373493976,3.0194604173353294,0.04702635573583151,10.905368536103769,17.470978441127695,28.2620630841202,18.0,2.517911754132111,False
40.1261_32.9882,8.204565248947597,0.08719860747518528,20.448609977925827,40.045180722891565,40.072682783404034,1.0060240963855422,6.7542119068140805,0.0701622754528148,19.170144293075545,35.37313432835821,35.37249916245125,1.0,4.700183620952785,False
40.1261_33.0235,0.12849158167617933,0.0021850765327182764,0.2581362453009846,50.25903614457831,50.200301204819276,2.0120481927710845,0.08789938999811889,0.00190793539891965,0.24641926208583018,35.85294117647059,35.74929971988796,2.0,14.451001484931318,False
40.1261_33.0706,2.1774665122693717,0.033732066649854044,4.0852403575256115,50.11250885896528,53.27624982564422,17.102409638554217,2.2579086253709106,0.03129579289346344,4.311846879638876,48.415088423429076,52.66314226686922,15.522388059701493,0.613107558774999,False
40.1261_33.0824,2.3714523758598043,0.03608157106510562,4.397312520625517,51.76861993428259,53.8852032928659,11.066265060240964,2.8634278429555673,0.039806750345473166,5.500887019224344,48.229695677456874,52.96799572091713,9.029850746268657,0.9172075719487722,False
40.1261_33.0941,0.06424579083808964,0.0010925382663590942,0.1290681226504923,50.25903614457831,50.200301204819276,5.030120481927711,0.04394969499905942,0.0009539676994597765,0.12320963104291509,35.85294117647059,35.74929971988796,5.0,14.451001484931318,False
40.1351_32.7882,0.21273187990055456,0.030311723082807378,4.340696117804551,4.674698795180723,4.6260757314974175,4.024096385542169,0.23691068467187865,0.0284292821606254,4.2454394693200666,4.582089552238806,4.595771144278606,4.0,0.030304587218811463,False
40.1351_32.8353,0.5016335599748075,0.029113837549149413,4.353133702266709,11.494578313253012,11.68582693053689,10.060240963855422,0.14433801212805125,0.015078445851874926,2.106314658589421,6.307462686567164,6.724489759637826,10.0,4.961337170899065,False
40.1351_32.8471,0.5559303430289292,0.03160995737847644,4.764331823047522,11.853078982597054,11.822947968628249,27.162650602409638,0.16556351034260577,0.017064102955730603,2.3831705843939712,6.635157545605306,6.824605812940366,27.0,4.998342155687883,False
40.1351_32.8588,0.5350107235223617,0.027218297272861035,4.291866944216657,12.61144578313253,12.629482656829387,5.030120481927711,0.18671563647729933,0.018150087260034878,2.5323435180120337,7.3283582089552235,7.296798278915519,5.0,5.332684377913868,False
40.1351_32.8824,0.5555880590424526,0.028265154860278766,4.456938749763452,12.61144578313253,12.629482656829385,10.060240963855422,0.19389700711104163,0.018848167539266984,2.629741345627882,7.3283582089552235,7.296798278915518,10.0,5.332684377913867,False
40.1351_32.8941,0.5195611993428257,0.042579408543263905,6.306133625410735,7.602409638554217,7.59731272026883,2.0120481927710845,0.35464721845318853,0.022896879240162794,3.348032564450475,9.343283582089553,9.357675906183369,2.0,1.7603631859145388,False
40.1351_32.9059,0.4115467104018167,0.02093715174835462,3.30143611093589,12.61144578313253,12.629482656829385,1.0060240963855422,0.1436274126748456,0.013961605584642182,1.9479565523169493,7.3283582089552235,7.296798278915519,1.0,5.332684377913866,False
40.1351_32.9176,14.01021525443094,0.2100214460322901,37.01914636480894,24.059251290877796,34.033512760393684,19.10843373493976,6.279554860007626,0.11070521837768808,22.834013301270016,16.364975542455788,26.380842224587397,17.44776119402985,7.652670535806287,False
40.1351_32.9765,0.4525147570146357,0.03524500687313005,4.945621411821783,9.042168674698795,9.033265715924923,2.0120481927710845,0.05749774616848639,0.010317539817690055,1.6127416608233998,3.1492537313432836,3.1005685856432126,2.0,5.93269713028171,False
40.1351_32.9882,6.563652199158078,0.06975888598014822,16.35888798234066,40.045180722891565,40.072682783404034,1.0060240963855422,5.403369525451265,0.05612982036225186,15.336115434460435,35.37313432835821,35.37249916245125,1.0,4.700183620952785,False
40.1351_33.0706,1.5187898509622908,0.02283362345485834,2.794102546549836,54.33132530120482,54.304201018638075,4.024096385542169,1.4970682302771856,0.020243748788524845,2.8010515603799186,53.38805970149254,53.36349771887578,4.0,0.9407032997622977,False
40.1351_33.0824,3.4342856679893226,0.05252596388594423,6.388632471816261,51.35617469879518,53.718732805174746,8.048192771084338,3.337205146903018,0.04543372557786605,6.272729972209815,51.014925373134325,53.119476909237925,8.0,0.599255895936821,False
40.1351_33.0941,0.4477314760372457,0.01030965031376611,1.1061326049539775,42.43072289156626,42.460488211348796,1.0060240963855422,0.2494735726866996,0.004602100411871347,0.5817187355149718,43.8955223880597,43.856076759061835,1.0,1.3955885477130394,False
40.1351_33.1176,0.4477314760372457,0.01030965031376611,1.1061326049539775,42.43072289156626,42.460488211348796,1.0060240963855422,0.2494735726866996,0.004602100411871347,0.5817187355149718,43.8955223880597,43.856076759061835,1.0,1.3955885477130394,False
40.1351_33.1412,0.2686388856223474,0.006185790188259646,0.6636795629723864,42.43072289156626,42.460488211348796,1.0060240963855422,0.14968414361201973,0.0027612602471227877,0.349031241308983,43.8955223880597,43.856076759061835,1.0,1.3955885477130394,False
40.1351_33.1647,0.4477314760372457,0.01030965031376611,1.1061326049539775,42.43072289156626,42.460488211348796,2.0120481927710845,0.2494735726866996,0.004602100411871347,0.5817187355149718,43.8955223880597,43.856076759061835,2.0,1.3955885477130394,False
40.1351_33.1882,0.4477314760372457,0.01030965031376611,1.1061326049539775,42.43072289156626,42.460488211348796,2.0120481927710845,0.2494735726866996,0.004602100411871347,0.5817187355149718,43.8955223880597,43.856076759061835,2.0,1.3955885477130394,False
40.1441_32.7882,0.21273187990055456,0.030311723082807378,4.340696117804551,4.674698795180723,4.6260757314974175,2.0120481927710845,0.23691068467187865,0.0284292821606254,4.2454394693200666,4.582089552238806,4.595771144278606,2.0,0.030304587218811463,False
40.1441_32.8,0.21273187990055456,0.030311723082807378,4.340696117804551,4.674698795180723,4.6260757314974175,6.036144578313253,0.23691068467187865,0.0284292821606254,4.2454394693200666,4.582089552238806,4.595771144278606,6.0,0.030304587218811463,False
40.1441_32.8353,0.20577335520090834,0.010468575874177292,1.650718055467945,12.61144578313253,12.629482656829385,4.024096385542169,0.07181370633742279,0.00698080279232108,0.9739782761584747,7.3283582089552235,7.296798278915519,4.0,5.332684377913866,False
40.1441_32.9059,0.5195611993428257,0.042579408543263905,6.306133625410735,7.602409638554217,7.59731272026883,2.0120481927710845,0.35464721845318853,0.022896879240162794,3.348032564450475,9.343283582089553,9.357675906183369,2.0,1.7603631859145388,False
40.1441_33.0,6.563652199158078,0.06975888598014822,16.35888798234066,40.045180722891565,40.072682783404034,1.0060240963855422,5.403369525451265,0.05612982036225186,15.336115434460435,35.37313432835821,35.37249916245125,1.0,4.700183620952785,False
40.1441_33.0824,2.2781847764434358,0.03425043518228752,4.191153819824754,54.33132530120482,54.304201018638075,4.024096385542169,2.245602345415778,0.030365623182787297,4.2015773405698775,53.38805970149254,53.36349771887578,4.0,0.9407032997622977,False
40.1532_32.8353,0.20577335520090834,0.010468575874177292,1.650718055467945,12.61144578313253,12.629482656829385,8.048192771084338,0.07181370633742279,0.00698080279232108,0.9739782761584747,7.3283582089552235,7.296798278915519,8.0,5.332684377913866,False
40.1532_32.9059,0.5195611993428257,0.042579408543263905,6.306133625410735,7.602409638554217,7.59731272026883,1.0060240963855422,0.35464721845318853,0.022896879240162794,3.348032564450475,9.343283582089553,9.357675906183369,1.0,1.7603631859145388,False
40.1532_32.9412,0.4525147570146357,0.03524500687313005,4.945621411821783,9.042168674698795,9.033265715924923,3.0180722891566263,0.05749774616848639,0.010317539817690055,1.6127416608233998,3.1492537313432836,3.1005685856432126,3.0,5.93269713028171,False
40.1532_32.9647,0.4525147570146357,0.03524500687313005,4.945621411821783,9.042168674698795,9.033265715924923,2.0120481927710845,0.05749774616848639,0.010317539817690055,1.6127416608233998,3.1492537313432836,3.1005685856432126,2.0,5.93269713028171,False
40.1532_33.0,6.563652199158078,0.06975888598014822,16.35888798234066,40.045180722891565,40.072682783404034,1.0060240963855422,5.403369525451265,0.05612982036225186,15.336115434460435,35.37313432835821,35.37249916245125,1.0,4.700183620952785,False
40.1532_33.0118,6.563652199158078,0.06975888598014822,16.35888798234066,40.045180722891565,40.07268278340404,3.0180722891566263,5.403369525451265,0.05612982036225186,15.336115434460435,35.37313432835821,35.37249916245125,3.0,4.700183620952792,False
40.1532_33.0941,2.1848827941636677,0.16246357181974647,22.10133146221249,28.688253012048193,14.027286304544617,4.024096385542169,1.7115356658267107,0.08907976352006197,12.429613297150611,27.746268656716417,31.312720531456517,3.9402985074626864,17.2854342269119,False
40.1622_32.8235,0.20577335520090834,0.010468575874177292,1.650718055467945,12.61144578313253,12.629482656829385,1.0060240963855422,0.07181370633742279,0.00698080279232108,0.9739782761584747,7.3283582089552235,7.296798278915519,1.0,5.332684377913866,False
40.1622_32.8941,0.5195611993428257,0.042579408543263905,6.306133625410735,7.602409638554217,7.59731272026883,2.0120481927710845,0.35464721845318853,0.022896879240162794,3.348032564450475,9.343283582089553,9.357675906183369,2.0,1.7603631859145388,False
40.1622_32.9059,0.5195611993428257,0.042579408543263905,6.306133625410735,7.602409638554217,7.59731272026883,7.042168674698795,0.35464721845318853,0.022896879240162794,3.348032564450475,9.343283582089553,9.357675906183369,7.0,1.7603631859145388,False
40.1622_32.9412,0.4525147570146357,0.03524500687313005,4.945621411821783,9.042168674698795,9.033265715924923,4.024096385542169,0.05749774616848639,0.010317539817690055,1.6127416608233998,3.1492537313432836,3.1005685856432126,4.0,5.93269713028171,False
40.1622_32.9529,0.4525147570146357,0.03524500687313005,4.945621411821783,9.042168674698795,9.033265715924923,1.0060240963855422,0.05749774616848639,0.010317539817690055,1.6127416608233998,3.1492537313432836,3.1005685856432126,1.0,5.93269713028171,False
40.1622_33.0118,6.563652199158078,0.06975888598014822,16.35888798234066,40.045180722891565,40.072682783404034,1.0060240963855422,5.403369525451265,0.05612982036225186,15.336115434460435,35.37313432835821,35.37249916245125,1.0,4.700183620952785,False
40.1712_32.6824,1.7533886096005378,0.036852670396498526,4.44601913075139,40.60793172690763,39.930687389173485,12.072289156626505,1.1196721478575127,0.026911821878249066,3.597734417930127,25.822139303482587,31.635002581204688,11.82089552238806,8.295684807968797,False
40.1712_32.8118,0.3121392951511856,0.02562443741558102,3.821066114370221,10.627259036144578,8.174391900279218,4.024096385542169,0.19026904867336214,0.021195443872633776,3.096698010818508,6.641791044776119,5.897181965956904,4.0,2.2772099343223147,False
40.1712_32.9059,0.5195611993428257,0.042579408543263905,6.306133625410735,7.602409638554217,7.59731272026883,1.0060240963855422,0.35464721845318853,0.022896879240162794,3.348032564450475,9.343283582089553,9.357675906183369,1.0,1.7603631859145388,False
40.1712_33.0118,6.563652199158078,0.06975888598014822,16.35888798234066,40.045180722891565,40.07268278340404,3.0180722891566263,5.403369525451265,0.05612982036225186,15.336115434460435,35.37313432835821,35.37249916245125,3.0,4.700183620952792,False
40.1712_33.0588,0.3330464716006884,0.06981497418244402,9.653614457831326,3.0451807228915664,3.050057372346529,1.0060240963855422,0.09450549450549448,0.03516483516483515,4.923076923076923,0.9076923076923077,0.9450549450549451,1.0,2.1050024272915837,False
40.1712_33.0706,0.3330464716006884,0.06981497418244402,9.653614457831326,3.0451807228915664,3.050057372346529,2.0120481927710845,0.09450549450549448,0.03516483516483515,4.923076923076923,0.9076923076923077,0.9450549450549451,2.0,2.1050024272915837,False
40.1712_33.0941,0.3330464716006884,0.06981497418244402,9.653614457831326,3.0451807228915664,3.050057372346529,1.0060240963855422,0.09450549450549448,0.03516483516483515,4.923076923076923,0.9076923076923077,0.9450549450549451,1.0,2.1050024272915837,False
40.1802_32.6706,0.4861899171876075,0.014319906412507698,1.057035116771143,44.65512048192771,45.95050978673903,2.0120481927710845,0.31211984393989056,0.01182837053726599,0.9097339688587146,33.94776119402985,34.28199227188854,2.0,11.668517514850492,False
40.1802_32.6824,1.80797363320843,0.03616462341245014,4.563441792855602,40.86144578313253,40.09570126572421,9.05421686746988,1.1738434881211086,0.02711941073153255,3.745648652885788,26.80312722103767,31.793164949212713,8.880597014925373,8.302536316511496,False
40.1802_32.8941,0.5195611993428257,0.042579408543263905,6.306133625410735,7.602409638554217,7.59731272026883,2.0120481927710845,0.35464721845318853,0.022896879240162794,3.348032564450475,9.343283582089553,9.357675906183369,2.0,1.7603631859145388,False
40.1802_32.9294,0.4525147570146357,0.03524500687313005,4.945621411821783,9.042168674698795,9.033265715924923,2.0120481927710845,0.05749774616848639,0.010317539817690055,1.6127416608233998,3.1492537313432836,3.1005685856432126,2.0,5.93269713028171,False
40.1802_32.9647,0.4525147570146357,0.03524500687313005,4.945621411821783,9.042168674698795,9.033265715924923,3.0180722891566263,0.05749774616848639,0.010317539817690055,1.6127416608233998,3.1492537313432836,3.1005685856432126,3.0,5.93269713028171,False
40.1802_33.0118,6.563652199158078,0.06975888598014822,16.35888798234066,40.045180722891565,40.072682783404034,1.0060240963855422,5.403369525451265,0.05612982036225186,15.336115434460435,35.37313432835821,35.37249916245125,1.0,4.700183620952785,False
40.1802_33.0235,6.563652199158078,0.06975888598014822,16.35888798234066,40.045180722891565,40.072682783404034,4.024096385542169,5.403369525451265,0.05612982036225186,15.336115434460435,35.37313432835821,35.37249916245125,4.0,4.700183620952785,False
40.1802_33.0824,0.3330464716006884,0.06981497418244402,9.653614457831326,3.0451807228915664,3.050057372346529,1.0060240963855422,0.09450549450549448,0.03516483516483515,4.923076923076923,0.9076923076923077,0.9450549450549451,1.0,2.1050024272915837,False
40.1802_33.0941,0.3330464716006884,0.06981497418244402,9.653614457831326,3.0451807228915664,3.050057372346529,1.0060240963855422,0.09450549450549448,0.03516483516483515,4.923076923076923,0.9076923076923077,0.9450549450549451,1.0,2.1050024272915837,False
40.1892_32.6588,2.7478869833848676,0.0502907239715319,7.163168766754911,38.18222891566265,38.98535798600129,2.0120481927710845,1.8178931690240623,0.035259188462147914,5.888559056995642,19.134328358208954,31.597717653570836,1.9402985074626866,7.387640332430454,False
40.1892_32.6824,1.8988840143967307,0.036203332253544135,4.849307608675929,40.37431544359256,39.69809960644032,11.066265060240964,1.232850617513247,0.02639781737683425,3.952837441539245,25.410617367706923,31.770412916495747,10.82089552238806,7.927686689944576,False
40.1892_32.6941,0.324126611458405,0.009546604275005139,0.7046900778474285,44.65512048192771,45.95050978673904,2.0120481927710845,0.208079895959927,0.007885580358177281,0.6064893125724765,33.94776119402985,34.28199227188854,2.0,11.6685175148505,False
40.1892_32.9294,0.4525147570146357,0.03524500687313005,4.945621411821783,9.042168674698795,9.033265715924923,4.024096385542169,0.05749774616848639,0.010317539817690055,1.6127416608233998,3.1492537313432836,3.1005685856432126,4.0,5.93269713028171,False
40.1892_33.0235,6.563652199158078,0.06975888598014822,16.35888798234066,40.045180722891565,40.07268278340404,3.0180722891566263,5.403369525451265,0.05612982036225186,15.336115434460435,35.37313432835821,35.37249916245125,3.0,4.700183620952792,False
40.1982_32.6706,3.0928486834056383,0.05242250994553164,7.958277401045916,38.8318801521877,39.442885481525636,38.2289156626506,2.093234610510892,0.03978362967753273,6.703657108372421,22.091123330714847,31.8092330233919,37.1044776119403,7.633652458133735,False
40.1982_32.6824,2.776624398763716,0.08346553358405902,8.744376245259035,38.72439759036145,32.040528698825895,38.2289156626506,1.773928656895261,0.06683191903346683,7.358824056544101,20.520270501041704,24.44070966600198,37.1044776119403,7.599819032823916,False
40.1982_32.6941,0.10097631521257695,0.0030718865062925016,0.2508992524125465,40.06325301204819,40.06533930451706,1.0060240963855422,0.07804645543171623,0.002832107564664585,0.2523402297831303,30.925373134328357,30.864314831971413,1.0,9.201024472545647,False
40.1982_32.7412,0.22315029624582794,0.006474717768712567,0.4537908254348819,49.24698795180723,49.258400166714914,1.0060240963855422,0.13003344052821073,0.005053472793512689,0.354149082789346,36.97014925373134,36.969006236596854,1.0,12.28939393011806,False
40.1982_32.7765,0.4463005924916559,0.012949435537425233,0.9075816508697638,49.24698795180723,49.258400166714914,1.0060240963855422,0.26006688105642145,0.01010694558702547,0.7082981655786921,36.97014925373134,36.969006236596854,1.0,12.28939393011806,False
40.1982_32.8824,0.5195611993428257,0.042579408543263905,6.306133625410735,7.602409638554217,7.59731272026883,1.0060240963855422,0.35464721845318853,0.022896879240162794,3.348032564450475,9.343283582089553,9.357675906183369,1.0,1.7603631859145388,False
40.1982_32.9176,0.4525147570146357,0.03524500687313005,4.945621411821783,9.042168674698795,9.033265715924923,1.0060240963855422,0.05749774616848639,0.010317539817690055,1.6127416608233998,3.1492537313432836,3.1005685856432126,1.0,5.93269713028171,False
40.1982_33.0235,7.110623215754584,0.07557212647849391,17.722128647535715,40.045180722891565,40.07268278340404,3.0180722891566263,5.85365031923887,0.06080730539243949,16.614125053998805,35.37313432835821,35.37249916245125,3.0,4.700183620952792,False
40.2072_32.7294,0.6231672251906598,0.01901744882669491,1.3318023464210142,46.81475903614458,46.831766700620506,2.0120481927710845,0.35449608187185,0.01472598714978656,1.0298639840286317,34.798507462686565,34.80341268986528,2.0,12.028354010755223,False
40.2072_32.8824,0.5195611993428257,0.042579408543263905,6.306133625410735,7.602409638554217,7.59731272026883,4.024096385542169,0.35464721845318853,0.022896879240162794,3.348032564450475,9.343283582089553,9.357675906183369,4.0,1.7603631859145388,False
40.2072_33.0235,6.563652199158078,0.06975888598014822,16.35888798234066,40.045180722891565,40.07268278340404,3.0180722891566263,5.403369525451265,0.05612982036225186,15.336115434460435,35.37313432835821,35.37249916245125,3.0,4.700183620952792,False
40.2072_33.0471,6.563652199158078,0.06975888598014822,16.35888798234066,40.045180722891565,40.072682783404034,1.0060240963855422,5.403369525451265,0.05612982036225186,15.336115434460435,35.37313432835821,35.37249916245125,1.0,4.700183620952785,False
40.2162_32.7176,0.39148769100818237,0.012364442586383017,0.916527024819659,41.91437177280551,42.6431669399652,7.042168674698795,0.24816286868490936,0.010170820486250093,0.7878920652712827,31.654584221748397,31.529777267501352,7.0,11.113389672463846,False
40.2162_33.0235,6.563652199158078,0.06975888598014822,16.35888798234066,40.045180722891565,40.07268278340404,3.0180722891566263,5.403369525451265,0.05612982036225186,15.336115434460435,35.37313432835821,35.37249916245125,3.0,4.700183620952792,False
40.2252_32.9059,0.5195611993428257,0.042579408543263905,6.306133625410735,7.602409638554217,7.59731272026883,1.0060240963855422,0.35464721845318853,0.022896879240162794,3.348032564450475,9.343283582089553,9.357675906183369,1.0,1.7603631859145388,False
40.2252_33.0235,8.204565248947597,0.08719860747518528,20.448609977925827,40.045180722891565,40.072682783404034,2.0120481927710845,6.7542119068140805,0.0701622754528148,19.170144293075545,35.37313432835821,35.37249916245125,2.0,4.700183620952785,False
40.2342_32.6941,0.43990625364078323,0.01391320193306474,1.027464986887511,42.22289156626506,42.75108325021159,2.0120481927710845,0.2765156042271082,0.011393939306514361,0.877150704519308,31.776119402985074,31.577736698091567,2.0,11.173346552120027,False
40.2342_33.0118,4.316323232194044,0.09605933007632735,18.018488128623762,18.29153455928979,24.170275290624136,19.1144578313253,4.6280343260841335,0.11280991302325218,23.117548781519186,20.538129584476795,20.101787793326768,14.985074626865671,4.068487497297369,False
40.2342_33.0235,4.481216727308578,0.08316064990011689,16.08232389954267,22.955220883534135,28.179919205863055,15.090361445783133,4.337033002958118,0.08823261316248966,18.374003189428397,23.137403889642695,23.88915176210694,12.970149253731343,4.290767443756113,False
40.2342_33.0471,6.563652199158078,0.06975888598014822,16.35888798234066,40.045180722891565,40.07268278340404,15.090361445783133,5.403369525451265,0.05612982036225186,15.336115434460435,35.37313432835821,35.37249916245125,15.0,4.700183620952792,False
40.2432_33.0,1.6409130497895195,0.017439721495037013,4.089721995585165,40.045180722891565,40.072682783404034,1.0060240963855422,1.3508423813628163,0.014032455090562924,3.834028858615109,35.37313432835821,35.37249916245125,1.0,4.700183620952785,False
40.2432_33.0118,1.6409130497895195,0.017439721495037013,4.089721995585165,40.045180722891565,40.07268278340404,3.0180722891566263,1.350842381362816,0.014032455090562924,3.834028858615109,35.37313432835821,35.37249916245125,3.0,4.700183620952792,False
40.2432_33.0235,2.9874758948685742,0.04041955443985383,9.227355403341505,24.054718875502004,32.35657072205479,6.036144578313253,2.6704897959326983,0.038240589214401724,9.663096388330729,22.204228855721393,27.665539806196282,5.477611940298507,4.691030915858509,False
40.2432_33.0941,0.33634538152610444,0.012869660460021906,1.3090543994158452,10.355421686746988,10.341785301300783,1.0060240963855422,0.6305704099821747,0.02985739750445632,3.3351158645276295,18.941176470588236,18.98979421148401,1.0,8.648008910183227,False
40.2432_33.1529,0.33634538152610444,0.012869660460021906,1.3090543994158452,10.355421686746988,10.341785301300783,1.0060240963855422,0.6305704099821747,0.02985739750445632,3.3351158645276295,18.941176470588236,18.98979421148401,1.0,8.648008910183227,False
40.2523_33.0471,6.563652199158078,0.06975888598014822,16.35888798234066,40.045180722891565,40.072682783404034,1.0060240963855422,5.403369525451265,0.05612982036225186,15.336115434460435,35.37313432835821,35.37249916245125,1.0,4.700183620952785,False
40.2523_33.1059,0.33634538152610444,0.012869660460021906,1.3090543994158452,10.355421686746988,10.341785301300783,1.0060240963855422,0.6305704099821747,0.02985739750445632,3.3351158645276295,18.941176470588236,18.98979421148401,1.0,8.648008910183227,False
40.2613_33.0118,0.3931440045897877,0.020223752151462986,2.0602409638554215,7.813253012048193,7.819239922653577,1.0060240963855422,0.9439775910364145,0.04551820728291315,5.067226890756302,18.441176470588236,18.4640522875817,1.0,10.644812364928125,False
40.2613_33.0235,0.3931440045897877,0.020223752151462986,2.0602409638554215,7.813253012048193,7.819239922653577,1.0060240963855422,0.9439775910364145,0.04551820728291315,5.067226890756302,18.441176470588236,18.4640522875817,1.0,10.644812364928125,False
40.2703_33.1765,0.33634538152610444,0.012869660460021906,1.3090543994158452,10.355421686746988,10.341785301300783,1.0060240963855422,0.6305704099821747,0.02985739750445632,3.3351158645276295,18.941176470588236,18.98979421148401,1.0,8.648008910183227,False
40.2793_32.6118,4.038704937900967,0.1017039227597176,12.224582912341921,37.209982788296045,33.587643834673564,7.042168674698795,2.7934975966194617,0.09485511545847526,11.040240670510205,23.73773987206823,25.756333829102196,6.940298507462686,7.831310005571368,False
40.2793_32.6941,0.43990625364078323,0.01391320193306474,1.027464986887511,42.22289156626506,42.75108325021159,2.0120481927710845,0.2765156042271082,0.011393939306514361,0.877150704519308,31.776119402985074,31.577736698091567,2.0,11.173346552120027,False
40.2793_33.1176,0.33634538152610444,0.012869660460021906,1.3090543994158452,10.355421686746988,10.341785301300783,1.0060240963855422,0.6305704099821747,0.02985739750445632,3.3351158645276295,18.941176470588236,18.98979421148401,1.0,8.648008910183227,False
40.2883_32.4706,0.6880499526194667,0.06369861468345286,4.2870245025044,16.19578313253012,16.220434059366603,3.0180722891566263,0.3076192073341159,0.04997484487673985,3.3988484543574264,8.716417910447761,8.731236752412057,3.0,7.489197306954546,False
40.2973_32.9647,0.3931440045897877,0.020223752151462986,2.0602409638554215,7.813253012048193,7.819239922653577,2.0120481927710845,0.9439775910364145,0.04551820728291315,5.067226890756302,18.441176470588236,18.4640522875817,2.0,10.644812364928125,False
